{
 "Evidence Ratios":{
  },
 "Site Log Likelihood":{
   "unconstrained":    [
[-5.28464465644444, -12.13332309663542, -13.1807845425992, -22.3151995980718, -24.04670251696573, -9.314596488343293, -19.3663460794116, -5.519485386626927, -4.960294789306151, -15.33994852562827, -6.964921917115651, -13.24708768376816, -7.310637400162168, -5.319017279536943, -6.688575023428575, -5.319017279536943, -17.51859521127981, -12.34208028038369, -8.550123305588643, -7.756717470429637, -12.18387468849938, -10.49552296591138, -8.107541725165577, -8.30440991871486, -8.139037272622952, -18.76849515668163, -11.34762884383915, -18.15635938398159, -13.63277472013407, -9.020151772969664, -20.3427888526317, -8.890409413463987, -18.5469439669817, -12.57211635376336, -13.79189736583226, -21.6035416629848, -21.82009258286032, -20.7930903523442, -7.14797550881034, -12.9386603232797, -13.92563992114574, -24.2002928874044, -4.960294789306151, -8.017440925642683, -5.557421412264698, -8.582901078365579] 
    ]
  },
 "Synonymous site-posteriors":  [
[0, 0, 0, 0, 0, 0, 0, 0, 0, 0, 0, 0, 0, 0, 0, 0, 0, 0, 0, 0, 0, 0, 0, 0, 0, 0, 0, 0, 0, 0, 0, 0, 0, 0, 0, 0, 0, 0, 0, 0, 0, 0, 0, 0, 0, 0],
  [0.4436731161215293, 0.6560209678212751, 0.1489481180346699, 0.09311663288345928, 0.1421787269315544, 0.4844924731531236, 0.1372178157437091, 0.8378375816251885, 0.6273738032813815, 0.4795720464089708, 0.6620127993111774, 0.259035830949526, 0.7444687896599137, 0.7729232134712133, 0.6523168754398361, 0.7729232134712133, 0.125278450956663, 0.2639666337094293, 0.8553559380910964, 0.530648187710643, 0.5403969782576862, 0.6321540210120529, 0.5343013389244349, 0.7801558955833879, 0.8146454291358244, 0.03488352966926934, 0.8265345600175866, 0.2780039053519711, 0.2287365161685095, 0.4636355967261641, 0.09755371479918777, 0.6336592662508962, 0.1320279416152257, 0.3488617864362618, 0.3864990735996585, 0.2816583872019838, 0.08591397124764516, 0.1156963923564136, 0.658945032920774, 0.2792132756826228, 0.2380588008763743, 0.02799482490261938, 0.6273738032813815, 0.8272135812111671, 0.4575500837935763, 0.3760548927323833],
  [0.5563268838784707, 0.3439790321787248, 0.85105188196533, 0.9068833671165406, 0.8578212730684457, 0.5155075268468765, 0.8627821842562908, 0.1621624183748115, 0.3726261967186186, 0.5204279535910292, 0.3379872006888227, 0.7409641690504739, 0.2555312103400863, 0.2270767865287866, 0.3476831245601639, 0.2270767865287866, 0.874721549043337, 0.7360333662905708, 0.1446440619089035, 0.4693518122893569, 0.4596030217423139, 0.3678459789879471, 0.465698661075565, 0.2198441044166121, 0.1853545708641756, 0.9651164703307307, 0.1734654399824133, 0.7219960946480288, 0.7712634838314905, 0.5363644032738359, 0.9024462852008123, 0.3663407337491039, 0.8679720583847743, 0.6511382135637381, 0.6135009264003415, 0.7183416127980162, 0.9140860287523548, 0.8843036076435864, 0.341054967079226, 0.7207867243173772, 0.7619411991236257, 0.9720051750973807, 0.3726261967186186, 0.1727864187888329, 0.5424499162064236, 0.6239451072676166] 
  ],
 "analysis":{
   "authors":"Sergei L Kosakovsky Pond, Sadie Wisotsky",
   "citation":"*Gene-wide identification of episodic selection*, Mol Biol Evol. 32(5):1365-71",
   "contact":"spond@temple.edu",
   "info":"BUSTED-SMSH (branch-site unrestricted statistical test of episodic diversification) uses a random effects branch-site model fitted\njointly to all or a subset of tree branches in order to test for alignment-wide evidence of episodic diversifying selection and.\nAssuming there is evidence of positive selection (i.e. there is an omega > 1),  BUSTED will also perform a quick evidence-ratio\nstyle analysis to explore which individual sites may have been subject to selection. v2.0 adds support for synonymous rate variation,\nand relaxes the test statistic to 0.5 (chi^2_0 + chi^2_2). Version 2.1 adds a grid search for the initial starting point.\nVersion 2.2 changes the grid search to LHC, and adds an initial search phase to use adaptive Nedler-Mead.\n",
   "requirements":"in-frame codon alignment and a phylogenetic tree (optionally annotated with {})",
   "version":"2.2"
  },
 "background":0,
 "branch attributes":{
   "0":{
     "ENSAMEP00000004580":{
       "MG94 with double and triple instantaneous substitutions":0.02565282161718886,
       "MG94 with double instantaneous substitutions":0.02371402700539631,
       "MG94xREV with separate rates for branch sets":0.02565282161718886,
       "Nucleotide GTR":0.02623410722980029,
       "original name":"ENSAMEP00000004580",
       "unconstrained":0.02516778928146706
      },
     "ENSCAFP00000038633":{
       "MG94 with double and triple instantaneous substitutions":0.1741516037943151,
       "MG94 with double instantaneous substitutions":0.185254795232121,
       "MG94xREV with separate rates for branch sets":0.1741516037943151,
       "Nucleotide GTR":0.1562451985638353,
       "original name":"ENSCAFP00000038633",
       "unconstrained":0.1785547629495927
      },
     "ENSECAP00000018536":{
       "MG94 with double and triple instantaneous substitutions":0.03349725424222002,
       "MG94 with double instantaneous substitutions":0.03219332543411429,
       "MG94xREV with separate rates for branch sets":0.03349725424222002,
       "Nucleotide GTR":0.03709955408654748,
       "original name":"ENSECAP00000018536",
       "unconstrained":0.03260895877584961
      },
     "ENSMEUP00000009061":{
       "MG94 with double and triple instantaneous substitutions":0.2974075315168175,
       "MG94 with double instantaneous substitutions":0.2821059867239651,
       "MG94xREV with separate rates for branch sets":0.2974075315168175,
       "Nucleotide GTR":0.2725526572276086,
       "original name":"ENSMEUP00000009061",
       "unconstrained":0.3737862270486752
      },
     "ENSMICP00000006341":{
       "MG94 with double and triple instantaneous substitutions":0.2725865336721638,
       "MG94 with double instantaneous substitutions":0.2589249399970217,
       "MG94xREV with separate rates for branch sets":0.2725865336721638,
       "Nucleotide GTR":0.1967015787705158,
       "original name":"ENSMICP00000006341",
       "unconstrained":0.3231115965011652
      },
     "ENSOCUP00000016823":{
       "MG94 with double and triple instantaneous substitutions":0,
       "MG94 with double instantaneous substitutions":0,
       "MG94xREV with separate rates for branch sets":0,
       "Nucleotide GTR":0,
       "original name":"ENSOCUP00000016823",
       "unconstrained":0
      },
     "ENSPVAP00000009643":{
       "MG94 with double and triple instantaneous substitutions":0.07256334223343544,
       "MG94 with double instantaneous substitutions":0.0584470312646856,
       "MG94xREV with separate rates for branch sets":0.07256334223343544,
       "Nucleotide GTR":0.0424262383381805,
       "original name":"ENSPVAP00000009643",
       "unconstrained":0.07097041282540392
      },
     "ENSSSCP00000021896":{
       "MG94 with double and triple instantaneous substitutions":0.03883460046113996,
       "MG94 with double instantaneous substitutions":0.03952716547268432,
       "MG94xREV with separate rates for branch sets":0.03883460046113996,
       "Nucleotide GTR":0.02864454402325331,
       "original name":"ENSSSCP00000021896",
       "unconstrained":0.03963071839386712
      },
     "NODE_10":{
       "MG94 with double and triple instantaneous substitutions":0.003497171448811793,
       "MG94 with double instantaneous substitutions":0.003889569023931819,
       "MG94xREV with separate rates for branch sets":0.003497171448811793,
       "Nucleotide GTR":0.006280388228868381,
       "unconstrained":0.004806671856184754
      },
     "NODE_12":{
       "MG94 with double and triple instantaneous substitutions":0.05633570688263559,
       "MG94 with double instantaneous substitutions":0.05583134042584093,
       "MG94xREV with separate rates for branch sets":0.05633570688263559,
       "Nucleotide GTR":0.06512851057245675,