{
 "Evidence Ratios":{
  },
 "Site Log Likelihood":{
   "unconstrained":    [
[-3.939846120318671, -3.485690930206267, -5.687967961569031, -3.824022844331715, -4.398326533455256, -5.194175374320984, -5.36484715026653, -9.875490144380279, -4.544117158215827, -6.495371232643524, -6.613544107249401, -9.667830856734229, -8.908274117905108, -7.188559762663364, -10.33177358528503, -4.073243074674754, -8.088129713859432, -3.742435587034162, -8.187999816993329, -7.52212650586174, -11.19478310833879, -4.861149698809317, -4.323803226339164, -6.16010088342742, -4.323803226339164, -4.287159830141123, -4.860536653594116, -8.83753105321906, -5.147396156511753, -4.617431917708542, -7.298840401586438] 
    ]
  },
 "Synonymous site-posteriors":  [
[0.05385619076434844, 0.05385619076434844, 0.05385619076434727, 0.05385619076434821, 0.05385619076434822, 0.05385619076435187, 0.01616026486712537, 0.1214552521814093, 0.01250428794067419, 0.1295108859709092, 0.1334172581343389, 0.1425567212053496, 0.140371285182788, 0.002541236850303463, 0.1388960526152174, 0.006002177453121244, 0.1178862166816217, 0.05385619076435447, 0.003522957030546757, 0.00412096304930052, 0.1455417491300008, 0.0001419383308774634, 0.01106303620259947, 0.002541236850303462, 0.01106303620259947, 0.000635260872355809, 8.593185766771877e-05, 0.1402522955171615, 8.593185766771877e-05, 0.006002177453121244, 0.005975901080985166],
  [0.6125775194421378, 0.6125775194421379, 0.6125775194421268, 0.612577519442136, 0.6125775194421359, 0.6125775194421446, 0.8800522046806772, 0.1061008115533683, 0.9065389448963, 0.04877610278127255, 0.03411782734328554, 0.0001551091068998876, 0.001692251689694106, 0.981196984969437, 0.00172631872239885, 0.9538426956424101, 0.1198219012559367, 0.6125775194421437, 0.9737690790145707, 0.9694344483744614, 1.58682220355465e-09, 0.9989440555176716, 0.919972144811237, 0.9811969849694369, 0.919972144811237, 0.995300133831297, 0.9993600747675323, 0.002538495274740904, 0.9993600747675323, 0.9538426956424101, 0.9557826687012343],
  [0.3335662897935138, 0.3335662897935137, 0.3335662897935258, 0.3335662897935157, 0.3335662897935158, 0.3335662897935035, 0.1037875304521975, 0.7724439362652225, 0.08095676716302593, 0.8217130112478184, 0.8324649145223756, 0.8572881696877503, 0.8579364631275178, 0.01626177818025963, 0.8593776286623839, 0.04015512690446873, 0.7622918820624415, 0.3335662897935018, 0.02270796395488247, 0.02644458857623815, 0.854458249283177, 0.0009140061514508068, 0.0689648189861635, 0.01626177818025963, 0.0689648189861635, 0.004064605296347325, 0.0005539933747999565, 0.8572092092080976, 0.0005539933747999565, 0.04015512690446874, 0.03824143021778068] 
  ],
 "analysis":{
   "authors":"Sergei L Kosakovsky Pond, Sadie Wisotsky",
   "citation":"*Gene-wide identification of episodic selection*, Mol Biol Evol. 32(5):1365-71",
   "contact":"spond@temple.edu",
   "info":"BUSTED-SMSH (branch-site unrestricted statistical test of episodic diversification) uses a random effects branch-site model fitted\njointly to all or a subset of tree branches in order to test for alignment-wide evidence of episodic diversifying selection and.\nAssuming there is evidence of positive selection (i.e. there is an omega > 1),  BUSTED will also perform a quick evidence-ratio\nstyle analysis to explore which individual sites may have been subject to selection. v2.0 adds support for synonymous rate variation,\nand relaxes the test statistic to 0.5 (chi^2_0 + chi^2_2). Version 2.1 adds a grid search for the initial starting point.\nVersion 2.2 changes the grid search to LHC, and adds an initial search phase to use adaptive Nedler-Mead.\n",
   "requirements":"in-frame codon alignment and a phylogenetic tree (optionally annotated with {})",
   "version":"2.2"
  },
 "background":0,
 "branch attributes":{
   "0":{
     "ENSCHOP00000007580":{
       "MG94 with double and triple instantaneous substitutions":0.09808721198215194,
       "MG94 with double instantaneous substitutions":0.09804837291015363,
       "MG94xREV with separate rates for branch sets":0.09808721198215194,
       "Nucleotide GTR":0.08434006158265618,
       "original name":"ENSCHOP00000007580",
       "unconstrained":2.789824734679201
      },
     "ENSDNOP00000004370":{
       "MG94 with double and triple instantaneous substitutions":0,
       "MG94 with double instantaneous substitutions":0,
       "MG94xREV with separate rates for branch sets":0,
       "Nucleotide GTR":0,
       "original name":"ENSDNOP00000004370",
       "unconstrained":0
      },
     "ENSDORP00000014730":{
       "MG94 with double and triple instantaneous substitutions":0.06049566495126213,
       "MG94 with double instantaneous substitutions":0.06049168123161187,
       "MG94xREV with separate rates for branch sets":0.06049566495126213,
       "Nucleotide GTR":0.05530435307345171,
       "original name":"ENSDORP00000014730",
       "unconstrained":1.826363710029545
      },
     "ENSETEP00000002737":{
       "MG94 with double and triple instantaneous substitutions":0.1108104449667901,
       "MG94 with double instantaneous substitutions":0.1107759972638151,
       "MG94xREV with separate rates for branch sets":0.1108104449667901,
       "Nucleotide GTR":0.08918513707398254,
       "original name":"ENSETEP00000002737",
       "unconstrained":4.492686116877693
      },
     "ENSFCAP00000003734":{
       "MG94 with double and triple instantaneous substitutions":0,
       "MG94 with double instantaneous substitutions":0,
       "MG94xREV with separate rates for branch sets":0,
       "Nucleotide GTR":0,
       "original name":"ENSFCAP00000003734",
       "unconstrained":0.08443988249421387
      },
     "ENSTTRP00000005322":{
       "MG94 with double and triple instantaneous substitutions":0.02871595411517118,
       "MG94 with double instantaneous substitutions":0.02870721488214091,
       "MG94xREV with separate rates for branch sets":0.02871595411517118,
       "Nucleotide GTR":0.02731712009972228,
       "original name":"ENSTTRP00000005322",
       "unconstrained":0
      },
     "NODE_5":{
       "MG94 with double and triple instantaneous substitutions":0.07736928127752504,
       "MG94 with double instantaneous substitutions":0.07738170802085849,
       "MG94xREV with separate rates for branch sets":0.07736928127752504,
       "Nucleotide GTR":0.05940315642708213,
       "unconstrained":1.02196175978171
      },
     "NODE_8":{
       "MG94 with double and triple instantaneous substitutions":0.0003783097686788802,
       "MG94 with double instantaneous substitutions":0.0003770558659637862,
       "MG94xREV with separate rates for branch sets":0.0003783097686788802,
       "Nucleotide GTR":0.01078762054101495,
       "unconstrained":0
      }
    },
   "attributes":{
     "MG94 with double and triple instantaneous substitutions":{
       "attribute type":"branch length",
       "display order":0
      },
     "MG94 with double instantaneous substitutions":{
       "attribute type":"branch length",
       "display order":0
      },
     "MG94xREV with separate rates for branch sets":{
       "attribute type":"branch length",
       "display order":1
      },
     "Nucleotide GTR":{
       "attribute type":"branch length",
       "display order":0
      },
     "original name":{
       "attribute type":"node label",
       "display order":0
      },
     "unconstrained":{
       "attribute type":"branch length",
       "display order":0
      }
    }
  },
 "data partitions":{
   "0":{
     "coverage":      [
[0, 1, 2, 3, 4, 5, 6, 7, 8, 9, 10, 11, 12, 13, 14, 15, 16, 17, 18, 19, 20, 21, 22, 23, 24, 25, 26, 27, 28, 29, 30] 
      ],
     "name":"busted.filter.default"
    }
  },
 "fits":{
   "MG94 with double and triple instantaneous substitutions":{
     "AIC-c":472.892617467967,
     "Log Likelihood":-197.6816367281459,
     "Rate Distributions":{
       "Substitution rate from nucleotide A to nucleotide C":0.6183976368033673,