{
 "Evidence Ratios":{
  },
 "Site Log Likelihood":{
   "unconstrained":    [
[-4.211543699065468, -4.163947666991267, -7.13809246455829, -12.15134628156878, -3.913278660520522, -3.659982540353488, -17.50496008367469, -12.81092449337625, -16.26747846776142, -7.551284905310871, -13.73851188578316, -4.659576134446407, -5.075124866529417, -9.138320450497615, -10.09346851222212, -3.591598091983902, -4.056762016952129, -4.964922551871186, -3.817809539818873, -3.872841937011103, -5.450387266110005, -6.943311281752448, -4.3298468489711, -4.578464267674669, -10.10736387679226, -4.778054411852645, -7.879267700054632, -11.30802749712284, -5.134679611626758, -5.225817846697417, -4.377279150104552, -15.48384220880585] 
    ]
  },
 "Synonymous site-posteriors":  [
[0.4502956520792005, 0.4521983785984046, 0.4116002261476049, 0.3626641423341889, 0.4525941586603704, 0.3458702869174929, 0.002070558252150982, 0.04345425718234832, 0.00986057228238689, 0.4183363632180142, 0.007900298284995572, 0.450628659539479, 0.4549381472660124, 0.3807054558626995, 0.4416051471539151, 0.3458702869174936, 0.3458702869174927, 0.345870286917493, 0.3458702869174931, 0.3458702869174929, 0.4573238001673298, 0.4217447930167336, 0.3458702869174929, 0.3458702869174929, 0.4108260236071453, 0.4528188630204723, 0.4116415662794951, 0.3561119025498357, 0.4533099004252445, 0.4550622490924719, 0.4518285176564687, 0.08965673759170541],
  [0.5318093943971701, 0.5339440544281685, 0.4877977092432811, 0.4309895566373963, 0.5343602229614508, 0.4091754454481633, 0.002483411666065116, 0.05187763838566078, 0.01181127888238785, 0.4956477012890058, 0.009464338672833092, 0.5321812541198794, 0.5370107673415726, 0.4513483048018437, 0.522877950129111, 0.4091754454481632, 0.4091754454481635, 0.4091754454481635, 0.4091754454481636, 0.4091754454481633, 0.5394243598820222, 0.4997220578636858, 0.4091754454481631, 0.4091754454481634, 0.4868344149555571, 0.5346970486450846, 0.4877824550248493, 0.4232244028922991, 0.5352069620591546, 0.5371780668558452, 0.5335539251516792, 0.1069666268352414],
  [0.01789495352362925, 0.01385756697342691, 0.100602064609114, 0.2063463010284148, 0.013045618378179, 0.2449542676343437, 0.9954460300817839, 0.9046681044319909, 0.9783281488352253, 0.08601593549298003, 0.9826353630421714, 0.01719008634064181, 0.008051085392415117, 0.1679462393354569, 0.03551690271697364, 0.2449542676343432, 0.2449542676343437, 0.2449542676343435, 0.2449542676343434, 0.2449542676343438, 0.003251839950648036, 0.07853314911958051, 0.244954267634344, 0.2449542676343437, 0.1023395614372977, 0.01248408833444304, 0.1005759786956557, 0.2206636945578653, 0.01148313751560089, 0.007759684051682856, 0.01461755719185204, 0.8033766355730532] 
  ],
 "analysis":{
   "authors":"Sergei L Kosakovsky Pond, Sadie Wisotsky",
   "citation":"*Gene-wide identification of episodic selection*, Mol Biol Evol. 32(5):1365-71",
   "contact":"spond@temple.edu",
   "info":"BUSTED-SMSH (branch-site unrestricted statistical test of episodic diversification) uses a random effects branch-site model fitted\njointly to all or a subset of tree branches in order to test for alignment-wide evidence of episodic diversifying selection and.\nAssuming there is evidence of positive selection (i.e. there is an omega > 1),  BUSTED will also perform a quick evidence-ratio\nstyle analysis to explore which individual sites may have been subject to selection. v2.0 adds support for synonymous rate variation,\nand relaxes the test statistic to 0.5 (chi^2_0 + chi^2_2). Version 2.1 adds a grid search for the initial starting point.\nVersion 2.2 changes the grid search to LHC, and adds an initial search phase to use adaptive Nedler-Mead.\n",
   "requirements":"in-frame codon alignment and a phylogenetic tree (optionally annotated with {})",
   "version":"2.2"
  },
 "background":0,
 "branch attributes":{
   "0":{
     "AC115618_1_HUMAN":{
       "MG94 with double and triple instantaneous substitutions":1.522641801185524e-19,
       "MG94 with double instantaneous substitutions":3.044300428668962e-19,
       "MG94xREV with separate rates for branch sets":1.522641801185524e-19,
       "Nucleotide GTR":2.400152743017364e-18,
       "original name":"AC115618.1_HUMAN",
       "unconstrained":2.041804410027472e-19
      },
     "ENSEEUP00000010634":{
       "MG94 with double and triple instantaneous substitutions":0.1946383221771796,
       "MG94 with double instantaneous substitutions":0.2088215701233496,
       "MG94xREV with separate rates for branch sets":0.1946383221771796,
       "Nucleotide GTR":0.2314004088441097,
       "original name":"ENSEEUP00000010634",
       "unconstrained":0.3204915278622251
      },
     "ENSETEP00000001568":{
       "MG94 with double and triple instantaneous substitutions":0.01342624569302825,
       "MG94 with double instantaneous substitutions":0.01356749646347993,
       "MG94xREV with separate rates for branch sets":0.01342624569302825,
       "Nucleotide GTR":0.01236947043749206,
       "original name":"ENSETEP00000001568",
       "unconstrained":0
      },
     "ENSPTRP00000047431":{
       "MG94 with double and triple instantaneous substitutions":0,
       "MG94 with double instantaneous substitutions":0,
       "MG94xREV with separate rates for branch sets":0,
       "Nucleotide GTR":0,
       "original name":"ENSPTRP00000047431",
       "unconstrained":0
      },
     "ENSSARP00000002984":{
       "MG94 with double and triple instantaneous substitutions":0.060368746165127,
       "MG94 with double instantaneous substitutions":0.05639952312761356,
       "MG94xREV with separate rates for branch sets":0.060368746165127,
       "Nucleotide GTR":0.06222291437696983,
       "original name":"ENSSARP00000002984",
       "unconstrained":0.1022603762855121
      },
     "LOC100451335_PONAB":{
       "MG94 with double and triple instantaneous substitutions":0,
       "MG94 with double instantaneous substitutions":0,
       "MG94xREV with separate rates for branch sets":0,
       "Nucleotide GTR":0,
       "original name":"LOC100451335_PONAB",
       "unconstrained":0
      },
     "NODE_10":{
       "MG94 with double and triple instantaneous substitutions":0.03178201572666192,
       "MG94 with double instantaneous substitutions":0.03213499994072521,
       "MG94xREV with separate rates for branch sets":0.03178201572666192,
       "Nucleotide GTR":0.04768284089138879,
       "unconstrained":0.03110686722585235
      },
     "NODE_6":{
       "MG94 with double and triple instantaneous substitutions":0.02855185776854338,
       "MG94 with double instantaneous substitutions":0.02853653875316773,
       "MG94xREV with separate rates for branch sets":0.02855185776854338,
       "Nucleotide GTR":0.02851348812726561,
       "unconstrained":0.03002534989302095
      },
     "NODE_8":{
       "MG94 with double and triple instantaneous substitutions":0.06286073377192292,
       "MG94 with double instantaneous substitutions":0.06296359693479868,
       "MG94xREV with separate rates for branch sets":0.06286073377192292,
       "Nucleotide GTR":0.06506721205264174,
       "unconstrained":0.07976328080411713
      }
    },
   "attributes":{
     "MG94 with double and triple instantaneous substitutions":{
       "attribute type":"branch length",
       "display order":0
      },
     "MG94 with double instantaneous substitutions":{
       "attribute type":"branch length",
       "display order":0
      },
     "MG94xREV with separate rates for branch sets":{
       "attribute type":"branch length",
       "display order":1
      },
     "Nucleotide GTR":{
       "attribute type":"branch length",
       "display order":0
      },
     "original name":{
       "attribute type":"node label",
       "display order":0
      },
     "unconstrained":{
       "attribute type":"branch length",
       "display order":0
      }
    }
  },