{
 "Evidence Ratios":{
  },
 "Site Log Likelihood":{
   "unconstrained":    [
[-4.532168638210628, -4.420277744689718, -4.092545195450857, -3.900811156532937, -4.013232434007858, -3.980123917975936, -3.850787518588123, -3.980123917975936, -3.811078993637463, -3.988647033427827, -4.532168638210628, -4.083541532988759, -7.669501329657162, -4.205041444917453, -4.252396624860903, -7.794069160568089, -8.358101370378598, -4.334013191863122, -10.36322456430347, -9.571857062447322, -4.449977274123408, -8.784639599777529, -4.383730314140265, -13.62723024004729, -8.509180502173562, -4.625021272660277, -4.079196610146026, -10.07579035574371, -4.141571562052045, -4.847814242929134, -4.66736956065145, -4.823164436464225, -9.300360393864349, -4.625021272660277, -4.695075874423405, -4.441771994852175, -5.127581632014241, -8.801900106346986, -10.01394318066932, -4.414155157955465, -4.141571562052045, -4.892942252292837, -4.641069437544617, -3.88747800661998, -16.60295207475613, -9.312050612664645, -4.038138399822467, -4.503690951630399, -4.511611387725009, -4.531883967161256, -4.535098518351066, -4.698508126587155, -4.698508126587155, -4.463243451331132, -4.414155157955465, -4.695075874423405, -4.922776944148167, -4.540091357997497, -8.215530007245862, -10.73596303762888, -4.435633102164249, -4.07706685737113, -3.835664394217492, -4.154166900350855, -3.835664394217492, -3.835664394217492, -4.189080731497236, -4.156379618814127, -4.092014811496846, -4.458673930688207, -4.146174168852975, -4.156379618814127, -4.012702050053847, -4.189080731497236, -3.748926904783453, -4.420277744689718, -4.444863145269748, -3.876225755952906, -4.458673930688207, -3.673219478797758, -4.066861407409976, -4.21984404662031, -4.24442944720034, -4.24442944720034, -4.444863145269748, -3.904416491990241] 
    ]
  },
 "Synonymous site-posteriors":  [
[0.3025291018489252, 0.3025291018489253, 0.3025291018489253, 0.3025291018489253, 0.3025291018489252, 0.3025291018489253, 0.3025291018489253, 0.3025291018489253, 0.3025291018489254, 0.3025291018489253, 0.3025291018489252, 0.3239431483322499, 0.2734491869138962, 0.3268246193773431, 0.3274022986867965, 0.278143137618562, 0.2848687251869674, 0.3234839904205126, 0.2789762036429453, 0.2794662801552076, 0.3299122125820316, 0.2771176365193252, 0.327065185813208, 0.1767700672538327, 0.2908602057229911, 0.3301830738620668, 0.3275556223536928, 0.2816005075547373, 0.3219261870911937, 0.3285418021421176, 0.3296163902466293, 0.3285135210828365, 0.2965403724931738, 0.3301830738620668, 0.3295604535474124, 0.328464810449841, 0.3317009549478463, 0.2768250798367295, 0.288472147468407, 0.3248403624072367, 0.3219261870911937, 0.3259125308006648, 0.3309414143412425, 0.3263320301271687, 0.08845067677699467, 0.2788004096964053, 0.3223794648586676, 0.3201742542685373, 0.3281591580381272, 0.3295221472523706, 0.3232067538413534, 0.3246387973097106, 0.3246387973097106, 0.3282314206470272, 0.3248403624072367, 0.3295604535474124, 0.3213512161560315, 0.3154538408169335, 0.2584072628976605, 0.1482834353949536, 0.3025291018489251, 0.302529101848925, 0.3025291018489252, 0.3025291018489251, 0.3025291018489252, 0.3025291018489252, 0.3025291018489254, 0.3025291018489252, 0.3025291018489254, 0.3025291018489251, 0.3025291018489254, 0.3025291018489252, 0.302529101848925, 0.3025291018489254, 0.3025291018489251, 0.3025291018489253, 0.3025291018489254, 0.3025291018489252, 0.3025291018489251, 0.3025291018489252, 0.3025291018489253, 0.3025291018489254, 0.3025291018489252, 0.3025291018489252, 0.3025291018489254, 0.3025291018489251],
  [0.1306341268901788, 0.1306341268901785, 0.1306341268901786, 0.1306341268901785, 0.1306341268901788, 0.1306341268901787, 0.1306341268901785, 0.1306341268901787, 0.1306341268901787, 0.1306341268901786, 0.1306341268901788, 0.0688365159612008, 0.2148110526852051, 0.06050349251606394, 0.05883535509523787, 0.2013085345155245, 0.1819569482608112, 0.07016731486505497, 0.1989122313374281, 0.1975006127017927, 0.05156814971743393, 0.2042579037436333, 0.05981053315383992, 0.4929466315497933, 0.1647120329977793, 0.05078349733115533, 0.0583913387115771, 0.1913608937338865, 0.07466963796256489, 0.05553762561599417, 0.05242562530683645, 0.05561936264962452, 0.1483583958692219, 0.05078349733115533, 0.05258792690068007, 0.05576070626955124, 0.04638583647528645, 0.2051006009578658, 0.1715825309727609, 0.06624634041223797, 0.07466963796256489, 0.06314620178179255, 0.04858700764098675, 0.06193081525201116, 0.7465325418552319, 0.1994189842039695, 0.0733594559595431, 0.07973072536876012, 0.05664462039221018, 0.05269872613279231, 0.07096875575461839, 0.06682991306156208, 0.06682991306156208, 0.0564356447976502, 0.06624634041223797, 0.05258792690068007, 0.07632603317548244, 0.09335738561328188, 0.2580715302918614, 0.5747124366443506, 0.1306341268901787, 0.1306341268901786, 0.1306341268901784, 0.1306341268901785, 0.1306341268901784, 0.1306341268901784, 0.1306341268901788, 0.1306341268901786, 0.1306341268901786, 0.1306341268901786, 0.1306341268901786, 0.1306341268901786, 0.1306341268901787, 0.1306341268901788, 0.1306341268901786, 0.1306341268901785, 0.1306341268901786, 0.1306341268901788, 0.1306341268901786, 0.1306341268901787, 0.1306341268901785, 0.1306341268901787, 0.1306341268901784, 0.1306341268901784, 0.1306341268901786, 0.1306341268901786],
  [0.5668367712608959, 0.5668367712608962, 0.5668367712608959, 0.5668367712608963, 0.566836771260896, 0.5668367712608959, 0.5668367712608964, 0.5668367712608959, 0.5668367712608959, 0.566836771260896, 0.5668367712608959, 0.6072203357065492, 0.5117397604008986, 0.612671888106593, 0.6137623462179655, 0.5205483278659137, 0.5331743265522214, 0.6063486947144324, 0.5221115650196265, 0.5230331071429997, 0.6185196377005344, 0.5186244597370415, 0.613124281032952, 0.3302833011963742, 0.5444277612792294, 0.6190334288067779, 0.6140530389347301, 0.5270385987113761, 0.6034041749462414, 0.6159205722418882, 0.6179579844465343, 0.615867116267539, 0.5551012316376043, 0.6190334288067779, 0.6178516195519076, 0.6157744832806077, 0.6219132085768672, 0.5180743192054048, 0.5399453215588321, 0.6089132971805253, 0.6034041749462414, 0.6109412674175427, 0.6204715780177709, 0.61173715462082, 0.1650167813677734, 0.5217806060996252, 0.6042610791817893, 0.6000950203627025, 0.6151962215696627, 0.617779126614837, 0.6058244904040281, 0.6085312896287275, 0.6085312896287275, 0.6153329345553226, 0.6089132971805253, 0.6178516195519076, 0.6023227506684861, 0.5911887735697847, 0.483521206810478, 0.2770041279606958, 0.5668367712608962, 0.5668367712608966, 0.5668367712608964, 0.5668367712608964, 0.5668367712608964, 0.5668367712608964, 0.5668367712608959, 0.5668367712608963, 0.566836771260896, 0.5668367712608964, 0.566836771260896, 0.5668367712608963, 0.5668367712608962, 0.5668367712608959, 0.5668367712608962, 0.5668367712608962, 0.566836771260896, 0.566836771260896, 0.5668367712608964, 0.5668367712608962, 0.566836771260896, 0.5668367712608959, 0.5668367712608964, 0.5668367712608964, 0.566836771260896, 0.5668367712608963] 
  ],
 "analysis":{
   "authors":"Sergei L Kosakovsky Pond, Sadie Wisotsky",
   "citation":"*Gene-wide identification of episodic selection*, Mol Biol Evol. 32(5):1365-71",
   "contact":"spond@temple.edu",
   "info":"BUSTED-SMSH (branch-site unrestricted statistical test of episodic diversification) uses a random effects branch-site model fitted\njointly to all or a subset of tree branches in order to test for alignment-wide evidence of episodic diversifying selection and.\nAssuming there is evidence of positive selection (i.e. there is an omega > 1),  BUSTED will also perform a quick evidence-ratio\nstyle analysis to explore which individual sites may have been subject to selection. v2.0 adds support for synonymous rate variation,\nand relaxes the test statistic to 0.5 (chi^2_0 + chi^2_2). Version 2.1 adds a grid search for the initial starting point.\nVersion 2.2 changes the grid search to LHC, and adds an initial search phase to use adaptive Nedler-Mead.\n",