{
 "Evidence Ratios":{
  },
 "Site Log Likelihood":{
   "unconstrained":    [
[-8.084233907238691, -9.383458725447856, -3.660626024212017, -14.52255053563893, -16.03296084942466, -14.71737497841642, -19.01501750051413, -18.39711034233621, -26.32575505935882, -20.19979649847526, -8.730266587269712, -10.37601125366498, -22.94508912503584, -14.80360260154877, -12.84106401141, -18.5089676073942, -15.87150266854138, -12.25579886134308, -32.92385859573766, -23.56220004016554, -4.540932352323085, -7.285743395673795, -30.19106013741181, -11.13010456564163, -10.68164773725093, -14.79601423192125, -17.07451053308632, -14.1072311403627, -10.18040661577427, -15.42353262885041, -10.35076191413363, -15.77697679732944, -14.45887774475042, -18.49774557012811, -11.54107067930469, -17.62338721275151] 
    ]
  },
 "Synonymous site-posteriors":  [
[0.09726454172979007, 0.1263809355290682, 0.1176980761255154, 0.1260935291141202, 0.1260913094753768, 0.1263989710447583, 0.1263134199069299, 0.1258702050625733, 0.1155176852504392, 0.126362777846049, 0.1263795883327796, 0.1263497860708494, 0.1253598404851522, 0.1263822407634657, 0.1263980235887575, 0.1263481530538894, 0.1263480707149931, 0.126324172116938, 0.0007359708574007032, 0.07013354403000133, 0.1247201228109754, 0.1079471792391297, 0.06533815541876976, 0.1254892506063193, 0.1263218947550352, 0.1263804159078471, 0.1264186073423491, 0.1261795560364657, 0.1264018832471168, 0.1262716585916095, 0.1263427806946507, 0.1262789020843647, 0.1263616425617405, 0.1263268116419347, 0.1263605120769885, 0.1264026278318298],
  [0.6717979583038927, 0.8733464053548727, 0.8132430001116558, 0.8713672934589453, 0.8712549896128301, 0.8735434930247562, 0.8729826398693501, 0.8693758517395728, 0.7977674727915122, 0.872871645973158, 0.8734885373948125, 0.8729412079222647, 0.8658364149035398, 0.8732233904542975, 0.8735544731134159, 0.8728264511806686, 0.873102433233375, 0.8727589939624876, 0.005077950818666815, 0.4842060904854972, 0.8618241682739289, 0.7456816108415871, 0.4511036628283188, 0.8668250462192787, 0.8729446449157382, 0.8732294873975434, 0.8735647170180648, 0.8718142789663363, 0.8734479042833693, 0.872310171468843, 0.8736496606582737, 0.8724296751648938, 0.8736350133932383, 0.873146592113726, 0.8736284236927098, 0.8733307061728155],
  [0.2309374999663172, 0.0002726591160589964, 0.06905892376282878, 0.002539177426934608, 0.002653700911793206, 5.753593048554922e-05, 0.000703940223720034, 0.004753943197853949, 0.08671484195804866, 0.0007655761807930506, 0.0001318742724080239, 0.000709006006885775, 0.008803744611307989, 0.0003943687822367866, 4.750329782656165e-05, 0.0008253957654419778, 0.0005494960516319187, 0.0009168339205743372, 0.9941860783239325, 0.4456603654845014, 0.01345570891509556, 0.1463712099192832, 0.4835581817529114, 0.007685703174401991, 0.0007334603292265934, 0.0003900966946095236, 1.667563958617842e-05, 0.002006164997197957, 0.0001502124695139004, 0.001418169939547467, 7.558647075669977e-06, 0.001291422750741574, 3.344045021086162e-06, 0.0005265962443393784, 1.106423030159017e-05, 0.0002666659953546837] 
  ],
 "analysis":{
   "authors":"Sergei L Kosakovsky Pond, Sadie Wisotsky",
   "citation":"*Gene-wide identification of episodic selection*, Mol Biol Evol. 32(5):1365-71",
   "contact":"spond@temple.edu",
   "info":"BUSTED-SMSH (branch-site unrestricted statistical test of episodic diversification) uses a random effects branch-site model fitted\njointly to all or a subset of tree branches in order to test for alignment-wide evidence of episodic diversifying selection and.\nAssuming there is evidence of positive selection (i.e. there is an omega > 1),  BUSTED will also perform a quick evidence-ratio\nstyle analysis to explore which individual sites may have been subject to selection. v2.0 adds support for synonymous rate variation,\nand relaxes the test statistic to 0.5 (chi^2_0 + chi^2_2). Version 2.1 adds a grid search for the initial starting point.\nVersion 2.2 changes the grid search to LHC, and adds an initial search phase to use adaptive Nedler-Mead.\n",
   "requirements":"in-frame codon alignment and a phylogenetic tree (optionally annotated with {})",
   "version":"2.2"
  },
 "background":0,
 "branch attributes":{
   "0":{
     "ENSACAP00000004277":{
       "MG94 with double and triple instantaneous substitutions":0.2158048367262973,
       "MG94 with double instantaneous substitutions":0.2169247273332664,
       "MG94xREV with separate rates for branch sets":0.2158048367262973,
       "Nucleotide GTR":0.1523394545793054,
       "original name":"ENSACAP00000004277",
       "unconstrained":0.3009643516567242
      },
     "ENSBTAP00000056476":{
       "MG94 with double and triple instantaneous substitutions":0.04188539329556162,
       "MG94 with double instantaneous substitutions":0.04183219026292528,
       "MG94xREV with separate rates for branch sets":0.04188539329556162,
       "Nucleotide GTR":0.05146033598105124,
       "original name":"ENSBTAP00000056476",
       "unconstrained":0.05050054416829711
      },
     "ENSGACP00000019941":{
       "MG94 with double and triple instantaneous substitutions":1.045227663055959,
       "MG94 with double instantaneous substitutions":1.047702179235354,
       "MG94xREV with separate rates for branch sets":1.045227663055959,
       "Nucleotide GTR":0.3890098325977966,
       "original name":"ENSGACP00000019941",
       "unconstrained":1.634932147248621
      },
     "ENSGALP00000014038":{
       "MG94 with double and triple instantaneous substitutions":0.08253111916731611,
       "MG94 with double instantaneous substitutions":0.0830157482781687,
       "MG94xREV with separate rates for branch sets":0.08253111916731611,
       "Nucleotide GTR":0.0602174954319081,
       "original name":"ENSGALP00000014038",
       "unconstrained":0.1015956998043616
      },
     "ENSLACP00000014860":{
       "MG94 with double and triple instantaneous substitutions":0.1408119494289446,
       "MG94 with double instantaneous substitutions":0.139553274530592,
       "MG94xREV with separate rates for branch sets":0.1408119494289446,
       "Nucleotide GTR":0.1040597873993477,
       "original name":"ENSLACP00000014860",
       "unconstrained":0.2080797248845752
      },
     "ENSLAFP00000022252":{
       "MG94 with double and triple instantaneous substitutions":0.05803608038696354,
       "MG94 with double instantaneous substitutions":0.05783490980332646,
       "MG94xREV with separate rates for branch sets":0.05803608038696354,
       "Nucleotide GTR":0.05417619992703844,
       "original name":"ENSLAFP00000022252",
       "unconstrained":0.0767966009115795
      },
     "ENSMLUP00000020280":{
       "MG94 with double and triple instantaneous substitutions":0.09321703169609639,
       "MG94 with double instantaneous substitutions":0.09312667682716912,
       "MG94xREV with separate rates for branch sets":0.09321703169609639,
       "Nucleotide GTR":0.07365862984638077,
       "original name":"ENSMLUP00000020280",
       "unconstrained":0.1295291032980252
      },
     "ENSOANP00000019472":{
       "MG94 with double and triple instantaneous substitutions":1.501471380605695e-20,
       "MG94 with double instantaneous substitutions":1.498512634043513e-20,
       "MG94xREV with separate rates for branch sets":1.501471380605695e-20,
       "Nucleotide GTR":5.843446325580621e-17,
       "original name":"ENSOANP00000019472",
       "unconstrained":1.581829136190569e-20
      },
     "ENSOANP00000020496":{
       "MG94 with double and triple instantaneous substitutions":0,
       "MG94 with double instantaneous substitutions":0,
       "MG94xREV with separate rates for branch sets":0,
       "Nucleotide GTR":5.866361801367213e-17,
       "original name":"ENSOANP00000020496",
       "unconstrained":0
      },
     "ENSSHAP00000021889":{
       "MG94 with double and triple instantaneous substitutions":0.09781796994487472,
       "MG94 with double instantaneous substitutions":0.09755713864446032,