{
 "Evidence Ratios":{
  },
 "Site Log Likelihood":{
   "unconstrained":    [
[-8.744529303672183, -11.62837694511829, -8.832460197363396, -10.67181062643176, -16.10712947164757, -7.072849067300479, -11.10515559596906, -9.716593268328497, -16.61581600523688, -18.28296863816804, -9.506150103521962, -16.07949318627481, -5.422394807929606, -20.81595202726972, -8.584040628071298, -4.937062540878958, -14.89358452081178, -26.32565722441337, -6.204239835416439, -21.84752153319489, -15.03651223325801, -30.8486415128562, -15.59010061160106, -15.09880807884467, -9.349387416362243, -23.11978453812132, -15.76786556515033, -9.23894054175171, -16.41313593018048, -14.51777797088438, -14.30747184551539, -8.93001136156219, -10.21746133725462, -21.34746825367571, -5.388155923050428, -10.40724979327176] 
    ]
  },
 "Synonymous site-posteriors":  [
[0.983558465987138, 0.9895379189777233, 0.9528322033467642, 0.9934126833770759, 0.7967800128030772, 0.9948105629452931, 0.9429491719475834, 0.9823527309399184, 0.8306323622860661, 0.8395032118487911, 0.9858904385117131, 0.4830233321793295, 0.9785750630085135, 0.8906981313534692, 0.9837708875933109, 0.9917365801739231, 0.9967886249828598, 0.07446429535741447, 0.9974324219786477, 0.3215159565351153, 0.9842731671965453, 0.0481162692428248, 0.8544452010749354, 0.7944388422810157, 0.9767019518207468, 0.3193739370122435, 0.7887468317389758, 0.9811588584290848, 0.8995874420513269, 0.9639329197148191, 0.887755572438566, 0.7797698100322275, 0.9767549976011014, 0.9158437495720728, 0.9775465136719764, 0.9944311346476005],
  [0.01644153401286208, 0.01046208102227669, 0.04716779665323585, 0.006587316622924058, 0.2032199871969228, 0.005189437054706909, 0.05705082805241658, 0.01764726906008169, 0.1693676377139339, 0.160496788151209, 0.01410956148828693, 0.5169766678206705, 0.02142493699148652, 0.1093018686465308, 0.0162291124066892, 0.008263419826076809, 0.003211375017140195, 0.9255357046425856, 0.002567578021352332, 0.6784840434648846, 0.01572683280345459, 0.9518837307571751, 0.1455547989250645, 0.2055611577189843, 0.02329804817925315, 0.6806260629877563, 0.2112531682610243, 0.01884114157091517, 0.1004125579486731, 0.03606708028518094, 0.112244427561434, 0.2202301899677725, 0.02324500239889869, 0.08415625042792724, 0.02245348632802361, 0.005568865352399656],
  [0, 0, 0, 0, 0, 0, 0, 0, 0, 0, 0, 0, 0, 0, 0, 0, 0, 0, 0, 0, 0, 0, 0, 0, 0, 0, 0, 0, 0, 0, 0, 0, 0, 0, 0, 0] 
  ],
 "analysis":{
   "authors":"Sergei L Kosakovsky Pond, Sadie Wisotsky",
   "citation":"*Gene-wide identification of episodic selection*, Mol Biol Evol. 32(5):1365-71",
   "contact":"spond@temple.edu",
   "info":"BUSTED-SMSH (branch-site unrestricted statistical test of episodic diversification) uses a random effects branch-site model fitted\njointly to all or a subset of tree branches in order to test for alignment-wide evidence of episodic diversifying selection and.\nAssuming there is evidence of positive selection (i.e. there is an omega > 1),  BUSTED will also perform a quick evidence-ratio\nstyle analysis to explore which individual sites may have been subject to selection. v2.0 adds support for synonymous rate variation,\nand relaxes the test statistic to 0.5 (chi^2_0 + chi^2_2). Version 2.1 adds a grid search for the initial starting point.\nVersion 2.2 changes the grid search to LHC, and adds an initial search phase to use adaptive Nedler-Mead.\n",
   "requirements":"in-frame codon alignment and a phylogenetic tree (optionally annotated with {})",
   "version":"2.2"
  },
 "background":0,
 "branch attributes":{
   "0":{
     "ENSCHOP00000011008":{
       "MG94 with double and triple instantaneous substitutions":0.0884756889485173,
       "MG94 with double instantaneous substitutions":0.08845417225158352,
       "MG94xREV with separate rates for branch sets":0.0884756889485173,
       "Nucleotide GTR":0.08709285743217876,
       "original name":"ENSCHOP00000011008",
       "unconstrained":0.0974585242642643
      },
     "ENSCJAP00000012384":{
       "MG94 with double and triple instantaneous substitutions":0.04265175036451782,
       "MG94 with double instantaneous substitutions":0.04265888436936615,
       "MG94xREV with separate rates for branch sets":0.04265175036451782,
       "Nucleotide GTR":0.04194713167348042,
       "original name":"ENSCJAP00000012384",
       "unconstrained":0.04537275222099103
      },
     "ENSDNOP00000013277":{
       "MG94 with double and triple instantaneous substitutions":0.1632517261651325,
       "MG94 with double instantaneous substitutions":0.1630823536386193,
       "MG94xREV with separate rates for branch sets":0.1632517261651325,
       "Nucleotide GTR":0.1571011757073596,
       "original name":"ENSDNOP00000013277",
       "unconstrained":0.1733856555334088
      },
     "ENSGGOP00000016967":{
       "MG94 with double and triple instantaneous substitutions":0.01985358841101218,
       "MG94 with double instantaneous substitutions":0.01985684478762235,
       "MG94xREV with separate rates for branch sets":0.01985358841101218,
       "Nucleotide GTR":0.0191797813600638,
       "original name":"ENSGGOP00000016967",
       "unconstrained":0.02026153280019994
      },
     "ENSMICP00000001960":{
       "MG94 with double and triple instantaneous substitutions":0.1355981022270601,
       "MG94 with double instantaneous substitutions":0.1356358480829255,
       "MG94xREV with separate rates for branch sets":0.1355981022270601,
       "Nucleotide GTR":0.1287013420720209,
       "original name":"ENSMICP00000001960",
       "unconstrained":0.139640833172363
      },
     "ENSNLEP00000000816":{
       "MG94 with double and triple instantaneous substitutions":0,
       "MG94 with double instantaneous substitutions":0,
       "MG94xREV with separate rates for branch sets":0,
       "Nucleotide GTR":0,
       "original name":"ENSNLEP00000000816",
       "unconstrained":0
      },
     "ENSPPYP00000006968":{
       "MG94 with double and triple instantaneous substitutions":0,
       "MG94 with double instantaneous substitutions":0,
       "MG94xREV with separate rates for branch sets":0,
       "Nucleotide GTR":0,
       "original name":"ENSPPYP00000006968",
       "unconstrained":0
      },
     "ENSPTRP00000043082":{
       "MG94 with double and triple instantaneous substitutions":0.009942722113775799,
       "MG94 with double instantaneous substitutions":0.009942205317268703,
       "MG94xREV with separate rates for branch sets":0.009942722113775799,
       "Nucleotide GTR":0.009596278959076837,
       "original name":"ENSPTRP00000043082",
       "unconstrained":0.01026586605316251
      },
     "ENSTBEP00000010570":{
       "MG94 with double and triple instantaneous substitutions":0.2247520886399638,
       "MG94 with double instantaneous substitutions":0.2249106337947702,
       "MG94xREV with separate rates for branch sets":0.2247520886399638,
       "Nucleotide GTR":0.211969760375517,
       "original name":"ENSTBEP00000010570",
       "unconstrained":0.2485831432824382
      },
     "ENSTTRP00000001059":{
       "MG94 with double and triple instantaneous substitutions":0.09778277916329826,
       "MG94 with double instantaneous substitutions":0.09781250188335953,
       "MG94xREV with separate rates for branch sets":0.09778277916329826,
       "Nucleotide GTR":0.09831322977409858,
       "original name":"ENSTTRP00000001059",
       "unconstrained":0.1034807212480117
      },
     "NODE_11":{
       "MG94 with double and triple instantaneous substitutions":0.008823310414533847,
       "MG94 with double instantaneous substitutions":0.008817363526801422,
       "MG94xREV with separate rates for branch sets":0.008823310414533847,
       "Nucleotide GTR":0.007110607532380652,
       "unconstrained":0.01290507504424438
      },
     "NODE_13":{
       "MG94 with double and triple instantaneous substitutions":0.03060373455596434,
       "MG94 with double instantaneous substitutions":0.03061057494880914,