{
 "Evidence Ratios":{
  },
 "Site Log Likelihood":{
   "unconstrained":    [
[-10.02495082860151, -15.49496257110655, -9.022843607998279, -8.882917376745043, -5.542175078579306, -5.647315447694965, -6.729673068470966, -5.404876080758215, -14.59020445048655, -8.810929624000869, -17.27109978449733, -9.123646281506019, -8.124934928985271, -5.998703385252718, -10.1890994081476, -4.99073077464885, -4.596033218892844, -13.43761130630763, -6.622144628207269, -17.04191033491835, -13.54408812872776, -5.986279298098431, -13.82601579783921, -14.41089247167146, -16.27840013130514, -13.1532260291818, -9.594966747792508, -16.85798416972792, -12.58669591654478, -19.14279537982556, -4.517776542409361, -16.11325090868536, -7.559102785084332, -13.2710063696827, -6.714428532021395, -4.098045046990469, -16.78502480910507, -15.02994580168938, -3.983616983341537, -8.407836981441735, -4.71291485279134, -6.547497891010338, -7.99327531796654, -7.778080731905273, -18.8185394992178, -9.067617260455689, -14.8038660287263, -20.95309846989728, -9.062172969597668, -4.43688771010942, -4.143427327590905, -6.035488295591419, -4.098045046990469, -8.507846821679955, -4.43688771010942, -11.16563185301261, -14.3920196833274, -6.972107523010921, -12.24309766534676, -4.199107062439697, -12.41578586521123, -8.299844277021432, -4.869067026177472, -8.961825809266264, -7.559102785084332, -4.43688771010942, -4.199107062439697, -5.700873225229486, -9.678243454659981, -5.008442509733556, -17.5392784877218, -4.99073077464885, -4.199107062439697, -14.9087298525395, -5.267245220082354, -4.728623891420408, -4.143427327590905, -7.608098794321466, -4.989197945768964, -10.05856155128185, -8.491665434544561, -5.986279298098431, -3.581821833803398, -4.623128693743713, -9.574782910843924, -3.994055920332295, -8.445132184257366, -4.58889998317866, -10.69106522404312, -3.89761568360866, -5.010429036230175, -12.52102280554472] 
    ]
  },
 "Synonymous site-posteriors":  [
[0.5720409099943757, 0.909195946220628, 0.5868199539332719, 0.5958281794370798, 0.1938028566959368, 0.240690342109278, 0.5950201584710688, 0.2884299423133906, 0.6521090038529331, 0.4199093145410018, 0.946906951782384, 0.4076024756677155, 0.3250756176167267, 0.1507310444811103, 0.4611450518992501, 0.2588519408112175, 0.3224979754963758, 0.6528240080933084, 0.5406639045150812, 0.8884589645346956, 0.7244479619015284, 0.5500403399672169, 0.7686523054960519, 0.4566660471216109, 0.8428300973420072, 0.7820145037648663, 0.4963467322041056, 0.9483723723204027, 0.6852575549870163, 0.8617395952881911, 0.2623770105955865, 0.8755504602055703, 0.4550134418696304, 0.758106193898531, 0.1852055829061556, 0.3009607072014323, 0.892869650733356, 0.7082241248717158, 0.5238867260228824, 0.5368941827158584, 0.308668432141755, 0.1868469178103286, 0.4976661925645515, 0.5243467027914158, 0.9353559629161731, 0.4825286734870828, 0.8884387348032891, 0.9832286665945161, 0.5593511709986901, 0.4296829686683082, 0.3036050188825486, 0.5391116422866482, 0.3009607072014323, 0.5784880058811754, 0.4296829686683082, 0.7754934597906495, 0.7694074784456689, 0.5440651446822579, 0.7067727318837259, 0.3431103276238707, 0.5204305085078766, 0.5443414507975873, 0.3037907270269832, 0.483442701516761, 0.4550134418696304, 0.4296829686683082, 0.3431103276238707, 0.2649891873277772, 0.4120338335295429, 0.2834492374262561, 0.8842668817070256, 0.2588519408112175, 0.3431103276238707, 0.9160372340391651, 0.2929812083127264, 0.2963159316446288, 0.3036050188825486, 0.5244636543879678, 0.2965016160977232, 0.7148791154925928, 0.5213133231043368, 0.5500403399672169, 0.3687744695945794, 0.3612071448761702, 0.5623659967692041, 0.3924793379513885, 0.5377834750657517, 0.3206734163146074, 0.4940880964214938, 0.3615790903942246, 0.3530008447719513, 0.7933616996658157],
  [0, 0, 0, 0, 0, 0, 0, 0, 0, 0, 0, 0, 0, 0, 0, 0, 0, 0, 0, 0, 0, 0, 0, 0, 0, 0, 0, 0, 0, 0, 0, 0, 0, 0, 0, 0, 0, 0, 0, 0, 0, 0, 0, 0, 0, 0, 0, 0, 0, 0, 0, 0, 0, 0, 0, 0, 0, 0, 0, 0, 0, 0, 0, 0, 0, 0, 0, 0, 0, 0, 0, 0, 0, 0, 0, 0, 0, 0, 0, 0, 0, 0, 0, 0, 0, 0, 0, 0, 0, 0, 0, 0],
  [0.4279590900056242, 0.09080405377937206, 0.413180046066728, 0.4041718205629202, 0.8061971433040631, 0.7593096578907218, 0.4049798415289311, 0.7115700576866093, 0.3478909961470669, 0.5800906854589983, 0.05309304821761599, 0.5923975243322845, 0.6749243823832732, 0.8492689555188898, 0.5388549481007497, 0.7411480591887825, 0.6775020245036242, 0.3471759919066917, 0.4593360954849188, 0.1115410354653044, 0.2755520380984716, 0.449959660032783, 0.2313476945039481, 0.5433339528783891, 0.1571699026579928, 0.2179854962351337, 0.5036532677958944, 0.05162762767959727, 0.3147424450129836, 0.1382604047118089, 0.7376229894044135, 0.1244495397944297, 0.5449865581303696, 0.2418938061014691, 0.8147944170938443, 0.6990392927985679, 0.1071303492666439, 0.2917758751282841, 0.4761132739771176, 0.4631058172841416, 0.691331567858245, 0.8131530821896713, 0.5023338074354485, 0.4756532972085841, 0.06464403708382693, 0.5174713265129173, 0.1115612651967109, 0.01677133340548369, 0.4406488290013097, 0.5703170313316916, 0.6963949811174514, 0.4608883577133517, 0.6990392927985679, 0.4215119941188245, 0.5703170313316916, 0.2245065402093505, 0.2305925215543311, 0.4559348553177421, 0.293227268116274, 0.6568896723761294, 0.4795694914921233, 0.4556585492024126, 0.6962092729730167, 0.5165572984832389, 0.5449865581303696, 0.5703170313316916, 0.6568896723761294, 0.7350108126722227, 0.5879661664704573, 0.7165507625737438, 0.1157331182929744, 0.7411480591887825, 0.6568896723761294, 0.08396276596083486, 0.7070187916872736, 0.7036840683553711, 0.6963949811174514, 0.4755363456120323, 0.7034983839022769, 0.2851208845074072, 0.4786866768956634, 0.449959660032783, 0.6312255304054206, 0.6387928551238297, 0.4376340032307959, 0.6075206620486115, 0.4622165249342482, 0.6793265836853927, 0.5059119035785062, 0.6384209096057752, 0.6469991552280486, 0.2066383003341843] 
  ],
 "analysis":{
   "authors":"Sergei L Kosakovsky Pond, Sadie Wisotsky",
   "citation":"*Gene-wide identification of episodic selection*, Mol Biol Evol. 32(5):1365-71",
   "contact":"spond@temple.edu",
   "info":"BUSTED-SMSH (branch-site unrestricted statistical test of episodic diversification) uses a random effects branch-site model fitted\njointly to all or a subset of tree branches in order to test for alignment-wide evidence of episodic diversifying selection and.\nAssuming there is evidence of positive selection (i.e. there is an omega > 1),  BUSTED will also perform a quick evidence-ratio\nstyle analysis to explore which individual sites may have been subject to selection. v2.0 adds support for synonymous rate variation,\nand relaxes the test statistic to 0.5 (chi^2_0 + chi^2_2). Version 2.1 adds a grid search for the initial starting point.\nVersion 2.2 changes the grid search to LHC, and adds an initial search phase to use adaptive Nedler-Mead.\n",
   "requirements":"in-frame codon alignment and a phylogenetic tree (optionally annotated with {})",
   "version":"2.2"
  },
 "background":0,
 "branch attributes":{
   "0":{
     "ENSECAP00000000826":{
       "MG94 with double and triple instantaneous substitutions":0.05644214018508804,
       "MG94 with double instantaneous substitutions":0.05552564402581928,
       "MG94xREV with separate rates for branch sets":0.05644214018508804,
       "Nucleotide GTR":0.05418149965642832,
       "original name":"ENSECAP00000000826",
       "unconstrained":0.05666196191208525
      },
     "ENSECAP00000001382":{
       "MG94 with double and triple instantaneous substitutions":0.03384378690566307,
       "MG94 with double instantaneous substitutions":0.0337937662658243,
       "MG94xREV with separate rates for branch sets":0.03384378690566307,
       "Nucleotide GTR":0.03324567380879666,
       "original name":"ENSECAP00000001382",
       "unconstrained":0.03392989238587379
      },
     "ENSECAP00000001793":{
       "MG94 with double and triple instantaneous substitutions":0.02843722397119805,