{
 "Evidence Ratios":{
  },
 "Site Log Likelihood":{
   "unconstrained":    [
[-4.771539501711774, -4.99913259423967, -10.8974468252479, -8.999228390258757, -11.07829744075154, -4.717105281285948, -4.828339355933466, -5.280603566071385, -9.666999608262898, -8.305216421478208, -4.731664567002571, -4.425517301786608, -10.78351478966787, -14.15130132691614, -5.08357164683306, -15.98231618494481, -14.807818116043, -7.864591107903263, -7.664289829160367, -13.62127071473683, -5.872718291720605, -7.846232335524857, -8.857142247091909, -9.761821064637543, -4.68772661404482, -18.58992966776109, -8.131887522407359, -10.57135064696688, -8.428978587453756, -13.96881980500563, -6.952339406308112, -4.666980855974008, -7.127044814428563, -15.06583599323475, -5.182581073899119, -8.523874156337575, -11.43389495316731, -5.323014930424253, -12.15398415383372, -12.51923328077089, -14.4743861132304, -4.44568395807554, -4.752871265196639, -4.81312284459116, -10.33441824156394, -12.96473583494331, -21.64770028776364, -17.6917050000335, -5.124130368556386, -5.256483695372427, -5.292241833168696, -8.450740564311186, -10.02930029803503, -7.629253306537549, -15.6353055765648, -8.030664616610219, -9.628716597682061, -4.68772661404482, -4.752878158045249, -7.395003008366859, -4.890619984846236, -6.954750204455744, -9.406419654306104, -12.04158233418931, -5.039519474594027, -5.385592525680361, -11.55177402437542, -8.887127929168367, -5.619740342396512, -4.81312284459116, -11.22812515205434, -4.877312736696497, -9.158822376876438, -18.74388927732301, -12.68692234549682, -5.172029561783356, -4.731664567002571, -5.082905238445658] 
    ]
  },
 "Synonymous site-posteriors":  [
[0.02261410856876462, 0.01833055247809022, 0.3872369318000076, 0.09006768323046979, 0.4195822604841353, 0.02858444840212117, 0.02134371530178068, 0.01594093483618284, 0.2219158816907512, 0.1126057558505118, 0.02067635551209984, 0.06435867281089309, 0.1683562494580542, 0.8134418101207082, 0.01594705446111424, 0.9139745173755133, 0.9416324204864577, 0.05774316647959003, 0.08087733342973345, 0.4838778712231577, 0.005846052518171132, 0.1365572106047292, 0.09571228938606968, 0.06566243634868471, 0.0203304256408516, 0.9182425404778832, 0.140166372996582, 0.4221346116548843, 0.08103484420225092, 0.3493609872849258, 0.08917723157382666, 0.06615447850573303, 0.105441678223231, 0.9378904956902359, 0.01572417306474621, 0.08597788060720664, 0.3316083231458838, 0.01352494873908242, 0.412552285278029, 0.7980573377267403, 0.8864558417142666, 0.03045225077845667, 0.01913718312374877, 0.0726576380783322, 0.06545080126455169, 0.7362590636931438, 0.9974404738577642, 0.8097285019769048, 0.01529931977871283, 0.0190013869183557, 0.02316140718233543, 0.06585102068263109, 0.05390575995729104, 0.08038203952487266, 0.367987381348264, 0.09835809712017408, 0.09137597803603459, 0.0203304256408516, 0.02508945389277625, 0.1306639418387065, 0.01435811429191317, 0.08874067836735358, 0.08863669721220284, 0.1662744325591188, 0.01569904070654575, 0.03227786068410876, 0.05179810105559979, 0.1105617508200022, 0.007430062748173065, 0.0726576380783322, 0.4897500145835332, 0.01920635305626797, 0.1133645795772743, 0.9884625911672997, 0.2238579902315205, 0.01647311584904003, 0.02067635551209984, 0.01491457526369996],
  [0.9773858914312354, 0.9816694475219099, 0.6127630681999924, 0.9099323167695301, 0.5804177395158647, 0.9714155515978788, 0.9786562846982193, 0.9840590651638171, 0.7780841183092488, 0.8873942441494882, 0.9793236444879001, 0.935641327189107, 0.8316437505419458, 0.1865581898792918, 0.9840529455388858, 0.08602548262448667, 0.05836757951354235, 0.94225683352041, 0.9191226665702666, 0.5161221287768422, 0.9941539474818289, 0.8634427893952707, 0.9042877106139303, 0.9343375636513153, 0.9796695743591484, 0.08175745952211676, 0.859833627003418, 0.5778653883451158, 0.9189651557977492, 0.6506390127150744, 0.9108227684261734, 0.933845521494267, 0.8945583217767691, 0.06210950430976413, 0.9842758269352538, 0.9140221193927933, 0.6683916768541162, 0.9864750512609176, 0.587447714721971, 0.2019426622732598, 0.1135441582857334, 0.9695477492215433, 0.9808628168762513, 0.9273423619216677, 0.9345491987354484, 0.2637409363068564, 0.002559526142235765, 0.1902714980230951, 0.9847006802212872, 0.9809986130816444, 0.9768385928176646, 0.934148979317369, 0.9460942400427088, 0.9196179604751273, 0.6320126186517361, 0.9016419028798259, 0.9086240219639654, 0.9796695743591484, 0.9749105461072237, 0.8693360581612933, 0.9856418857080869, 0.9112593216326464, 0.9113633027877972, 0.8337255674408811, 0.9843009592934542, 0.9677221393158912, 0.9482018989444001, 0.8894382491799979, 0.9925699372518269, 0.9273423619216677, 0.5102499854164668, 0.9807936469437319, 0.8866354204227256, 0.01153740883270035, 0.7761420097684794, 0.9835268841509599, 0.9793236444879001, 0.9850854247363001],
  [0, 0, 0, 0, 0, 0, 0, 0, 0, 0, 0, 0, 0, 0, 0, 0, 0, 0, 0, 0, 0, 0, 0, 0, 0, 0, 0, 0, 0, 0, 0, 0, 0, 0, 0, 0, 0, 0, 0, 0, 0, 0, 0, 0, 0, 0, 0, 0, 0, 0, 0, 0, 0, 0, 0, 0, 0, 0, 0, 0, 0, 0, 0, 0, 0, 0, 0, 0, 0, 0, 0, 0, 0, 0, 0, 0, 0, 0] 
  ],
 "analysis":{
   "authors":"Sergei L Kosakovsky Pond, Sadie Wisotsky",
   "citation":"*Gene-wide identification of episodic selection*, Mol Biol Evol. 32(5):1365-71",
   "contact":"spond@temple.edu",
   "info":"BUSTED-SMSH (branch-site unrestricted statistical test of episodic diversification) uses a random effects branch-site model fitted\njointly to all or a subset of tree branches in order to test for alignment-wide evidence of episodic diversifying selection and.\nAssuming there is evidence of positive selection (i.e. there is an omega > 1),  BUSTED will also perform a quick evidence-ratio\nstyle analysis to explore which individual sites may have been subject to selection. v2.0 adds support for synonymous rate variation,\nand relaxes the test statistic to 0.5 (chi^2_0 + chi^2_2). Version 2.1 adds a grid search for the initial starting point.\nVersion 2.2 changes the grid search to LHC, and adds an initial search phase to use adaptive Nedler-Mead.\n",
   "requirements":"in-frame codon alignment and a phylogenetic tree (optionally annotated with {})",
   "version":"2.2"
  },
 "background":0,
 "branch attributes":{
   "0":{
     "ENSGGOP00000006967":{
       "MG94 with double and triple instantaneous substitutions":0.02654183572503283,
       "MG94 with double instantaneous substitutions":0.02654065914471754,
       "MG94xREV with separate rates for branch sets":0.02654183572503283,
       "Nucleotide GTR":0.02614000967957048,
       "original name":"ENSGGOP00000006967",
       "unconstrained":0.02687055059436685
      },
     "ENSNLEP00000022561":{
       "MG94 with double and triple instantaneous substitutions":0.02454142468297827,
       "MG94 with double instantaneous substitutions":0.02455079095038305,
       "MG94xREV with separate rates for branch sets":0.02454142468297827,
       "Nucleotide GTR":0.02420007205455973,
       "original name":"ENSNLEP00000022561",
       "unconstrained":0.02404387696085961
      },
     "ENSTBEP00000002651":{
       "MG94 with double and triple instantaneous substitutions":0.2050011538172422,
       "MG94 with double instantaneous substitutions":0.2052795681898359,
       "MG94xREV with separate rates for branch sets":0.2050011538172422,
       "Nucleotide GTR":0.2010630559291175,
       "original name":"ENSTBEP00000002651",
       "unconstrained":0.2452402931424917
      },
     "ENSTSYP00000012871":{
       "MG94 with double and triple instantaneous substitutions":0.1263190151083004,
       "MG94 with double instantaneous substitutions":0.1263068418553895,
       "MG94xREV with separate rates for branch sets":0.1263190151083004,
       "Nucleotide GTR":0.1275640847647006,
       "original name":"ENSTSYP00000012871",
       "unconstrained":0.147128743814167
      },
     "LOC100448894_PONAB":{
       "MG94 with double and triple instantaneous substitutions":0.008712201412800075,