{
 "Evidence Ratios":{
  },
 "Site Log Likelihood":{
   "unconstrained":    [
[-16.87532003737859, -4.027092807886488, -3.905697534937453, -3.510329922241987, -3.813297471558503, -15.16367692296815, -4.010046882371212, -3.560126558855203, -11.53285946111495, -8.165956318671519, -8.22865882715398, -20.37025262453784, -8.889864503373996, -5.433223609052069, -3.560126558855203, -3.560126558855203, -4.891036726115265, -3.783584584081062, -3.917295689225174, -5.142739238950235, -3.802620285391333, -9.206126891610081, -3.584841834591997, -3.802620285391333, -8.751564575942368, -13.26817210731953, -4.12129754232687, -5.162309961930177, -4.04924102216442, -14.71159137107643, -5.118679941307769, -4.31531381325807, -8.240318906503903, -12.14820714536684, -9.764944426159792, -4.585704255135554, -5.083726166369336, -4.832903329776451, -7.47420671559057, -8.59415417009356, -3.802620285391333, -4.654842867559526, -5.073982342183382, -4.564088518025522, -4.621027133452428, -4.391135100731413, -4.654842867559526, -3.81563877974075, -3.584841834591997, -12.59095398302091, -9.101340788711029, -9.598300532112304, -10.03179054241474, -4.391135100731413, -4.099858099571978, -11.24785734512169, -4.406901540925804, -4.099858099571978, -4.415749745212776, -4.04924102216442, -10.39201936710136, -4.933323642895298, -16.65528211156169] 
    ]
  },
 "Synonymous site-posteriors":  [
[0, 0.3537135320729935, 0.3664868183197232, 0.3636122985296024, 0.3341408099850252, 0, 0.406796028656262, 0.4046890630394481, 0, 0, 0, 0, 0, 0.510313398709495, 0.4046890630394481, 0.4046890630394481, 0.4346571168398593, 0.3933744130618137, 0.3462131652134694, 0.5102758527055741, 0.4252598922932142, 0, 0.369332443651529, 0.4252598922932142, 0, 0, 0.3886550108428071, 0.4321009418648239, 0.3779003269818854, 0, 0.4662409012492494, 0.4120028651425694, 0, 0, 0, 0.3976741373858855, 0.417410576928998, 0.4164644565625027, 0, 0, 0.4252598922932142, 0.4483417811573822, 0.4556956002382976, 0.4759235265359162, 0.4086410666742121, 0.4604751412179552, 0.4483417811573822, 0.3835929080695955, 0.369332443651529, 0, 0, 0, 0, 0.4604751412179552, 0.427258740099336, 0, 0.4576959623001045, 0.427258740099336, 0.4202023512402045, 0.3779003269818854, 0, 0.4768330544351044, 0],
  [0.882768899712443, 0.002684554609354973, 0.002232202316354875, 0.002636813983720705, 0.004913622977127712, 0.02121094410712513, 0.0008642825808990217, 0.001042455414619366, 0.01951070353130055, 0.003206547214368077, 0.0007624626251477075, 0.8021052938840384, 0.001577481265479668, 5.588902837074145e-05, 0.001042455414619366, 0.001042455414619366, 0.0003188251125772831, 0.001140881316009421, 0.003493086100469558, 6.056043815435973e-05, 0.0006453245641412774, 0.01328517027937332, 0.001894931961537226, 0.0006453245641412774, 0.01379878289269111, 0.005610589911632602, 0.0010649397587992, 0.0002979514956391799, 0.00145698466356981, 0.04404659746265982, 0.000147346347127857, 0.0006583234681692633, 0.006469996169695211, 0.004228289985699977, 0.001270982162205648, 0.0008088184894502139, 0.0004523890067529229, 0.0005057663770576966, 0.02245732192610954, 0.002048162567566254, 0.0006453245641412774, 0.0002982924414534434, 0.0002135894849189705, 0.00015921592550078, 0.0005904303732978657, 0.0002398959070361239, 0.0002982924414534434, 0.001351664161366743, 0.001894931961537226, 0.01523945878772225, 0.01037919119849661, 0.003084861423570314, 0.01453409147457126, 0.0002398959070361239, 0.0005433802178173794, 0.01180193417676344, 0.0002382899952040282, 0.0005433802178173794, 0.0004886987624275334, 0.00145698466356981, 0.02715062154405964, 0.0001359924237304928, 0.004179717560678542],
  [0.117231100287557, 0.6436019133176515, 0.6312809793639218, 0.633750887486677, 0.660945567037847, 0.9787890558928749, 0.5923396887628389, 0.5942684815459326, 0.9804892964686995, 0.9967934527856318, 0.9992375373748524, 0.1978947061159618, 0.9984225187345203, 0.4896307122621343, 0.5942684815459326, 0.5942684815459326, 0.5650240580475633, 0.6054847056221769, 0.650293748686061, 0.4896635868562716, 0.5740947831426445, 0.9867148297206267, 0.6287726243869338, 0.5740947831426445, 0.986201217107309, 0.9943894100883673, 0.6102800493983938, 0.567601106639537, 0.6206426883545448, 0.9559534025373402, 0.5336117524036228, 0.5873388113892613, 0.9935300038303048, 0.9957717100143, 0.9987290178377942, 0.6015170441246642, 0.582137034064249, 0.5830297770604396, 0.9775426780738904, 0.9979518374324339, 0.5740947831426445, 0.5513599264011644, 0.5440908102767835, 0.523917257538583, 0.5907685029524899, 0.5392849628750088, 0.5513599264011644, 0.6150554277690377, 0.6287726243869338, 0.9847605412122777, 0.9896208088015034, 0.9969151385764297, 0.9854659085254288, 0.5392849628750088, 0.5721978796828466, 0.9881980658232365, 0.5420657477046914, 0.5721978796828466, 0.5793089499973681, 0.6206426883545448, 0.9728493784559403, 0.5230309531411651, 0.9958202824393214] 
  ],
 "analysis":{
   "authors":"Sergei L Kosakovsky Pond, Sadie Wisotsky",
   "citation":"*Gene-wide identification of episodic selection*, Mol Biol Evol. 32(5):1365-71",
   "contact":"spond@temple.edu",
   "info":"BUSTED-SMSH (branch-site unrestricted statistical test of episodic diversification) uses a random effects branch-site model fitted\njointly to all or a subset of tree branches in order to test for alignment-wide evidence of episodic diversifying selection and.\nAssuming there is evidence of positive selection (i.e. there is an omega > 1),  BUSTED will also perform a quick evidence-ratio\nstyle analysis to explore which individual sites may have been subject to selection. v2.0 adds support for synonymous rate variation,\nand relaxes the test statistic to 0.5 (chi^2_0 + chi^2_2). Version 2.1 adds a grid search for the initial starting point.\nVersion 2.2 changes the grid search to LHC, and adds an initial search phase to use adaptive Nedler-Mead.\n",
   "requirements":"in-frame codon alignment and a phylogenetic tree (optionally annotated with {})",
   "version":"2.2"
  },
 "background":0,
 "branch attributes":{
   "0":{
     "ENSCHOP00000000324":{
       "MG94 with double and triple instantaneous substitutions":0.01904868674590336,
       "MG94 with double instantaneous substitutions":0.0190677791520946,
       "MG94xREV with separate rates for branch sets":0.01904868674590336,
       "Nucleotide GTR":0.0195244788567442,
       "original name":"ENSCHOP00000000324",
       "unconstrained":0.01987495714038043
      },
     "ENSCHOP00000005591":{
       "MG94 with double and triple instantaneous substitutions":0.05330120908749515,
       "MG94 with double instantaneous substitutions":0.0533305719559894,
       "MG94xREV with separate rates for branch sets":0.05330120908749515,
       "Nucleotide GTR":0.0553658789686237,
       "original name":"ENSCHOP00000005591",
       "unconstrained":0.06328267649292932
      },
     "ENSFCAP00000001920":{
       "MG94 with double and triple instantaneous substitutions":0,
       "MG94 with double instantaneous substitutions":0,
       "MG94xREV with separate rates for branch sets":0,
       "Nucleotide GTR":0,
       "original name":"ENSFCAP00000001920",
       "unconstrained":0
      },
     "ENSGGOP00000022541":{
       "MG94 with double and triple instantaneous substitutions":0.005181570523157136,
       "MG94 with double instantaneous substitutions":0.00517905355647477,
       "MG94xREV with separate rates for branch sets":0.005181570523157136,
       "Nucleotide GTR":0.005328362138125684,
       "original name":"ENSGGOP00000022541",
       "unconstrained":0.005339846053277251
      },
     "ENSMMUP00000002390":{
       "MG94 with double and triple instantaneous substitutions":0,
       "MG94 with double instantaneous substitutions":0,
       "MG94xREV with separate rates for branch sets":0,
       "Nucleotide GTR":0,
       "original name":"ENSMMUP00000002390",
       "unconstrained":0
      },
     "ENSNLEP00000023138":{
       "MG94 with double and triple instantaneous substitutions":0.01566661872965291,