{
 "Evidence Ratios":{
  },
 "Site Log Likelihood":{
   "unconstrained":    [
[-4.589107029993829, -5.064823993385718, -4.811702403477617, -4.811702403477617, -7.382078131242631, -7.741205266622364, -11.88378622335634, -4.376194935654739, -4.222468165066016, -4.531675998484554, -12.16910464030907, -7.553222887329925, -4.589107029993829, -7.551651536240822, -5.217943775511395, -4.330325793695327, -10.74941559084379, -11.34765898308207, -11.67198068740024, -8.171456620946321, -4.583375474509398, -10.46131464913412, -4.523136614749045, -10.69436343453823, -8.627371364852717, -8.568911613301871, -15.31551249456774, -15.32607336489851, -8.772659260323687, -5.175726127791958, -17.77936526504707, -14.15670881255549, -31.0665697079444, -4.481760947231763, -7.631602215278344, -15.81312157452284, -19.25145689369622, -24.27571812376004, -17.31299181916363, -7.932281997449043, -21.0868129494481, -10.40074209642184, -21.27820620037805, -13.51277887034783] 
    ]
  },
 "Synonymous site-posteriors":  [
[0.7360558516470445, 0.780658247091772, 0.8009261504187453, 0.8009261504187453, 0.6754964671328598, 0.6417480688654899, 0.5754411755567493, 0.7974360169715878, 0.7417800719636147, 0.7606649265709057, 0.6580191581935065, 0.70475157728139, 0.7360558516470445, 0.6354557111875705, 0.7274071291043167, 0.7804302039015382, 0.4743036017258187, 0.5177468673377866, 0.6220098196887373, 0.6526616932850572, 0.7348530233520932, 0.5010158939483691, 0.7979785032458179, 0.6250666193692965, 0.741805939431034, 0.5791744169965031, 0.3209169371998242, 0.3212326557003905, 0.8148606771426758, 0.8130799240903374, 0.3442554719597138, 0.2211777171944686, 0.00289505158427733, 0.7818371396764613, 0.5609158107235082, 0.1815875946376287, 0.1267618450984203, 0.01118675290639762, 0.3722462130306746, 0.5778193460521225, 0.0278063554184133, 0.3475336271559756, 0.1446069894661898, 0.2492203608335372],
  [0.003101996011608383, 0.001589323334797217, 0.0009945826408960655, 0.0009945826408960655, 0.003347662777320543, 0.006374157307588175, 0.008478222754585265, 0.001185530781726048, 0.004829972127058304, 0.002743283547588668, 0.001288700547569151, 0.001820785981700128, 0.003101996011608383, 0.007361816246653844, 0.003539389371295558, 0.001869494783490053, 0.0227402543850875, 0.006111832493362968, 0.0006248631718291305, 0.005371072907607095, 0.005769527157409251, 0.009366168384117904, 0.001108803827449908, 0.006502813357542526, 0.000423716715441345, 0.01518404682373265, 0.05627714182640486, 0.1169984731325613, 0.0002314117209801686, 0.0004551354485969879, 0.02244396298509995, 0.01918101865954286, 0.9419471628081735, 0.00168968420174923, 0.02722522040280005, 0.3029201927554749, 0.128251403508107, 0.8362877340505667, 0.02195211727442308, 0.0181357040663861, 0.6518857766452946, 0.09139850754614105, 0.3084178679294563, 0.2282063617092858],
  [0.2608421523413472, 0.2177524295734309, 0.1980792669403586, 0.1980792669403586, 0.3211558700898196, 0.3518777738269221, 0.4160806016886655, 0.2013784522466859, 0.2533899559093268, 0.2365917898815056, 0.3406921412589243, 0.2934276367369099, 0.2608421523413472, 0.3571824725657757, 0.2690534815243877, 0.2177003013149718, 0.5029561438890937, 0.4761413001688504, 0.3773653171394337, 0.3419672338073357, 0.2593774494904974, 0.4896179376675129, 0.2009126929267324, 0.368430567273161, 0.2577703438535247, 0.4056415361797642, 0.6228059209737709, 0.5617688711670482, 0.184907911136344, 0.1864649404610656, 0.6333005650551862, 0.7596412641459885, 0.05515778560754912, 0.2164731761217895, 0.4118589688736918, 0.5154922126068965, 0.7449867513934725, 0.1525255130430358, 0.6058016696949022, 0.4040449498814913, 0.320307867936292, 0.5610678652978832, 0.5469751426043538, 0.522573277457177] 
  ],
 "analysis":{
   "authors":"Sergei L Kosakovsky Pond, Sadie Wisotsky",
   "citation":"*Gene-wide identification of episodic selection*, Mol Biol Evol. 32(5):1365-71",
   "contact":"spond@temple.edu",
   "info":"BUSTED-SMSH (branch-site unrestricted statistical test of episodic diversification) uses a random effects branch-site model fitted\njointly to all or a subset of tree branches in order to test for alignment-wide evidence of episodic diversifying selection and.\nAssuming there is evidence of positive selection (i.e. there is an omega > 1),  BUSTED will also perform a quick evidence-ratio\nstyle analysis to explore which individual sites may have been subject to selection. v2.0 adds support for synonymous rate variation,\nand relaxes the test statistic to 0.5 (chi^2_0 + chi^2_2). Version 2.1 adds a grid search for the initial starting point.\nVersion 2.2 changes the grid search to LHC, and adds an initial search phase to use adaptive Nedler-Mead.\n",
   "requirements":"in-frame codon alignment and a phylogenetic tree (optionally annotated with {})",
   "version":"2.2"
  },
 "background":0,
 "branch attributes":{
   "0":{
     "D3Z9Q2_RAT":{
       "MG94 with double and triple instantaneous substitutions":0.156018283639228,
       "MG94 with double instantaneous substitutions":0.1560555147111216,
       "MG94xREV with separate rates for branch sets":0.156018283639228,
       "Nucleotide GTR":0.1519591892803204,
       "original name":"D3Z9Q2_RAT",
       "unconstrained":0.1917509682039936
      },
     "ENSBTAP00000053128":{
       "MG94 with double and triple instantaneous substitutions":0.006588260881301658,
       "MG94 with double instantaneous substitutions":0.00658771186582394,
       "MG94xREV with separate rates for branch sets":0.006588260881301658,
       "Nucleotide GTR":0.008071630198391903,
       "original name":"ENSBTAP00000053128",
       "unconstrained":0.008198110774539885
      },
     "ENSMLUP00000017443":{
       "MG94 with double and triple instantaneous substitutions":0.1240950434227236,
       "MG94 with double instantaneous substitutions":0.1240506614763204,
       "MG94xREV with separate rates for branch sets":0.1240950434227236,
       "Nucleotide GTR":0.09462410459224363,
       "original name":"ENSMLUP00000017443",
       "unconstrained":0.1675370725560448
      },
     "ENSNLEP00000003022":{
       "MG94 with double and triple instantaneous substitutions":0,
       "MG94 with double instantaneous substitutions":0,
       "MG94xREV with separate rates for branch sets":0,
       "Nucleotide GTR":0,
       "original name":"ENSNLEP00000003022",
       "unconstrained":0
      },
     "ENSOGAP00000017847":{
       "MG94 with double and triple instantaneous substitutions":0.06056893267311925,
       "MG94 with double instantaneous substitutions":0.06057275923898824,
       "MG94xREV with separate rates for branch sets":0.06056893267311925,
       "Nucleotide GTR":0.05795627497417872,
       "original name":"ENSOGAP00000017847",
       "unconstrained":0.07072065298940554
      },
     "ENSPTRP00000058186":{
       "MG94 with double and triple instantaneous substitutions":0.007450252717056031,
       "MG94 with double instantaneous substitutions":0.007454811028296856,
       "MG94xREV with separate rates for branch sets":0.007450252717056031,
       "Nucleotide GTR":0.007677047007049483,
       "original name":"ENSPTRP00000058186",
       "unconstrained":0.007056495908157856
      },
     "ENSSSCP00000026500":{
       "MG94 with double and triple instantaneous substitutions":0.06765501541498138,
       "MG94 with double instantaneous substitutions":0.06770406005746277,
       "MG94xREV with separate rates for branch sets":0.06765501541498138,
       "Nucleotide GTR":0.0714881949948044,
       "original name":"ENSSSCP00000026500",
       "unconstrained":0.07740340015452143
      },
     "NODE_10":{
       "MG94 with double and triple instantaneous substitutions":0.01492875461379161,
       "MG94 with double instantaneous substitutions":0.01493431039463025,
       "MG94xREV with separate rates for branch sets":0.01492875461379161,
       "Nucleotide GTR":0.01999642109902191,
       "unconstrained":0.0171869990979926
      },