{
 "Evidence Ratios":{
  },
 "Site Log Likelihood":{
   "unconstrained":    [
[-3.910449781741574, -9.502048402715175, -15.97639597476157, -6.235758135520372, -8.833944536576366, -9.26639758451223, -10.06512280325689, -9.825862936289449, -6.48796439279267, -7.91090416562556, -9.637074259711362, -5.41835373909709, -6.451469579764215, -11.10280040041936, -16.4420500644342, -8.32665053506987, -7.213893368491419, -6.758823620461813, -8.513921996853652, -10.46023507906609, -8.133470339793902, -5.107849337814212, -10.52255698480052, -5.713347309808944, -7.849929284992782, -5.685463131506437, -8.15174590718442, -6.75025889849667, -14.91420995563434, -4.199217796365353, -6.451469579764215, -17.17102020584815, -6.120290467701531, -7.020678238248069, -9.012758690752548, -7.282032346525037, -15.02693246552777, -16.04934505954981, -8.206111697147698, -9.13795427339184, -5.170942944439576, -4.942571944436828, -6.944507858808428, -9.095609083214354, -8.314894824882712, -4.839405801773654, -8.439401314489304, -12.57884250564072, -11.98940632445321, -5.352866059250129, -8.932022076672904, -7.769195235214047, -5.685463131506437, -5.842588257623411, -9.021886768347342, -6.033868882418056, -8.210752950764945, -8.494293790517268, -9.13795427339184, -4.525222947211686, -7.354127629796783, -4.525222947211686, -3.910449781741574, -7.290193915081667, -10.78620591338635, -7.794547604193211, -8.336190701319582, -6.033868882418056, -11.76703579972462, -5.646365311945733, -6.128448673463286] 
    ]
  },
 "Synonymous site-posteriors":  [
[0.7053801523951778, 0.8165339632015687, 0.8165545974066624, 0.8165692792751384, 0.8165413210181128, 0.8165334685634803, 0.8165092167118575, 0.8165588341091672, 0.8165697492126246, 0.8165419390969748, 0.8165183662195776, 0.8165590652205595, 0.2596452586972189, 0.8165276645011105, 0.8164972510773523, 0.8165341323291393, 0.8165735760292117, 0.2469808925742704, 0.8165660701469553, 0.8165385872105296, 0.8165507696042172, 0.5851031129327476, 0.8164991521436691, 0.4701040630440034, 0.8165411066703178, 0.3458975308349782, 0.8165408837913034, 0.4195469804287897, 0.8165092040944543, 0.5872533443431515, 0.2596452586972189, 0.8165172551013815, 0.4634328147693222, 0.8165392713225607, 0.8165252885886598, 0.8165398349260721, 0.8164915444208242, 0.8164746011648137, 0.8165378828415057, 0.8165408326478543, 0.5786296997751726, 0.8165536060610472, 0.8165385030434695, 0.8165241948637108, 0.8165549299217204, 0.4844004611390174, 0.8165553698791802, 0.8165012283421119, 0.8164998491515687, 0.4798612331692628, 0.8165454068035707, 0.8165669705893036, 0.3458975308349782, 0.8165535867172766, 0.8165466372807046, 0.816538354915593, 0.816509067730935, 0.8165246764133262, 0.8165408326478543, 0.7157023524780615, 0.8165589140397961, 0.7157023524780615, 0.7053801523951778, 0.8165710434568402, 0.8165301122202604, 0.8165404475514884, 0.8165512547080159, 0.816538354915593, 0.8165225033192161, 0.5484351495817, 0.816554618356629],
  [0.1584750962860896, 0.1834660367984312, 0.1834454025933376, 0.1834307207248615, 0.1834586789818872, 0.1834665314365196, 0.1834907832881426, 0.1834411658908327, 0.1834302507873753, 0.1834580609030252, 0.1834816337804224, 0.1834409347794405, 0.05831676817427194, 0.1834723354988895, 0.1835027489226478, 0.1834658676708606, 0.1834264239707884, 0.05547191620689385, 0.1834339298530448, 0.1834614127894705, 0.1834492303957828, 0.131439443197684, 0.1835008478563309, 0.1055965144319384, 0.1834588933296822, 0.07769330537583699, 0.1834591162086966, 0.09424209807979933, 0.1834907959055457, 0.1319226439741663, 0.05831676817427194, 0.1834827448986184, 0.1040976814641041, 0.1834607286774392, 0.1834747114113402, 0.1834601650739278, 0.1835084555791759, 0.1835253988351863, 0.1834621171584943, 0.1834591673521458, 0.1299846073973873, 0.1834463939389527, 0.1834614969565306, 0.1834758051362892, 0.1834450700782796, 0.1088075840587427, 0.1834446301208199, 0.1834987716578881, 0.1835001508484312, 0.1077888111740391, 0.1834545931964294, 0.1834330294106964, 0.07769330537583699, 0.1834464132827234, 0.1834533627192953, 0.183461645084407, 0.1834909322690648, 0.1834753235866739, 0.1834591673521458, 0.1607958699000341, 0.1834410859602039, 0.1607958699000341, 0.1584750962860896, 0.1834289565431599, 0.1834698877797394, 0.1834595524485117, 0.1834487452919841, 0.183461645084407, 0.1834774966807839, 0.1231990462845011, 0.183445381643371],
  [0.1361447513187326, 0, 0, 0, 0, 0, 0, 0, 0, 0, 0, 0, 0.6820379731285092, 0, 0, 0, 0, 0.6975471912188358, 0, 0, 0, 0.2834574438695683, 0, 0.4242994225240582, 0, 0.5764091637891847, 0, 0.4862109214914109, 0, 0.2808240116826822, 0.6820379731285092, 0, 0.4324695037665737, 0, 0, 0, 0, 0, 0, 0, 0.2913856928274398, 0, 0, 0, 0, 0.40679195480224, 0, 0, 0, 0.4123499556566981, 0, 0, 0.5764091637891847, 0, 0, 0, 0, 0, 0, 0.1235017776219044, 0, 0.1235017776219044, 0.1361447513187326, 0, 0, 0, 0, 0, 0, 0.3283658041337989, 0] 
  ],
 "analysis":{
   "authors":"Sergei L Kosakovsky Pond, Sadie Wisotsky",
   "citation":"*Gene-wide identification of episodic selection*, Mol Biol Evol. 32(5):1365-71",
   "contact":"spond@temple.edu",
   "info":"BUSTED-SMSH (branch-site unrestricted statistical test of episodic diversification) uses a random effects branch-site model fitted\njointly to all or a subset of tree branches in order to test for alignment-wide evidence of episodic diversifying selection and.\nAssuming there is evidence of positive selection (i.e. there is an omega > 1),  BUSTED will also perform a quick evidence-ratio\nstyle analysis to explore which individual sites may have been subject to selection. v2.0 adds support for synonymous rate variation,\nand relaxes the test statistic to 0.5 (chi^2_0 + chi^2_2). Version 2.1 adds a grid search for the initial starting point.\nVersion 2.2 changes the grid search to LHC, and adds an initial search phase to use adaptive Nedler-Mead.\n",
   "requirements":"in-frame codon alignment and a phylogenetic tree (optionally annotated with {})",
   "version":"2.2"
  },
 "background":0,
 "branch attributes":{
   "0":{
     "ENSMLUP00000019222":{
       "MG94 with double and triple instantaneous substitutions":0.08423525765968737,
       "MG94 with double instantaneous substitutions":0.08294745182971605,
       "MG94xREV with separate rates for branch sets":0.08423525765968737,
       "Nucleotide GTR":0.05402472849237428,
       "original name":"ENSMLUP00000019222",
       "unconstrained":0.09444097737327191
      },
     "ENSNLEP00000022457":{
       "MG94 with double and triple instantaneous substitutions":0.004724941929013076,
       "MG94 with double instantaneous substitutions":0.004722282051042912,
       "MG94xREV with separate rates for branch sets":0.004724941929013076,
       "Nucleotide GTR":0.004721695106160864,
       "original name":"ENSNLEP00000022457",
       "unconstrained":0.004800045632437647
      },
     "ENSOGAP00000022340":{
       "MG94 with double and triple instantaneous substitutions":0.04539633419546368,
       "MG94 with double instantaneous substitutions":0.04667805360261812,
       "MG94xREV with separate rates for branch sets":0.04539633419546368,
       "Nucleotide GTR":0.04190804752173523,
       "original name":"ENSOGAP00000022340",
       "unconstrained":0.04993089070068155
      },
     "ENSSTOP00000016780":{
       "MG94 with double and triple instantaneous substitutions":0.1126557875481861,
       "MG94 with double instantaneous substitutions":0.1134115153617242,
       "MG94xREV with separate rates for branch sets":0.1126557875481861,
       "Nucleotide GTR":0.09030201401553443,
       "original name":"ENSSTOP00000016780",
       "unconstrained":0.130989544518415
      },
     "NODE_10":{
       "MG94 with double and triple instantaneous substitutions":0.01198506415240184,
       "MG94 with double instantaneous substitutions":0.012589306727955,
       "MG94xREV with separate rates for branch sets":0.01198506415240184,
       "Nucleotide GTR":0.02419107778857353,