{
 "Evidence Ratios":{
  },
 "Site Log Likelihood":{
   "unconstrained":    [
[-4.38537760012161, -3.66301230009935, -4.11080349493656, -3.761346347956905, -4.505589613952539, -4.8465069594711, -4.293941468494631, -3.735019674770959, -4.795300945100235, -3.944801781998841, -3.622170927950023, -4.222793167790259, -4.28672609178019, -4.702631031580777, -4.222793167790259, -4.702631031580777, -4.491989850385658, -3.761346347956905, -3.87365348129447, -4.709015418433217, -4.102263693475466, -5.419014736781075, -3.945808746261629, -3.807492400221984, -3.807492400221984, -3.734160600803722, -4.13113021853359, -4.498374237238099, -3.366560228940926, -3.734160600803722, -3.944801781998841, -4.709015418433217, -4.702631031580777, -3.549698202498998, -3.478549901794625, -3.735019674770959, -4.130123254270802, -3.366560228940926, -4.498374237238099, -4.795300945100235, -5.058155104929007, -4.018133581417104, -4.49736727297531, -3.690198047252533, -4.313911838933373, -4.313911838933373, -4.749965995418677, -3.911282433289436, -4.096392331485911, -4.017940951846808, -4.749965995418677, -4.446806170788475, -3.833606822255415, -3.956175683048755, -4.553776334509513, -9.852681616689237, -5.252604316297906, -3.956175683048755, -11.475632052257, -3.605086120593939, -3.605086120593939, -8.41563008187072, -4.30156920493437, -3.605086120593939, -8.337921578175065, -9.873107284317294, -4.364007939487302, -4.749965995418677, -9.736731236247456, -3.819468098310298, -4.294004408857293, -4.667746645653327, -11.24831522629281, -9.267918265128632, -4.379421275232095, -4.423213397446777, -3.726100354924501, -3.881890424149726, -3.833606822255415, -9.435340272580088, -4.576254919918647, -3.726100354924501, -3.834631224655453, -4.43248422485781, -4.345663662660041, -3.834631224655453, -4.597936871497741, -4.641482441972224, -3.833606822255415, -3.834631224655453, -4.017940951846808, -4.976845370478983, -8.231347827484736, -4.446806170788475, -4.423213397446777, -3.881890424149726, -4.364007939487302, -4.631389924111645, -3.940457532697392, -4.364007939487302, -7.873475614641124] 
    ]
  },
 "Synonymous site-posteriors":  [
[1, 1, 1, 1, 1, 1, 0.9999999999999999, 1, 1, 1, 0.9999999999999999, 0.9999999999999999, 1, 1, 0.9999999999999999, 1, 1, 1, 1, 1, 1, 1, 1, 1, 1, 1, 1, 1, 1, 1, 1, 1, 1, 1, 1, 1, 1, 1, 1, 1, 1, 1, 1, 1, 1, 1, 1, 1, 1, 1, 1, 1, 1, 1, 1, 1, 1, 1, 1, 0.9999999999999999, 0.9999999999999999, 0.9999999999999999, 1, 0.9999999999999999, 0.9999999999999999, 1, 1, 1, 1, 1, 1, 1, 1, 1, 1, 0.9999999999999999, 1, 0.9999999999999999, 1, 1, 1, 1, 1, 1, 1, 1, 1, 1, 1, 1, 1, 1, 1, 1, 0.9999999999999999, 0.9999999999999999, 1, 1, 1, 1, 1],
  [0, 0, 0, 0, 0, 0, 0, 0, 0, 0, 0, 0, 0, 0, 0, 0, 0, 0, 0, 0, 0, 0, 0, 0, 0, 0, 0, 0, 0, 0, 0, 0, 0, 0, 0, 0, 0, 0, 0, 0, 0, 0, 0, 0, 0, 0, 0, 0, 0, 0, 0, 0, 0, 0, 0, 0, 0, 0, 0, 0, 0, 0, 0, 0, 0, 0, 0, 0, 0, 0, 0, 0, 0, 0, 0, 0, 0, 0, 0, 0, 0, 0, 0, 0, 0, 0, 0, 0, 0, 0, 0, 0, 0, 0, 0, 0, 0, 0, 0, 0, 0],
  [0, 0, 0, 0, 0, 0, 0, 0, 0, 0, 0, 0, 0, 0, 0, 0, 0, 0, 0, 0, 0, 0, 0, 0, 0, 0, 0, 0, 0, 0, 0, 0, 0, 0, 0, 0, 0, 0, 0, 0, 0, 0, 0, 0, 0, 0, 0, 0, 0, 0, 0, 0, 0, 0, 0, 0, 0, 0, 0, 0, 0, 0, 0, 0, 0, 0, 0, 0, 0, 0, 0, 0, 0, 0, 0, 0, 0, 0, 0, 0, 0, 0, 0, 0, 0, 0, 0, 0, 0, 0, 0, 0, 0, 0, 0, 0, 0, 0, 0, 0, 0] 
  ],
 "analysis":{
   "authors":"Sergei L Kosakovsky Pond, Sadie Wisotsky",
   "citation":"*Gene-wide identification of episodic selection*, Mol Biol Evol. 32(5):1365-71",
   "contact":"spond@temple.edu",
   "info":"BUSTED-SMSH (branch-site unrestricted statistical test of episodic diversification) uses a random effects branch-site model fitted\njointly to all or a subset of tree branches in order to test for alignment-wide evidence of episodic diversifying selection and.\nAssuming there is evidence of positive selection (i.e. there is an omega > 1),  BUSTED will also perform a quick evidence-ratio\nstyle analysis to explore which individual sites may have been subject to selection. v2.0 adds support for synonymous rate variation,\nand relaxes the test statistic to 0.5 (chi^2_0 + chi^2_2). Version 2.1 adds a grid search for the initial starting point.\nVersion 2.2 changes the grid search to LHC, and adds an initial search phase to use adaptive Nedler-Mead.\n",
   "requirements":"in-frame codon alignment and a phylogenetic tree (optionally annotated with {})",
   "version":"2.2"
  },
 "background":0,
 "branch attributes":{
   "0":{
     "ENSAMEP00000015284":{
       "MG94 with double and triple instantaneous substitutions":0.006438093612509945,
       "MG94 with double instantaneous substitutions":0.006438695886145902,
       "MG94xREV with separate rates for branch sets":0.006438093612509945,
       "Nucleotide GTR":0.006102172567779452,
       "original name":"ENSAMEP00000015284",
       "unconstrained":0.006513728851193005
      },
     "ENSBTAP00000053890":{
       "MG94 with double and triple instantaneous substitutions":0,
       "MG94 with double instantaneous substitutions":0,
       "MG94xREV with separate rates for branch sets":0,
       "Nucleotide GTR":0,
       "original name":"ENSBTAP00000053890",
       "unconstrained":0
      },
     "ENSCAFP00000037715":{
       "MG94 with double and triple instantaneous substitutions":0,
       "MG94 with double instantaneous substitutions":0,
       "MG94xREV with separate rates for branch sets":0,
       "Nucleotide GTR":0,
       "original name":"ENSCAFP00000037715",
       "unconstrained":0
      },
     "ENSCJAP00000043959":{
       "MG94 with double and triple instantaneous substitutions":0.01413628512464966,
       "MG94 with double instantaneous substitutions":0.01413542021593321,
       "MG94xREV with separate rates for branch sets":0.01413628512464966,
       "Nucleotide GTR":0.01852676216594595,
       "original name":"ENSCJAP00000043959",
       "unconstrained":0.01440402634027315
      },
     "ENSCPOP00000015802":{
       "MG94 with double and triple instantaneous substitutions":0.006466972224181605,
       "MG94 with double instantaneous substitutions":0.006468073999234245,
       "MG94xREV with separate rates for branch sets":0.006466972224181605,
       "Nucleotide GTR":0.006110961114084904,
       "original name":"ENSCPOP00000015802",
       "unconstrained":0.006428760446163015
      },
     "ENSLAFP00000028476":{
       "MG94 with double and triple instantaneous substitutions":0.006477277652237712,
       "MG94 with double instantaneous substitutions":0.006472520727476509,
       "MG94xREV with separate rates for branch sets":0.006477277652237712,
       "Nucleotide GTR":0.006111107346233185,
       "original name":"ENSLAFP00000028476",
       "unconstrained":0.006552990349301945
      },
     "ENSMLUP00000020425":{
       "MG94 with double and triple instantaneous substitutions":0.01988864745640415,
       "MG94 with double instantaneous substitutions":0.01989372471039986,
       "MG94xREV with separate rates for branch sets":0.01988864745640415,
       "Nucleotide GTR":0.01866199431354607,
       "original name":"ENSMLUP00000020425",
       "unconstrained":0.02020751094159211
      },
     "ENSOCUP00000018817":{
       "MG94 with double and triple instantaneous substitutions":0.006439178391164944,
       "MG94 with double instantaneous substitutions":0.006437460890531593,
       "MG94xREV with separate rates for branch sets":0.006439178391164944,
       "Nucleotide GTR":0.006102172574672186,
       "original name":"ENSOCUP00000018817",
       "unconstrained":0.006517511010458348
      },
     "ENSOGAP00000019754":{
       "MG94 with double and triple instantaneous substitutions":0.006474627547004827,
       "MG94 with double instantaneous substitutions":0.006471968395092014,
       "MG94xREV with separate rates for branch sets":0.006474627547004827,
       "Nucleotide GTR":0.006110961114084905,
       "original name":"ENSOGAP00000019754",
       "unconstrained":0.00642618363027022
      },