{
 "Evidence Ratios":{
  },
 "Site Log Likelihood":{
   "unconstrained":    [
[-3.45850706566779, -3.938464586273278, -7.649538304892609, -16.66874066466743, -9.304149492604328, -6.767063652608143, -5.198416741495663, -19.42421652276176, -7.82149557928303, -10.71288246862928, -11.49211724210655, -10.87666773869541, -9.281873056717208, -6.608590828833141, -13.79596324222297, -4.586500146609933, -10.00354270062662, -11.11264037442543, -7.948403885559864, -5.934407675674705, -9.055920591722014, -8.154320579831325, -3.45850706566779, -8.335780391315556, -7.240684704298975, -7.338759855904758, -3.938464586273278, -6.047364111277775, -7.796886173383254, -10.18556193630178, -3.938464586273278, -7.978531783500413, -12.78253249909169, -5.087669334037651, -10.90591239106971, -13.18926143319379, -6.809859922137122, -4.117944630689359, -4.870678321727499, -5.087669334037651, -14.18823121775938, -5.324104362867695, -8.448255775543029, -9.632503119088414, -5.712298640681223, -7.074474165583661, -5.335275932405099, -12.09780920676146, -7.074474165583661, -7.721577531801424, -3.796025613084712, -4.427438552392848, -5.304897963951562, -4.947985527926464, -2.787131474883338] 
    ]
  },
 "Synonymous site-posteriors":  [
[0.5720891653584619, 0.5686188038696883, 0.6890156216983692, 0.6931973461032354, 0.6890061005793466, 0.567849020484381, 0.6245217269023206, 0.6932113420343762, 0.6800098785615488, 0.6931475908264513, 0.6786240434190346, 0.6928978769210395, 0.6776667605501059, 0.3062987058726006, 0.6927507668057773, 0.3001933971818659, 0.6917922930447347, 0.6931949694833841, 0.66626831544103, 0.5896712627641145, 0.6896625421275778, 0.6917278052553062, 0.5720891653584619, 0.6918274164450736, 0.6845712779553921, 0.4764843052879311, 0.5686188038696883, 0.6743290342750029, 0.6915600215458459, 0.692954725436394, 0.5686188038696883, 0.6848034016319349, 0.6930185652265313, 0.672964511580212, 0.6932062130142156, 0.6931861229940292, 0.6155457166760819, 0.5080872843154648, 0.5287565558793398, 0.672964511580212, 0.6931875223892552, 0.3586846665481576, 0.6907058438868374, 0.6926269282649526, 0.5929331088519223, 0.1610177702501916, 0.4976789823030771, 0.6922094015888152, 0.1610177702501916, 0.6356361756497507, 0.6048658707279835, 0.6059684772989179, 0.6033553450331365, 0.6048868481116887, 0.6028556285818404],
  [0.1747596016476435, 0.1797661004064718, 0.006077440857360842, 3.081791394892286e-05, 0.006099360326084238, 0.1808852509591301, 0.09913535652149252, 1.453866272924722e-06, 0.01907995572069053, 0.0001110768612155618, 0.02107581542477215, 0.0004664311737766735, 0.02245760019219789, 0.558166890493913, 0.0006816041605268021, 0.5669756884120366, 0.002082966798564028, 3.573007559156625e-05, 0.03889848632595829, 0.1494088489172474, 0.005155832404920738, 0.002174267924911299, 0.1747596016476435, 0.002027369976970005, 0.01249253922574948, 0.3126857139707407, 0.1797661004064718, 0.02727938070163182, 0.002408450070951083, 0.000393350935764697, 0.1797661004064718, 0.01215909179596488, 0.0003078406657363353, 0.02924867674076663, 2.900913377416309e-05, 5.75067489167839e-05, 0.112083959554935, 0.2670849522671415, 0.2372690856422475, 0.02924867674076663, 3.888287732417252e-05, 0.4826027219182899, 0.003648903581919738, 0.000879709284466786, 0.1447002651409526, 0.7677355747601609, 0.2820997918471273, 0.001480173630090039, 0.7677355747601609, 0.08310038250636162, 0.1274740899993634, 0.1258833932902363, 0.1296533315939472, 0.1274438500926801, 0.1303742545518818],
  [0.2531512329938947, 0.2516150957238397, 0.3049069374442699, 0.3067718359828158, 0.3048945390945692, 0.2512657285564889, 0.276342916576187, 0.3067872040993509, 0.3009101657177606, 0.3067413323123332, 0.3003001411561932, 0.3066356919051837, 0.2998756392576962, 0.1355344036334866, 0.3065676290336959, 0.1328309144060975, 0.3061247401567013, 0.3067693004410243, 0.2948331982330117, 0.2609198883186379, 0.3051816254675014, 0.3060979268197825, 0.2531512329938947, 0.3061452135779565, 0.3029361828188585, 0.2108299807413282, 0.2516150957238397, 0.2983915850233654, 0.3060315283832028, 0.3066519236278413, 0.2516150957238397, 0.3030375065721003, 0.3066735941077324, 0.2977868116790215, 0.3067647778520102, 0.306756370257054, 0.2723703237689833, 0.2248277634173939, 0.2339743584784126, 0.2977868116790215, 0.3067735947334207, 0.1587126115335525, 0.3056452525312429, 0.3064933624505807, 0.2623666260071251, 0.07124665498964762, 0.2202212258497957, 0.3063104247810948, 0.07124665498964762, 0.2812634418438875, 0.2676600392726531, 0.2681481294108456, 0.2669913233729164, 0.2676693017956311, 0.2667701168662779] 
  ],
 "analysis":{
   "authors":"Sergei L Kosakovsky Pond, Sadie Wisotsky",
   "citation":"*Gene-wide identification of episodic selection*, Mol Biol Evol. 32(5):1365-71",
   "contact":"spond@temple.edu",
   "info":"BUSTED-SMSH (branch-site unrestricted statistical test of episodic diversification) uses a random effects branch-site model fitted\njointly to all or a subset of tree branches in order to test for alignment-wide evidence of episodic diversifying selection and.\nAssuming there is evidence of positive selection (i.e. there is an omega > 1),  BUSTED will also perform a quick evidence-ratio\nstyle analysis to explore which individual sites may have been subject to selection. v2.0 adds support for synonymous rate variation,\nand relaxes the test statistic to 0.5 (chi^2_0 + chi^2_2). Version 2.1 adds a grid search for the initial starting point.\nVersion 2.2 changes the grid search to LHC, and adds an initial search phase to use adaptive Nedler-Mead.\n",
   "requirements":"in-frame codon alignment and a phylogenetic tree (optionally annotated with {})",
   "version":"2.2"
  },
 "background":0,
 "branch attributes":{
   "0":{
     "BC024659_MOUSE":{
       "MG94 with double and triple instantaneous substitutions":0.02722839262836822,
       "MG94 with double instantaneous substitutions":0.02721061825903862,
       "MG94xREV with separate rates for branch sets":0.02722839262836822,
       "Nucleotide GTR":0.02667383822946156,
       "original name":"BC024659_MOUSE",
       "unconstrained":0.02807642884256004
      },
     "C19H6ORF228_1_OF_2_DANRE":{
       "MG94 with double and triple instantaneous substitutions":0.006132476079320216,
       "MG94 with double instantaneous substitutions":0.006158798793544043,
       "MG94xREV with separate rates for branch sets":0.006132476079320216,
       "Nucleotide GTR":0.006536701902616436,
       "original name":"C19H6ORF228_1_OF_2_DANRE",
       "unconstrained":0.007401890094002045
      },
     "C19H6ORF228_2_OF_2_DANRE":{
       "MG94 with double and triple instantaneous substitutions":0.001042758973834038,
       "MG94 with double instantaneous substitutions":0.001016434633642775,
       "MG94xREV with separate rates for branch sets":0.001042758973834038,
       "Nucleotide GTR":0,
       "original name":"C19H6ORF228_2_OF_2_DANRE",
       "unconstrained":0
      },
     "C23H6ORF228_BOVIN":{
       "MG94 with double and triple instantaneous substitutions":0.05467800887652132,
       "MG94 with double instantaneous substitutions":0.05468313138403765,
       "MG94xREV with separate rates for branch sets":0.05467800887652132,
       "Nucleotide GTR":0.04972705662965597,
       "original name":"C23H6ORF228_BOVIN",
       "unconstrained":0.0582430992188025
      },
     "C6ORF228_HUMAN":{
       "MG94 with double and triple instantaneous substitutions":0,
       "MG94 with double instantaneous substitutions":0,
       "MG94xREV with separate rates for branch sets":0,
       "Nucleotide GTR":0,
       "original name":"C6ORF228_HUMAN",
       "unconstrained":0
      },
     "C6ORF228_MYOLU":{
       "MG94 with double and triple instantaneous substitutions":0.03574210884093212,
       "MG94 with double instantaneous substitutions":0.03574546054546231,
       "MG94xREV with separate rates for branch sets":0.03574210884093212,
       "Nucleotide GTR":0.02747320970862253,
       "original name":"C6ORF228_MYOLU",