{
 "Evidence Ratios":{
  },
 "Site Log Likelihood":{
   "unconstrained":    [
[-6.935929539750866, -8.327830297050864, -4.896689878789173, -8.162308040541831, -10.70243649313052, -6.122225432152186, -4.740037605995459, -13.34888602684297, -4.939985591703132, -7.931237063552645, -4.801118782763768, -4.040839299206697, -4.040839299206697, -4.614959738542015, -4.079913608687486, -5.3943990164845, -13.82248247263493, -6.122225432152186, -4.430234018619126, -4.801118782763768, -4.040839299206697, -9.753953790713245, -7.909857840095069, -8.6790978214938, -5.035695045811778, -4.075354879874308, -4.74051333611916, -8.836209965450978, -4.319760886220503, -4.591670532754368, -4.798768630789479, -4.075354879874308, -9.982061134822576, -4.095879054018159, -7.881856682941377, -4.474129914618816, -4.075354879874308, -6.103037328495311, -4.530919916303019, -4.844393492322091, -6.087512365702938, -4.079913608687486, -4.370977322381018, -8.07833961374982, -8.61225359660664, -9.715936725349824, -4.32432050056171, -4.74051333611916, -4.547418407317813, -5.060815921177301, -3.930651047944347, -10.11354778881341, -4.607603765931734, -4.784695830188674, -4.040839299206697, -4.74051333611916, -10.30431999415368, -4.896689878789173, -6.337628083530984, -8.665681641476446, -4.862637465788071, -5.396702124415662, -7.820115129288891, -7.763128150826874, -5.3943990164845, -4.8648713880346, -5.396702124415662, -6.741666805818275, -4.547418407317813, -12.70732323136157, -5.022404456342218, -7.877449283545787, -10.11860758728364, -6.777844913170481, -4.591670532754368, -8.684442518253064, -4.547418407317813, -4.430234018619126, -10.27113689039973, -7.905412457144931, -5.345654560924451, -7.245800290528406, -7.815471215339955, -7.712127790808968, -4.285255884199506, -6.777844913170481, -7.239030549373618, -6.137750370578966, -4.939985591703132, -10.65841613909254, -4.899040035190809, -4.496479310336823, -4.854896488622327, -4.899040035190809, -4.285255884199506, -9.924874211269188, -4.285255884199506, -4.095879054018159, -4.00264305049958, -3.760037543775859, -3.830720668534951, -4.343089045692142, -8.238962430023737, -9.043551218934324] 
    ]
  },
 "Synonymous site-posteriors":  [
[1, 1, 0.9999999999999999, 1, 1, 1, 1, 1, 1, 1, 1, 1, 1, 1, 0.9999999999999999, 1, 1, 1, 1, 1, 1, 1, 1, 0.9999999999999999, 1, 1, 1, 1, 1, 1, 1, 1, 1, 1, 0.9999999999999999, 0.9999999999999999, 1, 0.9999999999999999, 1, 1, 1, 0.9999999999999999, 1, 1, 0.9999999999999999, 0.9999999999999999, 1, 1, 0.9999999999999999, 1, 1, 0.9999999999999999, 1, 1, 1, 1, 1, 0.9999999999999999, 0.9999999999999999, 1, 1, 1, 0.9999999999999999, 1, 1, 0.9999999999999999, 1, 1, 0.9999999999999999, 1, 1, 0.9999999999999999, 1, 1, 1, 1, 0.9999999999999999, 1, 1, 1, 1, 1, 1, 1, 1, 1, 1, 1, 1, 1, 1, 1, 0.9999999999999999, 1, 1, 1, 1, 1, 1, 0.9999999999999999, 1, 0.9999999999999999, 1, 1],
  [0, 0, 0, 0, 0, 0, 0, 0, 0, 0, 0, 0, 0, 0, 0, 0, 0, 0, 0, 0, 0, 0, 0, 0, 0, 0, 0, 0, 0, 0, 0, 0, 0, 0, 0, 0, 0, 0, 0, 0, 0, 0, 0, 0, 0, 0, 0, 0, 0, 0, 0, 0, 0, 0, 0, 0, 0, 0, 0, 0, 0, 0, 0, 0, 0, 0, 0, 0, 0, 0, 0, 0, 0, 0, 0, 0, 0, 0, 0, 0, 0, 0, 0, 0, 0, 0, 0, 0, 0, 0, 0, 0, 0, 0, 0, 0, 0, 0, 0, 0, 0, 0, 0, 0],
  [0, 0, 0, 0, 0, 0, 0, 0, 0, 0, 0, 0, 0, 0, 0, 0, 0, 0, 0, 0, 0, 0, 0, 0, 0, 0, 0, 0, 0, 0, 0, 0, 0, 0, 0, 0, 0, 0, 0, 0, 0, 0, 0, 0, 0, 0, 0, 0, 0, 0, 0, 0, 0, 0, 0, 0, 0, 0, 0, 0, 0, 0, 0, 0, 0, 0, 0, 0, 0, 0, 0, 0, 0, 0, 0, 0, 0, 0, 0, 0, 0, 0, 0, 0, 0, 0, 0, 0, 0, 0, 0, 0, 0, 0, 0, 0, 0, 0, 0, 0, 0, 0, 0, 0] 
  ],
 "analysis":{
   "authors":"Sergei L Kosakovsky Pond, Sadie Wisotsky",
   "citation":"*Gene-wide identification of episodic selection*, Mol Biol Evol. 32(5):1365-71",
   "contact":"spond@temple.edu",
   "info":"BUSTED-SMSH (branch-site unrestricted statistical test of episodic diversification) uses a random effects branch-site model fitted\njointly to all or a subset of tree branches in order to test for alignment-wide evidence of episodic diversifying selection and.\nAssuming there is evidence of positive selection (i.e. there is an omega > 1),  BUSTED will also perform a quick evidence-ratio\nstyle analysis to explore which individual sites may have been subject to selection. v2.0 adds support for synonymous rate variation,\nand relaxes the test statistic to 0.5 (chi^2_0 + chi^2_2). Version 2.1 adds a grid search for the initial starting point.\nVersion 2.2 changes the grid search to LHC, and adds an initial search phase to use adaptive Nedler-Mead.\n",
   "requirements":"in-frame codon alignment and a phylogenetic tree (optionally annotated with {})",
   "version":"2.2"
  },
 "background":0,
 "branch attributes":{
   "0":{
     "C8ORF86_GGOR":{
       "MG94 with double and triple instantaneous substitutions":0,
       "MG94 with double instantaneous substitutions":0,
       "MG94xREV with separate rates for branch sets":0,
       "Nucleotide GTR":0,
       "original name":"C8ORF86_GGOR",
       "unconstrained":0
      },
     "C8ORF86_HUMAN":{
       "MG94 with double and triple instantaneous substitutions":0.003220269838010022,
       "MG94 with double instantaneous substitutions":0.003220126146197507,
       "MG94xREV with separate rates for branch sets":0.003220269838010022,
       "Nucleotide GTR":0.003246066421659117,
       "original name":"C8ORF86_HUMAN",
       "unconstrained":0.003220716807480526
      },
     "C8ORF86_NOMLE":{
       "MG94 with double and triple instantaneous substitutions":0.01633454904647113,
       "MG94 with double instantaneous substitutions":0.01634275153971089,
       "MG94xREV with separate rates for branch sets":0.01633454904647113,
       "Nucleotide GTR":0.01644183357248102,
       "original name":"C8ORF86_NOMLE",
       "unconstrained":0.01634835491252305
      },
     "C8ORF86_PONAB":{
       "MG94 with double and triple instantaneous substitutions":0.009735140873443895,
       "MG94 with double instantaneous substitutions":0.009732669662686171,
       "MG94xREV with separate rates for branch sets":0.009735140873443895,
       "Nucleotide GTR":0.009785217931103244,
       "original name":"C8ORF86_PONAB",
       "unconstrained":0.009729907875456089
      },
     "C8ORF86_TURTR":{
       "MG94 with double and triple instantaneous substitutions":0.1568425450740977,
       "MG94 with double instantaneous substitutions":0.1567683813599191,
       "MG94xREV with separate rates for branch sets":0.1568425450740977,
       "Nucleotide GTR":0.1549890178050327,
       "original name":"C8ORF86_TURTR",
       "unconstrained":0.1567847103714292
      },
     "LOC746930_PANTR":{
       "MG94 with double and triple instantaneous substitutions":0,
       "MG94 with double instantaneous substitutions":0,
       "MG94xREV with separate rates for branch sets":0,
       "Nucleotide GTR":0,
       "original name":"LOC746930_PANTR",
       "unconstrained":0
      },
     "NODE_3":{
       "MG94 with double and triple instantaneous substitutions":0.003216317689645806,
       "MG94 with double instantaneous substitutions":0.003215649672441293,
       "MG94xREV with separate rates for branch sets":0.003216317689645806,
       "Nucleotide GTR":0.00324501902520145,
       "unconstrained":0.003214625703900546
      },
     "NODE_5":{
       "MG94 with double and triple instantaneous substitutions":0.01297984425193529,
       "MG94 with double instantaneous substitutions":0.01297792909257999,
       "MG94xREV with separate rates for branch sets":0.01297984425193529,
       "Nucleotide GTR":0.0130845062229215,
       "unconstrained":0.01297385953999269
      }
    },
   "attributes":{
     "MG94 with double and triple instantaneous substitutions":{
       "attribute type":"branch length",
       "display order":0
      },
     "MG94 with double instantaneous substitutions":{
       "attribute type":"branch length",
       "display order":0
      },
     "MG94xREV with separate rates for branch sets":{
       "attribute type":"branch length",
       "display order":1
      },