{
 "Evidence Ratios":{
  },
 "Site Log Likelihood":{
   "unconstrained":    [
[-4.095139274689417, -3.607596656642598, -4.044576225736547, -4.894822660693422, -4.456913936459912, -3.243740631097995, -3.485068304444507, -4.080228221003014, -3.121212278899902, -3.524935921340902, -19.19871062185035, -21.59932002392861, -21.37083537566402, -23.43756207802581, -20.40227701644382, -17.39271129610396, -17.52881055282463, -27.33406466350052, -15.0610499598909, -21.90571445197319, -29.98430770383357, -10.90023010258702, -9.160997433434963, -3.52093456917683, -4.392305761892259, -9.655644133115452, -5.011031542174539, -4.287720924187225, -3.837993633913684, -3.165163925989376, -3.607596656642598, -3.524935921340902, -4.775491793071859, -4.250923553540458, -3.524935921340902, -4.456913936459912, -3.888791946885506] 
    ]
  },
 "Synonymous site-posteriors":  [
[0.7042998345918742, 0.7042998345918737, 0.704299834591874, 0.7042998345918738, 0.7042998345918738, 0.7042998345918745, 0.7042998345918738, 0.7042998345918743, 0.7042998345918751, 0.7042998345918737, 0.02696625414128146, 0.9976499033391685, 0.986610283417176, 0.9990176060171626, 0.842833946198961, 0.9889315712958542, 0.8268384964820996, 0.9998032291371414, 0.1772740170889416, 0.9715229363105689, 0.9983550353410967, 0.02517197788716827, 0.1750515152793109, 0.6962943022628065, 0.6922174979862098, 0.9207226117947153, 0.6838089336835065, 0.6910495938797961, 0.6936549576572814, 0.6944691560599685, 0.7042998345918738, 0.7042998345918737, 0.7042998345918737, 0.704299834591874, 0.7042998345918737, 0.7042998345918738, 0.7042998345918737],
  [0, 0, 0, 0, 0, 0, 0, 0, 0, 0, 0, 0, 0, 0, 0, 0, 0, 0, 0, 0, 0, 0, 0, 0, 0, 0, 0, 0, 0, 0, 0, 0, 0, 0, 0, 0, 0],
  [0.2957001654081258, 0.2957001654081263, 0.295700165408126, 0.2957001654081263, 0.2957001654081262, 0.2957001654081255, 0.295700165408126, 0.2957001654081258, 0.295700165408125, 0.2957001654081262, 0.9730337458587185, 0.002350096660831433, 0.01338971658282388, 0.0009823939828375202, 0.1571660538010388, 0.01106842870414587, 0.1731615035179004, 0.0001967708628586982, 0.8227259829110584, 0.02847706368943112, 0.001644964658903232, 0.9748280221128317, 0.8249484847206892, 0.3037056977371936, 0.3077825020137901, 0.07927738820528477, 0.3161910663164935, 0.3089504061202038, 0.3063450423427186, 0.3055308439400317, 0.2957001654081261, 0.2957001654081263, 0.2957001654081262, 0.295700165408126, 0.2957001654081263, 0.2957001654081261, 0.2957001654081262] 
  ],
 "analysis":{
   "authors":"Sergei L Kosakovsky Pond, Sadie Wisotsky",
   "citation":"*Gene-wide identification of episodic selection*, Mol Biol Evol. 32(5):1365-71",
   "contact":"spond@temple.edu",
   "info":"BUSTED-SMSH (branch-site unrestricted statistical test of episodic diversification) uses a random effects branch-site model fitted\njointly to all or a subset of tree branches in order to test for alignment-wide evidence of episodic diversifying selection and.\nAssuming there is evidence of positive selection (i.e. there is an omega > 1),  BUSTED will also perform a quick evidence-ratio\nstyle analysis to explore which individual sites may have been subject to selection. v2.0 adds support for synonymous rate variation,\nand relaxes the test statistic to 0.5 (chi^2_0 + chi^2_2). Version 2.1 adds a grid search for the initial starting point.\nVersion 2.2 changes the grid search to LHC, and adds an initial search phase to use adaptive Nedler-Mead.\n",
   "requirements":"in-frame codon alignment and a phylogenetic tree (optionally annotated with {})",
   "version":"2.2"
  },
 "background":0,
 "branch attributes":{
   "0":{
     "BX324215_2_DANRE":{
       "MG94 with double and triple instantaneous substitutions":0.2408238795595611,
       "MG94 with double instantaneous substitutions":0.240496922793947,
       "MG94xREV with separate rates for branch sets":0.2408238795595611,
       "Nucleotide GTR":0.1393731468204376,
       "original name":"BX324215.2_DANRE",
       "unconstrained":0.1801234948453374
      },
     "BX649448_1_DANRE":{
       "MG94 with double and triple instantaneous substitutions":0,
       "MG94 with double instantaneous substitutions":0,
       "MG94xREV with separate rates for branch sets":0,
       "Nucleotide GTR":0,
       "original name":"BX649448.1_DANRE",
       "unconstrained":0
      },
     "BX927308_3_DANRE":{
       "MG94 with double and triple instantaneous substitutions":0,
       "MG94 with double instantaneous substitutions":0,
       "MG94xREV with separate rates for branch sets":0,
       "Nucleotide GTR":0.006668070338837841,
       "original name":"BX927308.3_DANRE",
       "unconstrained":0.006247143950480536
      },
     "CABZ01064973_1_DANRE":{
       "MG94 with double and triple instantaneous substitutions":0.1532562042614631,
       "MG94 with double instantaneous substitutions":0.153292264867634,
       "MG94xREV with separate rates for branch sets":0.1532562042614631,
       "Nucleotide GTR":0.1149406740290626,
       "original name":"CABZ01064973.1_DANRE",
       "unconstrained":0.1540243117272528
      },
     "CR388079_2_DANRE":{
       "MG94 with double and triple instantaneous substitutions":0.1643924257898185,
       "MG94 with double instantaneous substitutions":0.1644832415802916,
       "MG94xREV with separate rates for branch sets":0.1643924257898185,
       "Nucleotide GTR":0.1263405580771908,
       "original name":"CR388079.2_DANRE",
       "unconstrained":0.1647877982008866
      },
     "CR547131_2_DANRE":{
       "MG94 with double and triple instantaneous substitutions":0.01748041070677328,
       "MG94 with double instantaneous substitutions":0.01746984422181812,
       "MG94xREV with separate rates for branch sets":0.01748041070677328,
       "Nucleotide GTR":0.01015273703838607,
       "original name":"CR547131.2_DANRE",
       "unconstrained":0.01194724515108444
      },
     "ENSONIP00000011812":{
       "MG94 with double and triple instantaneous substitutions":0.2709680221700673,
       "MG94 with double instantaneous substitutions":0.2710089297578244,
       "MG94xREV with separate rates for branch sets":0.2709680221700673,
       "Nucleotide GTR":0.1825195691849949,
       "original name":"ENSONIP00000011812",
       "unconstrained":0.2983379999781862
      },
     "ENSONIP00000011841":{
       "MG94 with double and triple instantaneous substitutions":0.2306542285635582,
       "MG94 with double instantaneous substitutions":0.2307150772556886,
       "MG94xREV with separate rates for branch sets":0.2306542285635582,
       "Nucleotide GTR":0.2376014711474927,
       "original name":"ENSONIP00000011841",
       "unconstrained":0.3924405368401317
      },
     "NODE_11":{
       "MG94 with double and triple instantaneous substitutions":0.05147732430161566,
       "MG94 with double instantaneous substitutions":0.05149290686888411,
       "MG94xREV with separate rates for branch sets":0.05147732430161566,
       "Nucleotide GTR":0.02417922841805592,
       "unconstrained":0.08026871576406203
      },
     "NODE_14":{
       "MG94 with double and triple instantaneous substitutions":0.00813021895819487,
       "MG94 with double instantaneous substitutions":0.00814040240909294,
       "MG94xREV with separate rates for branch sets":0.00813021895819487,
       "Nucleotide GTR":0.03636867074372665,
       "unconstrained":0
      },
     "NODE_15":{
       "MG94 with double and triple instantaneous substitutions":0.2749206011461301,
       "MG94 with double instantaneous substitutions":0.2749396792189334,
       "MG94xREV with separate rates for branch sets":0.2749206011461301,
       "Nucleotide GTR":0.213552157192405,
       "unconstrained":0.4919728664797166
      },
     "NODE_20":{
       "MG94 with double and triple instantaneous substitutions":0.2568216726892864,
       "MG94 with double instantaneous substitutions":0.2568455470217182,
       "MG94xREV with separate rates for branch sets":0.2568216726892864,