{
 "Evidence Ratios":{
  },
 "Site Log Likelihood":{
   "unconstrained":    [
[-23.92954653566231, -20.51263968971754, -15.908710525009, -19.55418782996101, -8.098335591264282, -23.87209697253228, -29.65117464817654, -14.55965163633371, -26.27772064246074, -5.234431155482742, -16.91529688479636, -27.22438255427023, -21.68521244000402, -30.62096460449578, -24.51329857526997, -7.290235942610165, -26.48205283244237, -10.48896258836833, -31.24722967236551, -5.486585932661141, -27.6420600751594, -9.554489061493019, -30.71554146192884, -11.3984156129383, -25.0797652264098, -17.7167122573705, -15.65415548021369, -18.01115772624344, -12.83539974150477, -18.60725302753321, -4.092073505504331, -3.481078475542331, -3.996052301301668, -4.945301954476888, -4.434666718339684, -4.438363632295792, -12.00780252461582, -3.939245442116251, -4.658092128273299, -4.334306924514903, -4.438363632295787] 
    ]
  },
 "Synonymous site-posteriors":  [
[0.003478904904475611, 0.03708898048490591, 0.6070548996162473, 0.009308170338758016, 0.8885479185077872, 0.002083613183953653, 4.601054813797189e-05, 0.7801745584086032, 0.006843712540728283, 0.9367041391713591, 0.9635321994555361, 0.007557470954987144, 0.07423638489203378, 1.947893239630088e-06, 0.04565387217820555, 0.9596606303350778, 1.03317250974615e-06, 0.9859046774478831, 7.539452054775885e-10, 0.9809548807867364, 0.001963209120922867, 0.9464416932491515, 1.37752565748957e-06, 0.9934986476969868, 0.006327357480163085, 0.7226689507751866, 0.9255899479808227, 0.6344535146643927, 0.9656978804014058, 0.1085383645722769, 0.413822748310567, 0.4138227483105797, 0.4138227483105325, 0.4138227483105568, 0.4138227483105579, 0.4138227483105549, 0.002471165352872449, 0.4138227483105663, 0.4138227483105534, 0.4138227483105722, 0.4138227483105526],
  [0.01884366652702542, 0.04820343877967251, 0.004830181247322753, 0.2311546960570522, 0.001527478554350268, 0.1947782032028638, 0.1398432130758784, 0.004545388935681137, 0.01087458768126123, 0.001276425669370627, 0.0001152201634385311, 0.3462196839408383, 0.02806707366201016, 0.9752073365503501, 0.03838975508996222, 0.001085286758860726, 0.9654240229444305, 0.0004321649055296603, 0.992898509029327, 0.000246152684084912, 0.04056980341814373, 0.0004376084062553216, 0.8994731724881376, 6.697673193355901e-05, 0.01747086507097044, 0.006301299531757838, 0.001630325954574034, 0.005999743958149724, 0.001056132997023849, 0.02716005665979698, 0.1598224330697698, 0.1598224330697438, 0.1598224330698375, 0.1598224330697874, 0.1598224330697865, 0.1598224330697886, 0.3678705518004612, 0.1598224330697781, 0.1598224330697957, 0.159822433069759, 0.1598224330697953],
  [0.9776774285684989, 0.9147075807354216, 0.38811491913643, 0.7595371336041898, 0.1099246029378625, 0.8031381836131826, 0.8601107763759837, 0.2152800526557158, 0.9822816997780105, 0.06201943515927024, 0.03635258038102519, 0.6462228451041745, 0.8976965414459561, 0.02479071555641024, 0.9159563727318323, 0.03925408290606153, 0.03457494388305987, 0.01366315764658709, 0.00710149021672784, 0.01879896652917854, 0.9574669874609333, 0.05312069834459324, 0.1005254499862047, 0.006434375571079525, 0.9762017774488664, 0.2710297496930556, 0.07277972606460315, 0.3595467413774576, 0.03324598660157044, 0.8643015787679261, 0.4263548186196631, 0.4263548186196766, 0.4263548186196301, 0.4263548186196557, 0.4263548186196554, 0.4263548186196565, 0.6296582828466664, 0.4263548186196556, 0.4263548186196509, 0.4263548186196688, 0.4263548186196521] 
  ],
 "analysis":{
   "authors":"Sergei L Kosakovsky Pond, Sadie Wisotsky",
   "citation":"*Gene-wide identification of episodic selection*, Mol Biol Evol. 32(5):1365-71",
   "contact":"spond@temple.edu",
   "info":"BUSTED-SMSH (branch-site unrestricted statistical test of episodic diversification) uses a random effects branch-site model fitted\njointly to all or a subset of tree branches in order to test for alignment-wide evidence of episodic diversifying selection and.\nAssuming there is evidence of positive selection (i.e. there is an omega > 1),  BUSTED will also perform a quick evidence-ratio\nstyle analysis to explore which individual sites may have been subject to selection. v2.0 adds support for synonymous rate variation,\nand relaxes the test statistic to 0.5 (chi^2_0 + chi^2_2). Version 2.1 adds a grid search for the initial starting point.\nVersion 2.2 changes the grid search to LHC, and adds an initial search phase to use adaptive Nedler-Mead.\n",
   "requirements":"in-frame codon alignment and a phylogenetic tree (optionally annotated with {})",
   "version":"2.2"
  },
 "background":0,
 "branch attributes":{
   "0":{
     "ENSGACP00000000428":{
       "MG94 with double and triple instantaneous substitutions":0,
       "MG94 with double instantaneous substitutions":0,
       "MG94xREV with separate rates for branch sets":0,
       "Nucleotide GTR":0,
       "original name":"ENSGACP00000000428",
       "unconstrained":0
      },
     "ENSGACP00000023455":{
       "MG94 with double and triple instantaneous substitutions":0,
       "MG94 with double instantaneous substitutions":0,
       "MG94xREV with separate rates for branch sets":0,
       "Nucleotide GTR":0,
       "original name":"ENSGACP00000023455",
       "unconstrained":0
      },
     "ENSGMOP00000019381":{
       "MG94 with double and triple instantaneous substitutions":0.3124689861479785,
       "MG94 with double instantaneous substitutions":0.3117961292174258,
       "MG94xREV with separate rates for branch sets":0.3124689861479785,
       "Nucleotide GTR":0.2433284880831366,
       "original name":"ENSGMOP00000019381",
       "unconstrained":10.71671931268807
      },
     "ENSLACP00000006243":{
       "MG94 with double and triple instantaneous substitutions":0.3411925273047151,
       "MG94 with double instantaneous substitutions":0.3404512171863865,
       "MG94xREV with separate rates for branch sets":0.3411925273047151,
       "Nucleotide GTR":0.284120690441374,
       "original name":"ENSLACP00000006243",
       "unconstrained":16.90473066141769
      },
     "ENSLACP00000021220":{
       "MG94 with double and triple instantaneous substitutions":0.3915348837534282,
       "MG94 with double instantaneous substitutions":0.3905762478050674,
       "MG94xREV with separate rates for branch sets":0.3915348837534282,
       "Nucleotide GTR":0.3820016347358359,
       "original name":"ENSLACP00000021220",
       "unconstrained":31.27174087275537
      },
     "ENSONIP00000001891":{
       "MG94 with double and triple instantaneous substitutions":0.1225180455849371,
       "MG94 with double instantaneous substitutions":0.1225774271181168,
       "MG94xREV with separate rates for branch sets":0.1225180455849371,
       "Nucleotide GTR":0.1011942972331045,
       "original name":"ENSONIP00000001891",
       "unconstrained":1.761266748430234
      },
     "ENSORLP00000019612":{
       "MG94 with double and triple instantaneous substitutions":0.1859007759407565,
       "MG94 with double instantaneous substitutions":0.1856088579363814,
       "MG94xREV with separate rates for branch sets":0.1859007759407565,
       "Nucleotide GTR":0.2096746719758835,
       "original name":"ENSORLP00000019612",
       "unconstrained":3.299288748872446
      },
     "NODE_10":{
       "MG94 with double and triple instantaneous substitutions":0.2276423104238675,
       "MG94 with double instantaneous substitutions":0.2272419671640801,
       "MG94xREV with separate rates for branch sets":0.2276423104238675,
       "Nucleotide GTR":0.1653343190625614,
       "unconstrained":1.866047480873116
      },
     "NODE_12":{
       "MG94 with double and triple instantaneous substitutions":0.1099685100598488,
       "MG94 with double instantaneous substitutions":0.109885150347707,
       "MG94xREV with separate rates for branch sets":0.1099685100598488,
       "Nucleotide GTR":0.1730740784820399,
       "unconstrained":4.725270154788292
      },