{
 "Evidence Ratios":{
  },
 "Site Log Likelihood":{
   "unconstrained":    [
[-3.938643227660949, -11.77359670361651, -23.39867528281151, -15.1216923096524, -10.29807294765034, -18.48084789366738, -16.22895354144231, -15.12597043954556, -6.093774300553164, -4.855796038023168, -7.781571285044647, -11.93134584964535, -16.15722640180193, -10.93306441386797, -14.81950826358083, -12.23327895753485, -8.87004564741998, -17.95596820017447, -7.673533426209707, -7.979518561981569, -20.55966295170821, -10.31203169941882, -21.23614833751783, -4.855796038023168, -6.355687819147383, -4.35994455231142, -9.862702748276179, -9.591538975489621, -12.63885074376751, -4.35994455231142, -13.56834044770446, -13.83456612965716, -12.67691047618969, -9.087188276358608, -9.180055024663162, -9.177356400517519, -6.838951757832941, -11.20781075372884, -5.894455447285635, -13.07517787044325, -6.60039088076422, -13.83182272451105, -9.015041954988375, -9.247737436564245, -5.385467664015779, -3.938643227660949, -7.015507552920456, -4.822509019600973, -4.473241122134102, -11.16496648489323, -10.05756280947261, -20.41323192837412, -13.09024141864985, -11.71560583586483, -19.92060331228659, -4.960411517485956, -3.063393369076225, -5.689982229020087, -3.261106062959112, -15.73310960975895] 
    ]
  },
 "Synonymous site-posteriors":  [
[0.6848814200469017, 0.6681322253854509, 0.1081191966379924, 0.6764256275152629, 0.6868125900360788, 0.6670799759326035, 0.640009722309316, 0.6688978142974438, 0.6875895484104197, 0.6868984422387668, 0.687269372478201, 0.6833881921082063, 0.6526681846858746, 0.6779367658972295, 0.6789273472696967, 0.6832034465550472, 0.6855664991006898, 0.6403296778308882, 0.6867806432674655, 0.6885005667331868, 0.6842337822377611, 0.6881955434317434, 0.6717945486994481, 0.6868984422387668, 0.6877226289860703, 0.6846936768871827, 0.6885406410909677, 0.6715837917101657, 0.6783296978669279, 0.6846936768871827, 0.6862887050242873, 0.6831156080597722, 0.6780505470173215, 0.6709203641445396, 0.6885432001283324, 0.6854731395761822, 0.687505048661153, 0.6877011763608875, 0.6853336393464182, 0.6757204363758386, 0.6821070978286257, 0.6844537818917683, 0.6890068895471135, 0.6885061554996428, 0.6885462478996226, 0.6848814200469017, 0.6843374903076521, 0.6697737215836758, 0.6866906165029721, 0.6883956154102242, 0.6890707270330789, 0.6735729723073978, 0.688818132993232, 0.6701564555293257, 0.6864813015474058, 0.6697737215836768, 0.6697737215836758, 0.6697737215836762, 0.669773721583676, 0.6563475408588922],
  [0.3088268048764103, 0.3011802712808677, 0.04871078842115666, 0.3049289308255028, 0.3096673452788278, 0.3006899713741449, 0.2885029245523862, 0.3015331805368912, 0.3100520152098989, 0.3097499049677183, 0.3099031878549263, 0.3081118165114677, 0.2941950479892166, 0.3056248076331646, 0.306043393778317, 0.307997206628604, 0.3091263125568748, 0.2885910732377039, 0.3096709395667271, 0.3104853216348817, 0.3084710782986279, 0.3103213527769391, 0.3028467607912136, 0.3097499049677183, 0.3101374581936343, 0.3087395799617793, 0.3104757339983865, 0.3027474197747891, 0.305796015042649, 0.3087395799617793, 0.3094245585907279, 0.307972766149662, 0.3057239041897787, 0.3024667962693127, 0.3105066477155096, 0.3090619702211072, 0.3100100835359076, 0.3100786800079133, 0.3090118963859946, 0.3046330662040415, 0.3075453540580313, 0.3086147585575821, 0.3107424020386444, 0.3104884638096265, 0.3105190386862783, 0.3088268048764103, 0.3085603770023042, 0.3019813167221509, 0.3096536610852336, 0.3103681260110207, 0.3107851631835516, 0.3036222601925986, 0.3106529825284994, 0.3020912143123572, 0.3094710073604794, 0.30198131672215, 0.301981316722151, 0.3019813167221506, 0.3019813167221508, 0.2958802573848531],
  [0.006291775076687912, 0.03068750333368144, 0.843170014940851, 0.01864544165923424, 0.003520064685093633, 0.03223005269325156, 0.07148735313829781, 0.02956900516566495, 0.002358436379681238, 0.003351652793514794, 0.002827439666872765, 0.008499991380326054, 0.05313676732490878, 0.01643842646960578, 0.0150292589519863, 0.008799346816348653, 0.005307188342435529, 0.07107924893140793, 0.003548417165807418, 0.001014111631931455, 0.007295139463611022, 0.001483103791317557, 0.02535869050933827, 0.003351652793514794, 0.002139912820295408, 0.006566743151038049, 0.0009836249106458708, 0.02566878851504519, 0.01587428709042302, 0.006566743151038049, 0.00428673638498484, 0.008911625790565821, 0.01622554879289976, 0.02661283958614762, 0.0009501521561580297, 0.005464890202710504, 0.002484867802939524, 0.002220143631199209, 0.005654464267587261, 0.01964649742012001, 0.01034754811334302, 0.006931459550649708, 0.0002507084142420937, 0.001005380690730704, 0.0009347134140990928, 0.006291775076687912, 0.00710213269004374, 0.02824496169417328, 0.003655722411794184, 0.001236258578755165, 0.000144109783369285, 0.02280476750000371, 0.0005288844782684324, 0.0277523301583173, 0.004047691092114866, 0.02824496169417318, 0.02824496169417321, 0.02824496169417326, 0.02824496169417324, 0.04777220175625461] 
  ],
 "analysis":{
   "authors":"Sergei L Kosakovsky Pond, Sadie Wisotsky",
   "citation":"*Gene-wide identification of episodic selection*, Mol Biol Evol. 32(5):1365-71",
   "contact":"spond@temple.edu",
   "info":"BUSTED-SMSH (branch-site unrestricted statistical test of episodic diversification) uses a random effects branch-site model fitted\njointly to all or a subset of tree branches in order to test for alignment-wide evidence of episodic diversifying selection and.\nAssuming there is evidence of positive selection (i.e. there is an omega > 1),  BUSTED will also perform a quick evidence-ratio\nstyle analysis to explore which individual sites may have been subject to selection. v2.0 adds support for synonymous rate variation,\nand relaxes the test statistic to 0.5 (chi^2_0 + chi^2_2). Version 2.1 adds a grid search for the initial starting point.\nVersion 2.2 changes the grid search to LHC, and adds an initial search phase to use adaptive Nedler-Mead.\n",
   "requirements":"in-frame codon alignment and a phylogenetic tree (optionally annotated with {})",
   "version":"2.2"
  },
 "background":0,
 "branch attributes":{
   "0":{
     "D5JGS5_GADMO":{
       "MG94 with double and triple instantaneous substitutions":0.1896287642882987,
       "MG94 with double instantaneous substitutions":0.2060644709557621,
       "MG94xREV with separate rates for branch sets":0.1896287642882987,
       "Nucleotide GTR":0.1627720688878053,
       "original name":"D5JGS5_GADMO",
       "unconstrained":0.2468352639638867
      },
     "ENSGACP00000012650":{
       "MG94 with double and triple instantaneous substitutions":0.04705082735353452,
       "MG94 with double instantaneous substitutions":0.04735694404108873,
       "MG94xREV with separate rates for branch sets":0.04705082735353452,
       "Nucleotide GTR":0.04634389800432879,
       "original name":"ENSGACP00000012650",
       "unconstrained":0.05033034917183989
      },
     "ENSTRUP00000013427":{
       "MG94 with double and triple instantaneous substitutions":0.02502609428032282,
       "MG94 with double instantaneous substitutions":0.02508541669905838,
       "MG94xREV with separate rates for branch sets":0.02502609428032282,
       "Nucleotide GTR":0.02436919482879339,
       "original name":"ENSTRUP00000013427",
       "unconstrained":0.02520014782559121
      },
     "GNRH3_DANRE":{
       "MG94 with double and triple instantaneous substitutions":0.4847147024801924,
       "MG94 with double instantaneous substitutions":0.4973775319744578,
       "MG94xREV with separate rates for branch sets":0.4847147024801924,
       "Nucleotide GTR":0.3696885083151578,
       "original name":"GNRH3_DANRE",
       "unconstrained":0.6263526495230809
      },
     "GNRH3_ORYLA":{
       "MG94 with double and triple instantaneous substitutions":0.0740476151458887,
       "MG94 with double instantaneous substitutions":0.07521530246830273,