{
 "Evidence Ratios":{
   "constrained":    [
[1.186854944041218, 0.9424460011643129, 1.118429238079261, 0.9572918072470409, 0.9493605086939092, 0.8614211710226056, 1.143143217366174, 0.9205733818310046, 1.752116613356634, 1.989362433449265, 0.9145765193789033, 0.974700127632288, 0.9512574311666415, 0.9067249988848486, 0.9424460011643129, 0.9721963072609456] 
    ],
   "optimized null":    [
[0.8794081241512004, 0.9967426377588435, 1.080624907453577, 0.9999761569852171, 1.001111930713143, 1.027438494686044, 0.9563462774176261, 0.9889085290535251, 0.9939556842700864, 0.9481697513505023, 1.111456107756505, 1.007831837145221, 0.9987358793306566, 1.073210695564611, 0.9967426377588435, 1.030347296494899] 
    ]
  },
 "Site Log Likelihood":{
   "constrained":    [
[-14.54545897518808, -4.130957119589436, -14.72504494972277, -4.940453561904611, -3.482666689592985, -5.193650539558844, -9.006387983423949, -4.217557061515109, -18.00616154764392, -17.39015204386756, -10.07919105543, -4.08632496913807, -3.811281311754042, -5.628021838136606, -4.130957119589436, -9.273696654113879] 
    ],
   "optimized null":    [
[-14.24564588687937, -4.186971095090679, -14.69065920660619, -4.984076733859599, -3.535744672366195, -5.36989107517495, -8.827971090284933, -4.289162183512887, -17.43927434066097, -16.64911611151594, -10.2741561610664, -4.119751713334701, -3.8599869492452, -5.796592717130437, -4.186971095090679, -9.331790113296371] 
    ],
   "unconstrained":    [
[-14.37415207086864, -4.190233774085088, -14.61311971479235, -4.984100577158631, -3.53463335939013, -5.342822268764661, -8.872606306927645, -4.300315623467593, -17.44533699720969, -16.70233784166684, -10.16848519662193, -4.111950385831849, -3.861251869589071, -5.725937911560998, -4.190233774085088, -9.301894186824578] 
    ]
  },
 "Synonymous site-posteriors":  [
[0.001059025794041264, 0.2136953739750543, 0.00475277310778682, 0.18447934634842, 0.2086481462939321, 0.03998208322446788, 0.872819564260818, 0.2308807417068565, 1.06759446194775e-05, 3.18112201554952e-05, 0.0008744940119402827, 0.2080024958155594, 0.2032692226662325, 0.05211458660377574, 0.2136953739750543, 0.4421578365849308],
  [0.9989409742059587, 0.2941015690094025, 0.9952472268922132, 0.2236854650933673, 0.3192379726235699, 0.9600179167755319, 0.127180435739182, 0.3363656358669542, 0.9999893240553805, 0.9999681887798444, 0.9991255059880596, 0.1296882336366275, 0.2726233633743807, 0.9478854133962242, 0.2941015690094025, 0.5578421634150693],
  [0, 0.4922030570155431, 0, 0.5918351885582127, 0.472113881082498, 0, 0, 0.4327536224261891, 0, 0, 0, 0.6623092705478132, 0.5241074139593869, 0, 0.4922030570155431, 0] 
  ],
 "analysis":{
   "authors":"Sergei L Kosakovsky Pond, Sadie Wisotsky",
   "citation":"*Gene-wide identification of episodic selection*, Mol Biol Evol. 32(5):1365-71",
   "contact":"spond@temple.edu",
   "info":"BUSTED-SMSH (branch-site unrestricted statistical test of episodic diversification) uses a random effects branch-site model fitted\njointly to all or a subset of tree branches in order to test for alignment-wide evidence of episodic diversifying selection and.\nAssuming there is evidence of positive selection (i.e. there is an omega > 1),  BUSTED will also perform a quick evidence-ratio\nstyle analysis to explore which individual sites may have been subject to selection. v2.0 adds support for synonymous rate variation,\nand relaxes the test statistic to 0.5 (chi^2_0 + chi^2_2). Version 2.1 adds a grid search for the initial starting point.\nVersion 2.2 changes the grid search to LHC, and adds an initial search phase to use adaptive Nedler-Mead.\n",
   "requirements":"in-frame codon alignment and a phylogenetic tree (optionally annotated with {})",
   "version":"2.2"
  },
 "background":0,
 "branch attributes":{
   "0":{
     "ENSDNOP00000016507":{
       "MG94 with double and triple instantaneous substitutions":0.02211560591568905,
       "MG94 with double instantaneous substitutions":0.02203146170428425,
       "MG94xREV with separate rates for branch sets":0.02211560591568905,
       "Nucleotide GTR":0.02116015077589087,
       "constrained":0.07932978095327689,
       "original name":"ENSDNOP00000016507",
       "unconstrained":0.08068121277809755
      },
     "ENSGALP00000037520":{
       "MG94 with double and triple instantaneous substitutions":0.0743487105737851,
       "MG94 with double instantaneous substitutions":0.08697739469456028,
       "MG94xREV with separate rates for branch sets":0.0743487105737851,
       "Nucleotide GTR":0.1305105999900397,
       "constrained":5.194288967494868,
       "original name":"ENSGALP00000037520",
       "unconstrained":5.661636766130064
      },
     "ENSPCAP00000014466":{
       "MG94 with double and triple instantaneous substitutions":0.02169859239983983,
       "MG94 with double instantaneous substitutions":0.02115539646895239,
       "MG94xREV with separate rates for branch sets":0.02169859239983983,
       "Nucleotide GTR":0.02162122182216625,
       "constrained":0.3653337841503824,
       "original name":"ENSPCAP00000014466",
       "unconstrained":0.5997550958946115
      },
     "ENSPPYP00000001598":{
       "MG94 with double and triple instantaneous substitutions":0.01402224414190075,
       "MG94 with double instantaneous substitutions":0.01330581754217852,
       "MG94xREV with separate rates for branch sets":0.01402224414190075,
       "Nucleotide GTR":0.02101832762269316,
       "constrained":0,
       "original name":"ENSPPYP00000001598",
       "unconstrained":0
      },
     "ENSPTRP00000052349":{
       "MG94 with double and triple instantaneous substitutions":0.0267304161878872,
       "MG94 with double instantaneous substitutions":0.02743740621310227,
       "MG94xREV with separate rates for branch sets":0.0267304161878872,
       "Nucleotide GTR":0.02206019873061035,
       "constrained":0.3090195569438957,
       "original name":"ENSPTRP00000052349",
       "unconstrained":0.3985198559912351
      },
     "ENSTGUP00000008826":{
       "MG94 with double and triple instantaneous substitutions":0.03577030648035816,
       "MG94 with double instantaneous substitutions":0.04868220726679792,
       "MG94xREV with separate rates for branch sets":0.03577030648035816,
       "Nucleotide GTR":0.03471485828329059,
       "constrained":0,
       "original name":"ENSTGUP00000008826",
       "unconstrained":0
      },
     "NODE_10":{
       "MG94 with double and triple instantaneous substitutions":0.2205101746274934,
       "MG94 with double instantaneous substitutions":0.2220486350541534,
       "MG94xREV with separate rates for branch sets":0.2205101746274934,
       "Nucleotide GTR":0.2266257356043286,
       "constrained":306.5744387365932,
       "unconstrained":522.4633317799412
      },
     "NODE_3":{
       "MG94 with double and triple instantaneous substitutions":0.02630215386712207,
       "MG94 with double instantaneous substitutions":0.02773802310061823,
       "MG94xREV with separate rates for branch sets":0.02630215386712207,
       "Nucleotide GTR":0.02207261590195487,
       "constrained":0.3771518447408321,
       "unconstrained":0.460644413901473
      }
    },
   "attributes":{
     "MG94 with double and triple instantaneous substitutions":{
       "attribute type":"branch length",
       "display order":0
      },
     "MG94 with double instantaneous substitutions":{
       "attribute type":"branch length",
       "display order":0
      },
     "MG94xREV with separate rates for branch sets":{
       "attribute type":"branch length",
       "display order":1
      },
     "Nucleotide GTR":{
       "attribute type":"branch length",
       "display order":0
      },
     "constrained":{
       "attribute type":"branch length",
       "display order":1
      },
     "original name":{
       "attribute type":"node label",
       "display order":0
      },
     "unconstrained":{
       "attribute type":"branch length",