{
 "Evidence Ratios":{
  },
 "Site Log Likelihood":{
   "unconstrained":    [
[-13.1913186545814, -6.154115617274682, -5.142767332101287, -8.484888101522635, -6.104260148289529, -11.78954158652262, -4.499683146691679, -4.748041215731892, -4.005380435251403, -14.98543857057995, -7.929761459336949, -4.748041215731892, -3.671065730040468, -4.148373806277503, -4.000340245618068, -3.554664661833329, -4.005380435251403, -3.898739622415982, -6.265138652407289, -4.148373806277503, -5.195513929979338, -7.053267619661309, -4.748041215731892, -3.522217273486622, -9.919884627931374, -7.911293426194043, -3.671065730040468, -4.635064772201911, -8.552894575496328, -17.65177840921008, -14.5474203320145, -4.690513961295802, -10.69254739960955, -7.564543555820363, -11.73315373509931, -8.086554924886356, -12.45463802824453, -3.671065730040468, -3.898739622415982, -6.968148710303214, -7.874968341961318, -8.296255157535235, -15.05244648363273, -5.118606863347587, -5.142767332101287, -4.000340245618068, -10.31894485819768, -7.908116851641562, -3.554664661833329, -3.671065730040468, -4.790310612240694, -9.817936614507055, -11.69895838375599, -3.554664661833329, -10.98453474740644, -9.673366909904326, -4.558909166236648, -14.14495895378518, -11.45655681551663, -9.580103792500305, -10.849784402437, -8.245075007929055, -9.610820912377456, -5.191615727081516, -9.078460432471863, -8.610179218734423, -13.79384987473528, -4.58482698263994, -8.168690871660992, -6.887443822827409, -7.858499514760174, -4.005380435251403, -4.249630282625367, -5.589936225721925, -6.309374156299171, -8.17910268414369, -4.148373806277503, -15.9527494000767, -3.671065730040468, -4.476913619561661, -7.038710140562691] 
    ]
  },
 "Synonymous site-posteriors":  [
[0.01179719015191163, 0.9185506462978379, 0.8919830457033752, 0.654084731208042, 0.8881017342213182, 0.01913654996936162, 0.7045947419309192, 0.9367375736225295, 0.8648453854996704, 0.03003688754298926, 0.5247491353012057, 0.9367375736225295, 0.8789645345189598, 0.8880308019253288, 0.876904844978276, 0.8721012750966421, 0.8648453854996704, 0.8774359710682844, 0.9418912741389758, 0.8880308019253288, 0.890316408347445, 0.3977967659909321, 0.9367375736225295, 0.8070977045490167, 0.06989580310467521, 0.5158654907617596, 0.8789645345189598, 0.9123344009600073, 0.2752766326760939, 0.001242651839344638, 0.008876511521528147, 0.8980827614199142, 0.09723968426127676, 0.2064823986660975, 0.001533953000172056, 0.4820487056189004, 0.008352846999270832, 0.8789645345189598, 0.8774359710682844, 0.4430711278803927, 0.5258454138955213, 0.5394923531738735, 0.0006418616194551527, 0.8658956678345801, 0.8919830457033752, 0.876904844978276, 0.09991185014750267, 0.4371192144629256, 0.8721012750966421, 0.8789645345189598, 0.7785552656510862, 0.07107395948689965, 0.05891970899494277, 0.8721012750966421, 0.0609756302672745, 0.09367142688176486, 0.8957530142512126, 0.01792885690250936, 0.04674588445625436, 0.1277884817132195, 0.0130534750429758, 0.60568338824608, 0.06611984511390681, 0.7997701809251715, 0.18067514422177, 0.5928722839313231, 0.007169674785620272, 0.8736837387359182, 0.6288716257564062, 0.4078032954275607, 0.5089438181599336, 0.8648453854996704, 0.8871636484040709, 0.9507376755355249, 0.401629993353916, 0.744003455805477, 0.8880308019253288, 0.04000860952564539, 0.8789645345189598, 0.547414269270814, 0.3798006270201227],
  [0.9882028098480884, 0.08144935370216222, 0.1080169542966248, 0.3459152687919579, 0.1118982657786819, 0.9808634500306384, 0.2954052580690809, 0.06326242637747045, 0.1351546145003297, 0.9699631124570107, 0.4752508646987945, 0.06326242637747045, 0.1210354654810401, 0.1119691980746712, 0.1230951550217239, 0.1278987249033579, 0.1351546145003297, 0.1225640289317154, 0.05810872586102421, 0.1119691980746712, 0.109683591652555, 0.6022032340090679, 0.06326242637747045, 0.1929022954509831, 0.9301041968953248, 0.4841345092382403, 0.1210354654810401, 0.08766559903999269, 0.7247233673239061, 0.9987573481606553, 0.991123488478472, 0.1019172385800857, 0.9027603157387233, 0.7935176013339027, 0.998466046999828, 0.5179512943810997, 0.9916471530007293, 0.1210354654810401, 0.1225640289317154, 0.5569288721196073, 0.4741545861044787, 0.4605076468261265, 0.9993581383805448, 0.13410433216542, 0.1080169542966248, 0.1230951550217239, 0.9000881498524973, 0.5628807855370744, 0.1278987249033579, 0.1210354654810401, 0.2214447343489138, 0.9289260405131003, 0.9410802910050573, 0.1278987249033579, 0.9390243697327254, 0.9063285731182351, 0.1042469857487875, 0.9820711430974908, 0.9532541155437457, 0.8722115182867805, 0.9869465249570243, 0.3943166117539199, 0.9338801548860932, 0.2002298190748286, 0.8193248557782299, 0.4071277160686769, 0.9928303252143797, 0.1263162612640819, 0.3711283742435938, 0.5921967045724392, 0.4910561818400663, 0.1351546145003297, 0.112836351595929, 0.04926232446447509, 0.598370006646084, 0.2559965441945229, 0.1119691980746712, 0.9599913904743547, 0.1210354654810401, 0.452585730729186, 0.6201993729798774],
  [0, 0, 0, 0, 0, 0, 0, 0, 0, 0, 0, 0, 0, 0, 0, 0, 0, 0, 0, 0, 0, 0, 0, 0, 0, 0, 0, 0, 0, 0, 0, 0, 0, 0, 0, 0, 0, 0, 0, 0, 0, 0, 0, 0, 0, 0, 0, 0, 0, 0, 0, 0, 0, 0, 0, 0, 0, 0, 0, 0, 0, 0, 0, 0, 0, 0, 0, 0, 0, 0, 0, 0, 0, 0, 0, 0, 0, 0, 0, 0, 0] 
  ],
 "analysis":{
   "authors":"Sergei L Kosakovsky Pond, Sadie Wisotsky",
   "citation":"*Gene-wide identification of episodic selection*, Mol Biol Evol. 32(5):1365-71",
   "contact":"spond@temple.edu",
   "info":"BUSTED-SMSH (branch-site unrestricted statistical test of episodic diversification) uses a random effects branch-site model fitted\njointly to all or a subset of tree branches in order to test for alignment-wide evidence of episodic diversifying selection and.\nAssuming there is evidence of positive selection (i.e. there is an omega > 1),  BUSTED will also perform a quick evidence-ratio\nstyle analysis to explore which individual sites may have been subject to selection. v2.0 adds support for synonymous rate variation,\nand relaxes the test statistic to 0.5 (chi^2_0 + chi^2_2). Version 2.1 adds a grid search for the initial starting point.\nVersion 2.2 changes the grid search to LHC, and adds an initial search phase to use adaptive Nedler-Mead.\n",
   "requirements":"in-frame codon alignment and a phylogenetic tree (optionally annotated with {})",
   "version":"2.2"
  },
 "background":0,
 "branch attributes":{
   "0":{
     "C19ORF73_GGOR":{
       "MG94 with double and triple instantaneous substitutions":0,
       "MG94 with double instantaneous substitutions":0,
       "MG94xREV with separate rates for branch sets":0,
       "Nucleotide GTR":1.854787942126975e-18,
       "original name":"C19ORF73_GGOR",
       "unconstrained":0
      },
     "C19ORF73_HUMAN":{
       "MG94 with double and triple instantaneous substitutions":0,
       "MG94 with double instantaneous substitutions":0,
       "MG94xREV with separate rates for branch sets":0,
       "Nucleotide GTR":2.370306219032365e-18,
       "original name":"C19ORF73_HUMAN",
       "unconstrained":0
      },
     "C19ORF73_SORAR":{
       "MG94 with double and triple instantaneous substitutions":0.1999443011898672,
       "MG94 with double instantaneous substitutions":0.2232980119201734,
       "MG94xREV with separate rates for branch sets":0.1999443011898672,
       "Nucleotide GTR":0.2324485072999597,
       "original name":"C19ORF73_SORAR",
       "unconstrained":0.3573104009701301
      },
     "C19ORF73_TUPBE":{
       "MG94 with double and triple instantaneous substitutions":0.1009788342562977,
       "MG94 with double instantaneous substitutions":0.1009928879059998,
       "MG94xREV with separate rates for branch sets":0.1009788342562977,
       "Nucleotide GTR":0.1018992997199869,
       "original name":"C19ORF73_TUPBE",
       "unconstrained":0.1351267306450014
      },
     "LOC100430235_MACMU":{
       "MG94 with double and triple instantaneous substitutions":0.004148391963608492,