{
 "Evidence Ratios":{
  },
 "Site Log Likelihood":{
   "unconstrained":    [
[-4.340992903528303, -3.064387325343626, -3.254564286544698, -5.476842828359533, -4.680729569646644, -7.25858895043658, -6.654382305040262, -5.79445058296777, -8.287031814518205, -4.207830915985593, -6.058250295106305, -4.348625540999094, -4.759693725130755, -4.207830915985593, -4.74385298007165, -4.680729569646644, -6.055377765972762, -3.672964576668955, -4.118053797163029, -4.118053797163029, -3.648661723611332, -3.22990312184933, -4.506508700034005, -4.487649236328631, -4.860442958602456, -4.747847711012096, -4.79327912851157, -7.178619659548581, -3.48314592710563, -4.390336374719604, -4.359578740484946, -3.433708747831275, -3.426155410789125, -4.455434734591112, -4.480095899286479, -4.727263376804057, -4.169401779283874, -3.927019628906634, -4.359578740484946, -4.809094976481608, -3.648661723611332, -3.699295195401026, -3.673322888306703, -3.426155410789125, -4.702602212108687, -4.068616617888673, -4.462988071633261, -3.401494246093756, -4.068616617888673, -4.283569593668731, -3.22990312184933, -4.390336374719604, -4.487649236328631, -3.254564286544698, -3.699295195401026, -4.778337342246948, -4.118053797163029, -3.426155410789125, -4.455434734591112, -3.064387325343625, -4.561927498964031, -3.927019628906634, -3.235978449588055, -3.864810991906728, -4.308504775042054, -3.927019628906634, -4.359578740484946, -4.118053797163029, -3.48314592710563, -3.064387325343625, -4.531169864729375, -3.927019628906634, -3.22990312184933, -4.569480836006181, -4.348546240570452, -3.433708747831275, -4.068616617888673, -3.648661723611332, -3.22990312184933, -3.889472156602097, -4.988513454446138, -4.308504775042054, -3.401494246093756, -4.538723201771524, -4.348546240570452, -3.426155410789125, -4.455434734591112, -3.064387325343625, -4.348546240570452, -3.927019628906634, -3.648661723611332, -3.235978449588055, -4.308504775042054, -3.22990312184933, -4.506508700034005, -3.401494246093756, -3.22990312184933, -3.889472156602097] 
    ]
  },
 "Synonymous site-posteriors":  [
[0.9999999999999999, 1, 1, 1, 1, 1, 1, 1, 1, 1, 1, 1, 1, 1, 1, 1, 1, 1, 1, 1, 1, 0.9999999999999999, 1, 1, 1, 1, 1, 1, 1, 1, 1, 1, 1, 1, 1, 1, 1, 1, 1, 1, 1, 1, 1, 1, 1, 1, 1, 1, 1, 1, 0.9999999999999999, 1, 1, 1, 1, 1, 1, 1, 1, 0.9999999999999999, 1, 1, 1, 1, 1, 1, 1, 1, 1, 0.9999999999999999, 0.9999999999999999, 1, 0.9999999999999999, 1, 1, 1, 1, 1, 0.9999999999999999, 1, 0.9999999999999999, 1, 1, 0.9999999999999999, 1, 1, 1, 0.9999999999999999, 1, 1, 1, 1, 1, 0.9999999999999999, 1, 1, 0.9999999999999999, 1],
  [0, 0, 0, 0, 0, 0, 0, 0, 0, 0, 0, 0, 0, 0, 0, 0, 0, 0, 0, 0, 0, 0, 0, 0, 0, 0, 0, 0, 0, 0, 0, 0, 0, 0, 0, 0, 0, 0, 0, 0, 0, 0, 0, 0, 0, 0, 0, 0, 0, 0, 0, 0, 0, 0, 0, 0, 0, 0, 0, 0, 0, 0, 0, 0, 0, 0, 0, 0, 0, 0, 0, 0, 0, 0, 0, 0, 0, 0, 0, 0, 0, 0, 0, 0, 0, 0, 0, 0, 0, 0, 0, 0, 0, 0, 0, 0, 0, 0],
  [0, 0, 0, 0, 0, 0, 0, 0, 0, 0, 0, 0, 0, 0, 0, 0, 0, 0, 0, 0, 0, 0, 0, 0, 0, 0, 0, 0, 0, 0, 0, 0, 0, 0, 0, 0, 0, 0, 0, 0, 0, 0, 0, 0, 0, 0, 0, 0, 0, 0, 0, 0, 0, 0, 0, 0, 0, 0, 0, 0, 0, 0, 0, 0, 0, 0, 0, 0, 0, 0, 0, 0, 0, 0, 0, 0, 0, 0, 0, 0, 0, 0, 0, 0, 0, 0, 0, 0, 0, 0, 0, 0, 0, 0, 0, 0, 0, 0] 
  ],
 "analysis":{
   "authors":"Sergei L Kosakovsky Pond, Sadie Wisotsky",
   "citation":"*Gene-wide identification of episodic selection*, Mol Biol Evol. 32(5):1365-71",
   "contact":"spond@temple.edu",
   "info":"BUSTED-SMSH (branch-site unrestricted statistical test of episodic diversification) uses a random effects branch-site model fitted\njointly to all or a subset of tree branches in order to test for alignment-wide evidence of episodic diversifying selection and.\nAssuming there is evidence of positive selection (i.e. there is an omega > 1),  BUSTED will also perform a quick evidence-ratio\nstyle analysis to explore which individual sites may have been subject to selection. v2.0 adds support for synonymous rate variation,\nand relaxes the test statistic to 0.5 (chi^2_0 + chi^2_2). Version 2.1 adds a grid search for the initial starting point.\nVersion 2.2 changes the grid search to LHC, and adds an initial search phase to use adaptive Nedler-Mead.\n",
   "requirements":"in-frame codon alignment and a phylogenetic tree (optionally annotated with {})",
   "version":"2.2"
  },
 "background":0,
 "branch attributes":{
   "0":{
     "CABZ01048402_1_DANRE":{
       "MG94 with double and triple instantaneous substitutions":0.05040903133567599,
       "MG94 with double instantaneous substitutions":0.05433077298939649,
       "MG94xREV with separate rates for branch sets":0.05040903133567599,
       "Nucleotide GTR":0.03653003994013189,
       "original name":"CABZ01048402.1_DANRE",
       "unconstrained":0.04913970696989588
      },
     "CU655961_4_DANRE":{
       "MG94 with double and triple instantaneous substitutions":0.03321658234028112,
       "MG94 with double instantaneous substitutions":0.03208874207453242,
       "MG94xREV with separate rates for branch sets":0.03321658234028112,
       "Nucleotide GTR":0,
       "original name":"CU655961.4_DANRE",
       "unconstrained":0.02954317047450368
      },
     "CU655961_6_DANRE":{
       "MG94 with double and triple instantaneous substitutions":0.02936663918544371,
       "MG94 with double instantaneous substitutions":0.03299118974631546,
       "MG94xREV with separate rates for branch sets":0.02936663918544371,
       "Nucleotide GTR":0,
       "original name":"CU655961.6_DANRE",
       "unconstrained":0.02863860957289503
      },
     "CU929391_1_DANRE":{
       "MG94 with double and triple instantaneous substitutions":0.0324454428166208,
       "MG94 with double instantaneous substitutions":0.0357293188594545,
       "MG94xREV with separate rates for branch sets":0.0324454428166208,
       "Nucleotide GTR":0.03437322096825646,
       "original name":"CU929391.1_DANRE",
       "unconstrained":0.02767429982360208
      },
     "CU929415_1_DANRE":{
       "MG94 with double and triple instantaneous substitutions":0.02924761956964725,
       "MG94 with double instantaneous substitutions":0.03133662736907101,
       "MG94xREV with separate rates for branch sets":0.02924761956964725,
       "Nucleotide GTR":0,
       "original name":"CU929415.1_DANRE",
       "unconstrained":0.02600347799447742
      },
     "NODE_3":{
       "MG94 with double and triple instantaneous substitutions":0.005263238578862597,
       "MG94 with double instantaneous substitutions":0.005712637613219002,
       "MG94xREV with separate rates for branch sets":0.005263238578862597,
       "Nucleotide GTR":0.03248094830735022,
       "unconstrained":0.01260756391266222
      },
     "NODE_5":{
       "MG94 with double and triple instantaneous substitutions":0.01754570494708182,
       "MG94 with double instantaneous substitutions":0.007316056606654533,
       "MG94xREV with separate rates for branch sets":0.01754570494708182,
       "Nucleotide GTR":0.03251615731538429,
       "unconstrained":0.01718362837538851
      },
     "NODE_7":{
       "MG94 with double and triple instantaneous substitutions":0.04499155185332349,
       "MG94 with double instantaneous substitutions":0.04850182009914583,
       "MG94xREV with separate rates for branch sets":0.04499155185332349,
       "Nucleotide GTR":0.02845349930216704,
       "unconstrained":0.04395122782709666
      },
     "NODE_9":{
       "MG94 with double and triple instantaneous substitutions":0.02923291873282361,
       "MG94 with double instantaneous substitutions":0.03282658979818589,
       "MG94xREV with separate rates for branch sets":0.02923291873282361,
       "Nucleotide GTR":0.0002264157129780034,
       "unconstrained":0.02600267368165515
      },
     "WU_FB30E12_DANRE":{
       "MG94 with double and triple instantaneous substitutions":0.0003564100656646962,
       "MG94 with double instantaneous substitutions":0.0002611457704397155,
       "MG94xREV with separate rates for branch sets":0.0003564100656646962,
       "Nucleotide GTR":0,