{
 "Evidence Ratios":{
  },
 "Site Log Likelihood":{
   "unconstrained":    [
[-5.340011832116345, -3.979373715753267, -4.02460674509557, -7.951902861943162, -14.92217612578662, -14.89398431437337, -18.45326651365621, -7.24781953211137, -12.58329692108333, -10.3359398210655, -8.319460597272803, -27.88765065802894, -22.07983563746872, -13.25556755547367, -21.2475050676961, -15.54898213349293, -17.12750572441438, -17.18532544736517, -8.689102740788508, -8.201367037051984, -14.94842144548311, -22.8901598564886, -22.32654812698436, -9.281473089667726, -7.531378265376254, -18.200559011912, -6.991302153926223, -4.28224563350743, -5.245336004452165, -10.95512605037496, -26.20657067259668, -8.254852808837112, -8.571575527371245, -8.571575527371245, -17.5161151462571, -25.72751613139535, -24.15155612995819, -9.299888586531473, -27.37589268045003, -11.08519533729135, -20.2232406624282, -20.24931926417797, -24.81622033274949, -23.19341086650777, -29.02320954620771, -18.70260795491154, -18.11560894675474, -21.33705323614759, -16.61562164902472, -19.82507630259367, -14.70189971225809, -12.11971382494527, -8.328846966408069, -16.56391024008238, -23.35036888312374, -21.72012466659998, -19.00583056924649, -19.44620985394725, -12.47546942901696, -12.92006712537526, -9.848085539780124, -18.11693388564035, -3.422284685438612, -4.639421470968533, -4.045574686757321, -5.340011832116351, -6.95109418975947] 
    ]
  },
 "Synonymous site-posteriors":  [
[0.01393534639073904, 0.01393534639073923, 0.01393534639073902, 0.02712596225890489, 0.004319282973717375, 0.01515408665496618, 0.001583704341178972, 0.03486558778162566, 0.02014866404839535, 0.03184772619614071, 0.0331159600156835, 1.964830901593634e-07, 8.539587425781205e-05, 0.01769046767351716, 7.364506234334192e-05, 0.004140890581728575, 0.02488913200175115, 0.0004818306280734262, 0.03063175047308315, 0.03196914530660003, 0.01944689940792017, 6.886730074204199e-05, 0.00014229205603819, 0.03391421472485833, 0.03286460740582405, 0.03131159179725996, 0.03474932357692522, 0.02772881161323083, 0.01393534639073924, 0.03490501214639511, 2.820390410392199e-05, 0.03470732288500913, 0.03170938265549627, 0.03170938265549627, 0.0002717771163145267, 8.168625247707536e-07, 2.868284260251516e-05, 0.02769616712375635, 2.682382156573935e-05, 0.0338832386756119, 0.00152392933115071, 0.0002043540992887827, 1.986718399151866e-05, 2.701723374927265e-05, 0.0001261776197029581, 2.853358950539211e-05, 0.001418739380394894, 0.01311894825715284, 0.001164435185140044, 0.0002500030142542848, 0.001603188872129783, 0.03217420583920009, 0.03188460039628449, 0.001026204739120363, 2.486709455638398e-05, 1.679530831537384e-06, 8.650418756003595e-05, 0.001382891896260151, 0.000577496276712141, 0.02036109190032024, 0.03437782359733896, 0.009916393563892057, 0.01393534639073923, 0.01393534639073912, 0.01393534639073913, 0.01393534639073913, 0.01686601663671721],
  [0.5985469686072309, 0.5985469686072268, 0.5985469686072314, 0.2165575448470272, 0.87416352742391, 0.5629636469906034, 0.9540408656357258, 0.003244234577356948, 0.4179018758556931, 0.08158214946141713, 0.04744270764984158, 0.9999941818777366, 0.9974877364607262, 0.4870959445082459, 0.9978370812291746, 0.8796910206255742, 0.2845812741391754, 0.9859135954748656, 0.1154366761294088, 0.08020695908682107, 0.4350920023529654, 0.9979896289209493, 0.9958460877650936, 0.02211496056272253, 0.0562610069330968, 0.0952055972194564, 0.007168726684598527, 0.2018702090681161, 0.5985469686072266, 0.0005453932928515525, 0.9991754951156295, 0.005080890984659352, 0.08669944015164902, 0.08669944015164902, 0.9920718990883424, 0.9999757761533747, 0.9991593982789053, 0.1979532062975899, 0.9992089251890839, 0.02536584860136407, 0.9556341151595084, 0.9939982955248186, 0.999418061826974, 0.9992083703773978, 0.9963029214998975, 0.9991625451568538, 0.9585903056452862, 0.6179554965286681, 0.9659886889826544, 0.9927188327145375, 0.9532677635102388, 0.07485325115144731, 0.08067739187502057, 0.9701026102003021, 0.9992770676995565, 0.999950516154384, 0.9974579910570619, 0.9598749067726861, 0.9831815777693595, 0.4100535469519345, 0.01251121929281727, 0.7117106703618185, 0.5985469686072258, 0.5985469686072284, 0.5985469686072288, 0.5985469686072291, 0.5131025145367812],
  [0.38751768500203, 0.387517685002034, 0.3875176850020294, 0.7563164928940679, 0.1215171896023726, 0.4218822663544303, 0.0443754300230953, 0.9618901776410173, 0.5619494600959114, 0.8865701243424421, 0.9194413323344748, 5.621639173410992e-06, 0.002426867665015852, 0.4952135878182369, 0.002089273708481989, 0.1161680887926973, 0.6905295938590733, 0.01360457389706089, 0.8539315733975079, 0.8878238956065788, 0.5454610982391143, 0.001941503778308525, 0.004011620178868145, 0.9439708247124192, 0.9108743856610791, 0.8734828109832836, 0.9580819497384763, 0.7704009793186529, 0.3875176850020344, 0.9645495945607535, 0.0007963009802663361, 0.9602117861303315, 0.8815911771928547, 0.8815911771928547, 0.007656323795343143, 2.340698410053482e-05, 0.0008119188784921415, 0.7743506265786538, 0.0007642509893505682, 0.940750912723024, 0.04284195550934081, 0.005797350375892539, 0.000562070989034349, 0.0007646123888528155, 0.003570900880399526, 0.0008089212536405968, 0.03999095497431891, 0.3689255552141791, 0.03284687583220559, 0.007031164271208188, 0.04512904761763142, 0.8929725430093526, 0.8874380077286949, 0.02887118506057753, 0.0006980652058871153, 4.780431478443234e-05, 0.002455504755378091, 0.03874220133105388, 0.0162409259539284, 0.5695853611477452, 0.9531109571098437, 0.2783729360742896, 0.387517685002035, 0.3875176850020324, 0.387517685002032, 0.3875176850020317, 0.4700314688265014] 
  ],
 "analysis":{
   "authors":"Sergei L Kosakovsky Pond, Sadie Wisotsky",
   "citation":"*Gene-wide identification of episodic selection*, Mol Biol Evol. 32(5):1365-71",
   "contact":"spond@temple.edu",
   "info":"BUSTED-SMSH (branch-site unrestricted statistical test of episodic diversification) uses a random effects branch-site model fitted\njointly to all or a subset of tree branches in order to test for alignment-wide evidence of episodic diversifying selection and.\nAssuming there is evidence of positive selection (i.e. there is an omega > 1),  BUSTED will also perform a quick evidence-ratio\nstyle analysis to explore which individual sites may have been subject to selection. v2.0 adds support for synonymous rate variation,\nand relaxes the test statistic to 0.5 (chi^2_0 + chi^2_2). Version 2.1 adds a grid search for the initial starting point.\nVersion 2.2 changes the grid search to LHC, and adds an initial search phase to use adaptive Nedler-Mead.\n",
   "requirements":"in-frame codon alignment and a phylogenetic tree (optionally annotated with {})",
   "version":"2.2"
  },
 "background":0,
 "branch attributes":{
   "0":{
     "ENSACAP00000001857":{
       "MG94 with double and triple instantaneous substitutions":0.3595124777901701,
       "MG94 with double instantaneous substitutions":0.3622147952866992,
       "MG94xREV with separate rates for branch sets":0.3595124777901701,
       "Nucleotide GTR":0.2471214405894456,
       "original name":"ENSACAP00000001857",
       "unconstrained":1.149175892485065
      },
     "ENSGALP00000033985":{
       "MG94 with double and triple instantaneous substitutions":0,
       "MG94 with double instantaneous substitutions":0,
       "MG94xREV with separate rates for branch sets":0,
       "Nucleotide GTR":0.002174723035888989,
       "original name":"ENSGALP00000033985",
       "unconstrained":0.01675758115844962
      },
     "ENSMGAP00000009114":{
       "MG94 with double and triple instantaneous substitutions":0.06805024593918275,
       "MG94 with double instantaneous substitutions":0.0676412661403224,
       "MG94xREV with separate rates for branch sets":0.06805024593918275,
       "Nucleotide GTR":0.05796123830414145,
       "original name":"ENSMGAP00000009114",
       "unconstrained":0.06037300023435403
      },