{
 "Evidence Ratios":{
  },
 "Site Log Likelihood":{
   "unconstrained":    [
[-5.021525101393649, -9.607674372578778, -10.63411868360926, -9.785925967610012, -12.24068862768878, -23.47702518919982, -5.293138368397368, -12.62047286704528, -17.18864464181914, -8.273265335478428, -12.36312828088173, -14.66086250080384, -17.36237010333834, -5.186336297325203, -5.587095087450438, -11.59460320518979, -13.50633663926204, -12.18871779148131, -19.33239371863157, -8.326478454805811, -8.513273142262529, -12.25846365162966, -12.43664390484584, -14.42673200031752, -12.75036491105626, -4.812545382882234, -8.850285914317267, -10.39436845351196, -11.34356733885169, -14.98930439290923, -13.1043844891269, -11.63103953403199, -11.13047277133358, -9.51738224481219, -6.428841976134859, -8.304778215879676, -5.744759572557095, -4.464112238300356, -17.31390510666606, -10.76631840322616, -13.11599222813074, -5.223074495985204, -10.40081286932843, -5.266570027021443, -13.98437826704822, -15.01885092414251, -11.89707336635573, -14.8038604401992, -5.520250549794617, -15.01497166761781, -14.83391450318451, -9.871526450536786, -20.45474219719671, -3.828286310173517] 
    ]
  },
 "Synonymous site-posteriors":  [
[0.001041675306151316, 0.0005614315524719399, 0.0008829973836884565, 0.0008640993241533397, 0.01526383650100599, 0.9572906365745877, 0.0003343411719537629, 0.004699782177274813, 0.1138273773124462, 0.002305536493987311, 0.006038413274461334, 0.0115672352911221, 0.0181848497523764, 0.000539043303628556, 0.0003364525089525522, 0.002267901813162279, 0.0526902706225879, 0.006968059224408359, 0.6899143401749196, 0.001405061535825515, 0.009035195358287149, 0.005238132574759365, 0.01585301239241478, 0.01683271662229157, 0.004168717280958186, 0.00296849166853005, 0.0003520404980039611, 0.004522194096063164, 0.00125830696406571, 0.01821247028111149, 0.001518495630789672, 0.007613595659604081, 0.0008586454657977961, 0.0002166092318320252, 0.0001188301332932832, 0.0007836482575282969, 0.0001506068118355731, 0.05610999259784406, 0.06856897396428389, 0.00149758405229601, 0.01301616442488734, 0.0003586987103961848, 0.005364725623429527, 0.00130528635740508, 0.09284938125781428, 0.01999788220171167, 0.002892897825770158, 0.02812115987758898, 0.0004156990223145165, 0.02751119945828789, 0.03379672122929429, 0.001325559108891732, 0.6640006836150095, 0.03726418509296385],
  [0.9989583246938487, 0.9994385684475282, 0.9991170026163115, 0.9991359006758466, 0.9847361634989941, 0.04270936342541236, 0.9996656588280464, 0.9953002178227252, 0.8861726226875538, 0.9976944635060128, 0.9939615867255388, 0.9884327647088779, 0.9818151502476236, 0.9994609566963715, 0.9996635474910474, 0.9977320981868377, 0.9473097293774122, 0.9930319407755916, 0.3100856598250803, 0.9985949384641746, 0.9909648046417129, 0.9947618674252405, 0.9841469876075851, 0.9831672833777083, 0.9958312827190418, 0.9970315083314699, 0.999647959501996, 0.9954778059039368, 0.9987416930359343, 0.9817875297188886, 0.9984815043692103, 0.9923864043403959, 0.9991413545342023, 0.9997833907681679, 0.9998811698667067, 0.9992163517424718, 0.9998493931881645, 0.943890007402156, 0.9314310260357161, 0.9985024159477038, 0.9869838355751125, 0.9996413012896038, 0.9946352743765704, 0.9986947136425949, 0.9071506187421856, 0.9800021177982884, 0.9971071021742299, 0.971878840122411, 0.9995843009776856, 0.9724888005417121, 0.9662032787707056, 0.9986744408911084, 0.3359993163849905, 0.9627358149070362],
  [0, 0, 0, 0, 0, 0, 0, 0, 0, 0, 0, 0, 0, 0, 0, 0, 0, 0, 0, 0, 0, 0, 0, 0, 0, 0, 0, 0, 0, 0, 0, 0, 0, 0, 0, 0, 0, 0, 0, 0, 0, 0, 0, 0, 0, 0, 0, 0, 0, 0, 0, 0, 0, 0] 
  ],
 "analysis":{
   "authors":"Sergei L Kosakovsky Pond, Sadie Wisotsky",
   "citation":"*Gene-wide identification of episodic selection*, Mol Biol Evol. 32(5):1365-71",
   "contact":"spond@temple.edu",
   "info":"BUSTED-SMSH (branch-site unrestricted statistical test of episodic diversification) uses a random effects branch-site model fitted\njointly to all or a subset of tree branches in order to test for alignment-wide evidence of episodic diversifying selection and.\nAssuming there is evidence of positive selection (i.e. there is an omega > 1),  BUSTED will also perform a quick evidence-ratio\nstyle analysis to explore which individual sites may have been subject to selection. v2.0 adds support for synonymous rate variation,\nand relaxes the test statistic to 0.5 (chi^2_0 + chi^2_2). Version 2.1 adds a grid search for the initial starting point.\nVersion 2.2 changes the grid search to LHC, and adds an initial search phase to use adaptive Nedler-Mead.\n",
   "requirements":"in-frame codon alignment and a phylogenetic tree (optionally annotated with {})",
   "version":"2.2"
  },
 "background":0,
 "branch attributes":{
   "0":{
     "ENSFCAP00000015811":{
       "MG94 with double and triple instantaneous substitutions":0.09972219256053534,
       "MG94 with double instantaneous substitutions":0.11094403574882,
       "MG94xREV with separate rates for branch sets":0.09972219256053534,
       "Nucleotide GTR":0.116543506270405,
       "original name":"ENSFCAP00000015811",
       "unconstrained":0.1130857642147464
      },
     "ENSGGOP00000006518":{
       "MG94 with double and triple instantaneous substitutions":0.03252155571455177,
       "MG94 with double instantaneous substitutions":0.03258314682482384,
       "MG94xREV with separate rates for branch sets":0.03252155571455177,
       "Nucleotide GTR":0.03280621759762376,
       "original name":"ENSGGOP00000006518",
       "unconstrained":0.03277121270663585
      },
     "ENSPVAP00000013344":{
       "MG94 with double and triple instantaneous substitutions":0.1154062124567891,
       "MG94 with double instantaneous substitutions":0.1202760110577224,
       "MG94xREV with separate rates for branch sets":0.1154062124567891,
       "Nucleotide GTR":0.1279850674253443,
       "original name":"ENSPVAP00000013344",
       "unconstrained":0.1372423061916617
      },
     "ENSTTRP00000006959":{
       "MG94 with double and triple instantaneous substitutions":0.09495374452731421,
       "MG94 with double instantaneous substitutions":0.08827012358268331,
       "MG94xREV with separate rates for branch sets":0.09495374452731421,
       "Nucleotide GTR":0.09331659785047462,
       "original name":"ENSTTRP00000006959",
       "unconstrained":0.1054792566632985
      },
     "ENSVPAP00000010451":{
       "MG94 with double and triple instantaneous substitutions":0.1277648474354297,
       "MG94 with double instantaneous substitutions":0.121063172302815,
       "MG94xREV with separate rates for branch sets":0.1277648474354297,
       "Nucleotide GTR":0.1248317638237851,
       "original name":"ENSVPAP00000010451",
       "unconstrained":0.1440993363087134
      },
     "LOC100440153_PONAB":{
       "MG94 with double and triple instantaneous substitutions":0,
       "MG94 with double instantaneous substitutions":0,
       "MG94xREV with separate rates for branch sets":0,
       "Nucleotide GTR":0,
       "original name":"LOC100440153_PONAB",
       "unconstrained":0
      },
     "NODE_10":{
       "MG94 with double and triple instantaneous substitutions":0.006344908739413855,
       "MG94 with double instantaneous substitutions":0.006350234457879337,
       "MG94xREV with separate rates for branch sets":0.006344908739413855,
       "Nucleotide GTR":0.006247086059874514,
       "unconstrained":0.006299642071665024
      },
     "NODE_12":{
       "MG94 with double and triple instantaneous substitutions":0.1125010155166607,
       "MG94 with double instantaneous substitutions":0.1153908576435719,
       "MG94xREV with separate rates for branch sets":0.1125010155166607,
       "Nucleotide GTR":0.1135316069345545,
       "unconstrained":0.126615266937182
      },
     "NODE_3":{
       "MG94 with double and triple instantaneous substitutions":0.003340568954484831,
       "MG94 with double instantaneous substitutions":0.003916952672063284,