{
 "Evidence Ratios":{
  },
 "Site Log Likelihood":{
   "unconstrained":    [
[-4.478706389601015, -10.32231280988264, -10.0287692035459, -16.30854765841129, -4.589976153200027, -7.435484630038253, -9.677478680686452, -23.84464726075393, -11.9090778326088, -3.821540535264719, -14.91994388528879, -4.325042777227931, -10.51664881689915, -13.31880505491039, -6.087245260957929, -8.536631683465982, -7.152408964661688, -4.36193500499455, -4.660857773378126, -7.748258671595211, -7.136355827000379, -15.09231518264174, -13.93351929729812, -13.60930606821095, -14.05280189306129, -8.950610296864308, -9.031207755357046, -7.697653186556848, -3.817115553730086, -10.55989359954431, -4.77686203183766, -9.793468117228002, -3.817115553730086, -15.06854144452451, -4.77686203183766, -4.993565306098793, -8.311902245073815, -7.850622705370229, -4.242901210222017, -4.385293875650675, -18.06211435729908, -11.17985045880668, -9.059430795372661, -22.57137739104202, -7.96266380340954, -4.799581768535479, -3.235384619625957, -5.069943829028084, -5.179750288775512, -3.111368818123399] 
    ]
  },
 "Synonymous site-posteriors":  [
[0, 0, 0, 0, 0, 0, 0, 0, 0, 0, 0, 0, 0, 0, 0, 0, 0, 0, 0, 0, 0, 0, 0, 0, 0, 0, 0, 0, 0, 0, 0, 0, 0, 0, 0, 0, 0, 0, 0, 0, 0, 0, 0, 0, 0, 0, 0, 0, 0, 0],
  [0.5909932947609827, 0.141816167925021, 0.1352579636928547, 0.02447107421641952, 0.6666127287316378, 0.338806162456219, 0.3102421712771136, 0.0013759243820585, 0.5701292641423829, 0.4260941734639801, 0.01665888588746279, 0.4374660425027969, 0.06062063263845761, 0.1106328790610656, 0.4859072888373676, 0.3155997509410244, 0.2119499144603809, 0.4768229862944391, 0.6528954096182669, 0.1412032211625432, 0.364653095210355, 0.009071204172679974, 0.02810179596445253, 0.03290755074598203, 0.01906047608515352, 0.07654856122259296, 0.2537763629867236, 0.323751591065145, 0.4523056972514918, 0.02074334366087046, 0.7008312012543594, 0.1003158624109946, 0.4523056972514918, 0.02527140712907915, 0.7008312012543594, 0.6423483744520653, 0.07146331898903364, 0.1705562697511425, 0.6447133014656496, 0.4393293365696657, 0.002861107493991673, 0.1486629572829672, 0.1398277104239423, 0.006939616526444316, 0.08283861658377845, 0.3103567396147074, 0.2681408002183289, 0.2681408002183287, 0.2681408002183288, 0.2681408002183285],
  [0.4090067052390172, 0.8581838320749789, 0.8647420363071453, 0.9755289257835805, 0.3333872712683622, 0.661193837543781, 0.6897578287228865, 0.9986240756179415, 0.4298707358576171, 0.5739058265360198, 0.9833411141125371, 0.562533957497203, 0.9393793673615423, 0.8893671209389343, 0.5140927111626326, 0.6844002490589756, 0.7880500855396191, 0.5231770137055609, 0.3471045903817332, 0.8587967788374568, 0.6353469047896451, 0.9909287958273201, 0.9718982040355475, 0.9670924492540179, 0.9809395239148465, 0.923451438777407, 0.7462236370132765, 0.676248408934855, 0.5476943027485083, 0.9792566563391294, 0.2991687987456407, 0.8996841375890055, 0.5476943027485083, 0.9747285928709208, 0.2991687987456407, 0.3576516255479349, 0.9285366810109663, 0.8294437302488575, 0.3552866985343504, 0.5606706634303344, 0.9971388925060084, 0.8513370427170327, 0.8601722895760577, 0.9930603834735556, 0.9171613834162214, 0.6896432603852926, 0.731859199781671, 0.7318591997816712, 0.7318591997816711, 0.7318591997816715] 
  ],
 "analysis":{
   "authors":"Sergei L Kosakovsky Pond, Sadie Wisotsky",
   "citation":"*Gene-wide identification of episodic selection*, Mol Biol Evol. 32(5):1365-71",
   "contact":"spond@temple.edu",
   "info":"BUSTED-SMSH (branch-site unrestricted statistical test of episodic diversification) uses a random effects branch-site model fitted\njointly to all or a subset of tree branches in order to test for alignment-wide evidence of episodic diversifying selection and.\nAssuming there is evidence of positive selection (i.e. there is an omega > 1),  BUSTED will also perform a quick evidence-ratio\nstyle analysis to explore which individual sites may have been subject to selection. v2.0 adds support for synonymous rate variation,\nand relaxes the test statistic to 0.5 (chi^2_0 + chi^2_2). Version 2.1 adds a grid search for the initial starting point.\nVersion 2.2 changes the grid search to LHC, and adds an initial search phase to use adaptive Nedler-Mead.\n",
   "requirements":"in-frame codon alignment and a phylogenetic tree (optionally annotated with {})",
   "version":"2.2"
  },
 "background":0,
 "branch attributes":{
   "0":{
     "LOC744663_PANTR":{
       "MG94 with double and triple instantaneous substitutions":0.008008032693780542,
       "MG94 with double instantaneous substitutions":0.008008895013330171,
       "MG94xREV with separate rates for branch sets":0.008008032693780542,
       "Nucleotide GTR":0.007700586541531421,
       "original name":"LOC744663_PANTR",
       "unconstrained":0.007926189263200458
      },
     "NODE_12":{
       "MG94 with double and triple instantaneous substitutions":0.07100215275058346,
       "MG94 with double instantaneous substitutions":0.07098499059164488,
       "MG94xREV with separate rates for branch sets":0.07100215275058346,
       "Nucleotide GTR":0.05305042631736855,
       "unconstrained":0.07758510761135279
      },
     "NODE_3":{
       "MG94 with double and triple instantaneous substitutions":0.1109670301445551,
       "MG94 with double instantaneous substitutions":0.1109075950701369,
       "MG94xREV with separate rates for branch sets":0.1109670301445551,
       "Nucleotide GTR":0.09356534726264717,
       "unconstrained":0.1136513478233505
      },
     "NODE_5":{
       "MG94 with double and triple instantaneous substitutions":0.01615168718478393,
       "MG94 with double instantaneous substitutions":0.0161533009184475,
       "MG94xREV with separate rates for branch sets":0.01615168718478393,
       "Nucleotide GTR":0.01653881437846689,
       "unconstrained":0.0152263138749432
      },
     "SCT_DIPOR":{
       "MG94 with double and triple instantaneous substitutions":0.1024415153466811,
       "MG94 with double instantaneous substitutions":0.1023991196572619,
       "MG94xREV with separate rates for branch sets":0.1024415153466811,
       "Nucleotide GTR":0.0642790719790764,
       "original name":"SCT_DIPOR",
       "unconstrained":0.1134189919926177
      },
     "SCT_GGOR":{
       "MG94 with double and triple instantaneous substitutions":0,
       "MG94 with double instantaneous substitutions":5.227795453383497e-21,
       "MG94xREV with separate rates for branch sets":0,
       "Nucleotide GTR":0,
       "original name":"SCT_GGOR",
       "unconstrained":0
      },
     "SCT_HUMAN":{
       "MG94 with double and triple instantaneous substitutions":0,
       "MG94 with double instantaneous substitutions":0,
       "MG94xREV with separate rates for branch sets":0,
       "Nucleotide GTR":0,
       "original name":"SCT_HUMAN",
       "unconstrained":0
      },
     "SCT_MOUSE":{
       "MG94 with double and triple instantaneous substitutions":0.02001703728799646,
       "MG94 with double instantaneous substitutions":0.02002272554357893,
       "MG94xREV with separate rates for branch sets":0.02001703728799646,
       "Nucleotide GTR":0.02722798370186569,
       "original name":"SCT_MOUSE",
       "unconstrained":0.01837128729255832
      },
     "SCT_PTEVA":{
       "MG94 with double and triple instantaneous substitutions":0.1302051252077386,
       "MG94 with double instantaneous substitutions":0.1301099692622707,
       "MG94xREV with separate rates for branch sets":0.1302051252077386,
       "Nucleotide GTR":0.07954432138523301,
       "original name":"SCT_PTEVA",
       "unconstrained":0.1470048133241335
      },
     "SCT_RAT":{
       "MG94 with double and triple instantaneous substitutions":0.01315968185059901,
       "MG94 with double instantaneous substitutions":0.01316026047570752,
       "MG94xREV with separate rates for branch sets":0.01315968185059901,
       "Nucleotide GTR":0.008872691023782188,
       "original name":"SCT_RAT",