{
 "Evidence Ratios":{
   "constrained":    [
[1.000000000000002, 1.000000000000001, 1.000000000000001, 1.000000000000001, 1.000000000000003] 
    ],
   "optimized null":    [
[1, 1, 1, 1.000000000000001, 1] 
    ]
  },
 "Site Log Likelihood":{
   "constrained":    [
[-4.135075638417438, -3.036624898314049, -1.937948592338389, -3.036561253211806, -2.631095856720208] 
    ],
   "optimized null":    [
[-4.135075638417436, -3.036624898314049, -1.937948592338389, -3.036561253211805, -2.631095856720205] 
    ],
   "unconstrained":    [
[-4.135075638417436, -3.036624898314048, -1.937948592338389, -3.036561253211804, -2.631095856720205] 
    ]
  },
 "Synonymous site-posteriors":  [
[0.9829629319243989, 0.9829629319243988, 0.9829629319243988, 0.9829629319243989, 0.9829629319243988],
  [0.002342920492901972, 0.002342920492901972, 0.002342920492901975, 0.002342920492901973, 0.002342920492901971],
  [0.01469414758269926, 0.01469414758269924, 0.01469414758269924, 0.0146941475826992, 0.01469414758269922] 
  ],
 "analysis":{
   "authors":"Sergei L Kosakovsky Pond, Sadie Wisotsky",
   "citation":"*Gene-wide identification of episodic selection*, Mol Biol Evol. 32(5):1365-71",
   "contact":"spond@temple.edu",
   "info":"BUSTED-SMSH (branch-site unrestricted statistical test of episodic diversification) uses a random effects branch-site model fitted\njointly to all or a subset of tree branches in order to test for alignment-wide evidence of episodic diversifying selection and.\nAssuming there is evidence of positive selection (i.e. there is an omega > 1),  BUSTED will also perform a quick evidence-ratio\nstyle analysis to explore which individual sites may have been subject to selection. v2.0 adds support for synonymous rate variation,\nand relaxes the test statistic to 0.5 (chi^2_0 + chi^2_2). Version 2.1 adds a grid search for the initial starting point.\nVersion 2.2 changes the grid search to LHC, and adds an initial search phase to use adaptive Nedler-Mead.\n",
   "requirements":"in-frame codon alignment and a phylogenetic tree (optionally annotated with {})",
   "version":"2.2"
  },
 "background":0,
 "branch attributes":{
   "0":{
     "ENSAMEP00000000127":{
       "MG94 with double and triple instantaneous substitutions":0.05740764112854868,
       "MG94 with double instantaneous substitutions":0.05692949748323611,
       "MG94xREV with separate rates for branch sets":0.05740764112854868,
       "Nucleotide GTR":0.0002633504748338229,
       "constrained":0.04153249853691472,
       "original name":"ENSAMEP00000000127",
       "unconstrained":0.07273489912988371
      },
     "ENSECAP00000008671":{
       "MG94 with double and triple instantaneous substitutions":0.05740764112854868,
       "MG94 with double instantaneous substitutions":0.05692949748323611,
       "MG94xREV with separate rates for branch sets":0.05740764112854868,
       "Nucleotide GTR":0,
       "constrained":0.03980205120084547,
       "original name":"ENSECAP00000008671",
       "unconstrained":0.07273489912988371
      },
     "ENSEEUP00000002792":{
       "MG94 with double and triple instantaneous substitutions":0.05798657118063461,
       "MG94 with double instantaneous substitutions":0.05997884742121812,
       "MG94xREV with separate rates for branch sets":0.05798657118063461,
       "Nucleotide GTR":0.0002633504748338229,
       "constrained":0.03891947711900412,
       "original name":"ENSEEUP00000002792",
       "unconstrained":0.07108931188988585
      },
     "ENSEEUP00000007649":{
       "MG94 with double and triple instantaneous substitutions":0.05492991757639516,
       "MG94 with double instantaneous substitutions":0.05688190334794788,
       "MG94xREV with separate rates for branch sets":0.05492991757639516,
       "Nucleotide GTR":0.0002633504748338229,
       "constrained":0.03733784371829442,
       "original name":"ENSEEUP00000007649",
       "unconstrained":0.06732680809629968
      },
     "ENSMLUP00000004892":{
       "MG94 with double and triple instantaneous substitutions":0.05738363722183617,
       "MG94 with double instantaneous substitutions":0.05692949748323611,
       "MG94xREV with separate rates for branch sets":0.05738363722183617,
       "Nucleotide GTR":0.0002633504748338229,
       "constrained":0.04611502790186019,
       "original name":"ENSMLUP00000004892",
       "unconstrained":0.07270482739692301
      },
     "ENSNLEP00000010609":{
       "MG94 with double and triple instantaneous substitutions":0.05560570712329994,
       "MG94 with double instantaneous substitutions":0.05762916438998631,
       "MG94xREV with separate rates for branch sets":0.05560570712329994,
       "Nucleotide GTR":0.0002633504748338229,
       "constrained":0.0362151988344503,
       "original name":"ENSNLEP00000010609",
       "unconstrained":0.06529671860491956
      },
     "ENSOANP00000028657":{
       "MG94 with double and triple instantaneous substitutions":0.06180459436581015,
       "MG94 with double instantaneous substitutions":0.05137401104605202,
       "MG94xREV with separate rates for branch sets":0.06180459436581015,
       "Nucleotide GTR":0.0002633504748338229,
       "constrained":0.04519118389514719,
       "original name":"ENSOANP00000028657",
       "unconstrained":0.07817848177376921
      },
     "ENSOPRP00000002926":{
       "MG94 with double and triple instantaneous substitutions":0.05804253990277594,
       "MG94 with double instantaneous substitutions":0.05760504378802045,
       "MG94xREV with separate rates for branch sets":0.05804253990277594,
       "Nucleotide GTR":0.0004717837385104756,
       "constrained":0.03911454407332482,
       "original name":"ENSOPRP00000002926",
       "unconstrained":0.07054036440563841
      },
     "ENSSSCP00000026749":{
       "MG94 with double and triple instantaneous substitutions":0.05979023875342424,
       "MG94 with double instantaneous substitutions":0.05692949748323611,
       "MG94xREV with separate rates for branch sets":0.05979023875342424,
       "Nucleotide GTR":0.0004716032806137388,
       "constrained":0.04240367599062846,
       "original name":"ENSSSCP00000026749",
       "unconstrained":0.07335607874583307
      },
     "NODE_10":{
       "MG94 with double and triple instantaneous substitutions":0.05622798474981758,
       "MG94 with double instantaneous substitutions":0.06077138627698575,
       "MG94xREV with separate rates for branch sets":0.05622798474981758,
       "Nucleotide GTR":0.000729778238472398,
       "constrained":0.03984014007601803,
       "unconstrained":0.06893712738677696
      },
     "NODE_11":{
       "MG94 with double and triple instantaneous substitutions":0.05557144234585006,
       "MG94 with double instantaneous substitutions":0.06011779623293181,
       "MG94xREV with separate rates for branch sets":0.05557144234585006,
       "Nucleotide GTR":0.0004716032806137388,
       "constrained":0.03569930895896063,
       "unconstrained":0.06528289456975248
      },
     "NODE_13":{
       "MG94 with double and triple instantaneous substitutions":0.05567798807744054,
       "MG94 with double instantaneous substitutions":0.05762916438998631,
       "MG94xREV with separate rates for branch sets":0.05567798807744054,
       "Nucleotide GTR":0.0002633504748338229,
       "constrained":0.03895943914944199,
       "unconstrained":0.06822673277778676
      },
     "NODE_5":{
       "MG94 with double and triple instantaneous substitutions":0.05979023875342424,
       "MG94 with double instantaneous substitutions":0.05692949748323611,
       "MG94xREV with separate rates for branch sets":0.05979023875342424,
       "Nucleotide GTR":0.0004716032806137388,
       "constrained":0.04238612487106101,
       "unconstrained":0.07335607874583307
      },
     "NODE_7":{
       "MG94 with double and triple instantaneous substitutions":0.05022185480018568,
       "MG94 with double instantaneous substitutions":0.05443635257666139,