{
 "Evidence Ratios":{
  },
 "Site Log Likelihood":{
   "unconstrained":    [
[-14.65611156044767, -9.630879193229745, -13.12264714637424, -10.90875786523582, -4.290720859304753, -16.7034444652678, -15.70753416200074, -12.65370361291917, -12.28797054565939, -13.85920995026775, -6.163276713108926, -15.42484834172064, -9.089030224706391, -7.516126675632214, -19.75333310503297, -10.04785132074631, -7.402408960406873, -7.560931243264096, -11.48873866003717, -7.760194052696728, -4.290720859304753, -6.401350545770708, -6.233604106336582, -10.06022783488431, -7.560931243264096, -6.228893884458145, -4.722973724753686, -8.307598450479983, -10.00439312998695, -15.37301084950099, -8.138743264334606, -4.665078400838937, -7.258867435784733, -22.99257736288707, -11.73888715451615, -13.04233278546594, -16.35108845899205, -7.196327564817262, -13.69103549810122, -15.12202278317536, -20.32937832774285, -10.69571689628563, -11.38623998955307, -4.846775851658411, -11.75749596914443, -7.982150243859955, -7.288511986509456, -7.670658780655444, -7.210964891606143, -6.298404670243762, -4.290720859304753, -11.1714983962873, -7.163388894576933, -9.163441779786742, -6.580844113886207, -5.199773832361902] 
    ]
  },
 "Synonymous site-posteriors":  [
[0.9841072021501157, 0.9165200414965713, 0.9810332258828095, 0.9780226849647417, 0.9081416962636029, 0.983131609549025, 0.9857806615880513, 0.9736901300452268, 0.9672841990947399, 0.9586209660018024, 0.8131677315051136, 0.9912560237392316, 0.9604982304011194, 0.9416963145458241, 0.9887354247337996, 0.8989464761407497, 0.958560806797805, 0.9598118629962848, 0.9734848798919804, 0.961875161600569, 0.9081416962636029, 0.9304138812772003, 0.6558922041775505, 0.9894504170424349, 0.9598118629962848, 0.6625619165688671, 0.8484983681952568, 0.9893818560491457, 0.9863498883215049, 0.9572184872198899, 0.904792912856866, 0.8452463463285846, 0.889380266100499, 0.1727117952625098, 0.986712233797128, 0.9927999713266404, 0.9903205512765331, 0.9390084361120856, 0.9945325363352766, 0.9794241023139737, 0.9649074288075138, 0.9739261107872216, 0.9899570877480691, 0.8664250408999963, 0.9952134796492697, 0.9604072249824273, 0.9107234727938675, 0.955650270846282, 0.9558046228845224, 0.9545145298100239, 0.9081416962636029, 0.9864125050981671, 0.6253740518926447, 0.9900999809908334, 0.9489496636139598, 0.8156438719643865],
  [0.007497647294017106, 0.08342552770481548, 0.01843561017741671, 0.02116109978194324, 0.09135210516622586, 0.008706690810761895, 0.002534257410673453, 0.02562012233444484, 0.02903597403743596, 0.001349712134785293, 0.1868144229501904, 0.004350644895467353, 0.0391212607765543, 0.05789905316453869, 0.002532743604751753, 0.1009585453856977, 0.04061503582794133, 0.03946425925165681, 0.026437532890584, 0.03785194055722423, 0.09135210516622586, 0.06944955522491114, 0.3441055385403018, 0.008064807955295177, 0.03946425925165681, 0.3374325640805214, 0.1514089592844468, 0.008928744941141299, 0.009763183275047835, 0.001297327292326973, 0.09517042243313899, 0.154676476711964, 0.1106073629016941, 1.299912171522001e-05, 0.003982437039892556, 0.00527320536457397, 0.0009651550155032846, 0.06048874221144374, 0.005288788152965672, 0.01918775392561076, 0.0003341889466063378, 0.02603299803899861, 0.009024240377681705, 0.1332611974706215, 0.004536685438238614, 0.0387600781826572, 0.08926252255842067, 0.04427763902383499, 0.04394772583098969, 0.04537082494359521, 0.09135210516622586, 0.007121505619349818, 0.3746248415097155, 0.009391176862552822, 0.05098923209400107, 0.1843261226827026],
  [0.008395150555867372, 5.443079861319378e-05, 0.0005311639397736827, 0.0008162152533149403, 0.0005061985701712693, 0.008161699640213144, 0.01168508100127529, 0.0006897476203284943, 0.003679826867823972, 0.04002932186341222, 1.784554469595016e-05, 0.004393331365301015, 0.0003805088223263368, 0.0004046322896371434, 0.00873183166144856, 9.497847355255977e-05, 0.0008241573742537681, 0.0007238777520584062, 7.758721743564867e-05, 0.0002728978422069406, 0.0005061985701712693, 0.0001365634978885883, 2.257282147618672e-06, 0.002484775002269877, 0.0007238777520584062, 5.519350611495177e-06, 9.267252029625695e-05, 0.001689399009712904, 0.003886928403447252, 0.04148418548778306, 3.666470999480971e-05, 7.717695945140124e-05, 1.237099780690276e-05, 0.8272752056157751, 0.009305329162979228, 0.001926823308785575, 0.008714293707963769, 0.0005028216764705933, 0.0001786755117577826, 0.00138814376041549, 0.03475838224587983, 4.089117377999069e-05, 0.001018671874249218, 0.00031376162938215, 0.0002498349124916749, 0.0008326968349154668, 1.40046477117471e-05, 7.209012988318798e-05, 0.0002476512844878426, 0.0001146452463808551, 0.0005061985701712693, 0.006465989282483051, 1.106597639660513e-06, 0.0005088421466137609, 6.110429203917931e-05, 3.0005352910863e-05] 
  ],
 "analysis":{
   "authors":"Sergei L Kosakovsky Pond, Sadie Wisotsky",
   "citation":"*Gene-wide identification of episodic selection*, Mol Biol Evol. 32(5):1365-71",
   "contact":"spond@temple.edu",
   "info":"BUSTED-SMSH (branch-site unrestricted statistical test of episodic diversification) uses a random effects branch-site model fitted\njointly to all or a subset of tree branches in order to test for alignment-wide evidence of episodic diversifying selection and.\nAssuming there is evidence of positive selection (i.e. there is an omega > 1),  BUSTED will also perform a quick evidence-ratio\nstyle analysis to explore which individual sites may have been subject to selection. v2.0 adds support for synonymous rate variation,\nand relaxes the test statistic to 0.5 (chi^2_0 + chi^2_2). Version 2.1 adds a grid search for the initial starting point.\nVersion 2.2 changes the grid search to LHC, and adds an initial search phase to use adaptive Nedler-Mead.\n",
   "requirements":"in-frame codon alignment and a phylogenetic tree (optionally annotated with {})",
   "version":"2.2"
  },
 "background":0,
 "branch attributes":{
   "0":{
     "ENSAMEP00000020746":{
       "MG94 with double and triple instantaneous substitutions":0.08703953684957921,
       "MG94 with double instantaneous substitutions":0.08706331374118216,
       "MG94xREV with separate rates for branch sets":0.08703953684957921,
       "Nucleotide GTR":0.07494758749242186,
       "original name":"ENSAMEP00000020746",
       "unconstrained":0.09864633998576619
      },
     "ENSBTAP00000056398":{
       "MG94 with double and triple instantaneous substitutions":0.01980057990957147,
       "MG94 with double instantaneous substitutions":0.01979338606457778,
       "MG94xREV with separate rates for branch sets":0.01980057990957147,
       "Nucleotide GTR":0.01781834724247318,
       "original name":"ENSBTAP00000056398",
       "unconstrained":0.02328235765722005
      },
     "ENSMLUP00000022341":{
       "MG94 with double and triple instantaneous substitutions":0.03570413106806218,
       "MG94 with double instantaneous substitutions":0.03569859826739025,
       "MG94xREV with separate rates for branch sets":0.03570413106806218,
       "Nucleotide GTR":0.03362339906859125,
       "original name":"ENSMLUP00000022341",
       "unconstrained":0.03561076089481344
      },
     "ENSMODP00000033741":{
       "MG94 with double and triple instantaneous substitutions":0.03469652717840829,
       "MG94 with double instantaneous substitutions":0.03469574181485507,
       "MG94xREV with separate rates for branch sets":0.03469652717840829,
       "Nucleotide GTR":0.03577254351069893,
       "original name":"ENSMODP00000033741",
       "unconstrained":0.03864391483074415
      },
     "ENSOANP00000005451":{
       "MG94 with double and triple instantaneous substitutions":0.2162700762824361,
       "MG94 with double instantaneous substitutions":0.2158960195660261,
       "MG94xREV with separate rates for branch sets":0.2162700762824361,
       "Nucleotide GTR":0.1480658864651192,
       "original name":"ENSOANP00000005451",
       "unconstrained":0.2541699283764285
      },