{
 "Evidence Ratios":{
  },
 "Site Log Likelihood":{
   "unconstrained":    [
[-10.5358509824353, -4.799334145393863, -9.454582444982197, -9.337670349026737, -9.143638967579774, -9.734139384354748, -9.752160480020885, -16.52144553018426, -10.97390695739911, -24.43196393505766, -6.398357916058504, -15.50960715168403, -13.48566217532222, -8.949020005643391, -26.92549243378276, -22.30520817657116, -9.579607417886068, -15.85529528739307, -12.7062490016564, -27.67939762852977, -12.12843903223684, -11.54377608451423, -13.58614863830465, -24.29465069698815, -7.269260072862209, -9.024073049054657, -20.51144716486913, -15.59855504238092, -16.39131435992386, -26.92328789476198, -7.269260072862209, -5.516535353886566] 
    ]
  },
 "Synonymous site-posteriors":  [
[0.4255190627584686, 0.2869562072369295, 0.4256628321582189, 0.4256426592989486, 0.425230854912157, 0.399359822921144, 0.4254645246676392, 0.425953557931507, 0.09425375148114154, 0.4275154043085518, 0.01732975761165672, 0.4270764822872344, 0.4267054439684265, 0.2764523165778762, 0.4259162205034602, 0.4274959848495404, 0.3501409429353034, 0.4272838775544798, 0.3900761421926263, 0.4275953971044771, 0.3758011381368728, 0.1337136379235909, 0.4076122658914512, 0.4275510258736691, 0.349101449838976, 0.4178749690548093, 0.4275476848812308, 0.4266303179136845, 0.4270718329333697, 0.4274924554353005, 0.349101449838976, 0.08989779090208622],
  [0.004625409545417653, 0.3285551293379603, 0.004297133855548106, 0.00434256398998168, 0.005273982828102398, 0.06567445607620968, 0.004742369160666709, 0.003248017520179938, 0.7794053729621574, 4.498087329714046e-06, 0.959433840313033, 0.0007986476266944336, 0.001722193725301619, 0.3530175030070091, 0.003333165002794398, 6.173314601323788e-05, 0.1806003266316451, 0.0003343388858796747, 0.08710928957271795, 4.604993464611528e-07, 0.1207006768682613, 0.6870592337243819, 0.0461936605075273, 7.907797047029595e-07, 0.1831111717395785, 0.02230928571668766, 3.904200875853714e-05, 0.001849145598247491, 0.0007559641330816928, 9.370809142081112e-06, 0.1831111717395785, 0.7896076564340765],
  [0.5698555276961139, 0.3844886634251102, 0.570040033986233, 0.5700147767110696, 0.5694951622597407, 0.5349657210026463, 0.5697931061716942, 0.570798424548313, 0.126340875556701, 0.5724800976041186, 0.02323640207531008, 0.5721248700860712, 0.5715723623062718, 0.3705301804151148, 0.5707506144937455, 0.5724422820044462, 0.4692587304330514, 0.5723817835596405, 0.5228145682346558, 0.5724041423961765, 0.503498184994866, 0.1792271283520273, 0.5461940736010215, 0.5724481833466264, 0.4677873784214453, 0.5598157452285031, 0.5724132731100108, 0.571520536488068, 0.5721722029335486, 0.5724981737555573, 0.4677873784214453, 0.1204945526638374] 
  ],
 "analysis":{
   "authors":"Sergei L Kosakovsky Pond, Sadie Wisotsky",
   "citation":"*Gene-wide identification of episodic selection*, Mol Biol Evol. 32(5):1365-71",
   "contact":"spond@temple.edu",
   "info":"BUSTED-SMSH (branch-site unrestricted statistical test of episodic diversification) uses a random effects branch-site model fitted\njointly to all or a subset of tree branches in order to test for alignment-wide evidence of episodic diversifying selection and.\nAssuming there is evidence of positive selection (i.e. there is an omega > 1),  BUSTED will also perform a quick evidence-ratio\nstyle analysis to explore which individual sites may have been subject to selection. v2.0 adds support for synonymous rate variation,\nand relaxes the test statistic to 0.5 (chi^2_0 + chi^2_2). Version 2.1 adds a grid search for the initial starting point.\nVersion 2.2 changes the grid search to LHC, and adds an initial search phase to use adaptive Nedler-Mead.\n",
   "requirements":"in-frame codon alignment and a phylogenetic tree (optionally annotated with {})",
   "version":"2.2"
  },
 "background":0,
 "branch attributes":{
   "0":{
     "ENSGACP00000012157":{
       "MG94 with double and triple instantaneous substitutions":0.1704591035753326,
       "MG94 with double instantaneous substitutions":0.1704491618511795,
       "MG94xREV with separate rates for branch sets":0.1704591035753326,
       "Nucleotide GTR":0.1023562149385664,
       "original name":"ENSGACP00000012157",
       "unconstrained":0.2871890450259881
      },
     "ENSONIP00000016963":{
       "MG94 with double and triple instantaneous substitutions":0.0688298391045226,
       "MG94 with double instantaneous substitutions":0.06883546890515864,
       "MG94xREV with separate rates for branch sets":0.0688298391045226,
       "Nucleotide GTR":0.0866074818846182,
       "original name":"ENSONIP00000016963",
       "unconstrained":0.06830564230336314
      },
     "ENSORLP00000011424":{
       "MG94 with double and triple instantaneous substitutions":0.1569087585206901,
       "MG94 with double instantaneous substitutions":0.1568355218499456,
       "MG94xREV with separate rates for branch sets":0.1569087585206901,
       "Nucleotide GTR":0.1502704936154542,
       "original name":"ENSORLP00000011424",
       "unconstrained":0.2098437387271418
      },
     "ENSTNIP00000008121":{
       "MG94 with double and triple instantaneous substitutions":0.1540427997770337,
       "MG94 with double instantaneous substitutions":0.1539730870281427,
       "MG94xREV with separate rates for branch sets":0.1540427997770337,
       "Nucleotide GTR":0.1053908104864887,
       "original name":"ENSTNIP00000008121",
       "unconstrained":0.19005427942172
      },
     "ENSTNIP00000021532":{
       "MG94 with double and triple instantaneous substitutions":0.04913552604057241,
       "MG94 with double instantaneous substitutions":0.04910594952584172,
       "MG94xREV with separate rates for branch sets":0.04913552604057241,
       "Nucleotide GTR":0.05701644274199697,
       "original name":"ENSTNIP00000021532",
       "unconstrained":0.04721680755699904
      },
     "ENSTRUP00000001950":{
       "MG94 with double and triple instantaneous substitutions":0.0847532420810384,
       "MG94 with double instantaneous substitutions":0.08488354240318945,
       "MG94xREV with separate rates for branch sets":0.0847532420810384,
       "Nucleotide GTR":0.06894478296618316,
       "original name":"ENSTRUP00000001950",
       "unconstrained":0.130202066792261
      },
     "ENSTRUP00000020667":{
       "MG94 with double and triple instantaneous substitutions":0.04178153576787939,
       "MG94 with double instantaneous substitutions":0.04179242171289645,
       "MG94xREV with separate rates for branch sets":0.04178153576787939,
       "Nucleotide GTR":0.03143398512189536,
       "original name":"ENSTRUP00000020667",
       "unconstrained":0.04151940014311427
      },
     "FP067396_1_DANRE":{
       "MG94 with double and triple instantaneous substitutions":0.1655635273505064,
       "MG94 with double instantaneous substitutions":0.1656137544324986,
       "MG94xREV with separate rates for branch sets":0.1655635273505064,
       "Nucleotide GTR":0.237115694433127,
       "original name":"FP067396.1_DANRE",
       "unconstrained":0.2715722893572008
      },
     "NODE_11":{
       "MG94 with double and triple instantaneous substitutions":0.08790449449184323,
       "MG94 with double instantaneous substitutions":0.08790190071717308,
       "MG94xREV with separate rates for branch sets":0.08790449449184323,
       "Nucleotide GTR":0.1031101900738872,
       "unconstrained":0.07733733300925862
      },
     "NODE_12":{
       "MG94 with double and triple instantaneous substitutions":0.9458132509476848,
       "MG94 with double instantaneous substitutions":0.9436131532638444,
       "MG94xREV with separate rates for branch sets":0.9458132509476848,
       "Nucleotide GTR":0.4840679307751698,
       "unconstrained":2.150200786641885
      },
     "NODE_3":{
       "MG94 with double and triple instantaneous substitutions":0.05089000150132775,
       "MG94 with double instantaneous substitutions":0.05081729821516257,