{
 "Evidence Ratios":{
  },
 "Site Log Likelihood":{
   "unconstrained":    [
[-4.493349839564363, -9.993873655854969, -11.00762680899704, -12.36607266986219, -8.890622899142514, -10.57878620360599, -10.00342708635664, -8.460095932979428, -8.262607360452845, -11.38993406104386, -7.875626494568358, -13.20192835640061, -7.260180799047421, -18.36814081900465, -15.99133993770813, -7.958097095993448, -6.075182272169456, -11.00147981280901, -14.56885526121147, -13.02820957514222, -14.7195711560386, -13.43162881180417, -15.00680810028652, -8.935371075066271, -9.203106406139311, -9.379960551388324, -13.7606308554112, -13.62717793456997, -6.679345609446336, -12.52368857898554, -12.4399490917529, -9.620466082936746, -14.36792709316433, -10.57067064215365, -12.25287955007197, -3.872695721612383, -15.09573610945258, -8.972086622837853, -11.39948649660302, -11.2697661156604, -8.185344265640923, -15.9242573647984, -7.099369889451655, -12.8360101759111, -7.64258242882054, -8.834868052804424, -13.73752179332251, -8.798922361753169, -15.28318360024498, -15.26658862337838, -11.38359050456297, -14.65713842542512, -9.730895689771526, -17.05828947597267, -10.85966624936427, -13.60776456895475, -4.76380039359111, -10.37228928168784, -8.37006734198159, -13.72022136371074, -14.75623169734835, -11.98305838443782, -12.12627590834121, -13.69719422906489, -7.095337100265995, -11.20556856911483, -12.79706832419549, -11.88529660652463, -18.31569653778027, -7.771015164965175, -9.386184749218243, -11.62470236883396, -14.43476389384281, -13.49060842606272, -16.72648187526598, -10.1686491629772, -12.34397107136971, -10.67789559356468, -9.749993456760146, -13.96906510160474, -12.51667138651736, -16.32548815213086, -9.372504186641113, -7.075177960902415, -19.03221702882712, -8.518047327240829, -17.1558798200848, -13.55149162701871, -19.21392329989499, -7.350765139418076, -18.84793146960553, -7.688659704026596, -3.907949245728956, -4.093790973919052, -4.698158330531435, -4.09684942107017, -4.536102256941315, -3.713840121670495, -3.713840121670495, -4.09684942107017, -3.713840121670495, -4.538897899186484, -3.931602227097198] 
    ]
  },
 "Synonymous site-posteriors":  [
[0, 0, 0, 0, 0, 0, 0, 0, 0, 0, 0, 0, 0, 0, 0, 0, 0, 0, 0, 0, 0, 0, 0, 0, 0, 0, 0, 0, 0, 0, 0, 0, 0, 0, 0, 0, 0, 0, 0, 0, 0, 0, 0, 0, 0, 0, 0, 0, 0, 0, 0, 0, 0, 0, 0, 0, 0, 0, 0, 0, 0, 0, 0, 0, 0, 0, 0, 0, 0, 0, 0, 0, 0, 0, 0, 0, 0, 0, 0, 0, 0, 0, 0, 0, 0, 0, 0, 0, 0, 0, 0, 0, 0, 0, 0, 0, 0, 0, 0, 0, 0, 0, 0],
  [0.9999999999999999, 1, 0.9999999999999999, 1, 1, 0.9999999999999999, 1, 1, 1, 0.9999999999999999, 1, 1, 1, 1, 1, 1, 0.9999999999999999, 1, 1, 1, 1, 0.9999999999999999, 1, 1, 1, 1, 1, 1, 1, 0.9999999999999999, 1, 1, 1, 0.9999999999999999, 1, 1, 1, 1, 1, 1, 1, 1, 1, 1, 1, 1, 1, 1, 1, 1, 1, 1, 1, 1, 1, 1, 1, 1, 1, 1, 1, 1, 1, 1, 1, 1, 1, 1, 1, 1, 1, 1, 1, 1, 1, 1, 1, 1, 1, 0.9999999999999999, 1, 1, 1, 1, 1, 1, 1, 1, 1, 1, 1, 0.9999999999999999, 1, 1, 0.9999999999999999, 1, 0.9999999999999999, 1, 1, 1, 1, 1, 1],
  [0, 0, 0, 0, 0, 0, 0, 0, 0, 0, 0, 0, 0, 0, 0, 0, 0, 0, 0, 0, 0, 0, 0, 0, 0, 0, 0, 0, 0, 0, 0, 0, 0, 0, 0, 0, 0, 0, 0, 0, 0, 0, 0, 0, 0, 0, 0, 0, 0, 0, 0, 0, 0, 0, 0, 0, 0, 0, 0, 0, 0, 0, 0, 0, 0, 0, 0, 0, 0, 0, 0, 0, 0, 0, 0, 0, 0, 0, 0, 0, 0, 0, 0, 0, 0, 0, 0, 0, 0, 0, 0, 0, 0, 0, 0, 0, 0, 0, 0, 0, 0, 0, 0] 
  ],
 "analysis":{
   "authors":"Sergei L Kosakovsky Pond, Sadie Wisotsky",
   "citation":"*Gene-wide identification of episodic selection*, Mol Biol Evol. 32(5):1365-71",
   "contact":"spond@temple.edu",
   "info":"BUSTED-SMSH (branch-site unrestricted statistical test of episodic diversification) uses a random effects branch-site model fitted\njointly to all or a subset of tree branches in order to test for alignment-wide evidence of episodic diversifying selection and.\nAssuming there is evidence of positive selection (i.e. there is an omega > 1),  BUSTED will also perform a quick evidence-ratio\nstyle analysis to explore which individual sites may have been subject to selection. v2.0 adds support for synonymous rate variation,\nand relaxes the test statistic to 0.5 (chi^2_0 + chi^2_2). Version 2.1 adds a grid search for the initial starting point.\nVersion 2.2 changes the grid search to LHC, and adds an initial search phase to use adaptive Nedler-Mead.\n",
   "requirements":"in-frame codon alignment and a phylogenetic tree (optionally annotated with {})",
   "version":"2.2"
  },
 "background":0,
 "branch attributes":{
   "0":{
     "ENSAMEP00000015074":{
       "MG94 with double and triple instantaneous substitutions":0.02372648374470679,
       "MG94 with double instantaneous substitutions":0.02365172549446734,
       "MG94xREV with separate rates for branch sets":0.02372648374470679,
       "Nucleotide GTR":0.02160202132537959,
       "original name":"ENSAMEP00000015074",
       "unconstrained":0.02348630597308463
      },
     "ENSCAFP00000015464":{
       "MG94 with double and triple instantaneous substitutions":0.02739907679849764,
       "MG94 with double instantaneous substitutions":0.02730743687104359,
       "MG94xREV with separate rates for branch sets":0.02739907679849764,
       "Nucleotide GTR":0.02357795504795907,
       "original name":"ENSCAFP00000015464",
       "unconstrained":0.02726066919735541
      },
     "ENSECAP00000015989":{
       "MG94 with double and triple instantaneous substitutions":0.00518542311260817,
       "MG94 with double instantaneous substitutions":0.005117191117190996,
       "MG94xREV with separate rates for branch sets":0.00518542311260817,
       "Nucleotide GTR":0.004590353731492729,
       "original name":"ENSECAP00000015989",
       "unconstrained":0.005223264065254488
      },
     "ENSGACP00000019037":{
       "MG94 with double and triple instantaneous substitutions":11.42063559118199,
       "MG94 with double instantaneous substitutions":11.61609588590708,
       "MG94xREV with separate rates for branch sets":11.42063559118199,
       "Nucleotide GTR":0.4591108538736057,
       "original name":"ENSGACP00000019037",
       "unconstrained":21.61535346433554
      },
     "ENSLACP00000009448":{
       "MG94 with double and triple instantaneous substitutions":0.219240621349552,
       "MG94 with double instantaneous substitutions":0.2185593015339108,
       "MG94xREV with separate rates for branch sets":0.219240621349552,
       "Nucleotide GTR":0.1178308326458226,
       "original name":"ENSLACP00000009448",
       "unconstrained":0.2182583714203942
      },
     "ENSOCUP00000025210":{
       "MG94 with double and triple instantaneous substitutions":0.007125239057587115,
       "MG94 with double instantaneous substitutions":0.006527401844781257,
       "MG94xREV with separate rates for branch sets":0.007125239057587115,
       "Nucleotide GTR":0.003734548776467695,
       "original name":"ENSOCUP00000025210",
       "unconstrained":0.008061613448675207
      },
     "ENSORLP00000005166":{
       "MG94 with double and triple instantaneous substitutions":4.406909861370038,
       "MG94 with double instantaneous substitutions":4.499825495346307,
       "MG94xREV with separate rates for branch sets":4.406909861370038,
       "Nucleotide GTR":0.1653741218537082,
       "original name":"ENSORLP00000005166",
       "unconstrained":5.924015434427973
      },
     "ENSSHAP00000022057":{
       "MG94 with double and triple instantaneous substitutions":0.003191478078046459,
       "MG94 with double instantaneous substitutions":0.001033967121181478,
       "MG94xREV with separate rates for branch sets":0.003191478078046459,
       "Nucleotide GTR":0.04582863421184315,
       "original name":"ENSSHAP00000022057",
       "unconstrained":0.005320207742677389
      },
     "NODE_10":{
       "MG94 with double and triple instantaneous substitutions":0.1152191283626504,
       "MG94 with double instantaneous substitutions":0.1169699576901036,
       "MG94xREV with separate rates for branch sets":0.1152191283626504,
       "Nucleotide GTR":0.04845324372314178,