{
 "Evidence Ratios":{
  },
 "Site Log Likelihood":{
   "unconstrained":    [
[-7.786816355503798, -4.523887138759084, -13.77186291155164, -7.389219172328239, -4.178968730482992, -4.009846484113778, -4.839838696188562, -20.35955011694055, -10.49909258017022, -3.8480036249384, -15.49258027089149, -4.003097139417504, -10.67283076092916, -4.003097139417504, -3.8480036249384, -12.88543541889631, -10.6189405613753, -4.180988254530391, -5.202002837233946, -4.197843357461498, -8.90962094801568, -10.91301019252091, -12.75020647966287, -7.514666867305116, -8.90962094801568, -11.19576299637808, -7.924343660244656, -12.89090666992619, -7.220494434722935, -12.83578427769982, -16.51332184140173, -5.1193736466621, -7.849950192478712, -7.389931927227474, -11.36175736245852, -5.662430996185645, -4.023992090963068, -4.644789178449683, -13.58377751004501, -4.104086426371629, -3.688780220643897, -3.621755874379632, -4.909815633451664, -4.355128879045025, -12.41739284363778, -5.179005944474979, -5.179005944474979, -4.170217219103487, -4.184182182443041, -12.30852558928671, -4.003097139417504, -4.197843357461498, -13.77755410591179, -5.202002837233946, -4.644789178449683, -4.158943019497354, -5.202002837233946, -4.260709314619219, -4.354309822298026, -5.358848826980257, -5.001347138643322, -4.291623802826606, -10.75058659926484, -13.52523959746667, -8.189600231855183, -12.02239867040722, -14.38491507426155, -5.670404327966671, -5.222146485240216] 
    ]
  },
 "Synonymous site-posteriors":  [
[0.7514521158019775, 0.234435959353629, 0.7514484300809158, 0.7514519111666399, 0.3941574299981471, 0.250203993976754, 0.2476854730779215, 0.7514495672655537, 0.7514514084421077, 0.2428467502734668, 0.7514503924027724, 0.1960226309534094, 0.7514514759326718, 0.1960226309534094, 0.2428467502734668, 0.7514486773607458, 0.7514517699875043, 0.1952016073581256, 0.1130404591037669, 0.2464529903261095, 0.7514519293086469, 0.751450606946731, 0.7514500332720038, 0.7514521813605601, 0.7514519293086469, 0.7514498537575066, 0.7514521423116625, 0.751451391726611, 0.7514527460315543, 0.7514503704913774, 0.7514498155495433, 0.1111052087941443, 0.7514521421744391, 0.7514527318622931, 0.7514501035398046, 0.08445222057279395, 0.2703762893056998, 0.1324773882447749, 0.7514485634206276, 0.3428748078417564, 0.4675948775543079, 0.4675948775543085, 0.4675948775543083, 0.4675948775543081, 0.7514496301325775, 0.1044518697058117, 0.1044518697058117, 0.2307252167968878, 0.2781182561155631, 0.7514540597363242, 0.1960226309534094, 0.2464529903261095, 0.7514521979384673, 0.1130404591037669, 0.1324773882447749, 0.2154540359635773, 0.1130404591037669, 0.2735987952164538, 0.1992031875825712, 0.09510413493684264, 0.09546257011223767, 0.2585955032918174, 0.7514517342091982, 0.7514495369065235, 0.7514517032655831, 0.7514499536292532, 0.7514497884150076, 0.08915101521942002, 0.102532938729148],
  [0.2485478841980224, 0.07754039582138522, 0.2485515699190843, 0.2485480888333602, 0.1303699570072804, 0.0827558097736875, 0.08192278392528367, 0.2485504327344463, 0.2485485915578923, 0.0803223390566163, 0.2485496075972276, 0.06483493057860949, 0.2485485240673282, 0.06483493057860949, 0.0803223390566163, 0.2485513226392541, 0.2485482300124957, 0.06456337106957812, 0.03738808169804671, 0.08151513198585958, 0.2485480706913531, 0.2485493930532689, 0.2485499667279963, 0.2485478186394399, 0.2485480706913531, 0.2485501462424933, 0.2485478576883375, 0.248548608273389, 0.2485472539684457, 0.2485496295086225, 0.2485501844504568, 0.03674803151995387, 0.2485478578255608, 0.2485472681377069, 0.2485498964601954, 0.02793244853407729, 0.0894279815373538, 0.04381698147097822, 0.2485514365793725, 0.1134076349740819, 0.1546605271788187, 0.1546605271788185, 0.1546605271788186, 0.1546605271788185, 0.2485503698674224, 0.03454739469493573, 0.03454739469493573, 0.07631307795409795, 0.0919887096694026, 0.2485459402636758, 0.06483493057860949, 0.08151513198585958, 0.2485478020615327, 0.03738808169804671, 0.04381698147097822, 0.07126201115431996, 0.03738808169804671, 0.09049390101776561, 0.0658869209854423, 0.0314556000272431, 0.03157415410563676, 0.08553141833890147, 0.2485482657908018, 0.2485504630934765, 0.2485482967344169, 0.2485500463707469, 0.2485502115849924, 0.02948658702266699, 0.03391270342974644],
  [0, 0.6880236448249859, 0, 0, 0.4754726129945725, 0.6670401962495585, 0.6703917429967949, 0, 0, 0.676830910669917, 0, 0.739142438467981, 0, 0.739142438467981, 0.676830910669917, 0, 0, 0.7402350215722963, 0.8495714591981864, 0.672031877688031, 0, 0, 0, 0, 0, 0, 0, 0, 0, 0, 0, 0.8521467596859018, 0, 0, 0, 0.8876153308931287, 0.6401957291569466, 0.8237056302842469, 0, 0.5437175571841617, 0.3777445952668734, 0.3777445952668732, 0.377744595266873, 0.3777445952668734, 0, 0.8610007355992526, 0.8610007355992526, 0.6929617052490143, 0.6298930342150344, 0, 0.739142438467981, 0.672031877688031, 0, 0.8495714591981864, 0.8237056302842469, 0.7132839528821028, 0.8495714591981864, 0.6359073037657806, 0.7349098914319865, 0.8734402650359142, 0.8729632757821256, 0.6558730783692811, 0, 0, 0, 0, 0, 0.8813623977579129, 0.8635543578411055] 
  ],
 "analysis":{
   "authors":"Sergei L Kosakovsky Pond, Sadie Wisotsky",
   "citation":"*Gene-wide identification of episodic selection*, Mol Biol Evol. 32(5):1365-71",
   "contact":"spond@temple.edu",
   "info":"BUSTED-SMSH (branch-site unrestricted statistical test of episodic diversification) uses a random effects branch-site model fitted\njointly to all or a subset of tree branches in order to test for alignment-wide evidence of episodic diversifying selection and.\nAssuming there is evidence of positive selection (i.e. there is an omega > 1),  BUSTED will also perform a quick evidence-ratio\nstyle analysis to explore which individual sites may have been subject to selection. v2.0 adds support for synonymous rate variation,\nand relaxes the test statistic to 0.5 (chi^2_0 + chi^2_2). Version 2.1 adds a grid search for the initial starting point.\nVersion 2.2 changes the grid search to LHC, and adds an initial search phase to use adaptive Nedler-Mead.\n",
   "requirements":"in-frame codon alignment and a phylogenetic tree (optionally annotated with {})",
   "version":"2.2"
  },
 "background":0,
 "branch attributes":{
   "0":{
     "ENSDORP00000011804":{
       "MG94 with double and triple instantaneous substitutions":0.05899860483879263,
       "MG94 with double instantaneous substitutions":0.05901249318891003,
       "MG94xREV with separate rates for branch sets":0.05899860483879263,
       "Nucleotide GTR":0.05908609745328382,
       "original name":"ENSDORP00000011804",
       "unconstrained":0.06815684463974597
      },
     "ENSGGOP00000011497":{
       "MG94 with double and triple instantaneous substitutions":0,
       "MG94 with double instantaneous substitutions":0,
       "MG94xREV with separate rates for branch sets":0,
       "Nucleotide GTR":0,
       "original name":"ENSGGOP00000011497",
       "unconstrained":0
      },
     "ENSMICP00000008056":{
       "MG94 with double and triple instantaneous substitutions":0.02095842219147001,
       "MG94 with double instantaneous substitutions":0.02096814901040268,
       "MG94xREV with separate rates for branch sets":0.02095842219147001,
       "Nucleotide GTR":0.02115068277286643,
       "original name":"ENSMICP00000008056",
       "unconstrained":0.02315571583813229
      },
     "ENSMMUP00000009717":{
       "MG94 with double and triple instantaneous substitutions":0.01825755598060036,
       "MG94 with double instantaneous substitutions":0.01825626153591445,
       "MG94xREV with separate rates for branch sets":0.01825755598060036,
       "Nucleotide GTR":0.02116289812008817,
       "original name":"ENSMMUP00000009717",
       "unconstrained":0.02362401611020648
      },
     "ENSOPRP00000009855":{
       "MG94 with double and triple instantaneous substitutions":0.05846428776035213,
       "MG94 with double instantaneous substitutions":0.05841651691215864,