{
 "Evidence Ratios":{
  },
 "Site Log Likelihood":{
   "unconstrained":    [
[-5.134989129241889, -11.12957675169646, -12.79619714798794, -4.435099791992614, -18.1437919174225, -7.584273284494921, -6.079160302147516, -11.63544843376665, -12.36514031168274, -13.93287716984716, -6.387735753062964, -9.373953297510884, -8.991460537829459, -8.234990150227517, -7.849766161752137, -8.424101754053881, -7.64556715159206, -15.13866608119142, -16.46659588784485, -10.43360451802905, -10.84208245758914, -6.746019469178232, -9.014407234125924, -15.07736752901603, -13.04011135449863, -8.798594452663343, -13.97035025260877, -9.820476231414101, -6.387735753062964, -4.712473810286528, -4.446495838651234, -4.435099791992614, -4.57279303756717, -12.29424207457171, -8.467931112138739, -7.602320624177045, -5.577517986730567, -8.367931772781066, -12.22592512796317, -8.729290174854411, -9.445565357665927, -11.31510248485488, -4.391048766394827, -4.712473810286528, -4.478932776348739, -7.762305328524317, -8.625583331195479, -11.85175311144562, -7.48033827772095, -21.33644200010944, -7.993065379479424, -10.48787754217264, -9.535321699269836, -11.65663335005397, -19.96513550973217, -4.393969812759723, -16.3690507461004, -5.866456895999437, -10.78926877287996, -11.05780698240852, -12.60573735900678, -9.479096428954147, -11.96851489275176, -7.649727799058995, -14.16283459439222, -5.201382479994037, -5.068073222900992, -4.648515561524198, -3.92842073925383, -11.13828918196473, -6.01230576137825, -11.1788894896623, -12.19176866607422, -10.386989060577, -8.14424889008871, -9.995972182464081, -10.81969310677207, -8.03898838804232, -6.422460078496708, -10.07439672107349, -15.20928804611072, -10.44530465623269, -14.53384611388396, -6.05218071582944, -17.55817813033165] 
    ]
  },
 "Synonymous site-posteriors":  [
[0, 0, 0, 0, 0, 0, 0, 0, 0, 0, 0, 0, 0, 0, 0, 0, 0, 0, 0, 0, 0, 0, 0, 0, 0, 0, 0, 0, 0, 0, 0, 0, 0, 0, 0, 0, 0, 0, 0, 0, 0, 0, 0, 0, 0, 0, 0, 0, 0, 0, 0, 0, 0, 0, 0, 0, 0, 0, 0, 0, 0, 0, 0, 0, 0, 0, 0, 0, 0, 0, 0, 0, 0, 0, 0, 0, 0, 0, 0, 0, 0, 0, 0, 0, 0],
  [0.9999999999999999, 1, 1, 1, 1, 1, 1, 0.9999999999999999, 1, 1, 1, 0.9999999999999999, 1, 1, 1, 0.9999999999999999, 1, 1, 1, 1, 0.9999999999999999, 1, 1, 1, 1, 1, 1, 0.9999999999999999, 1, 1, 1, 1, 1, 1, 1, 1, 0.9999999999999999, 1, 1, 1, 1, 1, 0.9999999999999999, 1, 0.9999999999999999, 0.9999999999999999, 1, 1, 1, 1, 1, 0.9999999999999999, 1, 1, 1, 1, 1, 1, 1, 1, 1, 1, 1, 1, 1, 1, 1, 1, 1, 1, 0.9999999999999999, 0.9999999999999999, 1, 1, 1, 1, 1, 1, 1, 0.9999999999999999, 1, 1, 1, 1, 1],
  [0, 0, 0, 0, 0, 0, 0, 0, 0, 0, 0, 0, 0, 0, 0, 0, 0, 0, 0, 0, 0, 0, 0, 0, 0, 0, 0, 0, 0, 0, 0, 0, 0, 0, 0, 0, 0, 0, 0, 0, 0, 0, 0, 0, 0, 0, 0, 0, 0, 0, 0, 0, 0, 0, 0, 0, 0, 0, 0, 0, 0, 0, 0, 0, 0, 0, 0, 0, 0, 0, 0, 0, 0, 0, 0, 0, 0, 0, 0, 0, 0, 0, 0, 0, 0] 
  ],
 "analysis":{
   "authors":"Sergei L Kosakovsky Pond, Sadie Wisotsky",
   "citation":"*Gene-wide identification of episodic selection*, Mol Biol Evol. 32(5):1365-71",
   "contact":"spond@temple.edu",
   "info":"BUSTED-SMSH (branch-site unrestricted statistical test of episodic diversification) uses a random effects branch-site model fitted\njointly to all or a subset of tree branches in order to test for alignment-wide evidence of episodic diversifying selection and.\nAssuming there is evidence of positive selection (i.e. there is an omega > 1),  BUSTED will also perform a quick evidence-ratio\nstyle analysis to explore which individual sites may have been subject to selection. v2.0 adds support for synonymous rate variation,\nand relaxes the test statistic to 0.5 (chi^2_0 + chi^2_2). Version 2.1 adds a grid search for the initial starting point.\nVersion 2.2 changes the grid search to LHC, and adds an initial search phase to use adaptive Nedler-Mead.\n",
   "requirements":"in-frame codon alignment and a phylogenetic tree (optionally annotated with {})",
   "version":"2.2"
  },
 "background":0,
 "branch attributes":{
   "0":{
     "ENSFCAP00000005270":{
       "MG94 with double and triple instantaneous substitutions":0.1333716744285577,
       "MG94 with double instantaneous substitutions":0.1333360727822859,
       "MG94xREV with separate rates for branch sets":0.1333716744285577,
       "Nucleotide GTR":0.1333772243951857,
       "original name":"ENSFCAP00000005270",
       "unconstrained":0.1334837666187598
      },
     "ENSGGOP00000001730":{
       "MG94 with double and triple instantaneous substitutions":0.02276782777286068,
       "MG94 with double instantaneous substitutions":0.02277208289680205,
       "MG94xREV with separate rates for branch sets":0.02276782777286068,
       "Nucleotide GTR":0.02415479922235359,
       "original name":"ENSGGOP00000001730",
       "unconstrained":0.02276872363359678
      },
     "ENSMMUP00000027653":{
       "MG94 with double and triple instantaneous substitutions":0.0238564197020943,
       "MG94 with double instantaneous substitutions":0.02383521787350961,
       "MG94xREV with separate rates for branch sets":0.0238564197020943,
       "Nucleotide GTR":0.02453102688116139,
       "original name":"ENSMMUP00000027653",
       "unconstrained":0.02383593984167998
      },
     "ENSPPYP00000020267":{
       "MG94 with double and triple instantaneous substitutions":0.007963381149599647,
       "MG94 with double instantaneous substitutions":0.007962780621512651,
       "MG94xREV with separate rates for branch sets":0.007963381149599647,
       "Nucleotide GTR":0.008044956341962783,
       "original name":"ENSPPYP00000020267",
       "unconstrained":0.007961386792823044
      },
     "ENSTSYP00000010935":{
       "MG94 with double and triple instantaneous substitutions":0.1028801520457465,
       "MG94 with double instantaneous substitutions":0.1028835778398828,
       "MG94xREV with separate rates for branch sets":0.1028801520457465,
       "Nucleotide GTR":0.1050511124825217,
       "original name":"ENSTSYP00000010935",
       "unconstrained":0.1029596284451796
      },
     "ENSTTRP00000009433":{
       "MG94 with double and triple instantaneous substitutions":0.09174252323835458,
       "MG94 with double instantaneous substitutions":0.09175789602579541,
       "MG94xREV with separate rates for branch sets":0.09174252323835458,
       "Nucleotide GTR":0.09426662809808289,
       "original name":"ENSTTRP00000009433",
       "unconstrained":0.09169905789582539
      },
     "NODE_10":{
       "MG94 with double and triple instantaneous substitutions":0.0612456307921438,
       "MG94 with double instantaneous substitutions":0.06122406296465101,
       "MG94xREV with separate rates for branch sets":0.0612456307921438,
       "Nucleotide GTR":0.06106712459334264,
       "unconstrained":0.06126855181456196
      },
     "NODE_6":{
       "MG94 with double and triple instantaneous substitutions":0.004093807813233236,
       "MG94 with double instantaneous substitutions":0.004096365099869545,
       "MG94xREV with separate rates for branch sets":0.004093807813233236,
       "Nucleotide GTR":0.003720166240492839,
       "unconstrained":0.004095536886755435
      },
     "NODE_8":{
       "MG94 with double and triple instantaneous substitutions":0.06332728190515692,
       "MG94 with double instantaneous substitutions":0.06339340616483723,
       "MG94xREV with separate rates for branch sets":0.06332728190515692,
       "Nucleotide GTR":0.06365480425362043,
       "unconstrained":0.06333984290239301
      }
    },
   "attributes":{
     "MG94 with double and triple instantaneous substitutions":{
       "attribute type":"branch length",
       "display order":0
      },
     "MG94 with double instantaneous substitutions":{
       "attribute type":"branch length",
       "display order":0
      },
     "MG94xREV with separate rates for branch sets":{
       "attribute type":"branch length",
       "display order":1
      },
     "Nucleotide GTR":{
       "attribute type":"branch length",
       "display order":0
      },