{
 "Evidence Ratios":{
  },
 "Site Log Likelihood":{
   "unconstrained":    [
[-10.04268540743381, -8.048843458019137, -9.858057842966504, -11.54985946776296, -5.715125948460187, -6.007411726865213, -8.511099614769455, -5.611413637711091, -4.316933089227448, -5.994130083852102, -8.777778856158513, -9.204192596458931, -12.57207087438912, -8.93920428425541, -6.742994119203027, -7.892386128569673, -5.608226695120369, -14.86987159829354, -6.739361039159881, -5.608226695120369, -7.415452129401397, -7.699636198835774, -7.68593908714437, -12.88132612219824, -11.52196938799876, -6.023523109225463, -14.79143127317663, -13.36442801015984, -5.281277015404841, -4.717190481424417, -13.25943109788258, -11.99432917086062, -13.52620849110557, -16.08336591715954, -11.20060043157825, -15.18637623445625, -4.717190481424417, -5.587319660525362, -6.936305240530167, -5.552804869785695, -14.34061856563429, -6.722197271787023, -5.668727372109784, -11.17247990119927, -13.44393915979491, -5.206829058096154, -10.74415111204229, -12.48337493901167, -8.623026096315755, -13.03331122305933, -12.71302849413834, -12.10538111348833, -19.90337017726425, -8.332219913524771, -3.80317175470257] 
    ]
  },
 "Synonymous site-posteriors":  [
[0.228437743877942, 0.0651435522021955, 0.09670072768410777, 0.5578791128283624, 0.5576878628569012, 0.8590616261931449, 0.4043529573857754, 0.5028264763624971, 0.5544853741209776, 0.4684646507613653, 0.4604349338977179, 0.11192884583613, 0.04054060750903805, 0.6333307202152854, 0.7049493763832113, 0.8723292601151109, 0.8373410438891823, 0.004085239902040864, 0.6929856003548562, 0.8373410438891823, 0.5607883595270913, 0.6811602453608773, 0.8422614037694414, 0.02525900134426088, 0.2822723460915531, 0.8802487292556219, 0.02628598206890313, 0.01900370765960132, 0.8162463264218908, 0.6679819688069752, 0.003728875864115806, 0.0155260002430633, 0.005780543788708061, 0.002181605966716444, 0.0195259067029041, 0.5265420514553757, 0.6679819688069752, 0.8522490108539975, 0.7613522380016554, 0.4629057315819817, 0.1349172917723856, 0.2478856271979663, 0.3898045891554509, 0.4673195771186817, 0.01713270256819729, 0.7948115934312557, 0.2538557796960194, 0.06522649293435917, 0.4369676038333455, 0.06626234010537395, 0.07858904829711812, 0.02797404896372525, 0.002343934717021602, 0.8192694763346037, 0.3966326322040248],
  [0.02427969748699459, 0.006923038370436486, 0.01027683369939595, 0.05930317958189405, 0.05929059193529557, 0.09135143697043087, 0.04298197570639615, 0.05345010864194502, 0.05895007375650473, 0.0497970410105368, 0.04894470169680831, 0.01189517869378543, 0.004307703548842777, 0.06731245309276884, 0.07494222712021034, 0.09275226716842218, 0.08903799785822208, 0.0004340501365399067, 0.07366883085111904, 0.08903799785822208, 0.05961055434943802, 0.07241362277888763, 0.08953956090640375, 0.002683805459474488, 0.02999835814981859, 0.09360057808563305, 0.002793007516120677, 0.002019326851500129, 0.08679131417182771, 0.07101871621023523, 0.0003961219918250327, 0.001649813842110498, 0.0006142304187547955, 0.000231766878278606, 0.002074585298075936, 0.05596520279049914, 0.07101871621023523, 0.09062135224622669, 0.08094124657631424, 0.04920607809378021, 0.01433716746001723, 0.02634779354651344, 0.04143422348813246, 0.04966644673182095, 0.001820375813496545, 0.08451079572351827, 0.02698215033891424, 0.006931082570439386, 0.04645027613461674, 0.007041871132667532, 0.008351413576780977, 0.002972753883004276, 0.0002490290650638391, 0.08710299637189847, 0.04216635721106748],
  [0.7472825586350634, 0.9279334094273681, 0.8930224386164962, 0.3828177075897434, 0.3830215452078032, 0.04958693683642426, 0.5526650669078284, 0.4437234149955579, 0.3865645521225177, 0.481738308228098, 0.4906203644054737, 0.8761759754700845, 0.9551516889421191, 0.2993568266919458, 0.2201083964965784, 0.034918472716467, 0.07362095825259571, 0.9954807099614192, 0.2333455687940248, 0.07362095825259571, 0.3796010861234709, 0.2464261318602351, 0.06819903532415497, 0.9720571931962646, 0.6877292957586284, 0.02615069265874514, 0.9709210104149761, 0.9789769654888986, 0.09696235940628148, 0.2609993149827894, 0.9958750021440591, 0.9828241859148261, 0.9936052257925372, 0.9975866271550051, 0.97839950799902, 0.4174927457541253, 0.2609993149827894, 0.05712963689977579, 0.1577065154220305, 0.4878881903242383, 0.8507455407675972, 0.7257665792555205, 0.5687611873564166, 0.4830139761494973, 0.9810469216183062, 0.120677610845226, 0.7191620699650664, 0.9278424244952015, 0.5165821200320377, 0.9266957887619585, 0.9130595381261009, 0.9690531971532705, 0.9974070362179146, 0.09362752729349781, 0.5612010105849078] 
  ],
 "analysis":{
   "authors":"Sergei L Kosakovsky Pond, Sadie Wisotsky",
   "citation":"*Gene-wide identification of episodic selection*, Mol Biol Evol. 32(5):1365-71",
   "contact":"spond@temple.edu",
   "info":"BUSTED-SMSH (branch-site unrestricted statistical test of episodic diversification) uses a random effects branch-site model fitted\njointly to all or a subset of tree branches in order to test for alignment-wide evidence of episodic diversifying selection and.\nAssuming there is evidence of positive selection (i.e. there is an omega > 1),  BUSTED will also perform a quick evidence-ratio\nstyle analysis to explore which individual sites may have been subject to selection. v2.0 adds support for synonymous rate variation,\nand relaxes the test statistic to 0.5 (chi^2_0 + chi^2_2). Version 2.1 adds a grid search for the initial starting point.\nVersion 2.2 changes the grid search to LHC, and adds an initial search phase to use adaptive Nedler-Mead.\n",
   "requirements":"in-frame codon alignment and a phylogenetic tree (optionally annotated with {})",
   "version":"2.2"
  },
 "background":0,
 "branch attributes":{
   "0":{
     "ENSCAFP00000029934":{
       "MG94 with double and triple instantaneous substitutions":0.04524698459598796,
       "MG94 with double instantaneous substitutions":0.04523065584720311,
       "MG94xREV with separate rates for branch sets":0.04524698459598796,
       "Nucleotide GTR":0.03726079390087398,
       "original name":"ENSCAFP00000029934",
       "unconstrained":0.05615241563253989
      },
     "ENSCJAP00000045685":{
       "MG94 with double and triple instantaneous substitutions":0.006257466448758727,
       "MG94 with double instantaneous substitutions":0.006243415388500948,
       "MG94xREV with separate rates for branch sets":0.006257466448758727,
       "Nucleotide GTR":0.006336103986232257,
       "original name":"ENSCJAP00000045685",
       "unconstrained":0.005806701370311637
      },
     "ENSLACP00000020245":{
       "MG94 with double and triple instantaneous substitutions":0.2360612875104248,
       "MG94 with double instantaneous substitutions":0.2444581358485632,
       "MG94xREV with separate rates for branch sets":0.2360612875104248,
       "Nucleotide GTR":0.1911470093003954,
       "original name":"ENSLACP00000020245",
       "unconstrained":0.9543373660395048
      },
     "ENSMMUP00000024544":{
       "MG94 with double and triple instantaneous substitutions":0.006475942669980234,
       "MG94 with double instantaneous substitutions":0.006486199625902083,
       "MG94xREV with separate rates for branch sets":0.006475942669980234,
       "Nucleotide GTR":0.006336712184378543,
       "original name":"ENSMMUP00000024544",
       "unconstrained":0.00856193462674457
      },
     "ENSOCUP00000023437":{
       "MG94 with double and triple instantaneous substitutions":0.07319861723591421,
       "MG94 with double instantaneous substitutions":0.07284663212244864,
       "MG94xREV with separate rates for branch sets":0.07319861723591421,
       "Nucleotide GTR":0.0922721754966319,
       "original name":"ENSOCUP00000023437",
       "unconstrained":0.1051743727863193
      },
     "ENSTGUP00000002603":{
       "MG94 with double and triple instantaneous substitutions":0.2244160211720016,
       "MG94 with double instantaneous substitutions":0.2221857894670906,