{
 "Evidence Ratios":{
  },
 "Site Log Likelihood":{
   "unconstrained":    [
[-4.838546224982946, -3.685625125332642, -16.33913366317836, -24.35305405308929, -25.49184891302878, -19.17011333769307, -13.73031620589528, -17.3668954591415, -8.536439862821872, -17.48429200135608, -13.3634514889749, -15.42667591402131, -25.98490412292275, -11.44395339576928, -10.45104614289525, -9.792621719619671, -4.277392644498834, -4.155377500562867, -4.113622474962659, -4.297835559571853, -3.8076402692686, -3.900206125772866, -3.43305128604237, -3.828083184341672, -3.688222660832442, -4.488211458188858, -4.336650031486848, -11.29985427735434, -7.206173493953687, -34.71178102474014, -23.69016064217153, -8.911583967655607, -16.02652891873032, -9.711652618524873, -3.825485648841978, -5.072144516978889, -3.807640269268645, -3.275462760981128, -12.10916531063723, -11.53227636626302, -7.402116948066459, -12.33639029709888, -17.32338409334579, -20.40115755924165, -13.37205772697401, -12.0623612566328, -13.37924671484159, -4.333220468627377, -4.336650031486833, -4.838546224982946, -3.275462760981123, -4.36879384975268, -3.653481307066793, -3.430453750542617, -4.957963833419103, -4.274795108998992, -3.530634135771149, -3.653481307066793, -3.908652681856818, -4.277392644498856, -3.652649279707048] 
    ]
  },
 "Synonymous site-posteriors":  [
[0.06007014786202098, 0.06007014786202423, 2.968584943816205e-05, 9.92217808512037e-12, 1.78282357009202e-06, 2.63996605288074e-05, 0.0006551127377651007, 2.229545404697898e-05, 0.8864907052845867, 0.02311669074202084, 0.007830311950442486, 2.1780828659831e-05, 2.569096124125927e-08, 0.0007033195006282036, 0.01742744589727884, 0.2150830767482801, 0.06007014786202378, 0.06007014786202049, 0.06007014786202219, 0.06007014786201759, 0.06007014786202682, 0.0600701478620219, 0.06007014786202391, 0.06007014786202377, 0.060070147862027, 0.06007014786202322, 0.06007014786202407, 0.02107497283447081, 0.02011993567233284, 4.038093844829015e-21, 2.05663149754411e-08, 0.0005804465966803696, 5.572075445471857e-05, 0.0005798664404335984, 0.06007014786202743, 0.06007014786202514, 0.06007014786202957, 0.06007014786202528, 0.0002291560387979633, 0.02289935237606363, 0.5773701981696273, 0.0005034163832618242, 9.665762077553565e-06, 6.823498338323222e-08, 0.0007072316617948397, 0.0001723258015133837, 9.352937742166312e-06, 0.06007014786202497, 0.06007014786202318, 0.06007014786202098, 0.060070147862025, 0.06007014786202211, 0.06007014786202486, 0.06007014786202403, 0.06007014786202065, 0.06007014786201856, 0.06007014786202525, 0.06007014786202486, 0.06007014786202514, 0.06007014786202509, 0.06007014786202435],
  [0.03497831460226043, 0.03497831460220997, 0.0004567547691608259, 0.0498989721682606, 3.922676127436749e-05, 0.02600735350393304, 6.18593640647207e-06, 1.143864868322033e-05, 3.768687863162671e-09, 5.082623583802016e-06, 3.075392787017588e-06, 6.509329496001778e-07, 0.004365092840477878, 2.327537308099048e-05, 5.418715283385744e-06, 0.0001420694031099207, 0.03497831460222355, 0.03497831460224638, 0.03497831460222885, 0.03497831460223538, 0.0349783146021923, 0.03497831460222683, 0.03497831460220517, 0.03497831460220501, 0.03497831460219226, 0.03497831460221492, 0.03497831460219391, 3.86574180621419e-05, 1.481016420465603e-06, 0.9999802845756229, 0.03894376593147159, 9.512389029392389e-06, 3.540080352511472e-05, 3.2312322109671e-05, 0.03497831460220809, 0.03497831460220722, 0.03497831460217125, 0.03497831460220795, 4.258900018233577e-05, 5.15540308075477e-05, 3.398065473675394e-07, 2.844988429830545e-05, 0.0007422191210432839, 0.00463116449441901, 1.023920395904307e-05, 3.267167552062498e-05, 0.0002199093309269631, 0.03497831460218931, 0.03497831460219435, 0.03497831460226043, 0.03497831460222123, 0.03497831460222287, 0.03497831460222117, 0.03497831460220876, 0.03497831460226035, 0.03497831460227523, 0.0349783146022212, 0.03497831460222117, 0.03497831460222115, 0.03497831460219552, 0.03497831460218167],
  [0.9049515375357187, 0.9049515375357657, 0.9995135593814011, 0.9501010278218172, 0.9999589904151555, 0.9739662468355381, 0.9993387013258286, 0.9999662658972698, 0.1135092909467254, 0.9768782266343953, 0.9921666126567704, 0.9999775682383906, 0.9956348814685608, 0.9992734051262907, 0.9825671353874377, 0.7847748538486098, 0.9049515375357527, 0.9049515375357331, 0.9049515375357489, 0.904951537535747, 0.9049515375357809, 0.9049515375357513, 0.9049515375357711, 0.9049515375357714, 0.9049515375357807, 0.9049515375357619, 0.9049515375357819, 0.978886369747467, 0.9798785833112467, 1.971542437705724e-05, 0.9610562135022135, 0.9994100410142903, 0.9999088784420203, 0.9993878212374566, 0.9049515375357644, 0.9049515375357676, 0.9049515375357992, 0.9049515375357667, 0.9997282549610197, 0.9770490935931289, 0.4226294620238253, 0.9994681337324398, 0.9992481151168792, 0.9953687672705975, 0.9992825291342461, 0.9997950025229659, 0.999770737731331, 0.9049515375357857, 0.9049515375357825, 0.9049515375357187, 0.9049515375357537, 0.904951537535755, 0.9049515375357539, 0.9049515375357673, 0.9049515375357189, 0.9049515375357062, 0.9049515375357536, 0.9049515375357539, 0.9049515375357536, 0.9049515375357794, 0.904951537535794] 
  ],
 "analysis":{
   "authors":"Sergei L Kosakovsky Pond, Sadie Wisotsky",
   "citation":"*Gene-wide identification of episodic selection*, Mol Biol Evol. 32(5):1365-71",
   "contact":"spond@temple.edu",
   "info":"BUSTED-SMSH (branch-site unrestricted statistical test of episodic diversification) uses a random effects branch-site model fitted\njointly to all or a subset of tree branches in order to test for alignment-wide evidence of episodic diversifying selection and.\nAssuming there is evidence of positive selection (i.e. there is an omega > 1),  BUSTED will also perform a quick evidence-ratio\nstyle analysis to explore which individual sites may have been subject to selection. v2.0 adds support for synonymous rate variation,\nand relaxes the test statistic to 0.5 (chi^2_0 + chi^2_2). Version 2.1 adds a grid search for the initial starting point.\nVersion 2.2 changes the grid search to LHC, and adds an initial search phase to use adaptive Nedler-Mead.\n",
   "requirements":"in-frame codon alignment and a phylogenetic tree (optionally annotated with {})",
   "version":"2.2"
  },
 "background":0,
 "branch attributes":{
   "0":{
     "ENSONIP00000001280":{
       "MG94 with double and triple instantaneous substitutions":0.08938220458836287,
       "MG94 with double instantaneous substitutions":0.08698823734410172,
       "MG94xREV with separate rates for branch sets":0.08938220458836287,
       "Nucleotide GTR":0.08745430626536438,
       "original name":"ENSONIP00000001280",
       "unconstrained":1.714015021364123
      },
     "ENSONIP00000026146":{
       "MG94 with double and triple instantaneous substitutions":0.1986463774119311,
       "MG94 with double instantaneous substitutions":0.1799654904187877,
       "MG94xREV with separate rates for branch sets":0.1986463774119311,
       "Nucleotide GTR":0.2017372853997388,
       "original name":"ENSONIP00000026146",
       "unconstrained":4.56879293212757
      },
     "ENSONIP00000026147":{
       "MG94 with double and triple instantaneous substitutions":0.03573402003719281,
       "MG94 with double instantaneous substitutions":0.03439114488222553,
       "MG94xREV with separate rates for branch sets":0.03573402003719281,
       "Nucleotide GTR":0.04489848842648623,
       "original name":"ENSONIP00000026147",
       "unconstrained":0.5508860503301497
      },
     "ENSONIP00000026550":{
       "MG94 with double and triple instantaneous substitutions":0.03777251613171342,
       "MG94 with double instantaneous substitutions":0.03824348140098865,
       "MG94xREV with separate rates for branch sets":0.03777251613171342,
       "Nucleotide GTR":0.0434616468532003,
       "original name":"ENSONIP00000026550",
       "unconstrained":0.8133757170387725
      },