{
 "Evidence Ratios":{
  },
 "Site Log Likelihood":{
   "unconstrained":    [
[-7.833460474095322, -5.015473534913088, -7.787405910485285, -4.581451131619724, -3.963117508940435, -4.056974350486398, -4.522228089785608, -3.742238794363048, -4.757626699712349, -4.12128122665425, -4.448510232403594, -9.735725360598506, -4.709753158376309, -5.092656954353303, -3.605972366031557, -5.092656954353303, -4.262550926363312, -4.20833411425253, -3.706657426130776, -8.202952614621108, -4.769250346388568, -5.092656954353303, -3.706657426130776, -4.249503226966733, -3.954197548326418, -10.67165302488793, -4.380466307560948, -12.16555286400355, -3.954197548326418, -4.89388315962623, -8.72442936393325, -4.325454098547005, -4.241327515113862, -4.317247676783619, -3.605972366031557, -14.68614455562853, -5.064701934723715, -11.61677259872989, -8.823998711567468, -3.963117508940435, -4.68677322342466, -4.404539565878492, -3.664529217026941, -4.755315313634296, -4.090386553319348, -4.152886290438403, -4.515421350359026, -4.515421350359026, -4.575532117634459, -3.752970441702399, -4.317247676783619, -3.539861875635503, -4.206756610246866, -3.539861875635503, -4.529429130594291, -3.429461671799284, -4.151472261019047, -3.908637383023096, -4.041072057182828, -4.325454098547005] 
    ]
  },
 "Synonymous site-posteriors":  [
[0, 0.3992691619551508, 0, 0.3897466681783535, 0.3715433875896896, 0.389237360537483, 0.3525406176823438, 0.3926672466750845, 0.4058090711412921, 0.3717033207425747, 0.3865353792925204, 0, 0.3833037965884002, 0.4105528656369207, 0.3818449147305537, 0.4105528656369207, 0.409157011437213, 0.3840223673204046, 0.3781531983130598, 0, 0.3736037666326338, 0.4105528656369207, 0.3781531983130598, 0.3791756643492563, 0.383697223605334, 0, 0.3605986068004778, 0, 0.383697223605334, 0.3935959844334314, 0, 0.2872018934887683, 0.2872018934887684, 0.2872018934887681, 0.3818449147305537, 0, 0.3691031679284321, 0, 0, 0.3715433875896896, 0.4060572181588858, 0.3908674850194511, 0.2872018934887683, 0.287201893488768, 0.2872018934887681, 0.2872018934887682, 0.2872018934887684, 0.2872018934887684, 0.2872018934887681, 0.2872018934887682, 0.2872018934887681, 0.2872018934887682, 0.287201893488768, 0.2872018934887682, 0.2872018934887683, 0.2872018934887681, 0.2872018934887682, 0.2872018934887682, 0.2872018934887681, 0.2872018934887683],
  [0, 0, 0, 0, 0, 0, 0, 0, 0, 0, 0, 0, 0, 0, 0, 0, 0, 0, 0, 0, 0, 0, 0, 0, 0, 0, 0, 0, 0, 0, 0, 0, 0, 0, 0, 0, 0, 0, 0, 0, 0, 0, 0, 0, 0, 0, 0, 0, 0, 0, 0, 0, 0, 0, 0, 0, 0, 0, 0, 0],
  [1, 0.6007308380448493, 1, 0.6102533318216465, 0.6284566124103106, 0.6107626394625171, 0.6474593823176562, 0.6073327533249155, 0.5941909288587078, 0.6282966792574253, 0.6134646207074796, 1, 0.6166962034115997, 0.5894471343630793, 0.6181550852694463, 0.5894471343630793, 0.5908429885627871, 0.6159776326795955, 0.6218468016869402, 1, 0.6263962333673663, 0.5894471343630793, 0.6218468016869402, 0.6208243356507438, 0.616302776394666, 1, 0.6394013931995223, 1, 0.616302776394666, 0.6064040155665685, 1, 0.7127981065112318, 0.7127981065112317, 0.7127981065112319, 0.6181550852694463, 1, 0.6308968320715679, 1, 1, 0.6284566124103106, 0.5939427818411142, 0.609132514980549, 0.7127981065112318, 0.712798106511232, 0.7127981065112319, 0.7127981065112318, 0.7127981065112315, 0.7127981065112315, 0.7127981065112319, 0.7127981065112318, 0.7127981065112319, 0.712798106511232, 0.7127981065112319, 0.712798106511232, 0.7127981065112318, 0.7127981065112319, 0.7127981065112318, 0.7127981065112318, 0.7127981065112319, 0.7127981065112318] 
  ],
 "analysis":{
   "authors":"Sergei L Kosakovsky Pond, Sadie Wisotsky",
   "citation":"*Gene-wide identification of episodic selection*, Mol Biol Evol. 32(5):1365-71",
   "contact":"spond@temple.edu",
   "info":"BUSTED-SMSH (branch-site unrestricted statistical test of episodic diversification) uses a random effects branch-site model fitted\njointly to all or a subset of tree branches in order to test for alignment-wide evidence of episodic diversifying selection and.\nAssuming there is evidence of positive selection (i.e. there is an omega > 1),  BUSTED will also perform a quick evidence-ratio\nstyle analysis to explore which individual sites may have been subject to selection. v2.0 adds support for synonymous rate variation,\nand relaxes the test statistic to 0.5 (chi^2_0 + chi^2_2). Version 2.1 adds a grid search for the initial starting point.\nVersion 2.2 changes the grid search to LHC, and adds an initial search phase to use adaptive Nedler-Mead.\n",
   "requirements":"in-frame codon alignment and a phylogenetic tree (optionally annotated with {})",
   "version":"2.2"
  },
 "background":0,
 "branch attributes":{
   "0":{
     "MIR497HG_CALJA":{
       "MG94 with double and triple instantaneous substitutions":0.04460728210410091,
       "MG94 with double instantaneous substitutions":0.04467219794722575,
       "MG94xREV with separate rates for branch sets":0.04460728210410091,
       "Nucleotide GTR":0.04446919763513374,
       "original name":"MIR497HG_CALJA",
       "unconstrained":0.04537075789760785
      },
     "MIR497HG_GGOR":{
       "MG94 with double and triple instantaneous substitutions":0.008643810452746531,
       "MG94 with double instantaneous substitutions":0.008632436188929839,
       "MG94xREV with separate rates for branch sets":0.008643810452746531,
       "Nucleotide GTR":0.008622266117107449,
       "original name":"MIR497HG_GGOR",
       "unconstrained":0.008676438645157887
      },
     "MIR497HG_HUMAN":{
       "MG94 with double and triple instantaneous substitutions":0.03541710462857148,
       "MG94 with double instantaneous substitutions":0.04569761496796237,
       "MG94xREV with separate rates for branch sets":0.03541710462857148,
       "Nucleotide GTR":0.05345295287045565,
       "original name":"MIR497HG_HUMAN",
       "unconstrained":0.03593357003905223
      },
     "MIR497HG_NOMLE":{
       "MG94 with double and triple instantaneous substitutions":0.008668037785306389,
       "MG94 with double instantaneous substitutions":0.008660078553749848,
       "MG94xREV with separate rates for branch sets":0.008668037785306389,
       "Nucleotide GTR":0.008620858234727989,
       "original name":"MIR497HG_NOMLE",
       "unconstrained":0.008711023878746015
      },
     "MIR497HG_PANTR":{
       "MG94 with double and triple instantaneous substitutions":0,
       "MG94 with double instantaneous substitutions":0,
       "MG94xREV with separate rates for branch sets":0,
       "Nucleotide GTR":0,
       "original name":"MIR497HG_PANTR",
       "unconstrained":0
      },
     "MIR497HG_PONAB":{
       "MG94 with double and triple instantaneous substitutions":0.008662010774324666,
       "MG94 with double instantaneous substitutions":0.008649488963884273,
       "MG94xREV with separate rates for branch sets":0.008662010774324666,
       "Nucleotide GTR":0.008634206467677876,
       "original name":"MIR497HG_PONAB",
       "unconstrained":0.00870469134838691
      }
    },
   "attributes":{
     "MG94 with double and triple instantaneous substitutions":{
       "attribute type":"branch length",
       "display order":0
      },
     "MG94 with double instantaneous substitutions":{
       "attribute type":"branch length",
       "display order":0
      },
     "MG94xREV with separate rates for branch sets":{
       "attribute type":"branch length",
       "display order":1
      },
     "Nucleotide GTR":{
       "attribute type":"branch length",
       "display order":0
      },
     "original name":{
       "attribute type":"node label",
       "display order":0
      },
     "unconstrained":{
       "attribute type":"branch length",
       "display order":0
      }
    }
  },