{
 "Evidence Ratios":{
  },
 "Site Log Likelihood":{
   "unconstrained":    [
[-4.250163115688495, -3.419378447772211, -3.746516482002504, -2.793076432318826, -4.244501991119201, -4.599667139174286, -7.591982999931375, -10.82788850365257, -13.21640718149032, -8.479245158978085, -11.46743887272681, -7.270245713514185, -7.816930717460688, -6.93261342263197, -4.685759747975654, -8.113052419179462, -11.80942706212991, -4.372118796615553, -6.522384515597362, -5.346337440850972, -8.859809569075388, -6.662272720178934, -7.898803069424528, -5.974794673794236, -8.134781282651419, -10.35058799520741, -9.231143213864133, -12.91081656705078, -22.20121882579127, -7.863035516145016, -9.006337976389565, -17.63082017005554, -6.229932443646748, -8.855646699048508, -4.358019601248809, -6.004185941799665, -3.82627347268624, -12.08931086519796, -9.383022630038724, -6.35215164865909, -15.08159629918782, -10.72294392813437, -6.852333158327659, -8.891060279754237, -6.551327058300416, -4.685759747975654, -9.729160383618144, -4.74480743333416, -4.921144048835275, -4.482969640430333, -5.044989002563277, -3.120214466549115, -4.723512092902287, -4.482969640430333, -3.330708062853061, -4.571640025349485, -3.469718490034904, -3.469718490034904] 
    ]
  },
 "Synonymous site-posteriors":  [
[0.8021319675335318, 0.8021319675335286, 0.8021319675335314, 0.8021319675335281, 0.8021319675335313, 0.8021319675335292, 0.6639618720465725, 0.6753154426368216, 0.675007479401833, 0.9625202738510613, 0.8815175304690011, 0.8276134671644533, 0.9035578445626176, 0.7736017418824566, 0.9343096754835379, 0.9723940638184895, 0.7617550321807672, 0.9037838464079129, 0.8038572274432003, 0.9097924523509389, 0.9802862689616134, 0.8293471485047019, 0.7182344377743892, 0.8388624968062627, 0.6440635660351197, 0.9078368865613543, 0.6575362182528793, 0.6536403884849732, 0.6809387066424789, 0.6542747780025548, 0.8149020581224226, 0.0005527783621845089, 0.8784501387213447, 0.9296747607860675, 0.834777602259314, 0.8132998377655234, 0.9025923284468139, 0.8171746809136764, 0.9262914367992255, 0.878908895335381, 0.1620719109572282, 0.9049626866860536, 0.9605549331780699, 0.9654826389886881, 0.815439050918716, 0.9343096754835379, 0.9353116518286794, 0.9363531536975587, 0.8021319675335303, 0.8021319675335297, 0.8021319675335289, 0.8021319675335317, 0.8021319675335293, 0.8021319675335297, 0.8021319675335278, 0.8021319675335303, 0.8021319675335283, 0.8021319675335283],
  [0.1564969983675906, 0.1564969983675907, 0.1564969983675906, 0.156496998367591, 0.1564969983675904, 0.1564969983675898, 0.2815093378536459, 0.2967512114417245, 0.2950256320313212, 0.03674009677745557, 0.1092962067007192, 0.1509223716120832, 0.09288700403078365, 0.1979538020882129, 0.06236443240939257, 0.02709337342196333, 0.2240246053937738, 0.08920931867991802, 0.1805959237572921, 0.08563385881388384, 0.0194669166147979, 0.1495426833313515, 0.217987679380537, 0.1518177175024558, 0.3077421085391562, 0.08877565268169089, 0.2685578986172391, 0.3137997756156263, 0.2941985499466945, 0.2700648722173823, 0.1776104378145968, 0.01041926435857158, 0.1108493834850663, 0.06991801689019674, 0.1449540685224746, 0.1699034040931696, 0.09004356349707657, 0.1713300166058028, 0.07230208395535334, 0.1179702552576113, 0.7413198158881407, 0.09360188002057458, 0.0391006494791597, 0.0332414850204491, 0.1685582164286734, 0.06236443240939257, 0.0635980041175081, 0.06062347999935191, 0.15649699836759, 0.1564969983675897, 0.156496998367589, 0.15649699836759, 0.1564969983675892, 0.1564969983675897, 0.1564969983675914, 0.1564969983675901, 0.1564969983675905, 0.1564969983675905],
  [0.04137103409887755, 0.04137103409888072, 0.04137103409887791, 0.04137103409888095, 0.04137103409887837, 0.041371034098881, 0.05452879009978173, 0.02793334592145387, 0.02996688856684562, 0.0007396293714830459, 0.009186262830279943, 0.02146416122346356, 0.00355515140659895, 0.02844445602933047, 0.003325892107069591, 0.000512562759547299, 0.01422036242545888, 0.007006834912169272, 0.01554684879950762, 0.004573688835177176, 0.0002468144235886481, 0.02111016816394667, 0.06377788284507378, 0.009319785691281444, 0.0481943254257241, 0.003387460756954792, 0.0739058831298816, 0.03255983589940053, 0.02486274341082666, 0.07566034978006274, 0.007487504062980631, 0.9890279572792438, 0.01070047779358907, 0.0004072223237357929, 0.02026832921821154, 0.01679675814130697, 0.007364108056109501, 0.01149530248052083, 0.001406479245421111, 0.003120849407007652, 0.09660827315463097, 0.001435433293371771, 0.0003444173427702028, 0.00127587599086268, 0.01600273265261049, 0.003325892107069591, 0.001090344053812399, 0.003023366303089448, 0.04137103409887982, 0.04137103409888082, 0.04137103409888215, 0.04137103409887841, 0.04137103409888138, 0.04137103409888082, 0.04137103409888072, 0.0413710340988794, 0.04137103409888102, 0.04137103409888102] 
  ],
 "analysis":{
   "authors":"Sergei L Kosakovsky Pond, Sadie Wisotsky",
   "citation":"*Gene-wide identification of episodic selection*, Mol Biol Evol. 32(5):1365-71",
   "contact":"spond@temple.edu",
   "info":"BUSTED-SMSH (branch-site unrestricted statistical test of episodic diversification) uses a random effects branch-site model fitted\njointly to all or a subset of tree branches in order to test for alignment-wide evidence of episodic diversifying selection and.\nAssuming there is evidence of positive selection (i.e. there is an omega > 1),  BUSTED will also perform a quick evidence-ratio\nstyle analysis to explore which individual sites may have been subject to selection. v2.0 adds support for synonymous rate variation,\nand relaxes the test statistic to 0.5 (chi^2_0 + chi^2_2). Version 2.1 adds a grid search for the initial starting point.\nVersion 2.2 changes the grid search to LHC, and adds an initial search phase to use adaptive Nedler-Mead.\n",
   "requirements":"in-frame codon alignment and a phylogenetic tree (optionally annotated with {})",
   "version":"2.2"
  },
 "background":0,
 "branch attributes":{
   "0":{
     "ENSACAP00000019884":{
       "MG94 with double and triple instantaneous substitutions":0.2278905952344016,
       "MG94 with double instantaneous substitutions":0.2367996097017745,
       "MG94xREV with separate rates for branch sets":0.2278905952344016,
       "Nucleotide GTR":0.09563625009160062,
       "original name":"ENSACAP00000019884",
       "unconstrained":0.8676104580384554
      },
     "ENSAMEP00000009313":{
       "MG94 with double and triple instantaneous substitutions":0.0516254498944184,
       "MG94 with double instantaneous substitutions":0.04999942063814889,
       "MG94xREV with separate rates for branch sets":0.0516254498944184,
       "Nucleotide GTR":0.04427618750662434,
       "original name":"ENSAMEP00000009313",
       "unconstrained":0.08796548345131389
      },
     "ENSLACP00000006893":{
       "MG94 with double and triple instantaneous substitutions":0.4051475809082701,
       "MG94 with double instantaneous substitutions":0.4763209883436839,
       "MG94xREV with separate rates for branch sets":0.4051475809082701,
       "Nucleotide GTR":0.1763629577848016,
       "original name":"ENSLACP00000006893",
       "unconstrained":1.402887902386339
      },
     "ENSOANP00000019490":{
       "MG94 with double and triple instantaneous substitutions":0.04382574094867834,
       "MG94 with double instantaneous substitutions":0.03128810392770074,
       "MG94xREV with separate rates for branch sets":0.04382574094867834,
       "Nucleotide GTR":0.07143647348568218,
       "original name":"ENSOANP00000019490",
       "unconstrained":0
      },
     "ENSOGAP00000017305":{
       "MG94 with double and triple instantaneous substitutions":0,
       "MG94 with double instantaneous substitutions":0,
       "MG94xREV with separate rates for branch sets":0,
       "Nucleotide GTR":0,
       "original name":"ENSOGAP00000017305",
       "unconstrained":0
      },