{
 "Evidence Ratios":{
  },
 "Site Log Likelihood":{
   "unconstrained":    [
[-5.628547021393422, -9.768328501055215, -6.303287550231348, -7.108492895610775, -8.040822090890176, -17.15675218013065, -9.891432834770804, -3.495149352169954, -7.769229715026033, -10.41031345611551, -9.141517131637698, -7.517998032123856, -15.78004711494522, -10.44743339223317, -6.85609779246528, -4.969230353690381, -4.236672916389925, -4.503922966637335, -3.702153031620386, -4.364612049538634, -4.941313499018889, -20.26217454562036, -11.05394060076382, -13.67604055746905, -4.899158960231857, -11.92298468766553, -25.41766066587534, -9.36245316612125, -4.70063298185221, -9.941710479974427, -14.28567874536653, -9.474397128121172, -8.916310541306624, -7.82182646598627, -11.00877128802753, -16.95538701133442, -8.424784456792548, -17.88600562204448, -10.44165981158372, -20.63982231555391, -13.51176371314999, -25.91527490134654, -12.30860944330895, -6.32194202807543, -8.889858122585336, -12.52922289814674, -8.826815245562756, -3.832334604714551, -4.503922966637335, -3.693023687615849, -4.445013696358949, -4.557153508974207, -4.399895909995995, -4.326861268961546, -6.498919004588438, -7.277068419441743, -17.38084433063375, -19.8681101999439, -18.70303161032551, -11.87571133309514, -17.07253611797321, -15.15358914504344, -12.26848391109467, -4.409729835901591, -5.543476093771081, -7.550634567927021, -7.030363180980654] 
    ]
  },
 "Synonymous site-posteriors":  [
[0.4609015269897648, 0.4642744122810738, 0.4644497633621088, 0.4647097948275252, 0.4637608493031375, 0.4641604070396073, 0.4586178027362518, 0.4560173388835093, 0.4646916069238247, 0.4639452597846693, 0.463867639211084, 0.4609811962279702, 0.4616010564628288, 0.4285618367839986, 0.4633258562566783, 0.4511454494684643, 0.451145449468464, 0.4511454494684637, 0.4511454494684641, 0.451145449468464, 0.4511454494684637, 0.4348377223388455, 0.4636695769980533, 0.4596655676300684, 0.4632257104432385, 0.4467730517493639, 0.4454712893829453, 0.4636147382979833, 0.4633798045837416, 0.4630006030398301, 0.4601717456113432, 0.4625577449895962, 0.4628235119465601, 0.4638602548282425, 0.4636515853165787, 0.4617784115478558, 0.4580502037759899, 0.4628482522873368, 0.4339541620856812, 0.4640308598519507, 0.4634920122623971, 0.00197743952178202, 0.4595823525694828, 0.4614299026684348, 0.4572465166282903, 0.4633526524996709, 0.4550062232866712, 0.4511454494684642, 0.4511454494684637, 0.4511454494684641, 0.4511454494684638, 0.4511454494684644, 0.451145449468464, 0.4511454494684643, 0.4608782853996799, 0.4627725389830955, 0.4640675557655644, 0.4637215804037969, 0.4560977387735304, 0.4636903810355653, 0.457539223805246, 0.4568560613405495, 0.4636631865775979, 0.451145449468464, 0.4639527350179808, 0.4630557768684865, 0.4633202490423958],
  [0.5318384289409046, 0.5356388780440723, 0.5350789403381321, 0.5352814018561131, 0.5349499692334249, 0.5357873261384443, 0.5296731493319261, 0.5264238941525694, 0.5349946691466633, 0.535738928145961, 0.535250416213349, 0.5320085509208096, 0.5336856147402368, 0.4957873347445065, 0.5348100478525681, 0.5209997116521403, 0.5209997116521408, 0.520999711652141, 0.520999711652141, 0.5209997116521413, 0.5209997116521414, 0.5031099711400375, 0.5355112056878426, 0.531382476760652, 0.5340798604189336, 0.5161417570840399, 0.5162235263306577, 0.5349749697014393, 0.5343282247962801, 0.5346066389267614, 0.5319346786917428, 0.5337884029023301, 0.5341938281578987, 0.5350149703541722, 0.5352908158763987, 0.5343732824882415, 0.5292849951219408, 0.5352365632953822, 0.5021055285534468, 0.5358223933685839, 0.5354499784037098, 0.002299524220818048, 0.530795664089367, 0.5326453439511465, 0.5284241510090811, 0.5349929459647568, 0.5260616605237347, 0.5209997116521405, 0.520999711652141, 0.5209997116521413, 0.5209997116521408, 0.5209997116521411, 0.5209997116521407, 0.520999711652141, 0.5320498003112011, 0.5342061942644326, 0.5356961898190201, 0.5360631451664447, 0.5278447477798506, 0.5352410633493201, 0.5293485837211336, 0.5282861160062777, 0.5359293644436156, 0.5209997116521412, 0.5351177101417499, 0.5343544737288682, 0.534791561254951],
  [0.007260044069330614, 8.670967485396589e-05, 0.0004712962997591659, 8.80331636167814e-06, 0.00128918146343765, 5.226682194835981e-05, 0.01170904793182205, 0.01755876696392131, 0.000313723929512028, 0.0003158120693696589, 0.0008819445755670588, 0.007010252851220268, 0.004713328796934342, 0.07565082847149492, 0.001864095890753601, 0.02785483887939537, 0.02785483887939529, 0.02785483887939537, 0.02785483887939492, 0.02785483887939463, 0.02785483887939477, 0.06205230652111694, 0.0008192173141042535, 0.008951955609279595, 0.002694429137827698, 0.03708519116659629, 0.03830518428639706, 0.001410292000577456, 0.002291970619978495, 0.002392758033408403, 0.00789357569691399, 0.003653852108073822, 0.002982659895541071, 0.001124774817585442, 0.001057598807022686, 0.00384830596390273, 0.01266480110206922, 0.001915184417281002, 0.06394030936087208, 0.0001467467794654434, 0.001058009333893019, 0.9957230362574001, 0.009621983341150293, 0.005924753380418769, 0.0143293323626287, 0.001654401535572337, 0.01893211618959412, 0.02785483887939537, 0.02785483887939537, 0.02785483887939458, 0.02785483887939546, 0.02785483887939452, 0.0278548388793954, 0.02785483887939461, 0.007071914289118989, 0.003021266752471953, 0.0002362544154155574, 0.000215274429758611, 0.01605751344661898, 0.001068555615114561, 0.01311219247362048, 0.01485782265317272, 0.0004074489787867584, 0.0278548388793947, 0.0009295548402692825, 0.002589749402645527, 0.001888189702653205] 
  ],
 "analysis":{
   "authors":"Sergei L Kosakovsky Pond, Sadie Wisotsky",
   "citation":"*Gene-wide identification of episodic selection*, Mol Biol Evol. 32(5):1365-71",
   "contact":"spond@temple.edu",
   "info":"BUSTED-SMSH (branch-site unrestricted statistical test of episodic diversification) uses a random effects branch-site model fitted\njointly to all or a subset of tree branches in order to test for alignment-wide evidence of episodic diversifying selection and.\nAssuming there is evidence of positive selection (i.e. there is an omega > 1),  BUSTED will also perform a quick evidence-ratio\nstyle analysis to explore which individual sites may have been subject to selection. v2.0 adds support for synonymous rate variation,\nand relaxes the test statistic to 0.5 (chi^2_0 + chi^2_2). Version 2.1 adds a grid search for the initial starting point.\nVersion 2.2 changes the grid search to LHC, and adds an initial search phase to use adaptive Nedler-Mead.\n",
   "requirements":"in-frame codon alignment and a phylogenetic tree (optionally annotated with {})",
   "version":"2.2"
  },
 "background":0,
 "branch attributes":{
   "0":{
     "ENSGACP00000023643":{
       "MG94 with double and triple instantaneous substitutions":0.05694475442720943,
       "MG94 with double instantaneous substitutions":0.06516573985334383,
       "MG94xREV with separate rates for branch sets":0.05694475442720943,
       "Nucleotide GTR":0.04888999895057031,
       "original name":"ENSGACP00000023643",
       "unconstrained":0.1165960160958074
      },
     "ENSONIP00000016070":{
       "MG94 with double and triple instantaneous substitutions":0.1463048827969798,
       "MG94 with double instantaneous substitutions":0.1451746442984001,
       "MG94xREV with separate rates for branch sets":0.1463048827969798,
       "Nucleotide GTR":0.1295096610026055,
       "original name":"ENSONIP00000016070",
       "unconstrained":0.2361080600659937
      },
     "ENSORLP00000025880":{
       "MG94 with double and triple instantaneous substitutions":0.1537246334257079,
       "MG94 with double instantaneous substitutions":0.1579767404520493,
       "MG94xREV with separate rates for branch sets":0.1537246334257079,
       "Nucleotide GTR":0.139319894256691,
       "original name":"ENSORLP00000025880",
       "unconstrained":0.2963927245309487
      },