{
 "Evidence Ratios":{
  },
 "Site Log Likelihood":{
   "unconstrained":    [
[-3.094932898195998, -3.810846519271105, -3.723857798211859, -3.723857798211859, -3.723857798211859, -4.093221770324202, -20.74472962500505, -31.81054794754189, -22.0650841739564, -35.72650487659399, -8.192142024587307, -24.47446362586918, -8.765153408978419, -11.45129442200959, -16.293539196451, -28.25571420160844, -11.86020165216735, -10.85172798640928, -11.19716087209807, -7.555704503123225, -30.9826614771658, -18.19823535839878, -28.56965067055708, -20.25688591613641, -11.43522353111739, -12.763279248821, -25.78481311133612, -5.476551058411311, -17.19191240038145, -14.46030105648537, -21.85915885005334, -36.10835650213061, -14.21098053259632, -8.455445339132417, -16.9866728343379, -17.74112811768501, -15.35721459385673, -8.9796049004319, -27.15973383378837, -12.62969507260079, -10.07049717817792, -9.714514263890742, -16.58590965074011, -25.99964917230479, -25.11932435529508, -7.115870543495363, -13.74463249679185] 
    ]
  },
 "Synonymous site-posteriors":  [
[0.5250417179584325, 0.5250417179584317, 0.525041717958432, 0.525041717958432, 0.525041717958432, 0.525041717958432, 0.1247886278893226, 0.006488975153119497, 0.6420910803893811, 0.003456873528313683, 0.8851331388271575, 0.8914495286318449, 0.952960889127852, 0.9904300854349487, 0.8967600378267689, 0.08190235479062666, 0.5075866583553433, 0.9822687872603271, 0.9877096219777126, 0.9012867674777957, 0.002959966716082921, 0.1942907407612655, 0.02022193257352419, 0.852001107274677, 0.9961813705442407, 0.4205569341615025, 0.00354753343648581, 0.9336887207278078, 0.1188540205461459, 0.5782827620547978, 0.02714950921452964, 1.70864680496122e-09, 0.8587766340276499, 0.9486060178890742, 0.1735493834275031, 0.2762347638288523, 0.6928201297510723, 0.754437512704708, 0.008154314306168069, 0.9171128565942437, 0.7897389982726052, 0.6051629222848239, 0.9320969044892528, 0.01943811404193202, 0.02427995850175759, 0.9939632975367257, 0.4772685340422571],
  [0.02391763190422109, 0.0239176319042221, 0.02391763190422207, 0.02391763190422207, 0.02391763190422207, 0.0239176319042215, 2.974967689429136e-07, 0.003610393130095108, 9.349971358357596e-07, 0.02162372755656226, 3.645405304724511e-08, 3.607961758244845e-06, 1.888789405439118e-08, 6.776969255129581e-12, 6.134664283782963e-08, 7.906529415675984e-07, 4.172006756078482e-07, 1.239183640747954e-08, 1.19087209414806e-09, 8.367667937655386e-08, 0.009971065226536556, 1.066422715354739e-05, 0.001761404505917711, 4.247003090771973e-06, 5.568345217428363e-10, 1.603447978864391e-06, 0.006862959602773207, 6.087069805266814e-08, 6.723747093587342e-06, 7.670546896873653e-06, 1.05261500973981e-05, 0.999931607143972, 1.077446958522341e-07, 2.321097264948027e-08, 2.603604343707023e-06, 2.86772688482446e-06, 3.779953525763416e-07, 8.94029336950702e-08, 0.0003753284786007349, 1.780022635948936e-07, 1.882959848836965e-07, 1.864038456282223e-07, 1.459949047455376e-08, 3.230265267950626e-05, 9.07635730775218e-05, 1.151009565746146e-09, 2.509722294726882e-06],
  [0.4510406501373465, 0.4510406501373461, 0.4510406501373458, 0.4510406501373458, 0.4510406501373458, 0.4510406501373464, 0.8752110746139085, 0.9899006317167854, 0.3579079846134831, 0.9749193989151241, 0.1148668247187894, 0.1085468634063967, 0.04703909198425386, 0.009569914558274467, 0.1032399008265882, 0.9180968545564318, 0.4924129244439811, 0.01773120034783659, 0.01229037683141527, 0.09871314884552505, 0.9870689680573804, 0.8056985950115809, 0.9780166629205581, 0.1479946457222322, 0.00381862889892461, 0.5794414623905185, 0.9895895069607409, 0.06631121840149408, 0.8811392557067605, 0.4217095673983053, 0.9728399646353729, 6.839114738121639e-05, 0.1412232582276542, 0.05139395889995316, 0.8264480129681531, 0.7237623684442628, 0.3071794922535751, 0.2455623978923582, 0.9914703572152312, 0.08288696540349255, 0.2102608134314099, 0.3948368913113305, 0.06790308091125677, 0.9805295833053885, 0.975629277925165, 0.006036701312264597, 0.5227289562354481] 
  ],
 "analysis":{
   "authors":"Sergei L Kosakovsky Pond, Sadie Wisotsky",
   "citation":"*Gene-wide identification of episodic selection*, Mol Biol Evol. 32(5):1365-71",
   "contact":"spond@temple.edu",
   "info":"BUSTED-SMSH (branch-site unrestricted statistical test of episodic diversification) uses a random effects branch-site model fitted\njointly to all or a subset of tree branches in order to test for alignment-wide evidence of episodic diversifying selection and.\nAssuming there is evidence of positive selection (i.e. there is an omega > 1),  BUSTED will also perform a quick evidence-ratio\nstyle analysis to explore which individual sites may have been subject to selection. v2.0 adds support for synonymous rate variation,\nand relaxes the test statistic to 0.5 (chi^2_0 + chi^2_2). Version 2.1 adds a grid search for the initial starting point.\nVersion 2.2 changes the grid search to LHC, and adds an initial search phase to use adaptive Nedler-Mead.\n",
   "requirements":"in-frame codon alignment and a phylogenetic tree (optionally annotated with {})",
   "version":"2.2"
  },
 "background":0,
 "branch attributes":{
   "0":{
     "ENSGACP00000009467":{
       "MG94 with double and triple instantaneous substitutions":0.1401616390624759,
       "MG94 with double instantaneous substitutions":0.1451816225985276,
       "MG94xREV with separate rates for branch sets":0.1401616390624759,
       "Nucleotide GTR":0.1008735754096369,
       "original name":"ENSGACP00000009467",
       "unconstrained":0.440747964213895
      },
     "ENSGACP00000021062":{
       "MG94 with double and triple instantaneous substitutions":0.1265161039510388,
       "MG94 with double instantaneous substitutions":0.126227846790043,
       "MG94xREV with separate rates for branch sets":0.1265161039510388,
       "Nucleotide GTR":0.09419670999795146,
       "original name":"ENSGACP00000021062",
       "unconstrained":0.5097856924843711
      },
     "ENSGMOP00000005555":{
       "MG94 with double and triple instantaneous substitutions":0.2124249550976791,
       "MG94 with double instantaneous substitutions":0.2146359187787961,
       "MG94xREV with separate rates for branch sets":0.2124249550976791,
       "Nucleotide GTR":0.1752579405801048,
       "original name":"ENSGMOP00000005555",
       "unconstrained":0.7685655334354285
      },
     "ENSGMOP00000018053":{
       "MG94 with double and triple instantaneous substitutions":0.1034059224157578,
       "MG94 with double instantaneous substitutions":0.1013671228316965,
       "MG94xREV with separate rates for branch sets":0.1034059224157578,
       "Nucleotide GTR":0.1086759407243693,
       "original name":"ENSGMOP00000018053",
       "unconstrained":0.6915893695959344
      },
     "ENSONIP00000022673":{
       "MG94 with double and triple instantaneous substitutions":0.09825889731740212,
       "MG94 with double instantaneous substitutions":0.09856168772266706,
       "MG94xREV with separate rates for branch sets":0.09825889731740212,
       "Nucleotide GTR":0.08609815827483076,
       "original name":"ENSONIP00000022673",
       "unconstrained":0.3124940274045356
      },
     "ENSORLP00000005406":{
       "MG94 with double and triple instantaneous substitutions":0.2099303598271519,
       "MG94 with double instantaneous substitutions":0.2074787783509621,
       "MG94xREV with separate rates for branch sets":0.2099303598271519,
       "Nucleotide GTR":0.2160223040759077,
       "original name":"ENSORLP00000005406",
       "unconstrained":0.9066234769781542
      },
     "NODE_11":{
       "MG94 with double and triple instantaneous substitutions":0,
       "MG94 with double instantaneous substitutions":0,
       "MG94xREV with separate rates for branch sets":0,
       "Nucleotide GTR":0.005011888815884385,
       "unconstrained":0.03316891932154435
      },
     "NODE_12":{
       "MG94 with double and triple instantaneous substitutions":0,