{
 "Evidence Ratios":{
  },
 "Site Log Likelihood":{
   "unconstrained":    [
[-15.34526295636471, -5.727766885791913, -4.583990167092395, -8.924669647130354, -4.446459527266632, -6.968477417443179, -15.4016728130794, -4.000629005076814, -16.80644834733883, -4.275694368322221, -10.83953555305473, -17.45524759832827, -9.856286297316394, -5.268378126791481, -5.37437577321147, -7.990747908521945, -5.251236749962764, -3.986445836317885, -5.079570883235213, -3.986445836317885, -13.63984709346944, -8.776711949565984, -8.459189337909299, -3.477086528578255, -10.91878288067515, -9.74872134166484, -11.27445441793795, -12.46919754528619, -4.439755948241456, -4.439755948241456, -4.275694368322221, -8.367999842435085, -5.294012880863733, -4.439755948241456, -5.158145950821782, -7.159242893757686, -7.897765295164027, -3.893135228836657, -14.92944249024526, -7.78207912678977, -12.05365083242478, -11.60682039790326, -3.612251119495113, -8.443036712650617, -8.810768793810738, -20.63768961708144, -5.340187541197404, -7.140383516300135, -5.268378126791481, -4.531611421052448, -15.03496823998626, -7.754446045603392, -7.270780799015871, -19.39618499943811, -13.20368283530103, -12.17244711051461, -7.436636959717799, -7.807275305300119, -7.810582843972844, -17.43030232411726, -13.10754891516446, -11.39531141844035, -20.7993308390626, -6.133574237484638, -4.052135488817825, -13.49865466211642, -11.16402665740234, -5.929052800673644, -9.18585414281554, -14.64501130484829] 
    ]
  },
 "Synonymous site-posteriors":  [
[0, 0.5916726465433065, 0.4745911509390384, 0, 0.4720434868202176, 0, 0, 0.4135221698473611, 0, 0.453485130622044, 0, 0, 0, 0.5567974026884356, 0.5685179820204703, 0, 0.5080452457874393, 0.420758291723803, 0.5095199235036233, 0.420758291723803, 0, 0, 0, 0.1790559122037071, 0, 0, 0, 0, 0.4378267835156217, 0.4378267835156217, 0.453485130622044, 0, 0.5550578275339738, 0.4378267835156217, 0.5189199055603971, 0, 0, 0.4104655925890849, 0, 0, 0, 0, 0.3474698273513386, 0, 0, 0, 0.5185192361932303, 0.7257046772275269, 0.5567974026884356, 0.3634822124155496, 0, 0, 0, 0, 0, 0, 0, 0, 0, 0, 0, 0, 0, 0.3888253230774976, 0.2007347919124736, 0, 0, 0.6131269112661593, 0, 0],
  [0.990378298778554, 0.4077475464105395, 0.5230405252383257, 0.9754373705391268, 0.5254400462825957, 0.9657515738075745, 0.9039108913955894, 0.5814627751131602, 0.7572654301438261, 0.5435361787448965, 0.9183834108298247, 0.4794737452082942, 0.9819089589262564, 0.4422686728673388, 0.4307110884926241, 0.9681733924598067, 0.4904707244149872, 0.5750771275182164, 0.4890099486119776, 0.5750771275182164, 0.9488835116652966, 0.9108265260534393, 0.9217366495919724, 0.7545906891824428, 0.9933471876973408, 0.989535283580684, 0.9406153907508851, 0.941652545498458, 0.558697992899686, 0.558697992899686, 0.5435361787448965, 0.9754596902386685, 0.4439378255985248, 0.558697992899686, 0.4796789970259846, 0.9781778597277971, 0.9794520769087666, 0.5848694011207237, 0.8286201648579715, 0.9859761447068072, 0.8905532056176936, 0.924162490832432, 0.6418648535544369, 0.9532610646734517, 0.9634291986615013, 0.1380735261644004, 0.480161468342382, 0.2741965669044607, 0.4422686728673388, 0.6298203285923214, 0.9765430805402184, 0.9547069177395577, 0.9828249905319164, 0.57735421738015, 0.815366538211888, 0.9827035735282176, 0.9803033982656751, 0.9830111443476363, 0.9847072917573758, 0.9375193127810002, 0.9742761629142298, 0.9576235831532039, 0.4095751135715804, 0.6060015765185032, 0.7498635823874346, 0.975512804639414, 0.9948008005226787, 0.3864415798700853, 0.9936230393419311, 0.8583816917404054],
  [0.009621701221446167, 0.0005798070461541054, 0.002368323822635968, 0.02456262946087319, 0.002516466897186744, 0.03424842619242555, 0.09608910860441057, 0.005015055039478459, 0.2427345698561739, 0.002978690633059568, 0.08161658917017529, 0.5205262547917059, 0.01809104107374352, 0.0009339244442254698, 0.0007709294869055275, 0.03182660754019324, 0.001484029797573637, 0.004164580757980626, 0.001470127884399024, 0.004164580757980626, 0.05111648833470352, 0.08917347394656071, 0.07826335040802762, 0.06635339861385005, 0.006652812302659238, 0.01046471641931598, 0.05938460924911493, 0.05834745450154206, 0.003475223584692345, 0.003475223584692345, 0.002978690633059568, 0.02454030976133156, 0.001004346867501356, 0.003475223584692345, 0.0014010974136183, 0.02182214027220291, 0.02054792309123352, 0.004665006290191355, 0.1713798351420285, 0.01402385529319301, 0.1094467943823065, 0.07583750916756808, 0.01066531909422456, 0.04673893532654823, 0.03657080133849862, 0.8619264738355996, 0.001319295464387629, 9.875586801247921e-05, 0.0009339244442254698, 0.006697458992129188, 0.02345691945978164, 0.04529308226044222, 0.01717500946808371, 0.42264578261985, 0.1846334617881122, 0.01729642647178254, 0.01969660173432488, 0.01698885565236375, 0.01529270824262414, 0.06248068721899984, 0.02572383708577019, 0.04237641684679604, 0.5904248864284196, 0.005173100403999272, 0.04940162570009182, 0.02448719536058612, 0.005199199477321111, 0.0004315088637554973, 0.006376960658068945, 0.1416183082595946] 
  ],
 "analysis":{
   "authors":"Sergei L Kosakovsky Pond, Sadie Wisotsky",
   "citation":"*Gene-wide identification of episodic selection*, Mol Biol Evol. 32(5):1365-71",
   "contact":"spond@temple.edu",
   "info":"BUSTED-SMSH (branch-site unrestricted statistical test of episodic diversification) uses a random effects branch-site model fitted\njointly to all or a subset of tree branches in order to test for alignment-wide evidence of episodic diversifying selection and.\nAssuming there is evidence of positive selection (i.e. there is an omega > 1),  BUSTED will also perform a quick evidence-ratio\nstyle analysis to explore which individual sites may have been subject to selection. v2.0 adds support for synonymous rate variation,\nand relaxes the test statistic to 0.5 (chi^2_0 + chi^2_2). Version 2.1 adds a grid search for the initial starting point.\nVersion 2.2 changes the grid search to LHC, and adds an initial search phase to use adaptive Nedler-Mead.\n",
   "requirements":"in-frame codon alignment and a phylogenetic tree (optionally annotated with {})",
   "version":"2.2"
  },
 "background":0,
 "branch attributes":{
   "0":{
     "C10ORF114_ECHTE":{
       "MG94 with double and triple instantaneous substitutions":0.08548867269036929,
       "MG94 with double instantaneous substitutions":0.0855107700830916,
       "MG94xREV with separate rates for branch sets":0.08548867269036929,
       "Nucleotide GTR":0.08535718221643858,
       "original name":"C10ORF114_ECHTE",
       "unconstrained":0.09705765369947829
      },
     "C10ORF114_GGOR":{
       "MG94 with double and triple instantaneous substitutions":0,
       "MG94 with double instantaneous substitutions":0,
       "MG94xREV with separate rates for branch sets":0,
       "Nucleotide GTR":0,
       "original name":"C10ORF114_GGOR",
       "unconstrained":0
      },
     "C10ORF114_HUMAN":{
       "MG94 with double and triple instantaneous substitutions":0.00492655504255539,
       "MG94 with double instantaneous substitutions":0.004926016757231194,
       "MG94xREV with separate rates for branch sets":0.00492655504255539,
       "Nucleotide GTR":0.004878762548429154,
       "original name":"C10ORF114_HUMAN",
       "unconstrained":0.00499304774130896
      },
     "C10ORF114_PROCA":{
       "MG94 with double and triple instantaneous substitutions":0.08885549045277098,
       "MG94 with double instantaneous substitutions":0.08886942485677828,
       "MG94xREV with separate rates for branch sets":0.08885549045277098,
       "Nucleotide GTR":0.08608270500511085,
       "original name":"C10ORF114_PROCA",
       "unconstrained":0.1002087256132358
      },
     "C10ORF114_PTEVA":{
       "MG94 with double and triple instantaneous substitutions":0.05959896146370264,
       "MG94 with double instantaneous substitutions":0.05963854113389661,
       "MG94xREV with separate rates for branch sets":0.05959896146370264,