{
 "Evidence Ratios":{
   "constrained":    [
[1, 1, 1.000000000000001, 1.000000000000001, 1, 0.9999999999999996, 1, 1, 1.000000000000002, 1.000000000000003, 1, 4.625360817162022, 0.8546372914997935, 0.8175234725471946, 0.8647799292926771, 2.154552011397257, 0.8913796678926504, 0.9035422843885526, 1, 1, 1.000000000000001, 0.9999999999999996, 1, 1.000000000000001, 0.8443578676470084, 0.8643478241126075, 0.8610069617354529, 0.8642738829309432, 1.979117955696351, 0.8452310180181626, 0.8523602349068806, 1.973291632604632, 0.8523602349068806, 0.7143783797231769, 0.8523602349068806, 1.890570065528113, 0.9134977521365324, 0.9256901528777235, 0.9438195810011099, 0.9251705586753544] 
    ],
   "optimized null":    [
[0.9999999999999996, 1, 0.9999999999999982, 0.9999999999999991, 0.9999999999999987, 0.9999999999999987, 0.9999999999999991, 0.9999999999999996, 0.9999999999999982, 1.000000000000002, 0.9999999999999996, 1.328681055629284, 1.050297029062022, 0.9511930015090843, 0.5611161160566512, 1.233110939948906, 0.9925322961454789, 1.006331180392011, 0.9999999999999996, 0.9999999999999996, 1, 1, 0.9999999999999991, 0.9999999999999991, 1.014122473014158, 1.066434361538553, 0.9673177595760778, 0.9915493070015228, 1.030513405016384, 1.009450551735403, 1.012182346749328, 1.220528376242352, 1.012182346749328, 0.9378880644332745, 1.012182346749328, 1.197773104636017, 1.004399371617738, 1.021195173969225, 1.002993099629729, 0.9833365956214292] 
    ]
  },
 "Site Log Likelihood":{
   "constrained":    [
[-3.560817814328431, -4.09197334439822, -5.604868935145571, -4.134387001615364, -3.272080086058049, -3.678069715318913, -4.334090468497792, -3.233813743184657, -4.354684731588778, -4.763408510926659, -3.908733653647687, -15.64968665264919, -4.903663556426294, -4.00288301252326, -8.802264665982062, -9.105393555122646, -3.677937228589991, -3.392850380757557, -3.908733653647687, -3.908733653647687, -4.09197334439822, -3.657475452227929, -4.702600570908031, -3.669284538142706, -4.461097116062437, -4.706627010375525, -4.165689880201989, -4.486808264621345, -9.652552698304831, -3.466931081814259, -3.451013671081808, -10.03332009376624, -3.451013671081808, -4.755410658311279, -3.451013671081808, -10.69926125978017, -4.774718671931243, -5.023479164219726, -3.344865622146159, -4.354682379616048] 
    ],
   "optimized null":    [
[-3.560817814328431, -4.09197334439822, -5.604868935145569, -4.134387001615362, -3.272080086058048, -3.678069715318912, -4.334090468497791, -3.233813743184657, -4.354684731588774, -4.763408510926658, -3.908733653647686, -14.40231903289576, -5.109814685932746, -4.154320385378789, -8.369717473020692, -8.547350932282317, -3.78542632975137, -3.500593972813576, -3.908733653647686, -3.908733653647686, -4.09197334439822, -3.65747545222793, -4.702600570908031, -3.669284538142704, -4.644299656457962, -4.916727738721591, -4.282114335133911, -4.624187228343655, -8.999958559301836, -3.644482551344506, -3.622868440839311, -9.552900926154839, -3.622868440839311, -5.027628500344762, -3.622868440839311, -10.24284694084204, -4.869582758485296, -5.121668553204, -3.405674504294812, -4.415655749585183] 
    ],
   "unconstrained":    [
[-3.560817814328431, -4.09197334439822, -5.60486893514557, -4.134387001615363, -3.272080086058049, -3.678069715318914, -4.334090468497792, -3.233813743184657, -4.354684731588776, -4.763408510926657, -3.908733653647687, -14.11813227020625, -5.060741676946708, -4.20435867655023, -8.947544887404501, -8.337810736520012, -3.792922056504627, -3.494282750151113, -3.908733653647687, -3.908733653647687, -4.09197334439822, -3.65747545222793, -4.702600570908031, -3.669284538142705, -4.630275976517292, -4.852407027360454, -4.315342569149766, -4.632673830898415, -8.969901429773744, -3.635076376700245, -3.610759701670412, -9.353617065887748, -3.610759701670412, -5.091753171734462, -3.610759701670412, -10.06238285421484, -4.865193035813691, -5.100694872672881, -3.402685875069756, -4.432459550325953] 
    ]
  },
 "Synonymous site-posteriors":  [
[1, 1, 1, 1, 1, 1, 1, 1, 1, 1, 1, 1, 0.9999999999999999, 0.9999999999999999, 1, 1, 1, 1, 1, 1, 1, 1, 1, 1, 1, 1, 0.9999999999999999, 1, 1, 1, 1, 1, 1, 1, 1, 0.9999999999999999, 1, 1, 1, 1],
  [0, 0, 0, 0, 0, 0, 0, 0, 0, 0, 0, 0, 0, 0, 0, 0, 0, 0, 0, 0, 0, 0, 0, 0, 0, 0, 0, 0, 0, 0, 0, 0, 0, 0, 0, 0, 0, 0, 0, 0],
  [0, 0, 0, 0, 0, 0, 0, 0, 0, 0, 0, 0, 0, 0, 0, 0, 0, 0, 0, 0, 0, 0, 0, 0, 0, 0, 0, 0, 0, 0, 0, 0, 0, 0, 0, 0, 0, 0, 0, 0] 
  ],
 "analysis":{
   "authors":"Sergei L Kosakovsky Pond, Sadie Wisotsky",
   "citation":"*Gene-wide identification of episodic selection*, Mol Biol Evol. 32(5):1365-71",
   "contact":"spond@temple.edu",
   "info":"BUSTED-SMSH (branch-site unrestricted statistical test of episodic diversification) uses a random effects branch-site model fitted\njointly to all or a subset of tree branches in order to test for alignment-wide evidence of episodic diversifying selection and.\nAssuming there is evidence of positive selection (i.e. there is an omega > 1),  BUSTED will also perform a quick evidence-ratio\nstyle analysis to explore which individual sites may have been subject to selection. v2.0 adds support for synonymous rate variation,\nand relaxes the test statistic to 0.5 (chi^2_0 + chi^2_2). Version 2.1 adds a grid search for the initial starting point.\nVersion 2.2 changes the grid search to LHC, and adds an initial search phase to use adaptive Nedler-Mead.\n",
   "requirements":"in-frame codon alignment and a phylogenetic tree (optionally annotated with {})",
   "version":"2.2"
  },
 "background":0,
 "branch attributes":{
   "0":{
     "ENSORLP00000008233":{
       "MG94 with double and triple instantaneous substitutions":0.02884427690455702,
       "MG94 with double instantaneous substitutions":0.02885050828585879,
       "MG94xREV with separate rates for branch sets":0.02884427690455702,
       "Nucleotide GTR":0.02876686401995091,
       "constrained":0.02883476193988149,
       "original name":"ENSORLP00000008233",
       "unconstrained":0.0296369588316347
      },
     "ENSORLP00000010345":{
       "MG94 with double and triple instantaneous substitutions":0.01839433777270251,
       "MG94 with double instantaneous substitutions":0.01837383679936335,
       "MG94xREV with separate rates for branch sets":0.01839433777270251,
       "Nucleotide GTR":0.01817192784327563,
       "constrained":0.01823118771064285,
       "original name":"ENSORLP00000010345",
       "unconstrained":0.01842227349708494
      },
     "ENSORLP00000015303":{
       "MG94 with double and triple instantaneous substitutions":0,
       "MG94 with double instantaneous substitutions":0,
       "MG94xREV with separate rates for branch sets":0,
       "Nucleotide GTR":0.009632906268447787,
       "constrained":0.004848732194049446,
       "original name":"ENSORLP00000015303",
       "unconstrained":0.001907739998432266
      },
     "ENSORLP00000017302":{
       "MG94 with double and triple instantaneous substitutions":0.01823657977944123,
       "MG94 with double instantaneous substitutions":0.0182175080444618,
       "MG94xREV with separate rates for branch sets":0.01823657977944123,
       "Nucleotide GTR":0.01807379158614957,
       "constrained":0.01832090097302028,
       "original name":"ENSORLP00000017302",
       "unconstrained":0.01818802551643966
      },
     "ENSORLP00000023664":{
       "MG94 with double and triple instantaneous substitutions":0.01493264901440239,
       "MG94 with double instantaneous substitutions":0.01493301091870753,
       "MG94xREV with separate rates for branch sets":0.01493264901440239,
       "Nucleotide GTR":0.01461962581172713,
       "constrained":0.01481110151273055,
       "original name":"ENSORLP00000023664",
       "unconstrained":0.01497934941901327
      },
     "ENSORLP00000024107":{
       "MG94 with double and triple instantaneous substitutions":0,
       "MG94 with double instantaneous substitutions":0,
       "MG94xREV with separate rates for branch sets":0,