{
 "Evidence Ratios":{
  },
 "Site Log Likelihood":{
   "unconstrained":    [
[-8.795131888173023, -8.106173423108164, -10.02109805242456, -6.954573914039128, -4.371493869063234, -4.788902520136619, -9.159133662709458, -5.216655282032652, -11.15653544070532, -4.947509087290416, -14.27856239404368, -12.89002492909624, -11.17247274250022, -11.70331826217309, -4.436069925192335, -10.10940814339243, -8.09504073499812, -5.136188587796069, -8.289459671754825, -5.216655282032652, -10.94865470846373, -13.17852961036749, -4.419850063410447, -4.790635984589358, -4.866285718834731, -14.90533831184191, -6.57516017272408, -4.764218080474775, -4.866285718834731, -5.136188587796069, -4.801665115812359, -5.211092399030665, -8.933721549572578, -9.243003291670792, -4.446230525945511, -4.436069925192335, -4.868862303521332, -9.813784180572812, -12.80871203011103, -4.560043259476977, -8.506214032312101, -10.70748682068357, -8.672738600368488, -9.783875135385713, -10.88856426625863, -9.530531738631524, -6.967559841353127, -14.03936096840449, -6.890787284350051, -5.136188587796069, -4.436069925192335, -4.851872210891131, -4.905186463637922, -4.289241494958606, -4.512376179720634, -4.165614540520851, -4.333251786111703, -7.108785161350361, -4.529858245115827, -4.830720318392211, -4.764218080474775, -8.134254702519121, -5.306055270470608, -8.447326421905283, -4.747998910499539, -4.764218080474775, -9.465759968591648, -4.28782995238011, -10.38306238526365, -6.794170294966595, -5.057692533275421, -5.200851250504802, -4.998265946552704, -4.436069925192335, -4.830720318392211, -10.89662429755233, -11.46695627857563, -5.315700635488475, -13.35793482123787, -7.126520069842874, -10.98923256164169, -6.936423923428065, -5.123935463692525, -4.82868398846695, -10.85159517310676, -10.76594404551681, -7.307871195206068, -7.541445299418214, -5.013418391155622, -6.51371519439312, -4.718154560680304, -9.954362156874737, -14.44328747247054, -6.897459667562225, -5.211092399030665, -8.884954002540445, -15.60862465831422, -11.40597303422238, -11.46842915290824, -7.477586052824221, -12.46204764644851, -5.474475136285086, -6.844434279620861, -7.493521831097177, -4.419850063410447, -4.696525323210054] 
    ]
  },
 "Synonymous site-posteriors":  [
[0, 0, 0, 0, 0.3902019931009208, 0.4055343460790273, 0, 0.4252088834015205, 0, 0.3972715062488321, 0, 0, 0, 0, 0.3899538819889471, 0, 0, 0.4324683963873198, 0, 0.4252088834015205, 0, 0, 0.2598939154843812, 0.2714027399060486, 0.4242012985443108, 0, 0, 0.4137252412209214, 0.4242012985443108, 0.4324683963873198, 0.4101233585391923, 0.4170547682932513, 0, 0, 0.3761537427899635, 0.3899538819889471, 0.2646789413076137, 0, 0, 0.3979043399831773, 0, 0, 0, 0, 0, 0, 0, 0, 0, 0.4324683963873198, 0.3899538819889471, 0.4067440128063196, 0.4222552253446634, 0.1933458591138327, 0.2571056356756127, 0.2512807385200371, 0.2376937402146282, 0, 0.2988584841383867, 0.4170571510389827, 0.4137252412209214, 0, 0.4544205671899429, 0, 0.3598654327281314, 0.4137252412209214, 0, 0.2569326419227044, 0, 0, 0.4255841930340673, 0.4322308424694855, 0.403176956545804, 0.3899538819889471, 0.4170571510389827, 0, 0, 0.4061714328147025, 0, 0, 0, 0, 0.4272016404578513, 0.4175146221628987, 0, 0, 0, 0, 0.4286836094220821, 0, 0.4147103519928385, 0, 0, 0, 0.4170547682932513, 0, 0, 0, 0, 0, 0, 0.4460083653386875, 0, 0, 0.2598939154843812, 0.2689976946578875],
  [1, 1, 1, 0.9999999999999999, 0.5029323523166288, 0.4834008871703005, 0.9999999999999999, 0.4583380321386477, 1, 0.4939266928560682, 1, 1, 1, 1, 0.5032484142767761, 1, 1, 0.4490903370807577, 1, 0.4583380321386477, 1, 1, 0.668928248699052, 0.6542674720140914, 0.4596215669326001, 1, 1, 0.4729667298554004, 0.4596215669326001, 0.4490903370807577, 0.4775550696985942, 0.4687253363745809, 1, 0.9999999999999999, 0.5208280341931912, 0.5032484142767761, 0.6628327351647498, 1, 1, 0.4931205432687585, 0.9999999999999999, 1, 0.9999999999999999, 1, 1, 1, 1, 0.9999999999999999, 1, 0.4490903370807577, 0.5032484142767761, 0.481859925808628, 0.462100616360003, 0.7537019977389591, 0.6724801620929675, 0.6799003392789168, 0.6972084448400302, 0.9999999999999999, 0.6192923503021045, 0.4687223010599575, 0.4729667298554004, 0.9999999999999999, 0.4211260670479768, 1, 0.5415772669247584, 0.4729667298554004, 1, 0.6727005341037269, 1, 1, 0.4578599354617946, 0.449392950520011, 0.4864039012262783, 0.5032484142767761, 0.4687223010599575, 1, 1, 0.4825893198009085, 1, 1, 1, 1, 0.4557995134229357, 0.4681395411062194, 1, 1, 1, 1, 0.4539116736886075, 1, 0.4717118241840763, 1, 1, 1, 0.4687253363745809, 1, 1, 1, 1, 1, 1, 0.4318421409275884, 1, 1, 0.668928248699052, 0.6573311933820298],
  [0, 0, 0, 0, 0.1068656545824504, 0.1110647667506724, 0, 0.116453084459832, 0, 0.1088018008950998, 0, 0, 0, 0, 0.1067977037342768, 0, 0, 0.1184412665319226, 0, 0.116453084459832, 0, 0, 0.07117783581656673, 0.07432978807985995, 0.1161771345230893, 0, 0, 0.113308028923678, 0.1161771345230893, 0.1184412665319226, 0.1123215717622134, 0.1142198953321679, 0, 0, 0.1030182230168452, 0.1067977037342768, 0.07248832352763646, 0, 0, 0.1089751167480641, 0, 0, 0, 0, 0, 0, 0, 0, 0, 0.1184412665319226, 0.1067977037342768, 0.1113960613850523, 0.1156441582953336, 0.05295214314720835, 0.07041420223141993, 0.06881892220104591, 0.0650978149453415, 0, 0.08184916555950879, 0.1142205479010599, 0.113308028923678, 0, 0.1244533657620803, 0, 0.09855730034711035, 0.113308028923678, 0, 0.07036682397356865, 0, 0, 0.1165558715041382, 0.1183762070105033, 0.1104191422279176, 0.1067977037342768, 0.1142205479010599, 0, 0, 0.1112392473843889, 0, 0, 0, 0, 0.1169988461192132, 0.114345836730882, 0, 0, 0, 0, 0.1174047168893105, 0, 0.1135778238230852, 0, 0, 0, 0.1142198953321679, 0, 0, 0, 0, 0, 0, 0.122149493733724, 0, 0, 0.07117783581656673, 0.07367111196008247] 
  ],
 "analysis":{
   "authors":"Sergei L Kosakovsky Pond, Sadie Wisotsky",
   "citation":"*Gene-wide identification of episodic selection*, Mol Biol Evol. 32(5):1365-71",
   "contact":"spond@temple.edu",
   "info":"BUSTED-SMSH (branch-site unrestricted statistical test of episodic diversification) uses a random effects branch-site model fitted\njointly to all or a subset of tree branches in order to test for alignment-wide evidence of episodic diversifying selection and.\nAssuming there is evidence of positive selection (i.e. there is an omega > 1),  BUSTED will also perform a quick evidence-ratio\nstyle analysis to explore which individual sites may have been subject to selection. v2.0 adds support for synonymous rate variation,\nand relaxes the test statistic to 0.5 (chi^2_0 + chi^2_2). Version 2.1 adds a grid search for the initial starting point.\nVersion 2.2 changes the grid search to LHC, and adds an initial search phase to use adaptive Nedler-Mead.\n",
   "requirements":"in-frame codon alignment and a phylogenetic tree (optionally annotated with {})",
   "version":"2.2"
  },
 "background":0,
 "branch attributes":{
   "0":{
     "AC003101_1_HUMAN":{
       "MG94 with double and triple instantaneous substitutions":0.003163757795197869,
       "MG94 with double instantaneous substitutions":0.003163450134465962,
       "MG94xREV with separate rates for branch sets":0.003163757795197869,
       "Nucleotide GTR":0.003142216126431755,
       "original name":"AC003101.1_HUMAN",
       "unconstrained":0.003159602718876659
      },
     "ENSCJAP00000025912":{
       "MG94 with double and triple instantaneous substitutions":0.05033951852128631,
       "MG94 with double instantaneous substitutions":0.05022726820437043,
       "MG94xREV with separate rates for branch sets":0.05033951852128631,
       "Nucleotide GTR":0.0519849402793087,
       "original name":"ENSCJAP00000025912",
       "unconstrained":0.0556563501959539
      },
     "ENSFCAP00000015337":{
       "MG94 with double and triple instantaneous substitutions":0.198352728793192,
       "MG94 with double instantaneous substitutions":0.2010107117406128,