{
 "Evidence Ratios":{
  },
 "Site Log Likelihood":{
   "unconstrained":    [
[-15.94712904534278, -16.63210345022192, -11.37662203888506, -11.10271904897265, -8.8137095866682, -13.73950662358871, -9.615933012382856, -15.11330381817612, -13.54990185006596, -8.310820548008696, -14.76107022337394, -5.623917812747576, -11.11803041616891, -15.73488620597587, -4.943884087334141, -5.110190775643125, -7.222055503514375, -13.74996341437633, -8.484579532231816, -14.51109039690506, -4.74692368862475, -14.89910650627354, -18.64379434259063, -12.02294441395891, -9.59951490122809, -4.689804528304319, -5.47981492795762, -4.949614316265899, -10.93716858004195, -8.269958226727903, -19.48535182880459, -9.669901005448734, -8.842808661897475, -9.458026024321299, -5.767305723206377, -5.920592832409144, -19.0583088049535, -10.35086588663519, -15.48097701727802, -13.2348006667587, -10.54658853195857, -16.10252273077356, -4.74692368862475, -14.67669764650953, -4.389186956333263, -13.07102198356135, -12.3376918890847, -10.84225736408952, -10.88536451650072, -8.722816985130516, -9.481438053645112, -5.137366680533352, -5.388605018356886, -9.835676644955521, -5.43663978729565, -5.963569726107543, -5.566416198088774, -11.92959565672557] 
    ]
  },
 "Synonymous site-posteriors":  [
[0.9502842284774821, 0.9873207004690029, 0.4494659952927303, 0.7903407870581936, 0.5289255495145936, 0.8168951709670716, 0.5310813781951556, 0.7904658618925212, 0.8803439335896428, 0.5067720914812169, 0.9453445447679041, 0.214302898735954, 0.8467800765652755, 0.9883038644880808, 0.2353944833813342, 0.3864479273398497, 0.5134381182193777, 0.8247417805821706, 0.4670803320894893, 0.9481441412568247, 0.2176168932365747, 0.9479070976649168, 0.9857720202176823, 0.8486419880005042, 0.5536575790554603, 0.2449972803373686, 0.2568596395935265, 0.2830104592396428, 0.5913451911320454, 0.6607005880951113, 0.9903564179689317, 0.4841448377303916, 0.5895070248405366, 0.5372662885561857, 0.2061860708546943, 0.2355300144779695, 0.9451901682424927, 0.4176319550179677, 0.9347979932231781, 0.926206478797357, 0.4680924637798726, 0.9861912928706958, 0.2176168932365747, 0.9351119413675248, 0.6058471385677987, 0.5692755670904179, 0.8206831758284953, 0.8367469517717142, 0.82463696681385, 0.4665801773193195, 0.5650900587846895, 0.3011352057720357, 0.1719632997225381, 0.6046650004310162, 0.1824229117907815, 0.1479542456947756, 0.203833408944277, 0.773509605471304],
  [0.007149210432326794, 0.0018003892449754, 0.08132023134700418, 0.03056140768889706, 0.06947143660562638, 0.02667234741015233, 0.06915227704500633, 0.03054499288223345, 0.01737882149184096, 0.07276414440560129, 0.007862429866175746, 0.1173414382999424, 0.02229636319006618, 0.001660145045511721, 0.1141405829172565, 0.09128511440790714, 0.07178015774072735, 0.02552109320914752, 0.0786906704222681, 0.007458475084618084, 0.1168519475322055, 0.007492581197240273, 0.002021518835796651, 0.0220209391943174, 0.06580385958624119, 0.1126811540008013, 0.1108767700939977, 0.1069153584928905, 0.06021188829757264, 0.04991834006459822, 0.001367545521377906, 0.0761509003407445, 0.06046928880480693, 0.06824110312110372, 0.1185826594706848, 0.114106603587593, 0.007884068861478031, 0.08606563772348658, 0.009387773122594005, 0.01063168231380013, 0.07853266487109307, 0.001961613914597835, 0.1168519475322055, 0.009342347122717089, 0.05840557925514898, 0.06347576023628711, 0.02611592571952755, 0.02376356058816615, 0.02553847072310063, 0.07876168335443605, 0.06410246837958412, 0.1041568586978003, 0.1238296690472038, 0.05822082182048004, 0.1222243782606312, 0.1275202653730227, 0.1189452322770878, 0.03302876360168513],
  [0.04256656109019119, 0.01087891028602171, 0.4692137733602655, 0.1790978052529094, 0.4016030138797802, 0.1564324816227759, 0.3997663447598381, 0.1789891452252454, 0.1022772449185162, 0.4204637641131818, 0.04679302536592026, 0.6683556629641034, 0.1309235602446581, 0.01003599046640736, 0.6504649337014093, 0.5222669582522431, 0.4147817240398949, 0.149737126208682, 0.4542289974882426, 0.04439738365855722, 0.6655311592312199, 0.04460032113784297, 0.01220646094652096, 0.1293370728051783, 0.3805385613582985, 0.6423215656618301, 0.632263590312476, 0.6100741822674666, 0.3484429205703821, 0.2893810718402903, 0.008276036509690384, 0.439704261928864, 0.3500236863546564, 0.3944926083227105, 0.675231269674621, 0.6503633819344375, 0.04692576289602936, 0.4963024072585457, 0.05581423365422791, 0.06316183888884289, 0.4533748713490343, 0.01184709321470633, 0.6655311592312199, 0.055545711509758, 0.3357472821770525, 0.367248672673295, 0.1532008984519771, 0.1394894876401195, 0.1498245624630495, 0.4546581393262444, 0.3708074728357265, 0.5947079355301639, 0.7042070312302581, 0.3371141777485037, 0.6953527099485872, 0.7245254889322017, 0.6772213587786352, 0.193461630927011] 
  ],
 "analysis":{
   "authors":"Sergei L Kosakovsky Pond, Sadie Wisotsky",
   "citation":"*Gene-wide identification of episodic selection*, Mol Biol Evol. 32(5):1365-71",
   "contact":"spond@temple.edu",
   "info":"BUSTED-SMSH (branch-site unrestricted statistical test of episodic diversification) uses a random effects branch-site model fitted\njointly to all or a subset of tree branches in order to test for alignment-wide evidence of episodic diversifying selection and.\nAssuming there is evidence of positive selection (i.e. there is an omega > 1),  BUSTED will also perform a quick evidence-ratio\nstyle analysis to explore which individual sites may have been subject to selection. v2.0 adds support for synonymous rate variation,\nand relaxes the test statistic to 0.5 (chi^2_0 + chi^2_2). Version 2.1 adds a grid search for the initial starting point.\nVersion 2.2 changes the grid search to LHC, and adds an initial search phase to use adaptive Nedler-Mead.\n",
   "requirements":"in-frame codon alignment and a phylogenetic tree (optionally annotated with {})",
   "version":"2.2"
  },
 "background":0,
 "branch attributes":{
   "0":{
     "ENSCJAP00000042361":{
       "MG94 with double and triple instantaneous substitutions":0.09076943931186672,
       "MG94 with double instantaneous substitutions":0.09073880544861192,
       "MG94xREV with separate rates for branch sets":0.09076943931186672,
       "Nucleotide GTR":0.08747325030724712,
       "original name":"ENSCJAP00000042361",
       "unconstrained":0.09872174900809351
      },
     "ENSGGOP00000010915":{
       "MG94 with double and triple instantaneous substitutions":0.006015894150267757,
       "MG94 with double instantaneous substitutions":0.00601624685270782,
       "MG94xREV with separate rates for branch sets":0.006015894150267757,
       "Nucleotide GTR":0.005893654329223831,
       "original name":"ENSGGOP00000010915",
       "unconstrained":0.006065895875419451
      },
     "ENSNLEP00000000789":{
       "MG94 with double and triple instantaneous substitutions":0.02214387728112025,
       "MG94 with double instantaneous substitutions":0.02213253552530667,
       "MG94xREV with separate rates for branch sets":0.02214387728112025,
       "Nucleotide GTR":0.02073134443222557,
       "original name":"ENSNLEP00000000789",
       "unconstrained":0.02221358316624621
      },
     "ENSPPYP00000005981":{
       "MG94 with double and triple instantaneous substitutions":0.02814424985668743,
       "MG94 with double instantaneous substitutions":0.02814661143620968,
       "MG94xREV with separate rates for branch sets":0.02814424985668743,
       "Nucleotide GTR":0.02676182698021662,
       "original name":"ENSPPYP00000005981",
       "unconstrained":0.02862906788492913
      },
     "ENSPTRP00000009791":{
       "MG94 with double and triple instantaneous substitutions":0.01204338549099918,
       "MG94 with double instantaneous substitutions":0.01204241899262366,
       "MG94xREV with separate rates for branch sets":0.01204338549099918,
       "Nucleotide GTR":0.01181125674232365,
       "original name":"ENSPTRP00000009791",
       "unconstrained":0.0121811413243703
      },