{
 "Evidence Ratios":{
  },
 "Site Log Likelihood":{
   "unconstrained":    [
[-15.41960426353233, -9.660091209779534, -14.03061106378789, -7.806128466049226, -6.931950806616703, -12.96782777128793, -8.240312135690131, -5.165739880081945, -10.89327624630737, -14.3806945613985, -11.06410766734856, -15.37307837539185, -7.488679187257397, -14.49525820236633, -15.51117661955054, -5.730005785068579, -4.412083387173431, -8.534347578104274, -5.302650262379197, -13.65064661969551, -23.75263056960933, -15.77412998305416, -11.18741290094342, -11.27562439485678, -4.289479364384182, -14.10883050745268, -4.289479364384182, -8.506554016512551, -17.98291745380766, -6.519578972583463, -15.75699304278534, -11.96684042574805, -10.48469894169337, -11.80162208938038, -9.370153597619201, -6.653764368365689, -10.44542822575534, -16.84300022703057, -12.61396800463703, -6.838058781493997, -9.755780449224345, -12.00805425993731, -18.33986082754582, -8.586175656014703, -6.175787541468695, -8.706844997399349, -21.91001085408987, -8.373263382244364, -6.053859788701669] 
    ]
  },
 "Synonymous site-posteriors":  [
[0.06844268405913542, 0.1510282518828193, 0.01745344539189559, 0.1203073539058093, 0.1237955429469124, 0.01271186865381727, 0.04120797971688041, 0.2290848922567589, 0.009433326926054246, 0.0008034264548156243, 0.06751449725758296, 0.002428236235185572, 0.6567392615561789, 0.02508283599414694, 0.003767554906518183, 0.5616781090317701, 0.4125180668901867, 0.03182771158836945, 0.4781678584243822, 0.01457755359739678, 0.0007429027078263217, 0.0375853604035654, 0.7044452334972707, 0.03526031975217735, 0.4466427676910689, 0.009858042503246154, 0.4466427676910689, 0.1086641573430126, 0.00209551181291784, 0.7348807722634326, 0.002235825716288209, 0.05977449863302216, 0.3256797283387249, 0.01956391026214442, 0.4764666850013422, 0.3031058123518282, 0.1014570004964832, 0.01266319967826041, 0.009898349062709939, 0.5740106397529201, 0.01611408177080649, 0.0643688953895957, 0.002924822041165826, 0.1176987708021087, 0.2105629755042489, 0.04003853828270323, 0.003407498401239367, 0.1323282930243314, 0.7269386532207389],
  [0, 0, 0, 0, 0, 0, 0, 0, 0, 0, 0, 0, 0, 0, 0, 0, 0, 0, 0, 0, 0, 0, 0, 0, 0, 0, 0, 0, 0, 0, 0, 0, 0, 0, 0, 0, 0, 0, 0, 0, 0, 0, 0, 0, 0, 0, 0, 0, 0],
  [0.9315573159408645, 0.8489717481171807, 0.9825465546081045, 0.8796926460941907, 0.8762044570530875, 0.9872881313461828, 0.9587920202831195, 0.7709151077432411, 0.9905666730739457, 0.9991965735451842, 0.932485502742417, 0.9975717637648144, 0.343260738443821, 0.974917164005853, 0.9962324450934817, 0.43832189096823, 0.5874819331098133, 0.9681722884116307, 0.5218321415756177, 0.9854224464026032, 0.9992570972921738, 0.9624146395964345, 0.2955547665027292, 0.9647396802478226, 0.553357232308931, 0.9901419574967538, 0.553357232308931, 0.8913358426569874, 0.9979044881870821, 0.2651192277365674, 0.9977641742837117, 0.9402255013669779, 0.6743202716612751, 0.9804360897378555, 0.5235333149986579, 0.6968941876481717, 0.8985429995035169, 0.9873368003217395, 0.9901016509372901, 0.4259893602470798, 0.9838859182291936, 0.9356311046104042, 0.9970751779588343, 0.8823012291978914, 0.789437024495751, 0.9599614617172968, 0.9965925015987607, 0.8676717069756685, 0.2730613467792611] 
  ],
 "analysis":{
   "authors":"Sergei L Kosakovsky Pond, Sadie Wisotsky",
   "citation":"*Gene-wide identification of episodic selection*, Mol Biol Evol. 32(5):1365-71",
   "contact":"spond@temple.edu",
   "info":"BUSTED-SMSH (branch-site unrestricted statistical test of episodic diversification) uses a random effects branch-site model fitted\njointly to all or a subset of tree branches in order to test for alignment-wide evidence of episodic diversifying selection and.\nAssuming there is evidence of positive selection (i.e. there is an omega > 1),  BUSTED will also perform a quick evidence-ratio\nstyle analysis to explore which individual sites may have been subject to selection. v2.0 adds support for synonymous rate variation,\nand relaxes the test statistic to 0.5 (chi^2_0 + chi^2_2). Version 2.1 adds a grid search for the initial starting point.\nVersion 2.2 changes the grid search to LHC, and adds an initial search phase to use adaptive Nedler-Mead.\n",
   "requirements":"in-frame codon alignment and a phylogenetic tree (optionally annotated with {})",
   "version":"2.2"
  },
 "background":0,
 "branch attributes":{
   "0":{
     "ENSAMEP00000020536":{
       "MG94 with double and triple instantaneous substitutions":0.05163188234418625,
       "MG94 with double instantaneous substitutions":0.05165075709109288,
       "MG94xREV with separate rates for branch sets":0.05163188234418625,
       "Nucleotide GTR":0.04350533919221635,
       "original name":"ENSAMEP00000020536",
       "unconstrained":0.05383292154102742
      },
     "ENSCJAP00000046548":{
       "MG94 with double and triple instantaneous substitutions":0.05676356895925948,
       "MG94 with double instantaneous substitutions":0.05675640793359574,
       "MG94xREV with separate rates for branch sets":0.05676356895925948,
       "Nucleotide GTR":0.05244783893338001,
       "original name":"ENSCJAP00000046548",
       "unconstrained":0.05646181516508395
      },
     "ENSLACP00000005436":{
       "MG94 with double and triple instantaneous substitutions":0.5454333571305688,
       "MG94 with double instantaneous substitutions":0.5443120008258018,
       "MG94xREV with separate rates for branch sets":0.5454333571305688,
       "Nucleotide GTR":0.2173937203838305,
       "original name":"ENSLACP00000005436",
       "unconstrained":0.7078415641943941
      },
     "ENSMLUP00000022291":{
       "MG94 with double and triple instantaneous substitutions":0.03269606536670042,
       "MG94 with double instantaneous substitutions":0.03269414070584049,
       "MG94xREV with separate rates for branch sets":0.03269606536670042,
       "Nucleotide GTR":0.0281690642677867,
       "original name":"ENSMLUP00000022291",
       "unconstrained":0.03486703520824685
      },
     "ENSMODP00000033742":{
       "MG94 with double and triple instantaneous substitutions":0.03550562745393247,
       "MG94 with double instantaneous substitutions":0.03550729333771682,
       "MG94xREV with separate rates for branch sets":0.03550562745393247,
       "Nucleotide GTR":0.03886627047033362,
       "original name":"ENSMODP00000033742",
       "unconstrained":0.03463312558708936
      },
     "ENSOANP00000015934":{
       "MG94 with double and triple instantaneous substitutions":0.1390533767734011,
       "MG94 with double instantaneous substitutions":0.1390182228309098,
       "MG94xREV with separate rates for branch sets":0.1390533767734011,
       "Nucleotide GTR":0.08768342509478257,
       "original name":"ENSOANP00000015934",
       "unconstrained":0.1502049222496856
      },
     "ENSOCUP00000024827":{
       "MG94 with double and triple instantaneous substitutions":0.08187674795118183,
       "MG94 with double instantaneous substitutions":0.08186029596923478,
       "MG94xREV with separate rates for branch sets":0.08187674795118183,
       "Nucleotide GTR":0.06779972752467209,
       "original name":"ENSOCUP00000024827",
       "unconstrained":0.08589025074291246
      },
     "ENSSHAP00000001292":{
       "MG94 with double and triple instantaneous substitutions":0.08637959648182575,
       "MG94 with double instantaneous substitutions":0.08636176586064891,
       "MG94xREV with separate rates for branch sets":0.08637959648182575,
       "Nucleotide GTR":0.06335372990181992,
       "original name":"ENSSHAP00000001292",
       "unconstrained":0.09535662871653325
      },
     "ENSSSCP00000024991":{
       "MG94 with double and triple instantaneous substitutions":0.03070646297534756,
       "MG94 with double instantaneous substitutions":0.03070815161263944,
       "MG94xREV with separate rates for branch sets":0.03070646297534756,
       "Nucleotide GTR":0.02806288393540197,
       "original name":"ENSSSCP00000024991",