{
 "Evidence Ratios":{
  },
 "Site Log Likelihood":{
   "unconstrained":    [
[-3.402323029656037, -3.667661376888177, -3.629023307341078, -4.55440980335535, -3.389387848822505, -3.498915021030203, -4.817013452336623, -5.409082357595977, -4.4656082204074, -7.453582510807668, -7.463987515661379, -7.559013857678982, -7.606662891254657, -6.542234678276045, -8.32987005187395, -6.245707131593709, -4.410298445562015, -6.990536280667019, -18.04385066420237, -5.269166411404812, -10.83538028619202, -6.307445525755713, -6.468614070643493, -10.47541663495083, -4.283693354402858, -10.63539138918939, -17.98575721554156, -5.390996064260716, -7.010932367396421, -8.594528477701067, -15.14830859089855, -4.708942363493049, -8.63018300394697, -6.525494974435341, -14.31265518959221, -6.32406845735745, -14.14029373323841, -5.25185750681361, -5.419944749365801, -6.218364787247846, -4.35511533090355, -4.708942363493049, -11.5096956372391, -8.319380376960385, -6.307445525755713, -4.593363529863248, -5.439485703138585, -9.446289062553321, -8.564606076432232, -6.754517775519363, -7.520148190354858, -8.661367357954219, -4.755176004427959, -10.3122146669936, -7.07330364717604, -13.15276815678186, -14.13471216881463, -4.708942363493049, -9.439146397743377, -14.92846096106061, -4.407610328168435, -4.410298445562015, -7.07330364717604, -6.718811670355044, -8.257003661086495, -11.4420653201903, -6.452074405071424, -7.366497875622033, -8.837246121112052, -4.283693354402858, -4.283693354402858, -7.766159957825587, -6.25743357661498, -5.104237289075476, -6.472672719546201, -4.228184917369346, -5.871234432765442] 
    ]
  },
 "Synonymous site-posteriors":  [
[0.1895852744151645, 0.2029456133085662, 0.1904166538339929, 0.1961126145300711, 0.1988306362714861, 0.1953122189466452, 0.1986926123479261, 0.5456167919824146, 0.3919021530380905, 0, 0, 0, 0, 0.7471919404882924, 0, 0, 0.4631389124356703, 0, 0, 0.6320692469970907, 0, 0, 0, 0, 0.4162415716591837, 0, 0, 0.5654375921864319, 0, 0, 0, 0.5749131667323257, 0, 0, 0, 0, 0, 0.2112570841337556, 0.6167355618007463, 0, 0.5222680022610436, 0.5749131667323257, 0, 0, 0, 0.4100649532163747, 0.5975690713142499, 0, 0, 0, 0, 0, 0.5631923069941829, 0, 0, 0, 0, 0.5749131667323257, 0, 0, 0.4845858981960801, 0.4631389124356703, 0, 0, 0, 0, 0.6320679515381705, 0, 0, 0.4162415716591837, 0.4162415716591837, 0, 0, 0.3834142606346768, 0, 0.4918048382357371, 0],
  [0.8104147255848354, 0.7970543866914338, 0.809583346166007, 0.8038873854699289, 0.801169363728514, 0.8046877810533548, 0.8013073876520738, 0.4543832080175852, 0.6080978469619095, 1, 1, 1, 1, 0.2528080595117076, 1, 1, 0.5368610875643297, 1, 1, 0.3679307530029094, 1, 1, 1, 1, 0.5837584283408163, 1, 1, 0.4345624078135681, 1, 1, 1, 0.4250868332676742, 1, 0.9999999999999999, 1, 1, 1, 0.7887429158662443, 0.3832644381992538, 1, 0.4777319977389565, 0.4250868332676742, 1, 0.9999999999999999, 1, 0.5899350467836253, 0.4024309286857501, 1, 1, 1, 1, 1, 0.4368076930058172, 1, 0.9999999999999999, 1, 1, 0.4250868332676742, 1, 1, 0.51541410180392, 0.5368610875643297, 0.9999999999999999, 1, 1, 1, 0.3679320484618295, 1, 1, 0.5837584283408163, 0.5837584283408163, 1, 1, 0.616585739365323, 1, 0.5081951617642629, 1],
  [0, 0, 0, 0, 0, 0, 0, 0, 0, 0, 0, 0, 0, 0, 0, 0, 0, 0, 0, 0, 0, 0, 0, 0, 0, 0, 0, 0, 0, 0, 0, 0, 0, 0, 0, 0, 0, 0, 0, 0, 0, 0, 0, 0, 0, 0, 0, 0, 0, 0, 0, 0, 0, 0, 0, 0, 0, 0, 0, 0, 0, 0, 0, 0, 0, 0, 0, 0, 0, 0, 0, 0, 0, 0, 0, 0, 0] 
  ],
 "analysis":{
   "authors":"Sergei L Kosakovsky Pond, Sadie Wisotsky",
   "citation":"*Gene-wide identification of episodic selection*, Mol Biol Evol. 32(5):1365-71",
   "contact":"spond@temple.edu",
   "info":"BUSTED-SMSH (branch-site unrestricted statistical test of episodic diversification) uses a random effects branch-site model fitted\njointly to all or a subset of tree branches in order to test for alignment-wide evidence of episodic diversifying selection and.\nAssuming there is evidence of positive selection (i.e. there is an omega > 1),  BUSTED will also perform a quick evidence-ratio\nstyle analysis to explore which individual sites may have been subject to selection. v2.0 adds support for synonymous rate variation,\nand relaxes the test statistic to 0.5 (chi^2_0 + chi^2_2). Version 2.1 adds a grid search for the initial starting point.\nVersion 2.2 changes the grid search to LHC, and adds an initial search phase to use adaptive Nedler-Mead.\n",
   "requirements":"in-frame codon alignment and a phylogenetic tree (optionally annotated with {})",
   "version":"2.2"
  },
 "background":0,
 "branch attributes":{
   "0":{
     "ENSGGOP00000017931":{
       "MG94 with double and triple instantaneous substitutions":0,
       "MG94 with double instantaneous substitutions":0,
       "MG94xREV with separate rates for branch sets":0,
       "Nucleotide GTR":0,
       "original name":"ENSGGOP00000017931",
       "unconstrained":0
      },
     "ENSGGOP00000020245":{
       "MG94 with double and triple instantaneous substitutions":2.389695302028723e-20,
       "MG94 with double instantaneous substitutions":2.555575783332568e-20,
       "MG94xREV with separate rates for branch sets":2.389695302028723e-20,
       "Nucleotide GTR":0,
       "original name":"ENSGGOP00000020245",
       "unconstrained":8.13361984966134e-21
      },
     "ENSGGOP00000021417":{
       "MG94 with double and triple instantaneous substitutions":0,
       "MG94 with double instantaneous substitutions":0,
       "MG94xREV with separate rates for branch sets":0,
       "Nucleotide GTR":0,
       "original name":"ENSGGOP00000021417",
       "unconstrained":0
      },
     "ENSMMUP00000001455":{
       "MG94 with double and triple instantaneous substitutions":0.4770979434763931,
       "MG94 with double instantaneous substitutions":0.4772528039983073,
       "MG94xREV with separate rates for branch sets":0.4770979434763931,
       "Nucleotide GTR":0.4376683628731053,
       "original name":"ENSMMUP00000001455",
       "unconstrained":0.5310951290530042
      },
     "ENSMMUP00000040976":{
       "MG94 with double and triple instantaneous substitutions":0.01837494264691637,
       "MG94 with double instantaneous substitutions":0.01836417586227232,
       "MG94xREV with separate rates for branch sets":0.01837494264691637,
       "Nucleotide GTR":0.01837969585316815,
       "original name":"ENSMMUP00000040976",
       "unconstrained":0.01835576963590119
      },
     "ENSNLEP00000022720":{
       "MG94 with double and triple instantaneous substitutions":0.004329468743815014,
       "MG94 with double instantaneous substitutions":0.004331332745195301,
       "MG94xREV with separate rates for branch sets":0.004329468743815014,
       "Nucleotide GTR":0.004339706781365502,
       "original name":"ENSNLEP00000022720",
       "unconstrained":0.004327033426616828
      },
     "LOC100399420_CALJA":{
       "MG94 with double and triple instantaneous substitutions":0.02287951341877513,
       "MG94 with double instantaneous substitutions":0.02289385416796032,
       "MG94xREV with separate rates for branch sets":0.02287951341877513,
       "Nucleotide GTR":0.02292438567880338,
       "original name":"LOC100399420_CALJA",
       "unconstrained":0.02295511383459205
      },
     "LOC100614435_PANTR":{
       "MG94 with double and triple instantaneous substitutions":0,
       "MG94 with double instantaneous substitutions":0,
       "MG94xREV with separate rates for branch sets":0,
       "Nucleotide GTR":0,
       "original name":"LOC100614435_PANTR",
       "unconstrained":0
      },
     "NODE_12":{
       "MG94 with double and triple instantaneous substitutions":0.003519847044453166,
       "MG94 with double instantaneous substitutions":0.003514354930545032,
       "MG94xREV with separate rates for branch sets":0.003519847044453166,
       "Nucleotide GTR":0.00349956049914559,
       "unconstrained":0.003583244279878969
      },