{
 "Evidence Ratios":{
  },
 "Site Log Likelihood":{
   "unconstrained":    [
[-5.281208989523572, -25.59123300174272, -4.512601362006264, -5.116042810427946, -6.312162090306253, -13.56819570973715, -5.281208989523572, -16.06609787258346, -9.572462038525849, -6.02693000410495, -4.512601362006264, -19.45921841439583, -23.90395689797057, -22.80789370685949, -6.110359936194254, -13.3873005417554, -23.13793929462866, -8.019884361326973, -17.58874451329504, -12.16755535687036, -16.80273917619757, -16.31867610050256, -18.0337292757174, -20.59260518371832, -4.960777962979551, -23.39238839747163, -5.624962640452438, -9.045035656790525, -9.027883364981719, -9.314246826582288, -10.46192416551354, -22.62387589396306, -9.652995212980127, -27.07382736258018, -13.39760641297392, -13.69955706239212, -13.77658213755916, -17.24535856079691, -11.75799282610234, -19.05167845030974, -12.36442222990441, -13.1311220432492, -4.512601362006264, -9.557465721126032, -5.77416197872783, -9.12180432251631, -16.79189845448937, -14.15430595494351, -18.56438448711163, -16.12663955472252, -20.51500336206201] 
    ]
  },
 "Synonymous site-posteriors":  [
[0.3395603923537522, 0.004626254355321166, 0.328112598503401, 0.3400982770178481, 0.2604887188741214, 0.4544764664028043, 0.3395603923537522, 0.08465015266165514, 0.4645382426276648, 0.2791679471598954, 0.328112598503401, 0.06317725589005832, 0.03470466303221301, 0.01496244955762685, 0.2761212606502735, 0.1184546337944114, 0.01344957230254175, 0.3310058863434219, 0.1940222945005986, 0.266236438138589, 0.2102973010636397, 0.1042088328276547, 0.05766272797033597, 0.01312248465046259, 0.3399314820294682, 0.02573361938782477, 0.3109599530357711, 0.3997723248178398, 0.3612621949471187, 0.4231419408290303, 0.4631615959582298, 0.00560736669607007, 0.4396694613504984, 0.005152958557266739, 0.3520767171633986, 0.3107647781623216, 0.4217079509413232, 0.129766959850525, 0.179260463007163, 0.04350879156159028, 0.3111862449464823, 0.1134076070927042, 0.328112598503401, 0.4389086655616137, 0.3125540695579509, 0.4629462303517416, 0.1730979710491127, 0.2936182731635739, 0.07747496538446774, 0.1405637210474088, 0.05858927812067627],
  [0.1369034923999732, 0.9953599059702704, 0.2825452303267361, 0.163248113180965, 0.02211236567114102, 0.4148534508667602, 0.1369034923999732, 0.9102969853762261, 0.1646323423380529, 0.03017703874393265, 0.2825452303267361, 0.9347944061100304, 0.9647631565353104, 0.9848938732097873, 0.02846834667410548, 0.8736264848039552, 0.9864492040784412, 0.5118665049335447, 0.7748532415468109, 0.6823178127818055, 0.771441396025495, 0.8892810864067417, 0.9409204072411937, 0.9867758154784588, 0.1760245408729265, 0.9737662612591189, 0.06247026644470301, 0.3748638795127216, 0.454629380699193, 0.3195142959394781, 0.1479216989983247, 0.9943715504911318, 0.275255382452287, 0.9948242682398837, 0.5653718021536837, 0.6233436358458337, 0.4676057660493076, 0.8613933135579452, 0.7851911350164011, 0.9555167427448655, 0.6218898510597933, 0.8791125849105283, 0.2825452303267361, 0.2775059523879295, 0.06000562159753364, 0.1718328640080602, 0.8105824886185645, 0.6440512845720081, 0.9203765736300215, 0.849322131632262, 0.9395107486778245],
  [0.5235361152462746, 1.383967440840564e-05, 0.3893421711698631, 0.4966536098011869, 0.7173989154547374, 0.1306700827304355, 0.5235361152462746, 0.005052861962118647, 0.3708294150342824, 0.690655014096172, 0.3893421711698631, 0.002028337999911343, 0.0005321804324765405, 0.0001436772325858785, 0.6954103926756211, 0.007918881401633502, 0.0001012236190170938, 0.1571276087230335, 0.03112446395259048, 0.05144574907960557, 0.01826130291086525, 0.006510080765603476, 0.001416864788470244, 0.0001016998710786508, 0.4840439770976053, 0.0005001193530561702, 0.6265697805195261, 0.2253637956694386, 0.1841084243536883, 0.2573437632314916, 0.3889167050434456, 2.108281279804095e-05, 0.2850751561972146, 2.277320284957627e-05, 0.08255148068291784, 0.06589158599184458, 0.1106862830093691, 0.008839726591529639, 0.03554840197643585, 0.0009744656935443317, 0.06692390399372458, 0.007479807996767498, 0.3893421711698631, 0.2835853820504568, 0.6274403088445154, 0.3652209056401981, 0.01631954033232287, 0.06233044226441796, 0.002148460985510893, 0.01011414732032917, 0.001899973201499138] 
  ],
 "analysis":{
   "authors":"Sergei L Kosakovsky Pond, Sadie Wisotsky",
   "citation":"*Gene-wide identification of episodic selection*, Mol Biol Evol. 32(5):1365-71",
   "contact":"spond@temple.edu",
   "info":"BUSTED-SMSH (branch-site unrestricted statistical test of episodic diversification) uses a random effects branch-site model fitted\njointly to all or a subset of tree branches in order to test for alignment-wide evidence of episodic diversifying selection and.\nAssuming there is evidence of positive selection (i.e. there is an omega > 1),  BUSTED will also perform a quick evidence-ratio\nstyle analysis to explore which individual sites may have been subject to selection. v2.0 adds support for synonymous rate variation,\nand relaxes the test statistic to 0.5 (chi^2_0 + chi^2_2). Version 2.1 adds a grid search for the initial starting point.\nVersion 2.2 changes the grid search to LHC, and adds an initial search phase to use adaptive Nedler-Mead.\n",
   "requirements":"in-frame codon alignment and a phylogenetic tree (optionally annotated with {})",
   "version":"2.2"
  },
 "background":0,
 "branch attributes":{
   "0":{
     "ENSCAFP00000038070":{
       "MG94 with double and triple instantaneous substitutions":0.137903409094315,
       "MG94 with double instantaneous substitutions":0.1380255737696893,
       "MG94xREV with separate rates for branch sets":0.137903409094315,
       "Nucleotide GTR":0.1367085614415144,
       "original name":"ENSCAFP00000038070",
       "unconstrained":0.1527336895185261
      },
     "ENSOCUP00000016206":{
       "MG94 with double and triple instantaneous substitutions":0.07413283096446453,
       "MG94 with double instantaneous substitutions":0.07413544466367358,
       "MG94xREV with separate rates for branch sets":0.07413283096446453,
       "Nucleotide GTR":0.073410019690543,
       "original name":"ENSOCUP00000016206",
       "unconstrained":0.07680322688416424
      },
     "ENSOGAP00000016609":{
       "MG94 with double and triple instantaneous substitutions":0.06083790289225632,
       "MG94 with double instantaneous substitutions":0.06084484252671821,
       "MG94xREV with separate rates for branch sets":0.06083790289225632,
       "Nucleotide GTR":0.05697955034487941,
       "original name":"ENSOGAP00000016609",
       "unconstrained":0.06123568010342335
      },
     "ENSSSCP00000021742":{
       "MG94 with double and triple instantaneous substitutions":0.09381007799566536,
       "MG94 with double instantaneous substitutions":0.09380112820687027,
       "MG94xREV with separate rates for branch sets":0.09381007799566536,
       "Nucleotide GTR":0.1011396639000835,
       "original name":"ENSSSCP00000021742",
       "unconstrained":0.1037981318589372
      },
     "GM561_MOUSE":{
       "MG94 with double and triple instantaneous substitutions":0.1047891627214874,
       "MG94 with double instantaneous substitutions":0.104829972071049,
       "MG94xREV with separate rates for branch sets":0.1047891627214874,
       "Nucleotide GTR":0.1070637397177703,
       "original name":"GM561_MOUSE",
       "unconstrained":0.1143812933146217
      },
     "LOC700646_MACMU":{
       "MG94 with double and triple instantaneous substitutions":0.1268293828469627,
       "MG94 with double instantaneous substitutions":0.126964981141837,
       "MG94xREV with separate rates for branch sets":0.1268293828469627,
       "Nucleotide GTR":0.1207241582320929,
       "original name":"LOC700646_MACMU",
       "unconstrained":0.1397955072132488
      },
     "NODE_12":{
       "MG94 with double and triple instantaneous substitutions":0.01605327490723282,
       "MG94 with double instantaneous substitutions":0.01604181080290031,