{
 "Evidence Ratios":{
  },
 "Site Log Likelihood":{
   "unconstrained":    [
[-4.449917160229765, -21.13883973834045, -17.69238568257331, -8.094370375062468, -11.41969838550626, -13.88947391866934, -9.429568943255743, -10.8893963208508, -10.00086219928205, -8.855373722742046, -5.644090518250285, -14.9811860222149, -6.29997388903455, -4.302607987160805, -15.19802125987757, -7.808195140802183, -7.891627630426098, -9.569503300391833, -13.73635117064335, -28.25132922844701, -11.23636242111326, -12.04474874045215, -23.80445450115278, -20.28082326588133, -16.49562151677004, -15.83341043146369, -20.25077606643736, -22.24952602526983, -19.25806783368438, -9.55897468830238, -20.97263744450211, -22.46476562044616, -19.02672675152794, -15.08992193240263, -11.8940334900891, -8.220198964585895, -6.961745943796893, -10.12046312556913, -12.96535804046878, -17.3841230487134, -25.42312633897741, -20.19941434794318, -16.96761304477527, -10.85123740320249, -9.859148885121504, -15.0020512995531, -28.11309246205562, -11.14609105297611, -4.302607987160805, -23.94170809785913, -26.37735776017111, -13.32735379780881, -21.44292985609309, -10.00590594337954, -24.42085329538674, -11.71538122456909, -5.237593634845964] 
    ]
  },
 "Synonymous site-posteriors":  [
[0.1482189962145858, 0.0007812298026570142, 0.002767584647581276, 0.1553768163914346, 0.5431518948933397, 0.01946234955546771, 0.1941889892744277, 0.440459135826782, 0.3539355941546182, 0.2746817392536419, 0.6285410427150804, 0.08579644917394146, 0.563283226669296, 0.3336422110842452, 0.01484445881902673, 0.2856223055431567, 0.2244039090746914, 0.06841423906006956, 0.02302668316043327, 0.01574303932714316, 0.8187411784158366, 0.02813860817568726, 0.01130910387031196, 0.03757882613904475, 0.005582604850312234, 0.007616284039200307, 0.001413181242773883, 0.0004558720824547752, 0.04676906471750142, 0.06515161124900785, 0.00361607513652087, 0.001067943691770599, 0.00207936825903143, 0.009283924159296247, 0.06417083068428758, 0.1926683658451671, 0.127019445347753, 0.03920381153342304, 0.03528171657901301, 0.01554196575594047, 0.0007028631398917069, 0.0008938501571803195, 0.04739152111582996, 0.6733324300049597, 0.1303443113717569, 0.007022893436537754, 0.0006191179328663612, 0.5913187071322685, 0.3336422110842452, 0.003888206871071669, 8.195009805642683e-05, 0.3161216946999527, 0.0003290869105276907, 0.06147495084156099, 0.001516343218261905, 0.0396882108536313, 0.1447189201154527],
  [0, 0, 0, 0, 0, 0, 0, 0, 0, 0, 0, 0, 0, 0, 0, 0, 0, 0, 0, 0, 0, 0, 0, 0, 0, 0, 0, 0, 0, 0, 0, 0, 0, 0, 0, 0, 0, 0, 0, 0, 0, 0, 0, 0, 0, 0, 0, 0, 0, 0, 0, 0, 0, 0, 0, 0, 0],
  [0.8517810037854142, 0.9992187701973431, 0.9972324153524187, 0.8446231836085655, 0.4568481051066602, 0.9805376504445323, 0.8058110107255725, 0.559540864173218, 0.6460644058453818, 0.7253182607463582, 0.3714589572849196, 0.9142035508260585, 0.436716773330704, 0.6663577889157548, 0.9851555411809731, 0.7143776944568434, 0.7755960909253086, 0.9315857609399304, 0.9769733168395668, 0.9842569606728568, 0.1812588215841635, 0.9718613918243127, 0.988690896129688, 0.9624211738609554, 0.9944173951496877, 0.9923837159607997, 0.9985868187572261, 0.9995441279175453, 0.9532309352824986, 0.9348483887509923, 0.996383924863479, 0.9989320563082293, 0.9979206317409686, 0.9907160758407038, 0.9358291693157124, 0.8073316341548329, 0.872980554652247, 0.960796188466577, 0.9647182834209869, 0.9844580342440595, 0.9992971368601085, 0.9991061498428196, 0.9526084788841701, 0.3266675699950402, 0.8696556886282431, 0.9929771065634623, 0.9993808820671337, 0.4086812928677314, 0.6663577889157548, 0.9961117931289284, 0.9999180499019436, 0.6838783053000473, 0.9996709130894723, 0.9385250491584389, 0.998483656781738, 0.9603117891463686, 0.8552810798845473] 
  ],
 "analysis":{
   "authors":"Sergei L Kosakovsky Pond, Sadie Wisotsky",
   "citation":"*Gene-wide identification of episodic selection*, Mol Biol Evol. 32(5):1365-71",
   "contact":"spond@temple.edu",
   "info":"BUSTED-SMSH (branch-site unrestricted statistical test of episodic diversification) uses a random effects branch-site model fitted\njointly to all or a subset of tree branches in order to test for alignment-wide evidence of episodic diversifying selection and.\nAssuming there is evidence of positive selection (i.e. there is an omega > 1),  BUSTED will also perform a quick evidence-ratio\nstyle analysis to explore which individual sites may have been subject to selection. v2.0 adds support for synonymous rate variation,\nand relaxes the test statistic to 0.5 (chi^2_0 + chi^2_2). Version 2.1 adds a grid search for the initial starting point.\nVersion 2.2 changes the grid search to LHC, and adds an initial search phase to use adaptive Nedler-Mead.\n",
   "requirements":"in-frame codon alignment and a phylogenetic tree (optionally annotated with {})",
   "version":"2.2"
  },
 "background":0,
 "branch attributes":{
   "0":{
     "ENSCPOP00000004478":{
       "MG94 with double and triple instantaneous substitutions":0.02501539173092476,
       "MG94 with double instantaneous substitutions":0.02499821150212249,
       "MG94xREV with separate rates for branch sets":0.02501539173092476,
       "Nucleotide GTR":0.005426529461539092,
       "original name":"ENSCPOP00000004478",
       "unconstrained":0.01497323117415304
      },
     "ENSFCAP00000016313":{
       "MG94 with double and triple instantaneous substitutions":0.5056199966459735,
       "MG94 with double instantaneous substitutions":0.5573174233611785,
       "MG94xREV with separate rates for branch sets":0.5056199966459735,
       "Nucleotide GTR":0.1242129098549202,
       "original name":"ENSFCAP00000016313",
       "unconstrained":0.5766539678462894
      },
     "ENSGACP00000015163":{
       "MG94 with double and triple instantaneous substitutions":0.1889549910741156,
       "MG94 with double instantaneous substitutions":0.1988402990887158,
       "MG94xREV with separate rates for branch sets":0.1889549910741156,
       "Nucleotide GTR":0.08547135839119062,
       "original name":"ENSGACP00000015163",
       "unconstrained":0.1988861074931857
      },
     "ENSGMOP00000015627":{
       "MG94 with double and triple instantaneous substitutions":0.3214144274108371,
       "MG94 with double instantaneous substitutions":0.3735149144702578,
       "MG94xREV with separate rates for branch sets":0.3214144274108371,
       "Nucleotide GTR":0.1241157098668588,
       "original name":"ENSGMOP00000015627",
       "unconstrained":0.3520937762885686
      },
     "ENSMGAP00000006072":{
       "MG94 with double and triple instantaneous substitutions":0.1407042557503376,
       "MG94 with double instantaneous substitutions":0.1196725168436998,
       "MG94xREV with separate rates for branch sets":0.1407042557503376,
       "Nucleotide GTR":0.2159806822917938,
       "original name":"ENSMGAP00000006072",
       "unconstrained":0.1562164781512698
      },
     "ENSORLP00000021131":{
       "MG94 with double and triple instantaneous substitutions":0.1140024797589275,
       "MG94 with double instantaneous substitutions":0.1075858452364121,
       "MG94xREV with separate rates for branch sets":0.1140024797589275,
       "Nucleotide GTR":0.1178497500160526,
       "original name":"ENSORLP00000021131",
       "unconstrained":0.1239261610692815
      },
     "ENSSARP00000010167":{
       "MG94 with double and triple instantaneous substitutions":0.2170331186531018,
       "MG94 with double instantaneous substitutions":0.2158711790818224,
       "MG94xREV with separate rates for branch sets":0.2170331186531018,
       "Nucleotide GTR":0.1640458013690624,
       "original name":"ENSSARP00000010167",
       "unconstrained":0.2536996331068629
      },
     "LOC100461441_PONAB":{
       "MG94 with double and triple instantaneous substitutions":0.06301988134475235,
       "MG94 with double instantaneous substitutions":0.06359347814569251,
       "MG94xREV with separate rates for branch sets":0.06301988134475235,