{
 "Evidence Ratios":{
  },
 "Site Log Likelihood":{
   "unconstrained":    [
[-10.28891562633295, -12.95431084897529, -8.673788290512237, -7.727158486158566, -7.766153323983217, -13.41894756096532, -5.463906599716044, -5.463906599716044, -5.445624672899902, -9.087136587364322, -5.463906599716044, -5.445624672899902, -5.299070050945316, -9.625730782532255, -10.7407301872131, -7.211220493937799, -5.445624672899902, -4.898418728026773, -4.298940855252225, -4.282633106779547, -4.776857589837571, -4.481743848059276, -5.03508982392684, -10.15663833200991, -15.63204958500896, -16.69985519649854, -8.309796571826936, -11.86787168537414, -14.30377779777512, -12.71015998986109, -18.11437015665759, -7.405724689838445, -5.147971049500791, -10.22416018112195, -5.632361550142135, -4.67683527971231, -12.74940517639165, -8.442539892676862, -7.476230117863004, -12.79219758911248, -5.54413253807065, -5.831695114506616, -11.9735217092476, -5.406615272166766, -11.99800625735835, -5.428718077405272, -8.679947242351524, -11.98784235405139, -15.18283759873992, -6.987849507777097, -12.25518003162802, -8.976368841212889, -7.022017085844052, -8.415141463377392, -8.309411310772644, -18.05872629947795, -12.88189453622443, -22.2669278001582, -3.917321541528986, -18.48770460830004, -17.63744613065661, -13.4520501277631, -7.994279926147156, -11.90791119069955, -8.416800333472676, -7.103930159324897, -13.63747101918399, -10.45109423647246, -6.641206361786217, -7.348784366848073, -5.707353097292294, -10.86570611781622, -4.67683527971231, -7.983364505177589, -4.481743848059276, -4.233334933358218, -8.694315848757112, -12.41964399152278, -22.46917939364835, -10.0042484743339, -5.243148638560785, -8.023634262765199, -5.338661913322621] 
    ]
  },
 "Synonymous site-posteriors":  [
[0.228181622417863, 0.2739932747384957, 0.5495769390196534, 0.5802725782136993, 0.5648196810452929, 0.09118093493441204, 0.789372344789821, 0.789372344789821, 0.7927130515529067, 0.5566110270798622, 0.789372344789821, 0.7927130515529067, 0.8210471929238722, 0.2179768870646057, 0.2879370714550115, 0.5717076351502023, 0.7927130515529067, 0.783417660069479, 0.5325072894073414, 0.5392257484340001, 0.6287710099785198, 0.6283146607569965, 0.7822284585720374, 0.5653804017637096, 0.03370358340653919, 0.07956812081053681, 0.5588648703350054, 0.1211876796660646, 0.1058299001511435, 0.3038312040077588, 0.1327354776161155, 0.5933010172248147, 0.7803315144546737, 0.2742908663525392, 0.8025555070447606, 0.6822690106424837, 0.2670631446786154, 0.5096716513128492, 0.6017262065526405, 0.285346586298091, 0.7986078587551119, 0.8101208264787106, 0.5491166793402971, 0.7979266406941368, 0.2565132227118964, 0.8069399671289366, 0.5071565826336935, 0.3492094972570627, 0.08535696405078463, 0.5555926900118424, 0.1167571253442023, 0.5365072972178809, 0.5705920385822607, 0.5031954810833981, 0.5190589327532983, 0.08752495379657024, 0.2701422656694137, 0.009976745941671064, 0.4695739535405613, 0.02781082684543535, 0.0473562908209273, 0.2552762251704153, 0.4793369937085927, 0.2981801391238917, 0.5751522683095913, 0.5759296338745682, 0.2508012875871924, 0.3149998557036326, 0.5212306392456491, 0.5422454711157432, 0.7833237131251338, 0.3143996780228479, 0.6822690106424837, 0.3652227429595629, 0.6283146607569965, 0.6246657319319981, 0.5492167935160804, 0.2525712540907983, 0.001235835868998211, 0.1991001924499258, 0.754250766513221, 0.4797937249890948, 0.7607733909535893],
  [0.01600036568347417, 0.0261429013260049, 0.002549584616403922, 0.001560979340436489, 0.001723890851733365, 0.1092411432295541, 0.0002816180108493074, 0.0002816180108493074, 0.0003329336094991995, 0.002405134323192413, 0.0002816180108493074, 0.0003329336094991995, 0.0002389541984516197, 0.01989004504428876, 0.008931892915552521, 0.001650987065975892, 0.0003329336094991995, 0.0004315693759901749, 0.01643948569123625, 0.01478530042158892, 0.003600620379027277, 0.00391724243034887, 0.0003896765673863281, 0.003690857257837733, 0.2405564527970047, 0.07502089149764345, 0.001890006992247643, 0.0519508371882161, 0.0543845124391187, 0.01537881123996605, 0.05127236897840479, 0.001253107240150109, 0.0004438890269710797, 0.02093278004217764, 0.0002339162979486664, 0.001349548531929746, 0.01665804147590405, 0.00441929668737928, 0.001229432752164928, 0.01588324108482225, 0.0002630120948390061, 0.0001807224528244798, 0.003115502406604363, 0.000269750938160256, 0.0247962849189065, 0.0002379946308959905, 0.003202074005047667, 0.008243491937284093, 0.09702949564010427, 0.002036951357942401, 0.05204031691819171, 0.003311522162612748, 0.001861557302956648, 0.004730293516758179, 0.003817231536026384, 0.1606102182088779, 0.02520692647623242, 0.6073226507923097, 0.04085421471055387, 0.2860666009999336, 0.2343523900978608, 0.03774441546954446, 0.006255876420438998, 0.01380319243931922, 0.002242425167752624, 0.001883061292266911, 0.03288918909962914, 0.009330194627100387, 0.003453909561039786, 0.001955405868183902, 0.0003236908566506087, 0.009737956071243371, 0.001349548531929746, 0.02153070223894635, 0.00391724243034887, 0.004213689333576213, 0.002215896562064881, 0.02861968761797502, 0.7929151946538771, 0.05565010053180507, 0.001195434953939624, 0.008913840382046775, 0.001027700017391103],
  [0.7558180118986628, 0.6998638239354995, 0.4478734763639425, 0.4181664424458642, 0.4334564281029737, 0.7995779218360338, 0.2103460371993296, 0.2103460371993296, 0.206954014837594, 0.4409838385969454, 0.2103460371993296, 0.206954014837594, 0.1787138528776762, 0.7621330678911056, 0.7031310356294361, 0.426641377783822, 0.206954014837594, 0.2161507705545309, 0.4510532249014223, 0.4459889511444108, 0.3676283696424529, 0.3677680968126545, 0.2173818648605763, 0.4309287409784525, 0.7257399637964561, 0.8454109876918198, 0.4392451226727468, 0.8268614831457194, 0.8397855874097377, 0.6807899847522751, 0.8159921534054797, 0.4054458755350351, 0.2192245965183551, 0.7047763536052831, 0.1972105766572906, 0.3163814408255866, 0.7162788138454805, 0.4859090519997716, 0.3970443606951946, 0.6987701726170867, 0.2011291291500491, 0.1896984510684649, 0.4477678182530985, 0.201803608367703, 0.7186904923691972, 0.1928220382401674, 0.4896413433612591, 0.6425470108056531, 0.8176135403091109, 0.4423703586302151, 0.831202557737606, 0.4601811806195063, 0.4275464041147825, 0.4920742253998438, 0.4771238357106753, 0.7518648279945518, 0.7046508078543539, 0.3827006032660193, 0.4895718317488848, 0.686122572154631, 0.7182913190812119, 0.7069793593600401, 0.5144071298709683, 0.688016668436789, 0.422605306522656, 0.422187304833165, 0.7163095233131784, 0.6756699496692671, 0.4753154511933111, 0.455799123016073, 0.2163525960182154, 0.6758623659059088, 0.3163814408255866, 0.6132465548014909, 0.3677680968126545, 0.3711205787344257, 0.4485673099218546, 0.7188090582912265, 0.2058489694771249, 0.7452497070182691, 0.2445537985328396, 0.5112924346288584, 0.2381989090290197] 
  ],
 "analysis":{
   "authors":"Sergei L Kosakovsky Pond, Sadie Wisotsky",
   "citation":"*Gene-wide identification of episodic selection*, Mol Biol Evol. 32(5):1365-71",
   "contact":"spond@temple.edu",
   "info":"BUSTED-SMSH (branch-site unrestricted statistical test of episodic diversification) uses a random effects branch-site model fitted\njointly to all or a subset of tree branches in order to test for alignment-wide evidence of episodic diversifying selection and.\nAssuming there is evidence of positive selection (i.e. there is an omega > 1),  BUSTED will also perform a quick evidence-ratio\nstyle analysis to explore which individual sites may have been subject to selection. v2.0 adds support for synonymous rate variation,\nand relaxes the test statistic to 0.5 (chi^2_0 + chi^2_2). Version 2.1 adds a grid search for the initial starting point.\nVersion 2.2 changes the grid search to LHC, and adds an initial search phase to use adaptive Nedler-Mead.\n",
   "requirements":"in-frame codon alignment and a phylogenetic tree (optionally annotated with {})",
   "version":"2.2"
  },