{
 "Evidence Ratios":{
  },
 "Site Log Likelihood":{
   "unconstrained":    [
[-3.730966933144524, -5.047985947431391, -4.111874366691475, -8.920223757095375, -3.663175749586674, -3.913133110842033, -7.7725937650962, -4.53396310615105, -9.33632525277077, -6.559193838011028, -6.925716621192633, -5.354416785281853, -6.49330008902333, -4.111874366691475, -9.549487864480987, -4.819203975436404, -3.557961810960965, -7.553046408558638, -6.814024844073801, -4.785211287841686, -7.67645040457045, -4.819203975436404, -4.84848205100554, -4.413677388578234, -4.170325344175233, -4.84848205100554, -5.880207057662041, -3.730966933144524, -8.49741342593353, -4.61999192399265, -5.118163638006076, -4.904579012134351, -8.400766314052262, -5.992427054237955, -4.798038905920508, -9.772785062098141, -4.170325344175233, -11.32063102406184, -4.423126740818774, -5.020489823689476, -7.630080454225207, -3.913133110842033, -6.346514306734777, -8.304305573082564, -3.860785808039373, -5.8962893024136, -4.300773752229309, -3.820474553164675, -4.24330562381637, -4.304438892699087, -6.649383358718548, -5.067241869654289, -9.765755659214824, -4.843847872477997, -6.820557758513365, -6.003615950290689, -4.136026518691626, -12.69630548270394, -4.785211287841686, -7.630080454225207, -4.660595580238426, -6.22306209036535, -3.730966933144524, -8.253310848837517, -3.860785808039373, -7.126549012302375, -4.250158494120752, -5.986291922928732, -4.158866893457141, -5.287337733524525, -4.413677388578234, -6.152941046596919, -7.261132207663789, -10.45980592801999, -4.170325344175233, -9.721936064450334, -4.798038905920508, -7.847697024868644, -10.01396660170979] 
    ]
  },
 "Synonymous site-posteriors":  [
[1, 1, 1, 1, 1, 0.9999999999999999, 1, 1, 1, 1, 1, 1, 1, 1, 1, 1, 1, 1, 1, 1, 1, 1, 1, 1, 1, 1, 0.9999999999999999, 1, 1, 1, 1, 1, 0.9999999999999999, 1, 1, 1, 1, 1, 1, 1, 1, 0.9999999999999999, 1, 1, 1, 1, 1, 1, 1, 0.9999999999999999, 1, 1, 1, 1, 1, 0.9999999999999999, 1, 0.9999999999999999, 1, 1, 1, 1, 1, 1, 1, 1, 0.9999999999999999, 1, 1, 1, 1, 1, 1, 1, 1, 1, 1, 1, 1],
  [0, 0, 0, 0, 0, 0, 0, 0, 0, 0, 0, 0, 0, 0, 0, 0, 0, 0, 0, 0, 0, 0, 0, 0, 0, 0, 0, 0, 0, 0, 0, 0, 0, 0, 0, 0, 0, 0, 0, 0, 0, 0, 0, 0, 0, 0, 0, 0, 0, 0, 0, 0, 0, 0, 0, 0, 0, 0, 0, 0, 0, 0, 0, 0, 0, 0, 0, 0, 0, 0, 0, 0, 0, 0, 0, 0, 0, 0, 0],
  [0, 0, 0, 0, 0, 0, 0, 0, 0, 0, 0, 0, 0, 0, 0, 0, 0, 0, 0, 0, 0, 0, 0, 0, 0, 0, 0, 0, 0, 0, 0, 0, 0, 0, 0, 0, 0, 0, 0, 0, 0, 0, 0, 0, 0, 0, 0, 0, 0, 0, 0, 0, 0, 0, 0, 0, 0, 0, 0, 0, 0, 0, 0, 0, 0, 0, 0, 0, 0, 0, 0, 0, 0, 0, 0, 0, 0, 0, 0] 
  ],
 "analysis":{
   "authors":"Sergei L Kosakovsky Pond, Sadie Wisotsky",
   "citation":"*Gene-wide identification of episodic selection*, Mol Biol Evol. 32(5):1365-71",
   "contact":"spond@temple.edu",
   "info":"BUSTED-SMSH (branch-site unrestricted statistical test of episodic diversification) uses a random effects branch-site model fitted\njointly to all or a subset of tree branches in order to test for alignment-wide evidence of episodic diversifying selection and.\nAssuming there is evidence of positive selection (i.e. there is an omega > 1),  BUSTED will also perform a quick evidence-ratio\nstyle analysis to explore which individual sites may have been subject to selection. v2.0 adds support for synonymous rate variation,\nand relaxes the test statistic to 0.5 (chi^2_0 + chi^2_2). Version 2.1 adds a grid search for the initial starting point.\nVersion 2.2 changes the grid search to LHC, and adds an initial search phase to use adaptive Nedler-Mead.\n",
   "requirements":"in-frame codon alignment and a phylogenetic tree (optionally annotated with {})",
   "version":"2.2"
  },
 "background":0,
 "branch attributes":{
   "0":{
     "CXORF31_GGOR":{
       "MG94 with double and triple instantaneous substitutions":0,
       "MG94 with double instantaneous substitutions":0,
       "MG94xREV with separate rates for branch sets":0,
       "Nucleotide GTR":0,
       "original name":"CXORF31_GGOR",
       "unconstrained":0
      },
     "CXORF31_HUMAN":{
       "MG94 with double and triple instantaneous substitutions":0,
       "MG94 with double instantaneous substitutions":0,
       "MG94xREV with separate rates for branch sets":0,
       "Nucleotide GTR":0,
       "original name":"CXORF31_HUMAN",
       "unconstrained":0
      },
     "CXORF31_NOMLE":{
       "MG94 with double and triple instantaneous substitutions":0.008604018284759105,
       "MG94 with double instantaneous substitutions":0.008604027206062048,
       "MG94xREV with separate rates for branch sets":0.008604018284759105,
       "Nucleotide GTR":0.008600951484300814,
       "original name":"CXORF31_NOMLE",
       "unconstrained":0.008604904154861259
      },
     "CXORF31_PANTR":{
       "MG94 with double and triple instantaneous substitutions":0.004359305646541116,
       "MG94 with double instantaneous substitutions":0.004359648202868225,
       "MG94xREV with separate rates for branch sets":0.004359305646541116,
       "Nucleotide GTR":0.004350398113989852,
       "original name":"CXORF31_PANTR",
       "unconstrained":0.004357254308316467
      },
     "CXORF31_PONAB":{
       "MG94 with double and triple instantaneous substitutions":0.008456815585004664,
       "MG94 with double instantaneous substitutions":0.0084556302361131,
       "MG94xREV with separate rates for branch sets":0.008456815585004664,
       "Nucleotide GTR":0.008473650835504505,
       "original name":"CXORF31_PONAB",
       "unconstrained":0.008461801216200441
      },
     "CXORF31_TARSY":{
       "MG94 with double and triple instantaneous substitutions":0.1734982495816834,
       "MG94 with double instantaneous substitutions":0.1734660785626734,
       "MG94xREV with separate rates for branch sets":0.1734982495816834,
       "Nucleotide GTR":0.1733438560746516,
       "original name":"CXORF31_TARSY",
       "unconstrained":0.1734365588705672
      },
     "NODE_5":{
       "MG94 with double and triple instantaneous substitutions":0.004233511548764615,
       "MG94 with double instantaneous substitutions":0.004232807555725697,
       "MG94xREV with separate rates for branch sets":0.004233511548764615,
       "Nucleotide GTR":0.004233927397598288,
       "unconstrained":0.004232476745106626
      }
    },
   "attributes":{
     "MG94 with double and triple instantaneous substitutions":{
       "attribute type":"branch length",
       "display order":0
      },
     "MG94 with double instantaneous substitutions":{
       "attribute type":"branch length",
       "display order":0
      },
     "MG94xREV with separate rates for branch sets":{
       "attribute type":"branch length",
       "display order":1
      },
     "Nucleotide GTR":{
       "attribute type":"branch length",
       "display order":0
      },
     "original name":{
       "attribute type":"node label",
       "display order":0
      },
     "unconstrained":{
       "attribute type":"branch length",
       "display order":0
      }
    }
  },
 "data partitions":{
   "0":{
     "coverage":      [
[0, 1, 2, 3, 4, 5, 6, 7, 8, 9, 10, 11, 12, 13, 14, 15, 16, 17, 18, 19, 20, 21, 22, 23, 24, 25, 26, 27, 28, 29, 30, 31, 32, 33, 34, 35, 36, 37, 38, 39, 40, 41, 42, 43, 44, 45, 46, 47, 48, 49, 50, 51, 52, 53, 54, 55, 56, 57, 58, 59, 60, 61, 62, 63, 64, 65, 66, 67, 68, 69, 70, 71, 72, 73, 74, 75, 76, 77, 78] 
      ],
     "name":"busted.filter.default"
    }
  },
 "fits":{
   "MG94 with double and triple instantaneous substitutions":{
     "AIC-c":1022.172985847848,
     "Log Likelihood":-474.3759993086459,
     "Rate Distributions":{
       "Substitution rate from nucleotide A to nucleotide C":0.6024010163591401,
       "Substitution rate from nucleotide A to nucleotide G":1,
       "Substitution rate from nucleotide A to nucleotide T":0.01395973268663572,
       "Substitution rate from nucleotide C to nucleotide G":0.1940462281061153,
       "Substitution rate from nucleotide C to nucleotide T":1.65812794849052,