{
 "Evidence Ratios":{
  },
 "Site Log Likelihood":{
   "unconstrained":    [
[-5.160739334190287, -5.029398233694165, -5.708348363048793, -5.160739334190287, -10.63233309746118, -5.347826847843013, -5.347826847843013, -5.708348363048793, -5.29044219136494, -8.113103926253579, -4.281561261804338, -5.29044219136494, -3.331507036203997, -3.514029049948188, -4.17321667154353, -5.29044219136494, -4.54912304156728, -9.555046572900707, -4.17321667154353, -5.260143302709629, -8.577898069303631, -8.147047210936751, -3.880491142516168, -14.11207391408509, -4.17321667154353, -5.461651024517712, -6.852874754241463, -7.413990993921611, -3.514029049948188, -5.243591296111404, -4.274667225080005, -4.757322834991579, -9.863204266893991, -14.60257867907159, -9.009234659013194, -9.978108462923377, -3.331507036203997, -4.48756468760026, -3.331507036203997, -4.281561261804338, -8.43341234404302, -7.903889626489128, -3.136239072375099, -10.52078989072399, -3.331507036203997, -4.484028264154742, -3.136239072375099, -3.991139296105971, -8.75265570502874, -15.58182829158301, -4.920996660005514, -4.17321667154353, -4.285489869674314, -4.61807880040207, -3.331507036203997, -4.13787840491155, -4.655109765903008, -4.13787840491155, -5.029398233694165, -4.655109765903008, -4.61807880040207, -4.285489869674314, -10.31307135448372, -5.116899673237247, -5.45579788568894, -5.29044219136494, -2.956609656330965, -4.278539176539414, -4.051210427028335, -4.851315569345051, -4.65804907553118, -4.511330063414085, -4.60749393419125, -3.136239072375099, -3.913945528988154, -6.998883244369091, -4.557460820307528, -13.88573352604057, -3.381594322059939, -3.174779311642621, -3.78423897149256, -14.74946729309293, -8.734275887323003, -13.3577085497014, -4.106095769591596, -3.514029049948188, -8.146087939095528, -7.039583534126844, -13.5422641560122, -4.557460820307528, -3.514029049948188, -3.913945528988154, -8.707880145672677, -7.565242650864726, -12.38186398140498, -8.118952124551994, -8.162906930659606, -4.557460820307528, -3.136239072375099, -12.81047014903565, -11.15359279125072, -4.484028264154742, -3.913945528988154, -10.87675694754788] 
    ]
  },
 "Synonymous site-posteriors":  [
[0.1687468769831022, 0.1854739499209149, 0.114570152632107, 0.1687468769831022, 0.5551615518747691, 0.1174970122715891, 0.1174970122715891, 0.114570152632107, 0.1214915779556711, 0.6354512901555529, 0.1511654566199662, 0.1214915779556711, 0.2077016810804245, 0.236372080139544, 0.1533097318300467, 0.1214915779556711, 0.1388311011610728, 0.5524482383038093, 0.1533097318300467, 0.1655394975352034, 0.6587863587263388, 0.6362619508783826, 0.2225081841768911, 0.9021949651398459, 0.1533097318300467, 0.1183062963730486, 0.5592684008548495, 0.6118325001247622, 0.236372080139544, 0.1432878754551021, 0.1937342772662068, 0.182481920582856, 0.5125763168540328, 0.9062172693412893, 0.5794851225368008, 0.9434111979063667, 0.2077016810804245, 0.1812288641673479, 0.2077016810804245, 0.1511654566199662, 0.7129788802793487, 0.6548948723411241, 0.2584385587252794, 0.6087651224255655, 0.2077016810804245, 0.169520837502347, 0.2584385587252794, 0.1956405713537955, 0.6114502483995161, 0.9245107264683381, 0.1437346274258291, 0.1533097318300467, 0.2203883653313721, 0.2240603761883261, 0.2077016810804245, 0.1799651798202961, 0.2053053537591139, 0.1799651798202961, 0.1854739499209149, 0.2053053537591139, 0.2240603761883261, 0.2203883653313721, 0.5130620414410663, 0.1694021780404056, 0.1157049137957325, 0.1214915779556711, 0.37343965265198, 0.3734396526519806, 0.3734396526519803, 0.3734396526519803, 0.37343965265198, 0.37343965265198, 0.37343965265198, 0.2584385587252794, 0.2395334214245002, 0.5924788931848798, 0.1481246975888297, 0.9897005135942951, 0.2955539524526042, 0.276359331815931, 0.2975968333847911, 0.9559613706993407, 0.6866519738270737, 0.9347119657652015, 0.2683905024708866, 0.236372080139544, 0.4827901752646708, 0.6962328791351283, 0.9218734149543582, 0.1481246975888297, 0.236372080139544, 0.2395334214245002, 0.6967646900061846, 0.6508823837622332, 0.9655413375548939, 0.7211915811154112, 0.6245943209397511, 0.1481246975888297, 0.2584385587252794, 0.9867202371521734, 0.7281451352103581, 0.169520837502347, 0.2395334214245002, 0.6492583317453284],
  [0.8312531230168978, 0.814526050079085, 0.885429847367893, 0.8312531230168978, 0.4448384481252309, 0.8825029877284107, 0.8825029877284107, 0.885429847367893, 0.8785084220443288, 0.3645487098444472, 0.8488345433800338, 0.8785084220443288, 0.7922983189195756, 0.7636279198604561, 0.8466902681699532, 0.8785084220443288, 0.8611688988389272, 0.4475517616961907, 0.8466902681699532, 0.8344605024647966, 0.3412136412736612, 0.3637380491216175, 0.7774918158231089, 0.09780503486015418, 0.8466902681699532, 0.8816937036269514, 0.4407315991451505, 0.3881674998752379, 0.7636279198604561, 0.8567121245448978, 0.8062657227337932, 0.8175180794171439, 0.4874236831459672, 0.09378273065871069, 0.4205148774631992, 0.05658880209363325, 0.7922983189195756, 0.8187711358326522, 0.7922983189195756, 0.8488345433800338, 0.2870211197206513, 0.345105127658876, 0.7415614412747206, 0.3912348775744346, 0.7922983189195756, 0.8304791624976531, 0.7415614412747206, 0.8043594286462045, 0.388549751600484, 0.07548927353166192, 0.856265372574171, 0.8466902681699532, 0.7796116346686278, 0.7759396238116739, 0.7922983189195756, 0.8200348201797037, 0.7946946462408861, 0.8200348201797037, 0.814526050079085, 0.7946946462408861, 0.7759396238116739, 0.7796116346686278, 0.4869379585589337, 0.8305978219595945, 0.8842950862042674, 0.8785084220443288, 0.6265603473480201, 0.6265603473480192, 0.6265603473480197, 0.6265603473480198, 0.6265603473480199, 0.62656034734802, 0.62656034734802, 0.7415614412747206, 0.7604665785754999, 0.4075211068151202, 0.8518753024111704, 0.01029948640570484, 0.7044460475473959, 0.723640668184069, 0.7024031666152087, 0.04403862930065932, 0.3133480261729265, 0.06528803423479854, 0.7316094975291133, 0.7636279198604561, 0.5172098247353291, 0.3037671208648717, 0.07812658504564186, 0.8518753024111704, 0.7636279198604561, 0.7604665785754999, 0.3032353099938154, 0.3491176162377668, 0.03445866244510593, 0.2788084188845889, 0.3754056790602488, 0.8518753024111704, 0.7415614412747206, 0.01327976284782658, 0.271854864789642, 0.8304791624976531, 0.7604665785754999, 0.3507416682546716],
  [0, 0, 0, 0, 0, 0, 0, 0, 0, 0, 0, 0, 0, 0, 0, 0, 0, 0, 0, 0, 0, 0, 0, 0, 0, 0, 0, 0, 0, 0, 0, 0, 0, 0, 0, 0, 0, 0, 0, 0, 0, 0, 0, 0, 0, 0, 0, 0, 0, 0, 0, 0, 0, 0, 0, 0, 0, 0, 0, 0, 0, 0, 0, 0, 0, 0, 0, 0, 0, 0, 0, 0, 0, 0, 0, 0, 0, 0, 0, 0, 0, 0, 0, 0, 0, 0, 0, 0, 0, 0, 0, 0, 0, 0, 0, 0, 0, 0, 0, 0, 0, 0, 0, 0] 
  ],
 "analysis":{
   "authors":"Sergei L Kosakovsky Pond, Sadie Wisotsky",
   "citation":"*Gene-wide identification of episodic selection*, Mol Biol Evol. 32(5):1365-71",
   "contact":"spond@temple.edu",
   "info":"BUSTED-SMSH (branch-site unrestricted statistical test of episodic diversification) uses a random effects branch-site model fitted\njointly to all or a subset of tree branches in order to test for alignment-wide evidence of episodic diversifying selection and.\nAssuming there is evidence of positive selection (i.e. there is an omega > 1),  BUSTED will also perform a quick evidence-ratio\nstyle analysis to explore which individual sites may have been subject to selection. v2.0 adds support for synonymous rate variation,\nand relaxes the test statistic to 0.5 (chi^2_0 + chi^2_2). Version 2.1 adds a grid search for the initial starting point.\nVersion 2.2 changes the grid search to LHC, and adds an initial search phase to use adaptive Nedler-Mead.\n",
   "requirements":"in-frame codon alignment and a phylogenetic tree (optionally annotated with {})",
   "version":"2.2"
  },
 "background":0,
 "branch attributes":{
   "0":{
     "DCD_CALJA":{
       "MG94 with double and triple instantaneous substitutions":0.07606977690799142,
       "MG94 with double instantaneous substitutions":0.08404132315602263,