{
 "Evidence Ratios":{
  },
 "Site Log Likelihood":{
   "unconstrained":    [
[-6.225394664640772, -8.152473323235379, -11.36134949209475, -8.499581814373954, -9.848907463286858, -8.152473323235379, -6.008692470991625, -15.98315980020191, -14.50084262964885, -9.271956329885581, -8.215482683015614, -9.022039789396343, -19.98900970509854, -6.666654681960436, -7.77417523231945, -10.74478440977656, -7.380358938314403, -7.569005653529449, -15.04876471484009, -14.22745055543824, -13.15406850588702, -13.34580436722658, -13.45091610021942, -9.023398082640895, -10.6643559371437, -19.69565100381664, -10.59760758709208, -14.68995808973589, -17.68777399153986, -8.224132238549572, -13.15134532362201, -15.64490236432866, -17.40988202959847, -14.97411591646562, -8.024773428883886, -10.84983623038655, -6.412365242564999, -5.002415155867462, -7.449918458904806, -6.272400789930017, -6.616789918393437, -11.96564469592158, -8.435627857631657, -8.205667648552433, -11.92729907521726, -18.00422860467087, -14.6739399838504, -4.845034114883586, -5.6556094787676] 
    ]
  },
 "Synonymous site-posteriors":  [
[0.7505523988744521, 0.8760780035576545, 0.879749470777498, 0.8870342100195977, 0.8716254954568318, 0.8760780035576545, 0.8845983497837024, 0.8480468690159927, 0.7310383040607278, 0.8733153103354656, 0.8754412206434872, 0.8856180991866709, 0.2400979896829934, 0.8886342614244562, 0.855681069452801, 0.8745669519326653, 0.8795012067398718, 0.8789252298430691, 0.8421302035988784, 0.8572858682323758, 0.8587795488048069, 0.6751256527908089, 0.7515739701459537, 0.8860060582661351, 0.8805840258279262, 0.1461313053343201, 0.854575175684359, 0.7576190727063105, 0.2221115117024199, 0.8783862480469277, 0.8046659727883942, 0.7959142416373227, 0.320795041368108, 0.8162741350353441, 0.8811445171550166, 0.8225500979388263, 0.8850830622198211, 0.8691179707017151, 0.8795648570543478, 0.8832545467031103, 0.8810145140733511, 0.8425279916601497, 0.8865990241861407, 0.8888326529249256, 0.8755622596786296, 0.8071614571386349, 0.8686841558246354, 0.8544970385493167, 0.7075721354417979],
  [0.09341685480284301, 0.1090943470912619, 0.1095220186863507, 0.1104842386855739, 0.1085020192073416, 0.1090943470912619, 0.1101810218398259, 0.1055519949920488, 0.09095625318743665, 0.1087179961584887, 0.1089882683657084, 0.1103117770859762, 0.0298540531261538, 0.1107083296141424, 0.1065084435355898, 0.1088613484119269, 0.1095101295457536, 0.1094355500946368, 0.1048053937271342, 0.1066976408632268, 0.1068792027495863, 0.0840006986571909, 0.09351881944004477, 0.1103457101078243, 0.1096286816425504, 0.01816951935539355, 0.106372207704156, 0.09427741368749519, 0.02761529469139216, 0.1093659526906003, 0.1001544620696946, 0.09904868859222743, 0.03990749038902983, 0.1015876950010198, 0.1097145893761892, 0.1023677958267937, 0.1102236366599854, 0.1082183518471594, 0.1095170041834424, 0.1099949989355157, 0.1096965388600614, 0.1048824551607027, 0.1104141281773193, 0.110770938341328, 0.108996134431626, 0.1004664010213759, 0.1081519510313166, 0.10639577514222, 0.08806384218214033],
  [0.1560307463227049, 0.01482764935108369, 0.01072851053615132, 0.002481551294828452, 0.01987248533582657, 0.01482764935108369, 0.005220628376471669, 0.04640113599195835, 0.1780054427518354, 0.01796669350604556, 0.01557051099080445, 0.004070123727352927, 0.7300479571908529, 0.0006574089614015586, 0.03781048701160925, 0.0165716996554077, 0.01098866371437464, 0.01163922006229389, 0.05306440267398739, 0.03601649090439753, 0.03434124844560658, 0.2408736485520002, 0.1549072104140015, 0.003648231626040579, 0.009787292529523381, 0.8356991753102864, 0.03905261661148499, 0.1481035136061942, 0.7502731936061878, 0.01224779926247207, 0.09517956514191117, 0.1050370697704499, 0.6392974682428622, 0.08213816996363608, 0.009140893468794188, 0.07508210623438021, 0.00469330112019334, 0.02266367745112544, 0.01091813876220977, 0.00675045436137391, 0.009288947066587644, 0.05258955317914773, 0.00298684763654006, 0.0003964087337463157, 0.01544160588974434, 0.09237214183998922, 0.02316389314404801, 0.03910718630846315, 0.2043640223760618] 
  ],
 "analysis":{
   "authors":"Sergei L Kosakovsky Pond, Sadie Wisotsky",
   "citation":"*Gene-wide identification of episodic selection*, Mol Biol Evol. 32(5):1365-71",
   "contact":"spond@temple.edu",
   "info":"BUSTED-SMSH (branch-site unrestricted statistical test of episodic diversification) uses a random effects branch-site model fitted\njointly to all or a subset of tree branches in order to test for alignment-wide evidence of episodic diversifying selection and.\nAssuming there is evidence of positive selection (i.e. there is an omega > 1),  BUSTED will also perform a quick evidence-ratio\nstyle analysis to explore which individual sites may have been subject to selection. v2.0 adds support for synonymous rate variation,\nand relaxes the test statistic to 0.5 (chi^2_0 + chi^2_2). Version 2.1 adds a grid search for the initial starting point.\nVersion 2.2 changes the grid search to LHC, and adds an initial search phase to use adaptive Nedler-Mead.\n",
   "requirements":"in-frame codon alignment and a phylogenetic tree (optionally annotated with {})",
   "version":"2.2"
  },
 "background":0,
 "branch attributes":{
   "0":{
     "CPHX_MOUSE":{
       "MG94 with double and triple instantaneous substitutions":0,
       "MG94 with double instantaneous substitutions":0,
       "MG94xREV with separate rates for branch sets":0,
       "Nucleotide GTR":2.433730096384367e-17,
       "original name":"CPHX_MOUSE",
       "unconstrained":0
      },
     "CPHX_RAT":{
       "MG94 with double and triple instantaneous substitutions":0.1005557451247616,
       "MG94 with double instantaneous substitutions":0.1034098279823675,
       "MG94xREV with separate rates for branch sets":0.1005557451247616,
       "Nucleotide GTR":0.112708266431326,
       "original name":"CPHX_RAT",
       "unconstrained":0.1033059771586788
      },
     "ENSAMEP00000013680":{
       "MG94 with double and triple instantaneous substitutions":0.09107094003954906,
       "MG94 with double instantaneous substitutions":0.08523033968883016,
       "MG94xREV with separate rates for branch sets":0.09107094003954906,
       "Nucleotide GTR":0.09202349249950065,
       "original name":"ENSAMEP00000013680",
       "unconstrained":0.09749704963590924
      },
     "ENSCAFP00000030879":{
       "MG94 with double and triple instantaneous substitutions":0.04254738493744035,
       "MG94 with double instantaneous substitutions":0.04145160721007119,
       "MG94xREV with separate rates for branch sets":0.04254738493744035,
       "Nucleotide GTR":0.027349992198169,
       "original name":"ENSCAFP00000030879",
       "unconstrained":0.04446430714206255
      },
     "ENSCPOP00000020601":{
       "MG94 with double and triple instantaneous substitutions":0.3717143621417043,
       "MG94 with double instantaneous substitutions":0.3662552683215423,
       "MG94xREV with separate rates for branch sets":0.3717143621417043,
       "Nucleotide GTR":0.2828973066105179,
       "original name":"ENSCPOP00000020601",
       "unconstrained":0.443528286704194
      },
     "GM2104_MOUSE":{
       "MG94 with double and triple instantaneous substitutions":0,
       "MG94 with double instantaneous substitutions":0,
       "MG94xREV with separate rates for branch sets":0,
       "Nucleotide GTR":3.634370277267322e-17,
       "original name":"GM2104_MOUSE",
       "unconstrained":0
      },
     "NODE_10":{
       "MG94 with double and triple instantaneous substitutions":0.1515302237594456,
       "MG94 with double instantaneous substitutions":0.1421170198206191,
       "MG94xREV with separate rates for branch sets":0.1515302237594456,
       "Nucleotide GTR":0.1407309487944197,
       "unconstrained":0.1812956574510881
      },
     "NODE_3":{
       "MG94 with double and triple instantaneous substitutions":0.1207143825223627,
       "MG94 with double instantaneous substitutions":0.129409537586562,