{
 "Evidence Ratios":{
   "constrained":    [
[0.9332084720877857, 0.880277828201832, 0.9332086992776585, 70.48343449533344, 0.933221684553765, 0.8784552417872712, 1.00000000030086, 1.000000000305707, 1.000000000300889, 1.00000000030107, 1.000000000302165, 1.000000000301161, 1.000000000301097, 1.00000000030086, 1.000000000305707, 1.000000000304514, 1.00000000030107, 1.000000000305515, 1.000000000301151, 1.000000000300888, 0.8382339196272451, 1.000000000301151, 1.000000000305515, 1.000000000300888, 1.000000000304086, 1.000000000301203, 1.000000000304514, 1.000000000305515, 1.000000000302165, 1.000000000302159, 1.000000000304002, 1.000000000302165, 1.000000000305707, 1.000000000304086, 1.000000000305515] 
    ],
   "optimized null":    [
[1.069552100776367, 0.9469909819768487, 1.058405262791535, 1.644634980476354, 1.069563963366587, 1.033062004224218, 1.00000000013814, 1.000000000140369, 1.00000000013996, 1.000000000165155, 1.000000000217687, 1.000000000136732, 1.000000000165182, 1.000000000198821, 1.000000000140369, 1.000000000178772, 1.000000000165155, 1.000000000140222, 1.000000000136684, 1.000000000198849, 1.261033359819342, 1.000000000136684, 1.000000000140222, 1.000000000168423, 1.00000000034028, 1.000000000142769, 1.000000000178772, 1.000000000178387, 1.000000000217687, 1.000000000170477, 1.000000000339488, 1.000000000217687, 1.000000000140369, 1.00000000034028, 1.000000000178387] 
    ]
  },
 "Site Log Likelihood":{
   "constrained":    [
[-3.455523954844054, -3.456952769231683, -3.350808324748604, -10.77770548681143, -3.455352044437777, -3.0140727871934, -3.654121149220172, -4.200862188114933, -3.746219468036871, -5.140052881729946, -4.083719915786733, -4.845899845293804, -5.244437936406063, -3.009532839412006, -4.213148923962291, -5.699080656476815, -5.140052881729946, -4.087606323362298, -4.845728055343124, -3.113917894088124, -5.830817216555935, -4.845728055343124, -4.099893059209655, -3.126204629984986, -5.187286700548162, -4.508399397548576, -5.699080656476815, -3.467591485303765, -4.083719915786733, -3.346861497257619, -4.975328853403368, -4.083719915786733, -4.213148923962291, -5.187286700548162, -3.467591485303765] 
    ],
   "optimized null":    [
[-3.591890578618479, -3.530004768133865, -3.476698047850005, -7.01984623952852, -3.591715601318954, -3.176190320082146, -3.654121149057451, -4.200862187949595, -3.746219467875942, -5.140052881594031, -4.083719915702256, -4.845899845129375, -5.244437936270148, -3.009532839309967, -4.213148923796953, -5.699080656351073, -5.140052881594031, -4.087606323197005, -4.845728055178657, -3.113917893986085, -6.23920680532565, -4.845728055178657, -4.099893059044362, -3.126204629852521, -5.187286700584356, -4.508399397390143, -5.699080656351073, -3.467591485176636, -4.083719915702256, -3.346861497125937, -4.975328853438853, -4.083719915702256, -4.213148923796953, -5.187286700584356, -3.467591485176636] 
    ],
   "unconstrained":    [
[-3.52465061518628, -3.584470476702986, -3.419934741640569, -6.522327776300784, -3.524464546772608, -3.143663108295623, -3.654121148919312, -4.200862187809227, -3.746219467735982, -5.140052881428876, -4.083719915484568, -4.845899844992643, -5.244437936104966, -3.009532839111146, -4.213148923656584, -5.699080656172302, -5.140052881428876, -4.087606323056783, -4.845728055041973, -3.113917893787236, -6.007275293641771, -4.845728055041973, -4.09989305890414, -3.126204629684098, -5.187286700244076, -4.508399397247373, -5.699080656172302, -3.46759148499825, -4.083719915484568, -3.34686149695546, -4.975328853099366, -4.083719915484568, -4.213148923656584, -5.187286700244076, -3.46759148499825] 
    ]
  },
 "Synonymous site-posteriors":  [
[1.768914754134946e-11, 1.771182693764155e-11, 1.768883482314214e-11, 1.729836575397458e-11, 1.768913558214094e-11, 1.771824405723457e-11, 1.764828387385336e-11, 1.764828387383885e-11, 1.764828387393903e-11, 1.764828387427064e-11, 1.764828387367652e-11, 1.764828387394567e-11, 1.764828387427062e-11, 1.764828387356784e-11, 1.764828387383885e-11, 1.764828387429303e-11, 1.764828387427064e-11, 1.764828387384529e-11, 1.764828387394589e-11, 1.764828387356747e-11, 1.773435894131698e-11, 1.764828387394589e-11, 1.764828387384526e-11, 1.764828387426376e-11, 1.764828387345339e-11, 1.764828387393412e-11, 1.764828387429303e-11, 1.764828387433038e-11, 1.764828387367652e-11, 1.7648283874274e-11, 1.764828387346922e-11, 1.764828387367652e-11, 1.764828387383885e-11, 1.764828387345339e-11, 1.764828387433038e-11],
  [0, 0, 0, 0, 0, 0, 0, 0, 0, 0, 0, 0, 0, 0, 0, 0, 0, 0, 0, 0, 0, 0, 0, 0, 0, 0, 0, 0, 0, 0, 0, 0, 0, 0, 0],
  [0.9999999999823108, 0.9999999999822882, 0.9999999999823111, 0.9999999999827016, 0.9999999999823108, 0.9999999999822818, 0.9999999999823517, 0.9999999999823517, 0.9999999999823517, 0.9999999999823517, 0.9999999999823517, 0.9999999999823516, 0.9999999999823518, 0.9999999999823518, 0.9999999999823517, 0.9999999999823517, 0.9999999999823517, 0.9999999999823517, 0.9999999999823518, 0.9999999999823517, 0.9999999999822656, 0.9999999999823518, 0.9999999999823519, 0.9999999999823518, 0.9999999999823518, 0.9999999999823517, 0.9999999999823517, 0.9999999999823518, 0.9999999999823517, 0.9999999999823516, 0.9999999999823517, 0.9999999999823517, 0.9999999999823517, 0.9999999999823518, 0.9999999999823518] 
  ],
 "analysis":{
   "authors":"Sergei L Kosakovsky Pond, Sadie Wisotsky",
   "citation":"*Gene-wide identification of episodic selection*, Mol Biol Evol. 32(5):1365-71",
   "contact":"spond@temple.edu",
   "info":"BUSTED-SMSH (branch-site unrestricted statistical test of episodic diversification) uses a random effects branch-site model fitted\njointly to all or a subset of tree branches in order to test for alignment-wide evidence of episodic diversifying selection and.\nAssuming there is evidence of positive selection (i.e. there is an omega > 1),  BUSTED will also perform a quick evidence-ratio\nstyle analysis to explore which individual sites may have been subject to selection. v2.0 adds support for synonymous rate variation,\nand relaxes the test statistic to 0.5 (chi^2_0 + chi^2_2). Version 2.1 adds a grid search for the initial starting point.\nVersion 2.2 changes the grid search to LHC, and adds an initial search phase to use adaptive Nedler-Mead.\n",
   "requirements":"in-frame codon alignment and a phylogenetic tree (optionally annotated with {})",
   "version":"2.2"
  },
 "background":0,
 "branch attributes":{
   "0":{
     "ENSGGOP00000012113":{
       "MG94 with double and triple instantaneous substitutions":0.04941385575416248,
       "MG94 with double instantaneous substitutions":0.04942836959647497,
       "MG94xREV with separate rates for branch sets":0.04941385575416248,
       "Nucleotide GTR":0.04572086644589912,
       "constrained":0.04495007421376571,
       "original name":"ENSGGOP00000012113",
       "unconstrained":0.05890982437151705
      },
     "ENSMMUP00000009466":{
       "MG94 with double and triple instantaneous substitutions":0,
       "MG94 with double instantaneous substitutions":0,
       "MG94xREV with separate rates for branch sets":0,
       "Nucleotide GTR":0,
       "constrained":0,
       "original name":"ENSMMUP00000009466",
       "unconstrained":0
      },
     "ENSMMUP00000035616":{
       "MG94 with double and triple instantaneous substitutions":0,
       "MG94 with double instantaneous substitutions":0,
       "MG94xREV with separate rates for branch sets":0,
       "Nucleotide GTR":0,
       "constrained":0,
       "original name":"ENSMMUP00000035616",
       "unconstrained":0
      },
     "ENSNLEP00000017254":{
       "MG94 with double and triple instantaneous substitutions":0,
       "MG94 with double instantaneous substitutions":0,
       "MG94xREV with separate rates for branch sets":0,
       "Nucleotide GTR":0,
       "constrained":0,
       "original name":"ENSNLEP00000017254",
       "unconstrained":0
      },