{
 "Evidence Ratios":{
  },
 "Site Log Likelihood":{
   "unconstrained":    [
[-4.330937812235494, -14.61032744170585, -14.75468195458421, -11.8639773800212, -5.030936015597211, -8.156963434636385, -5.96342355443051, -13.78805013065753, -6.140109844899543, -4.319229184744341, -4.746212499790778, -8.538661165448742, -7.954162409105467, -6.681087990329742, -14.21551732949414, -7.79885277403532, -13.02075673995193, -6.901955931980552, -6.920776632705558, -6.854550433137506, -5.274781756521451, -7.944635942418282, -5.532198168367884, -6.379167585175105, -5.274781756521451, -11.08105189338908, -9.36615259488026, -4.469323521598493, -4.494114705201406, -3.532915948332831, -4.057065009502134, -8.25380497937325, -10.60540368181711, -13.27952873618948, -5.00848006048721, -5.00848006048721, -15.26899249052918, -4.330937812235494, -5.921451385680346, -8.674157801290299, -6.263870495264572, -14.73277979744792, -12.89261015180902, -6.854550433137506, -7.594874883765431, -5.959073225097399, -4.987477141804961, -9.612000815371401, -13.83425683470585] 
    ]
  },
 "Synonymous site-posteriors":  [
[0.2069081034678042, 0.9263233017894463, 0.4798130108253752, 0.7894766634387755, 0.08540434179111484, 0.4329109515360994, 0.0568957034454763, 0.7356785363584218, 0.3124144548890264, 0.1177245187457878, 0.1025223691478696, 0.3329956525735477, 0.4739593589015234, 0.04189199579017604, 0.8240076973587295, 0.164254198784148, 0.3246628590024707, 0.2084269420041027, 0.3183125261798758, 0.266729746444337, 0.07814777267036481, 0.4565042546208293, 0.05636109369653453, 0.3691475020950888, 0.07814777267036481, 0.7135916320321475, 0.6170266872923674, 0.1476939270675257, 0.115379327144412, 0.3873652760437, 0.3873652760437002, 0.37004518595574, 0.778117268455078, 0.7209932450558401, 0.147615493162549, 0.147615493162549, 0.930866927143564, 0.2069081034678042, 0.05188742337657905, 0.419864663997068, 0.3511631654240074, 0.9631724179676239, 0.6958054556624889, 0.266729746444337, 0.4422643352625781, 0.318198557613796, 0.1039000877861169, 0.4927240418208422, 0.964511611914124],
  [0.2261842999079964, 0.02017849848487535, 0.1454827654192382, 0.05846842250258472, 0.2623309023066413, 0.1598477743712156, 0.2711261907358452, 0.07346311562036323, 0.1942260106531608, 0.2526182409364791, 0.2571530457510645, 0.1884441040402562, 0.1482027685938608, 0.2758718777370727, 0.0484500180165451, 0.2370347166691796, 0.1896611267621823, 0.224221753754046, 0.1926077327376199, 0.2074387354212933, 0.2646086088843668, 0.1530383986122192, 0.2713486901846948, 0.1779757787377864, 0.2646086088843668, 0.07965658825507943, 0.1067671807062032, 0.2436972196234644, 0.25331419838708, 0.1739937396334248, 0.1739937396334247, 0.1777973862038124, 0.06156943587373032, 0.07762159762985572, 0.2437074010419444, 0.2437074010419444, 0.01892704726152938, 0.2261842999079964, 0.2727338476050889, 0.1635734970537352, 0.1831208853810624, 0.009978014890469544, 0.08469157684904426, 0.2074387354212933, 0.157111162295075, 0.1925715666714428, 0.2567625769526421, 0.1427075994056033, 0.009608946961847824],
  [0.5669075966241994, 0.05349819972567834, 0.3747042237553866, 0.1520549140586397, 0.652264755902244, 0.407241274092685, 0.6719781058186785, 0.1908583480212149, 0.4933595344578128, 0.6296572403177331, 0.6403245851010658, 0.478560243386196, 0.3778378725046159, 0.6822361264727513, 0.1275422846247255, 0.5987110845466725, 0.4856760142353468, 0.5673513042418515, 0.4890797410825043, 0.5258315181343698, 0.6572436184452682, 0.3904573467669515, 0.6722902161187707, 0.4528767191671249, 0.6572436184452682, 0.2067517797127732, 0.2762061320014294, 0.6086088533090099, 0.6313064744685081, 0.4386409843228752, 0.4386409843228751, 0.4521574278404478, 0.1603132956711915, 0.2013851573143042, 0.6086771057955067, 0.6086771057955067, 0.05020602559490653, 0.5669075966241994, 0.6753787290183321, 0.4165618389491968, 0.4657159491949303, 0.02684956714190662, 0.219502967488467, 0.5258315181343698, 0.4006245024423469, 0.4892298757147613, 0.639337335261241, 0.3645683587735544, 0.02587944112402807] 
  ],
 "analysis":{
   "authors":"Sergei L Kosakovsky Pond, Sadie Wisotsky",
   "citation":"*Gene-wide identification of episodic selection*, Mol Biol Evol. 32(5):1365-71",
   "contact":"spond@temple.edu",
   "info":"BUSTED-SMSH (branch-site unrestricted statistical test of episodic diversification) uses a random effects branch-site model fitted\njointly to all or a subset of tree branches in order to test for alignment-wide evidence of episodic diversifying selection and.\nAssuming there is evidence of positive selection (i.e. there is an omega > 1),  BUSTED will also perform a quick evidence-ratio\nstyle analysis to explore which individual sites may have been subject to selection. v2.0 adds support for synonymous rate variation,\nand relaxes the test statistic to 0.5 (chi^2_0 + chi^2_2). Version 2.1 adds a grid search for the initial starting point.\nVersion 2.2 changes the grid search to LHC, and adds an initial search phase to use adaptive Nedler-Mead.\n",
   "requirements":"in-frame codon alignment and a phylogenetic tree (optionally annotated with {})",
   "version":"2.2"
  },
 "background":0,
 "branch attributes":{
   "0":{
     "ENSEEUP00000005184":{
       "MG94 with double and triple instantaneous substitutions":0.2181469529013057,
       "MG94 with double instantaneous substitutions":0.2182295016164864,
       "MG94xREV with separate rates for branch sets":0.2181469529013057,
       "Nucleotide GTR":0.2095898700098143,
       "original name":"ENSEEUP00000005184",
       "unconstrained":0.2610446572373359
      },
     "ENSMICP00000007661":{
       "MG94 with double and triple instantaneous substitutions":0.0406070791477435,
       "MG94 with double instantaneous substitutions":0.04058565629406343,
       "MG94xREV with separate rates for branch sets":0.0406070791477435,
       "Nucleotide GTR":0.03865373307287674,
       "original name":"ENSMICP00000007661",
       "unconstrained":0.04536424841156235
      },
     "ENSMMUP00000029188":{
       "MG94 with double and triple instantaneous substitutions":0,
       "MG94 with double instantaneous substitutions":0,
       "MG94xREV with separate rates for branch sets":0,
       "Nucleotide GTR":9.141382718069276e-18,
       "original name":"ENSMMUP00000029188",
       "unconstrained":0
      },
     "ENSPPYP00000000290":{
       "MG94 with double and triple instantaneous substitutions":0,
       "MG94 with double instantaneous substitutions":0,
       "MG94xREV with separate rates for branch sets":0,
       "Nucleotide GTR":0,
       "original name":"ENSPPYP00000000290",
       "unconstrained":0
      },
     "ENSSARP00000001553":{
       "MG94 with double and triple instantaneous substitutions":0.05858172091535819,
       "MG94 with double instantaneous substitutions":0.05859591167645081,
       "MG94xREV with separate rates for branch sets":0.05858172091535819,
       "Nucleotide GTR":0.04465222663285991,
       "original name":"ENSSARP00000001553",
       "unconstrained":0.0678479546831617
      },
     "ENSTBEP00000002143":{
       "MG94 with double and triple instantaneous substitutions":0.03141229315495154,
       "MG94 with double instantaneous substitutions":0.03142084645621351,
       "MG94xREV with separate rates for branch sets":0.03141229315495154,
       "Nucleotide GTR":0.02587785562978112,
       "original name":"ENSTBEP00000002143",
       "unconstrained":0.03543844336977853
      },
     "NODE_10":{
       "MG94 with double and triple instantaneous substitutions":0.05089731130326012,
       "MG94 with double instantaneous substitutions":0.05092525900231477,
       "MG94xREV with separate rates for branch sets":0.05089731130326012,
       "Nucleotide GTR":0.05699981833100157,
       "unconstrained":0.05163991836425809
      },
     "NODE_6":{
       "MG94 with double and triple instantaneous substitutions":0.01280059145874948,
       "MG94 with double instantaneous substitutions":0.01280059047712258,