{
 "Evidence Ratios":{
  },
 "Site Log Likelihood":{
   "unconstrained":    [
[-9.934361692064678, -9.810514303411715, -7.630180318134525, -17.10405658347828, -17.97648272203617, -20.3292074997281, -9.094034018556233, -10.2765680595477, -13.96400779604371, -18.12541697622478, -7.512374483979215, -11.94286659966564, -21.75691713715647, -19.94872091442907, -5.958776600796178, -19.15826972221473, -10.08860840389783, -16.07685370525763, -16.72012692977053, -17.8225854719077, -8.325382772491185, -15.5783841828221, -9.900125837249405, -11.48235762929821, -15.8229037462904, -11.70661923997015, -12.09544741970301, -5.958776600796178, -12.77453885247543, -12.84810792632016, -17.05977261261775, -28.94740820431448, -5.422266478481993, -10.94823154512784, -23.60000060224195, -5.49076406138213, -12.82698962109243, -15.18200086395242, -10.96102616747757, -5.381766452724452, -10.88807622523936, -23.78040250099459, -14.60543595211451, -8.119328927657362, -21.92430662615839] 
    ]
  },
 "Synonymous site-posteriors":  [
[0.4203619055133506, 0.4203325837676861, 0.4203451961504537, 0.4203228444606029, 0.4203273724732872, 0.4203389574492616, 0.4203474905732223, 0.4203255685924863, 0.4203520630346712, 0.420347512455127, 0.4203616789934339, 0.4203303441516509, 0.420322112233436, 0.4203207609968252, 0.1324389427337739, 0.4203295224275803, 0.4203451643314652, 0.4203416714849674, 0.4203396423907081, 0.4203288430385357, 0.4203474156148777, 0.4203493461601888, 0.420330779733933, 0.4203463281850085, 0.4203455836383411, 0.4203199180116476, 0.4203604077801964, 0.1324389427337739, 0.4203261052333692, 0.4203271380517075, 0.420320864341224, 0.4202833033594214, 0.1450357688837469, 0.4203254929019288, 0.4203203457007265, 0.1381234310075846, 0.4203312757823512, 0.4203150534913304, 0.4203266184942974, 0.2176810218022289, 0.4203485125137862, 0.4203021468831792, 0.4203335789996199, 0.4203516589959312, 0.420326167826378],
  [0, 0, 0, 0, 0, 0, 0, 0, 0, 0, 0, 0, 0, 0, 0.6849438720931735, 0, 0, 0, 0, 0, 0, 0, 0, 0, 0, 0, 0, 0.6849438720931735, 0, 0, 0, 0, 0.6549766187919828, 0, 0, 0.6714210196589143, 0, 0, 0, 0.4821560533918821, 0, 0, 0, 0, 0],
  [0.5796380944866493, 0.5796674162323138, 0.5796548038495464, 0.5796771555393972, 0.5796726275267128, 0.5796610425507384, 0.5796525094267777, 0.5796744314075136, 0.5796479369653288, 0.5796524875448731, 0.5796383210065663, 0.5796696558483493, 0.5796778877665639, 0.5796792390031748, 0.1826171851730527, 0.5796704775724197, 0.5796548356685347, 0.5796583285150325, 0.5796603576092918, 0.5796711569614643, 0.5796525843851225, 0.5796506538398111, 0.5796692202660669, 0.5796536718149915, 0.5796544163616588, 0.5796800819883524, 0.5796395922198034, 0.1826171851730527, 0.5796738947666308, 0.5796728619482924, 0.5796791356587759, 0.5797166966405787, 0.1999876123242703, 0.5796745070980711, 0.5796796542992735, 0.1904555493335012, 0.5796687242176489, 0.5796849465086695, 0.5796733815057026, 0.3001629248058891, 0.5796514874862139, 0.5796978531168209, 0.5796664210003801, 0.5796483410040688, 0.579673832173622] 
  ],
 "analysis":{
   "authors":"Sergei L Kosakovsky Pond, Sadie Wisotsky",
   "citation":"*Gene-wide identification of episodic selection*, Mol Biol Evol. 32(5):1365-71",
   "contact":"spond@temple.edu",
   "info":"BUSTED-SMSH (branch-site unrestricted statistical test of episodic diversification) uses a random effects branch-site model fitted\njointly to all or a subset of tree branches in order to test for alignment-wide evidence of episodic diversifying selection and.\nAssuming there is evidence of positive selection (i.e. there is an omega > 1),  BUSTED will also perform a quick evidence-ratio\nstyle analysis to explore which individual sites may have been subject to selection. v2.0 adds support for synonymous rate variation,\nand relaxes the test statistic to 0.5 (chi^2_0 + chi^2_2). Version 2.1 adds a grid search for the initial starting point.\nVersion 2.2 changes the grid search to LHC, and adds an initial search phase to use adaptive Nedler-Mead.\n",
   "requirements":"in-frame codon alignment and a phylogenetic tree (optionally annotated with {})",
   "version":"2.2"
  },
 "background":0,
 "branch attributes":{
   "0":{
     "ENSACAP00000019032":{
       "MG94 with double and triple instantaneous substitutions":0.1284009596317918,
       "MG94 with double instantaneous substitutions":0.1283540337740241,
       "MG94xREV with separate rates for branch sets":0.1284009596317918,
       "Nucleotide GTR":0.1098870012085034,
       "original name":"ENSACAP00000019032",
       "unconstrained":0.1551672767331143
      },
     "ENSBTAP00000047951":{
       "MG94 with double and triple instantaneous substitutions":0.06594535521831062,
       "MG94 with double instantaneous substitutions":0.06596112271133295,
       "MG94xREV with separate rates for branch sets":0.06594535521831062,
       "Nucleotide GTR":0.06451173413402063,
       "original name":"ENSBTAP00000047951",
       "unconstrained":0.06677634236477986
      },
     "ENSCJAP00000041424":{
       "MG94 with double and triple instantaneous substitutions":0.03064159000293647,
       "MG94 with double instantaneous substitutions":0.03064284204034749,
       "MG94xREV with separate rates for branch sets":0.03064159000293647,
       "Nucleotide GTR":0.01852593957656041,
       "original name":"ENSCJAP00000041424",
       "unconstrained":0.03062744950209526
      },
     "ENSECAP00000003950":{
       "MG94 with double and triple instantaneous substitutions":0.02293086783939238,
       "MG94 with double instantaneous substitutions":0.02292843477985516,
       "MG94xREV with separate rates for branch sets":0.02293086783939238,
       "Nucleotide GTR":0.02368208063005684,
       "original name":"ENSECAP00000003950",
       "unconstrained":0.02299144248236625
      },
     "ENSMGAP00000016921":{
       "MG94 with double and triple instantaneous substitutions":0.1445524321704011,
       "MG94 with double instantaneous substitutions":0.1445039319188799,
       "MG94xREV with separate rates for branch sets":0.1445524321704011,
       "Nucleotide GTR":0.1243296252092437,
       "original name":"ENSMGAP00000016921",
       "unconstrained":0.165320651167774
      },
     "ENSMLUP00000021344":{
       "MG94 with double and triple instantaneous substitutions":0.1250052114443805,
       "MG94 with double instantaneous substitutions":0.1250832071016482,
       "MG94xREV with separate rates for branch sets":0.1250052114443805,
       "Nucleotide GTR":0.1263588704575262,
       "original name":"ENSMLUP00000021344",
       "unconstrained":0.1408810288796505
      },
     "ENSOANP00000012728":{
       "MG94 with double and triple instantaneous substitutions":0.350651712039058,
       "MG94 with double instantaneous substitutions":0.3510013748452113,
       "MG94xREV with separate rates for branch sets":0.350651712039058,
       "Nucleotide GTR":0.2824392103147628,
       "original name":"ENSOANP00000012728",
       "unconstrained":0.5688058791386355
      },
     "ENSPSIP00000000981":{
       "MG94 with double and triple instantaneous substitutions":0.02827019943974491,
       "MG94 with double instantaneous substitutions":0.02827004348965616,
       "MG94xREV with separate rates for branch sets":0.02827019943974491,
       "Nucleotide GTR":0.03807287753603922,
       "original name":"ENSPSIP00000000981",
       "unconstrained":0.02932078879825797
      },
     "NODE_12":{
       "MG94 with double and triple instantaneous substitutions":0.06584807491101925,
       "MG94 with double instantaneous substitutions":0.06586864657490056,
       "MG94xREV with separate rates for branch sets":0.06584807491101925,
       "Nucleotide GTR":0.05604861900803323,
       "unconstrained":0.06746787242370603
      },
     "NODE_14":{
       "MG94 with double and triple instantaneous substitutions":0.09781552104981163,
       "MG94 with double instantaneous substitutions":0.09788388872364184,