{
 "Evidence Ratios":{
  },
 "Site Log Likelihood":{
   "unconstrained":    [
[-3.587407850367796, -3.342845641725063, -3.622256639517167, -4.041607383317367, -6.191627248285355, -3.137816635039653, -3.307996852575692, -3.382378843682386, -5.572095822547491, -3.417227632831753, -3.137816635039651, -3.457982999259848, -2.715886733023742, -3.137816635039652, -3.845064112126386, -3.762196385525267, -3.732797739134601, -3.762196385525267, -3.732797739134601, -3.587407850367796, -3.342845641725064, -2.955764528858531, -3.342845641725064, -5.022916667225393, -3.902977956670642, -9.892211780599428, -9.648000672222775, -18.06877986285123, -22.26866692734643, -7.588285867055517, -17.6746340532298, -19.94575355419314, -15.04510968630687, -13.65537934843847, -17.15559069068778, -26.55032379231024, -20.80502303924637, -12.6914372542308, -22.07584099153832, -7.110221084347749, -5.165595788840641, -4.518063520810425, -4.235959976299157, -12.95144457641086, -17.15640844770521, -7.144401254762949, -8.732283070413276, -13.45131327138607, -12.27250385023581, -23.52630666653544, -7.802179240992752, -4.776042506374904, -7.298537736221703] 
    ]
  },
 "Synonymous site-posteriors":  [
[0.376846322839083, 0.3768463228390831, 0.3768463228390828, 0.3768463228390825, 0.3768463228390834, 0.3768463228390839, 0.3768463228390837, 0.3768463228390846, 0.3768463228390834, 0.3768463228390833, 0.3768463228390838, 0.3768463228390829, 0.3768463228390819, 0.3768463228390841, 0.3768463228390825, 0.3768463228390834, 0.3768463228390844, 0.3768463228390835, 0.376846322839084, 0.3768463228390828, 0.376846322839083, 0.3768463228390815, 0.3768463228390831, 0.376846322839084, 0.3768463228390839, 0.3580985418080489, 0.4520257410495416, 0.3474689640806319, 0.02158881719427942, 0.3214752035902819, 0.1098865529424986, 0.1745321252980679, 0.185925540147042, 0.9039455347309262, 0.3914385918239401, 0.04035416285163406, 0.7297465068033968, 0.6365081602940611, 0.1073540643350826, 0.5120818675815093, 0.6416268285452033, 0.6071945568834609, 0.5249801171600827, 0.3049172834543064, 0.1746101956192892, 0.5319429145614526, 0.5094876194834259, 0.205750214777939, 0.1972244211104581, 0.04243629317306093, 0.4911580639504854, 0.618746975005129, 0.4069122806227671],
  [0.6231536771609171, 0.623153677160917, 0.6231536771609171, 0.6231536771609173, 0.6231536771609165, 0.6231536771609161, 0.6231536771609163, 0.6231536771609154, 0.6231536771609166, 0.6231536771609167, 0.6231536771609163, 0.6231536771609171, 0.623153677160918, 0.623153677160916, 0.6231536771609175, 0.6231536771609166, 0.6231536771609157, 0.6231536771609164, 0.623153677160916, 0.6231536771609173, 0.623153677160917, 0.6231536771609184, 0.6231536771609169, 0.6231536771609161, 0.623153677160916, 0.6419014581919511, 0.5479742589504585, 0.652531035919368, 0.9784111828057206, 0.6785247964097182, 0.8901134470575014, 0.8254678747019322, 0.814074459852958, 0.0960544652690737, 0.6085614081760599, 0.9596458371483658, 0.2702534931966031, 0.3634918397059389, 0.8926459356649175, 0.4879181324184907, 0.3583731714547966, 0.3928054431165393, 0.4750198828399172, 0.6950827165456936, 0.8253898043807109, 0.4680570854385476, 0.490512380516574, 0.794249785222061, 0.8027755788895419, 0.957563706826939, 0.5088419360495147, 0.3812530249948711, 0.5930877193772329],
  [0, 0, 0, 0, 0, 0, 0, 0, 0, 0, 0, 0, 0, 0, 0, 0, 0, 0, 0, 0, 0, 0, 0, 0, 0, 0, 0, 0, 0, 0, 0, 0, 0, 0, 0, 0, 0, 0, 0, 0, 0, 0, 0, 0, 0, 0, 0, 0, 0, 0, 0, 0, 0] 
  ],
 "analysis":{
   "authors":"Sergei L Kosakovsky Pond, Sadie Wisotsky",
   "citation":"*Gene-wide identification of episodic selection*, Mol Biol Evol. 32(5):1365-71",
   "contact":"spond@temple.edu",
   "info":"BUSTED-SMSH (branch-site unrestricted statistical test of episodic diversification) uses a random effects branch-site model fitted\njointly to all or a subset of tree branches in order to test for alignment-wide evidence of episodic diversifying selection and.\nAssuming there is evidence of positive selection (i.e. there is an omega > 1),  BUSTED will also perform a quick evidence-ratio\nstyle analysis to explore which individual sites may have been subject to selection. v2.0 adds support for synonymous rate variation,\nand relaxes the test statistic to 0.5 (chi^2_0 + chi^2_2). Version 2.1 adds a grid search for the initial starting point.\nVersion 2.2 changes the grid search to LHC, and adds an initial search phase to use adaptive Nedler-Mead.\n",
   "requirements":"in-frame codon alignment and a phylogenetic tree (optionally annotated with {})",
   "version":"2.2"
  },
 "background":0,
 "branch attributes":{
   "0":{
     "ACTL8_GADMO":{
       "MG94 with double and triple instantaneous substitutions":0.07431526455919792,
       "MG94 with double instantaneous substitutions":0.07423872886601854,
       "MG94xREV with separate rates for branch sets":0.07431526455919792,
       "Nucleotide GTR":0.06463362710513722,
       "original name":"ACTL8_GADMO",
       "unconstrained":0.07477367777721663
      },
     "ACTL8_GASAC":{
       "MG94 with double and triple instantaneous substitutions":0.05086505723995913,
       "MG94 with double instantaneous substitutions":0.05086800193847141,
       "MG94xREV with separate rates for branch sets":0.05086505723995913,
       "Nucleotide GTR":0.03589478928125451,
       "original name":"ACTL8_GASAC",
       "unconstrained":0.05282893627998551
      },
     "ACTL8_MELGA":{
       "MG94 with double and triple instantaneous substitutions":0.1469976469136295,
       "MG94 with double instantaneous substitutions":0.1472036235530833,
       "MG94xREV with separate rates for branch sets":0.1469976469136295,
       "Nucleotide GTR":0.115354391760503,
       "original name":"ACTL8_MELGA",
       "unconstrained":0.1536895293596878
      },
     "ACTL8_TETNG":{
       "MG94 with double and triple instantaneous substitutions":0,
       "MG94 with double instantaneous substitutions":0,
       "MG94xREV with separate rates for branch sets":0,
       "Nucleotide GTR":0,
       "original name":"ACTL8_TETNG",
       "unconstrained":0
      },
     "ENSCJAP00000046096":{
       "MG94 with double and triple instantaneous substitutions":0.08769192053067841,
       "MG94 with double instantaneous substitutions":0.08774656938386693,
       "MG94xREV with separate rates for branch sets":0.08769192053067841,
       "Nucleotide GTR":0.06194957267097306,
       "original name":"ENSCJAP00000046096",
       "unconstrained":0.09481201710713794
      },
     "ENSETEP00000014931":{
       "MG94 with double and triple instantaneous substitutions":0.1646985826413293,
       "MG94 with double instantaneous substitutions":0.1646291770318575,
       "MG94xREV with separate rates for branch sets":0.1646985826413293,
       "Nucleotide GTR":0.1092341566911796,
       "original name":"ENSETEP00000014931",
       "unconstrained":0.1895625751759726
      },
     "ENSETEP00000016080":{
       "MG94 with double and triple instantaneous substitutions":0.1544949640359384,
       "MG94 with double instantaneous substitutions":0.1545583522975979,
       "MG94xREV with separate rates for branch sets":0.1544949640359384,
       "Nucleotide GTR":0.1178416737498801,
       "original name":"ENSETEP00000016080",
       "unconstrained":0.1785427506247366
      },
     "ENSTSYP00000013363":{
       "MG94 with double and triple instantaneous substitutions":0.167378262634673,
       "MG94 with double instantaneous substitutions":0.1675175973591256,
       "MG94xREV with separate rates for branch sets":0.167378262634673,
       "Nucleotide GTR":0.1295787879006347,
       "original name":"ENSTSYP00000013363",
       "unconstrained":0.1776247726412529
      },
     "F1M4R6_RAT":{
       "MG94 with double and triple instantaneous substitutions":0.2506910130457115,
       "MG94 with double instantaneous substitutions":0.2513240754952936,
       "MG94xREV with separate rates for branch sets":0.2506910130457115,
       "Nucleotide GTR":0.2283110597027208,