{
 "Evidence Ratios":{
  },
 "Site Log Likelihood":{
   "unconstrained":    [
[-6.629616051860422, -3.485410881817174, -13.0672981596133, -13.50611936213507, -10.32493774162561, -23.1763112518307, -3.485410881817174, -18.17548534757409, -11.06428934534584, -3.485410881817174, -9.177164918869135, -10.97065443407553, -5.070617135094065, -3.603663849345226, -12.56505019178443, -9.962942985836431, -6.039410575326042, -9.583296620354274, -3.603663849345226, -8.566799431372615, -8.381540643687464, -3.603663849345226, -9.478000344055303, -12.83502105789939, -5.99092106483187, -17.71295644018744, -7.087973355525324, -13.71400702525002, -14.94988530026052, -13.5518500171494, -7.087973355525324, -7.823460315785145, -9.879681149684115, -7.794741872701111, -3.485410881817174, -13.35028850462076, -14.06963812891957, -27.66915601794143, -17.70791446377488, -15.19021457881093, -17.4745572245777, -16.43750448678536, -26.66140919389419, -11.01004647898092, -6.397026414217765, -3.456470245075565, -5.602705803986945, -19.50342040308099, -4.785201598820328, -5.495383495660008, -3.456470245075565] 
    ]
  },
 "Synonymous site-posteriors":  [
[0.02583272242793462, 0.1230942588449316, 0.7319159271039817, 0.2769516780797008, 0.25443352458345, 0.06437927542896213, 0.1230942588449316, 0.9154961404635215, 0.8031902417879866, 0.1230942588449316, 0.4669612590579313, 0.3469485900703965, 0.06012305380709405, 0.1299309364235733, 0.4566610470363237, 0.08469563068941123, 0.0543320104179985, 0.751064003130824, 0.1299309364235733, 0.10803796656917, 0.3075565561085699, 0.1299309364235733, 0.1637609771118697, 0.2517764489167879, 0.02958214133466827, 0.7795255409073102, 0.1577243412795617, 0.5902085223827556, 0.8211882982670552, 0.6463784004305403, 0.1577243412795617, 0.08107066824832779, 0.05167836796858433, 0.3370933912433499, 0.1230942588449316, 0.8577143217428923, 0.7900501178386815, 0.130433425928948, 0.7782028109056567, 0.7429723508264348, 0.39329382295299, 0.494081747928292, 0.8591366551170067, 0.06795084032414193, 0.01905781384976814, 0.112382418861761, 0.2871871287491272, 0.7746272714833236, 0.03721419486421802, 0.2780089777264504, 0.112382418861761],
  [0.9741613888449159, 0.8758790658983162, 0.255282549373493, 0.7227787069614107, 0.7451411710309656, 1.431979911334168e-05, 0.8758790658983162, 0.02403369277476733, 0.174887804163735, 0.8758790658983162, 0.5294522116378458, 0.6448210882579973, 0.9397742078414114, 0.8688541530780496, 0.5392006423506097, 0.9152535299480278, 0.9456137682964214, 0.2407285973828704, 0.8688541530780496, 0.8919110326394154, 0.690506288811286, 0.8688541530780496, 0.8356204553957107, 0.7479499695699102, 0.9704076368661915, 0.05243750290366533, 0.8416710576833589, 0.4084030745311114, 0.1312565918263783, 0.3013612036305463, 0.8416710576833589, 0.9189013971794828, 0.9483176300405702, 0.6547356396154536, 0.8758790658983162, 0.1192836548681477, 0.1137967559251113, 0.0001978519086026287, 0.04030423749298075, 0.241182759070019, 0.007928607023320794, 0.5042435360743351, 0.02337407155378672, 0.932046525243737, 0.9809398408846487, 0.886911211795153, 0.7101348074544683, 0.03448634177633148, 0.9627514343047739, 0.7195723047978098, 0.886911211795153],
  [5.888727149434496e-06, 0.00102667525675219, 0.01280152352252532, 0.0002696149588886905, 0.0004253043855843736, 0.9356064047719246, 0.00102667525675219, 0.06047016676171125, 0.02192195404827827, 0.00102667525675219, 0.003586529304222821, 0.008230321671606139, 0.000102738351494504, 0.001214910498377184, 0.004138310613066606, 5.083936256106262e-05, 5.422128558008194e-05, 0.008207399486305497, 0.001214910498377184, 5.100079141469828e-05, 0.001937155080144193, 0.001214910498377184, 0.0006185674924194513, 0.0002735815133019435, 1.022179914015463e-05, 0.1680369561890244, 0.0006046010370793231, 0.001388403086133132, 0.0475551099065666, 0.05226039593891334, 0.0006046010370793231, 2.793457218955022e-05, 4.001990845342378e-06, 0.008170969141196444, 0.00102667525675219, 0.02300202338895999, 0.09615312623620714, 0.8693687221624495, 0.1814929516013626, 0.01584489010354634, 0.5987775700236893, 0.001674715997372853, 0.1174892733292067, 2.634432121067848e-06, 2.345265583226932e-06, 0.0007063693430860008, 0.002678063796404413, 0.190886386740345, 3.437083100797378e-05, 0.002418717475739848, 0.0007063693430860008] 
  ],
 "analysis":{
   "authors":"Sergei L Kosakovsky Pond, Sadie Wisotsky",
   "citation":"*Gene-wide identification of episodic selection*, Mol Biol Evol. 32(5):1365-71",
   "contact":"spond@temple.edu",
   "info":"BUSTED-SMSH (branch-site unrestricted statistical test of episodic diversification) uses a random effects branch-site model fitted\njointly to all or a subset of tree branches in order to test for alignment-wide evidence of episodic diversifying selection and.\nAssuming there is evidence of positive selection (i.e. there is an omega > 1),  BUSTED will also perform a quick evidence-ratio\nstyle analysis to explore which individual sites may have been subject to selection. v2.0 adds support for synonymous rate variation,\nand relaxes the test statistic to 0.5 (chi^2_0 + chi^2_2). Version 2.1 adds a grid search for the initial starting point.\nVersion 2.2 changes the grid search to LHC, and adds an initial search phase to use adaptive Nedler-Mead.\n",
   "requirements":"in-frame codon alignment and a phylogenetic tree (optionally annotated with {})",
   "version":"2.2"
  },
 "background":0,
 "branch attributes":{
   "0":{
     "A330050F15RIK_MOUSE":{
       "MG94 with double and triple instantaneous substitutions":0.180628225151805,
       "MG94 with double instantaneous substitutions":0.1806909694497028,
       "MG94xREV with separate rates for branch sets":0.180628225151805,
       "Nucleotide GTR":0.1556210131868404,
       "original name":"A330050F15RIK_MOUSE",
       "unconstrained":0.270639728490349
      },
     "C18ORF42_AILME":{
       "MG94 with double and triple instantaneous substitutions":0.07130231378647722,
       "MG94 with double instantaneous substitutions":0.07123629886917161,
       "MG94xREV with separate rates for branch sets":0.07130231378647722,
       "Nucleotide GTR":0.07074822827106181,
       "original name":"C18ORF42_AILME",
       "unconstrained":0.08938297457639356
      },
     "C18ORF42_CANFA":{
       "MG94 with double and triple instantaneous substitutions":0.004708707071632298,
       "MG94 with double instantaneous substitutions":0.004681347121220766,
       "MG94xREV with separate rates for branch sets":0.004708707071632298,
       "Nucleotide GTR":0.005431664872257168,
       "original name":"C18ORF42_CANFA",
       "unconstrained":0.001885311490474212
      },
     "C18ORF42_GGOR":{
       "MG94 with double and triple instantaneous substitutions":0.006317706266523248,
       "MG94 with double instantaneous substitutions":0.006324858397705299,
       "MG94xREV with separate rates for branch sets":0.006317706266523248,
       "Nucleotide GTR":0.006557439547442101,
       "original name":"C18ORF42_GGOR",
       "unconstrained":0.006343215540842586
      },
     "C18ORF42_HUMAN":{
       "MG94 with double and triple instantaneous substitutions":0,
       "MG94 with double instantaneous substitutions":0,
       "MG94xREV with separate rates for branch sets":0,
       "Nucleotide GTR":0,
       "original name":"C18ORF42_HUMAN",
       "unconstrained":0
      },
     "C18ORF42_MELGA":{
       "MG94 with double and triple instantaneous substitutions":0.1978445296365331,
       "MG94 with double instantaneous substitutions":0.2085405521166652,
       "MG94xREV with separate rates for branch sets":0.1978445296365331,
       "Nucleotide GTR":0.1936405747459002,
       "original name":"C18ORF42_MELGA",
       "unconstrained":0.3087092388571422
      },
     "C18ORF42_NOMLE":{
       "MG94 with double and triple instantaneous substitutions":0.008493970620322715,
       "MG94 with double instantaneous substitutions":0.008514069438739119,