{
 "Evidence Ratios":{
  },
 "Site Log Likelihood":{
   "unconstrained":    [
[-11.09552340235537, -17.0552422542475, -5.233127022738094, -4.905127024579476, -12.69822659835147, -9.420171966697914, -9.724937349988263, -9.373882695311512, -7.767032287894817, -11.71424717448411, -6.713572925423923, -7.828220372812893, -10.77679708336004, -7.525665082779707, -6.378443809556867, -12.6467490561436, -5.457854649612162, -18.12073291586789, -12.06058102644111, -5.423400895212697, -9.214614747282422, -7.340337073166912, -19.38265692072975, -23.20604584096502, -14.49940217428769, -12.96626543101199, -13.08361484931427, -16.38670821352553, -8.657755262797872, -16.43825499731843, -16.12353270578937, -4.733661871954161, -12.55021853673029, -5.898122195665814, -7.430904526855105, -10.71045202277607, -11.3816941637727, -7.728542109425566, -12.45001937969043, -5.457854649612162, -21.17961249775801, -19.69432536882043, -4.733661871954161, -9.988926289151225, -14.40028334608916, -9.502039175181107, -12.58904546957028, -6.494635254839516, -13.22124388946179, -11.18302324978999, -14.54093479181133, -13.63089787465672, -7.115033349906143, -4.002602147533149, -4.667054032645169, -4.375080141324863, -3.064622519997993, -2.65887503232677, -3.12354970256624, -3.962037532667947, -3.064622519997993, -3.969332653653626, -4.166334113353977, -2.658875032326774, -4.145927800267763, -5.095703597559033, -3.281782281477337, -3.356596411318306, -3.105187134863197, -3.064622519997993, -5.300000178245058, -4.631028927319557, -4.431335293641153, -4.426712202907416, -4.458308004674288, -3.123549702566246, -4.254011423988251, -4.634903151288422] 
    ]
  },
 "Synonymous site-posteriors":  [
[0.2203416776504774, 0.03257301375668039, 0.925985965845465, 0.921032198509028, 0.7797296827419367, 0.8794012472530743, 0.7535078290796153, 0.5670790159541099, 0.7617364589844593, 0.8790044039919854, 0.8109001693786672, 0.5062081279220391, 0.8494363205354486, 0.9549570523816621, 0.939492567525388, 0.9576990208000032, 0.946276853529727, 0.7435435000424098, 0.9565372534118677, 0.9487799045980332, 0.8192144080299567, 0.9195851745594694, 0.3446916129839062, 0.01500314577927267, 0.955820411455432, 0.804132625405776, 0.7802176063909489, 0.7261395085931762, 0.9545739116936712, 0.03353030854333698, 0.8307391543872465, 0.9434786082916142, 0.700361196038545, 0.9487214586056081, 0.9561446136001645, 0.9406998761025204, 0.9512532385886119, 0.9500103314403514, 0.9301833571037891, 0.946276853529727, 0.006298092938003177, 0.1209382273170971, 0.9434786082916142, 0.9130884581267561, 0.9484776947172148, 0.8968114418250067, 0.816471615322244, 0.9514931253137274, 0.7300006463859424, 0.9373705374392234, 0.9459000874420205, 0.7606552726690105, 0.9479149175873786, 0.769239578123704, 0.7692395781237064, 0.769239578123708, 0.7692395781237107, 0.7692395781237057, 0.7692395781237057, 0.7692395781237064, 0.7692395781237107, 0.7692395781237055, 0.7692395781237071, 0.7692395781237064, 0.7692395781237075, 0.7692395781237044, 0.7692395781237058, 0.7692395781237126, 0.7692395781237106, 0.7692395781237107, 0.7692395781237059, 0.7692395781237031, 0.7692395781237085, 0.7692395781237027, 0.769239578123707, 0.7692395781237064, 0.7692395781237025, 0.7692395781237052],
  [0.009583349134451325, 0.001416585791479653, 0.04030513084919048, 0.0400856454050603, 0.03392400923834653, 0.0382701488171814, 0.03278571913803332, 0.02467173521684761, 0.0331473235966856, 0.03825013538112151, 0.03528382609870716, 0.02202129296768846, 0.03696419206817403, 0.0415700784694819, 0.0408889624350255, 0.04169001996654824, 0.04119049865445639, 0.03234780769899562, 0.04164000570031674, 0.04129995779367827, 0.03564582549523429, 0.04001492426333549, 0.01499113373147684, 0.0006521913054845229, 0.04160187067275041, 0.03498905607004982, 0.03394958040353861, 0.0315914037269381, 0.04154887952077379, 0.001457890128928919, 0.03614359852867911, 0.04106419211879946, 0.03046505258501563, 0.0412972460405271, 0.0416242949890324, 0.04094157506146114, 0.04140030256431076, 0.04134906222909821, 0.04047499003872046, 0.04119049865445639, 0.0002737374112849203, 0.005259447131732049, 0.04106419211879946, 0.03973607034625669, 0.04128141120270796, 0.03902195429082317, 0.03551650553794513, 0.04141886123870692, 0.03176465598483743, 0.0407886064044378, 0.04116266329380164, 0.0330960601358241, 0.04125515441850448, 0.03347610159490975, 0.03347610159490946, 0.03347610159490982, 0.03347610159490987, 0.03347610159490983, 0.03347610159490984, 0.03347610159490991, 0.03347610159490987, 0.03347610159490946, 0.0334761015949091, 0.03347610159490999, 0.03347610159491005, 0.03347610159490995, 0.03347610159490943, 0.03347610159491041, 0.03347610159491039, 0.03347610159490987, 0.03347610159490971, 0.03347610159490986, 0.03347610159490985, 0.03347610159490977, 0.03347610159491039, 0.03347610159491, 0.03347610159490953, 0.03347610159490941],
  [0.7700749732150713, 0.9660104004518398, 0.03370890330534446, 0.03888215608591172, 0.186346308019717, 0.08232860392974428, 0.2137064517823514, 0.4082492488290423, 0.2051162174188552, 0.08274546062689304, 0.1538160045226258, 0.4717705791102725, 0.1135994873963774, 0.003472869148856088, 0.01961847003958659, 0.0006109592334485037, 0.01253264781581672, 0.2241086922585946, 0.001822740887815547, 0.009920137608288507, 0.1451397664748089, 0.04039990117719516, 0.640317253284617, 0.9843446629152428, 0.002577717871817768, 0.1608783185241743, 0.1858328132055124, 0.2422690876798858, 0.003877208785554912, 0.9650118013277341, 0.1331172470840743, 0.01545719958958652, 0.2691737513764396, 0.009981295353864744, 0.002231091410803046, 0.01835854883601844, 0.007346458847077394, 0.008640606330550256, 0.02934165285749048, 0.01253264781581672, 0.9934281696507119, 0.8738023255511709, 0.01545719958958652, 0.04717547152698709, 0.01024089408007731, 0.06416660388417027, 0.148011879139811, 0.007088013447565663, 0.2382346976292202, 0.02184085615633881, 0.01293724926417801, 0.2062486671951654, 0.01082992799411698, 0.1972843202813861, 0.1972843202813843, 0.1972843202813822, 0.1972843202813796, 0.1972843202813845, 0.1972843202813847, 0.1972843202813838, 0.1972843202813796, 0.1972843202813852, 0.1972843202813839, 0.1972843202813836, 0.1972843202813825, 0.1972843202813858, 0.1972843202813848, 0.197284320281377, 0.1972843202813791, 0.1972843202813796, 0.1972843202813843, 0.1972843202813871, 0.1972843202813817, 0.1972843202813876, 0.1972843202813826, 0.1972843202813837, 0.197284320281388, 0.1972843202813853] 
  ],
 "analysis":{
   "authors":"Sergei L Kosakovsky Pond, Sadie Wisotsky",
   "citation":"*Gene-wide identification of episodic selection*, Mol Biol Evol. 32(5):1365-71",
   "contact":"spond@temple.edu",
   "info":"BUSTED-SMSH (branch-site unrestricted statistical test of episodic diversification) uses a random effects branch-site model fitted\njointly to all or a subset of tree branches in order to test for alignment-wide evidence of episodic diversifying selection and.\nAssuming there is evidence of positive selection (i.e. there is an omega > 1),  BUSTED will also perform a quick evidence-ratio\nstyle analysis to explore which individual sites may have been subject to selection. v2.0 adds support for synonymous rate variation,\nand relaxes the test statistic to 0.5 (chi^2_0 + chi^2_2). Version 2.1 adds a grid search for the initial starting point.\nVersion 2.2 changes the grid search to LHC, and adds an initial search phase to use adaptive Nedler-Mead.\n",
   "requirements":"in-frame codon alignment and a phylogenetic tree (optionally annotated with {})",
   "version":"2.2"
  },
 "background":0,
 "branch attributes":{
   "0":{
     "CU693366_2_DANRE":{
       "MG94 with double and triple instantaneous substitutions":0.4468403635973832,
       "MG94 with double instantaneous substitutions":0.4316364661014234,
       "MG94xREV with separate rates for branch sets":0.4468403635973832,
       "Nucleotide GTR":0.1736761529855225,
       "original name":"CU693366.2_DANRE",