{
 "Evidence Ratios":{
  },
 "Site Log Likelihood":{
   "unconstrained":    [
[-3.993308648036507, -3.378933757124109, -4.12588749526169, -3.59538790537528, -9.801426527073753, -4.240794972286905, -8.128389918062382, -3.731805598566305, -5.444107225702537, -3.731805598566305, -3.731358030428241, -8.625756472178574, -10.99031046373696, -11.05098412190724, -4.761700881887752, -5.352776050162908, -4.988710747579333, -3.731805598566305, -4.84614779879702, -3.917272888839717, -4.09688078624541, -8.385897124589683, -20.55295940819875, -7.280228384058455, -8.520090645715594, -19.08937488571226, -16.99012438609354, -5.65606244262278, -10.30591814478386, -9.44723361376721, -6.007353727871538, -5.36913197023086, -4.935059310006146, -4.487466436738313, -4.723335491521929, -15.17727321123305, -10.18924359111181, -3.869769872304877, -4.048264802492486, -8.97745989219451, -7.781010504443429, -12.77139352169621, -9.945055700508735, -4.960341259756245, -6.959869711524362, -4.84524481775867, -14.4554392888871, -17.93843011048346, -15.96448180794635, -4.598984294432142, -4.682725679496846] 
    ]
  },
 "Synonymous site-posteriors":  [
[0.4360652814079001, 0.4360652814079009, 0.4360652814079014, 0.2605521000302866, 0.6662371650859454, 0.2406611340257906, 0.6341019632067231, 0.2042434130525504, 0.1725984544850413, 0.2042434130525504, 0.2155064537128973, 0.5947316985483048, 0.8981130804961436, 0.908885138487682, 0.318972684792583, 0.1873592263423847, 0.1839991983251724, 0.2042434130525504, 0.1932230096878028, 0.1727877510452026, 0.09222671281932052, 0.5608269808898545, 0.9987941517423956, 0.5428485223968997, 0.5053891178503559, 0.9930489760613854, 0.9788524991321153, 0.04342425407987816, 0.4653501512391292, 0.7321216572298102, 0.1094980063210048, 0.1321061614938369, 0.4360652814079012, 0.2544855269399826, 0.1729213947390609, 0.8838639679893047, 0.4415224465239184, 0.1917078529152214, 0.1006190944323761, 0.3477934070913863, 0.351509084727607, 0.8486685696542631, 0.3321607772223005, 0.06071071648406611, 0.4576580763786731, 0.103235684730406, 0.9579574888376241, 0.9654893240682529, 0.9660063517012539, 0.2082006925309664, 0.4360652814079006],
  [0, 0, 0, 0, 0, 0, 0, 0, 0, 0, 0, 0, 0, 0, 0, 0, 0, 0, 0, 0, 0, 0, 0, 0, 0, 0, 0, 0, 0, 0, 0, 0, 0, 0, 0, 0, 0, 0, 0, 0, 0, 0, 0, 0, 0, 0, 0, 0, 0, 0, 0],
  [0.5639347185920999, 0.5639347185920991, 0.5639347185920986, 0.7394478999697135, 0.3337628349140545, 0.7593388659742094, 0.3658980367932769, 0.7957565869474497, 0.8274015455149586, 0.7957565869474497, 0.7844935462871027, 0.4052683014516952, 0.1018869195038565, 0.09111486151231783, 0.6810273152074169, 0.8126407736576152, 0.8160008016748277, 0.7957565869474497, 0.8067769903121972, 0.8272122489547974, 0.9077732871806794, 0.4391730191101454, 0.00120584825760434, 0.4571514776031002, 0.494610882149644, 0.006951023938614538, 0.02114750086788483, 0.9565757459201218, 0.5346498487608707, 0.2678783427701898, 0.8905019936789952, 0.8678938385061633, 0.5639347185920989, 0.7455144730600174, 0.827078605260939, 0.1161360320106953, 0.5584775534760816, 0.8082921470847786, 0.8993809055676238, 0.6522065929086137, 0.6484909152723931, 0.1513314303457369, 0.6678392227776995, 0.9392892835159339, 0.5423419236213268, 0.896764315269594, 0.04204251116237605, 0.03451067593174709, 0.03399364829874597, 0.7917993074690336, 0.5639347185920992] 
  ],
 "analysis":{
   "authors":"Sergei L Kosakovsky Pond, Sadie Wisotsky",
   "citation":"*Gene-wide identification of episodic selection*, Mol Biol Evol. 32(5):1365-71",
   "contact":"spond@temple.edu",
   "info":"BUSTED-SMSH (branch-site unrestricted statistical test of episodic diversification) uses a random effects branch-site model fitted\njointly to all or a subset of tree branches in order to test for alignment-wide evidence of episodic diversifying selection and.\nAssuming there is evidence of positive selection (i.e. there is an omega > 1),  BUSTED will also perform a quick evidence-ratio\nstyle analysis to explore which individual sites may have been subject to selection. v2.0 adds support for synonymous rate variation,\nand relaxes the test statistic to 0.5 (chi^2_0 + chi^2_2). Version 2.1 adds a grid search for the initial starting point.\nVersion 2.2 changes the grid search to LHC, and adds an initial search phase to use adaptive Nedler-Mead.\n",
   "requirements":"in-frame codon alignment and a phylogenetic tree (optionally annotated with {})",
   "version":"2.2"
  },
 "background":0,
 "branch attributes":{
   "0":{
     "ENSEEUP00000006636":{
       "MG94 with double and triple instantaneous substitutions":0.2178225628611373,
       "MG94 with double instantaneous substitutions":0.2178424783717745,
       "MG94xREV with separate rates for branch sets":0.2178225628611373,
       "Nucleotide GTR":0.2050861904055198,
       "original name":"ENSEEUP00000006636",
       "unconstrained":0.2167290833715965
      },
     "ENSETEP00000002704":{
       "MG94 with double and triple instantaneous substitutions":0.05826817693069226,
       "MG94 with double instantaneous substitutions":0.05826159542394304,
       "MG94xREV with separate rates for branch sets":0.05826817693069226,
       "Nucleotide GTR":0.05865445663744789,
       "original name":"ENSETEP00000002704",
       "unconstrained":0.06817732274314867
      },
     "ENSETEP00000003346":{
       "MG94 with double and triple instantaneous substitutions":0.03785690333689672,
       "MG94 with double instantaneous substitutions":0.03786617829619955,
       "MG94xREV with separate rates for branch sets":0.03785690333689672,
       "Nucleotide GTR":0.04170407046409101,
       "original name":"ENSETEP00000003346",
       "unconstrained":0.04382715703199139
      },
     "ENSETEP00000005676":{
       "MG94 with double and triple instantaneous substitutions":0.03970922025178055,
       "MG94 with double instantaneous substitutions":0.03967386988883149,
       "MG94xREV with separate rates for branch sets":0.03970922025178055,
       "Nucleotide GTR":0.04045037101676872,
       "original name":"ENSETEP00000005676",
       "unconstrained":0.04038660101331307
      },
     "ENSETEP00000009377":{
       "MG94 with double and triple instantaneous substitutions":0.0379970636528899,
       "MG94 with double instantaneous substitutions":0.038015791177839,
       "MG94xREV with separate rates for branch sets":0.0379970636528899,
       "Nucleotide GTR":0.03693943004549874,
       "original name":"ENSETEP00000009377",
       "unconstrained":0.04237987827436177
      },
     "ENSETEP00000016167":{
       "MG94 with double and triple instantaneous substitutions":0.03936066129263176,
       "MG94 with double instantaneous substitutions":0.03934619947650078,
       "MG94xREV with separate rates for branch sets":0.03936066129263176,
       "Nucleotide GTR":0.03690422993204424,
       "original name":"ENSETEP00000016167",
       "unconstrained":0.04191741761282467
      },
     "NODE_3":{
       "MG94 with double and triple instantaneous substitutions":0.01631281109081581,
       "MG94 with double instantaneous substitutions":0.01631781760370852,
       "MG94xREV with separate rates for branch sets":0.01631281109081581,
       "Nucleotide GTR":0.01586677713200932,
       "unconstrained":0.01628369446195727
      },
     "NODE_7":{
       "MG94 with double and triple instantaneous substitutions":0.02982291419621915,
       "MG94 with double instantaneous substitutions":0.02979689929547388,
       "MG94xREV with separate rates for branch sets":0.02982291419621915,
       "Nucleotide GTR":0.02888470734502091,
       "unconstrained":0.02985539125438827
      }
    },
   "attributes":{
     "MG94 with double and triple instantaneous substitutions":{
       "attribute type":"branch length",
       "display order":0
      },
     "MG94 with double instantaneous substitutions":{
       "attribute type":"branch length",
       "display order":0
      },