{
 "Evidence Ratios":{
  },
 "Site Log Likelihood":{
   "unconstrained":    [
[-4.13117449187793, -4.136812803677498, -5.045211162922742, -4.659615202844051, -6.787782072166764, -4.720898259587222, -12.33506246930967, -4.612607547804943, -4.474611776314088, -4.959306890159868, -4.747128964902662, -9.492283423789544, -5.183661504838957, -5.110640851440359, -8.406832123421967, -4.136812803677498, -10.65417800460386, -12.1644845515501, -6.401180025743318, -4.638548214206204, -4.59465565341795, -7.591631968071868, -4.659615202844051, -7.778398814664049, -4.659615202844051, -8.001338583342829, -7.411218994778196, -8.581969942473156, -11.51888525377382, -4.858458636535125, -5.110640851440359, -9.336712817985731, -4.850769284612631, -6.888888326377359, -4.46382163330323, -7.770301704963311, -4.968986972177574, -4.746016876080541, -7.466195110594118, -4.968986972177574, -4.23924049549479, -3.910754707624577, -4.581842716378909, -4.004109373485963, -3.910754707624577, -10.09510890527767, -8.597630641273309, -4.551276607836231, -7.691809485001956, -4.557262911416176, -6.893934025451499, -5.045211162922742, -4.968986972177574, -6.476773098786244, -14.79143962133426, -4.62908558554466, -4.645978101143599, -4.612607547804943, -4.814058176486859, -7.837895505972646, -6.816461595411201, -6.647655558466571, -4.474611776314088, -5.073863644034064, -7.101689922510757, -4.46382163330323, -4.9910738958856, -4.858458636535125, -15.1339841101866, -6.677588042274945, -4.886026361361393, -7.223206309681478, -9.422255446266337, -4.59465565341795, -10.34245557359563, -7.106312256032912, -7.238724019871683, -6.984579608501926, -4.935911052548515, -7.45291395007408] 
    ]
  },
 "Synonymous site-posteriors":  [
[0.1400777855520986, 0.1772756218163997, 0.3076405164595621, 0.2699335383754172, 0, 0.2747246764444294, 0, 0.2335733367896741, 0.2319060290091798, 0.2761457116939054, 0.2655657641399125, 0, 0.2708565983248197, 0.2794015381354918, 0, 0.1772756218163997, 0, 0, 0, 0.2382620340880984, 0.2599034979932102, 0, 0.2699335383754172, 0, 0.2699335383754172, 0, 0, 0, 0, 0.2765546895744982, 0.2794015381354918, 0, 0.2744608244867794, 0, 0.2378296455092888, 0, 0.2978948332319863, 0.2838315799798635, 0, 0.2978948332319863, 0.1489007156243131, 0.1468293904646306, 0.1483791370440242, 0.1448689932810869, 0.1468293904646306, 0, 0, 0.1501353082878193, 0, 0.236825576208613, 0, 0.3076405164595621, 0.2978948332319863, 0, 0, 0.251028855697077, 0.2473287853297424, 0.2335733367896741, 0.2567150543297753, 0, 0, 0, 0.2319060290091798, 0.2766141492990126, 0, 0.2378296455092888, 0.2420710038687219, 0.2765546895744982, 0, 0, 0.2483938180714589, 0, 0, 0.2599034979932102, 0, 0, 0, 0, 0.2960165674066235, 0],
  [0, 0, 0, 0, 0, 0, 0, 0, 0, 0, 0, 0, 0, 0, 0, 0, 0, 0, 0, 0, 0, 0, 0, 0, 0, 0, 0, 0, 0, 0, 0, 0, 0, 0, 0, 0, 0, 0, 0, 0, 0, 0, 0, 0, 0, 0, 0, 0, 0, 0, 0, 0, 0, 0, 0, 0, 0, 0, 0, 0, 0, 0, 0, 0, 0, 0, 0, 0, 0, 0, 0, 0, 0, 0, 0, 0, 0, 0, 0, 0],
  [0.8599222144479014, 0.8227243781836002, 0.6923594835404381, 0.7300664616245828, 1, 0.7252753235555706, 1, 0.766426663210326, 0.7680939709908202, 0.7238542883060946, 0.7344342358600876, 1, 0.7291434016751803, 0.7205984618645082, 1, 0.8227243781836002, 0.9999999999999999, 1, 1, 0.7617379659119016, 0.7400965020067899, 1, 0.7300664616245828, 1, 0.7300664616245828, 0.9999999999999999, 1, 0.9999999999999999, 1, 0.7234453104255018, 0.7205984618645082, 1, 0.7255391755132207, 1, 0.7621703544907112, 0.9999999999999999, 0.7021051667680136, 0.7161684200201366, 1, 0.7021051667680136, 0.851099284375687, 0.8531706095353693, 0.8516208629559758, 0.8551310067189132, 0.8531706095353693, 1, 1, 0.8498646917121806, 1, 0.763174423791387, 1, 0.6923594835404381, 0.7021051667680136, 0.9999999999999999, 1, 0.7489711443029231, 0.7526712146702577, 0.766426663210326, 0.7432849456702247, 1, 1, 1, 0.7680939709908202, 0.7233858507009875, 1, 0.7621703544907112, 0.757928996131278, 0.7234453104255018, 1, 1, 0.751606181928541, 1, 0.9999999999999999, 0.7400965020067899, 1, 0.9999999999999999, 1, 1, 0.7039834325933766, 1] 
  ],
 "analysis":{
   "authors":"Sergei L Kosakovsky Pond, Sadie Wisotsky",
   "citation":"*Gene-wide identification of episodic selection*, Mol Biol Evol. 32(5):1365-71",
   "contact":"spond@temple.edu",
   "info":"BUSTED-SMSH (branch-site unrestricted statistical test of episodic diversification) uses a random effects branch-site model fitted\njointly to all or a subset of tree branches in order to test for alignment-wide evidence of episodic diversifying selection and.\nAssuming there is evidence of positive selection (i.e. there is an omega > 1),  BUSTED will also perform a quick evidence-ratio\nstyle analysis to explore which individual sites may have been subject to selection. v2.0 adds support for synonymous rate variation,\nand relaxes the test statistic to 0.5 (chi^2_0 + chi^2_2). Version 2.1 adds a grid search for the initial starting point.\nVersion 2.2 changes the grid search to LHC, and adds an initial search phase to use adaptive Nedler-Mead.\n",
   "requirements":"in-frame codon alignment and a phylogenetic tree (optionally annotated with {})",
   "version":"2.2"
  },
 "background":0,
 "branch attributes":{
   "0":{
     "C1ORF137_GGOR":{
       "MG94 with double and triple instantaneous substitutions":0.01267187321788337,
       "MG94 with double instantaneous substitutions":0.01266567057072845,
       "MG94xREV with separate rates for branch sets":0.01267187321788337,
       "Nucleotide GTR":0.0126058647008601,
       "original name":"C1ORF137_GGOR",
       "unconstrained":0.01269337587568955
      },
     "C1ORF137_HUMAN":{
       "MG94 with double and triple instantaneous substitutions":0.004194756838191758,
       "MG94 with double instantaneous substitutions":0.004195533393272831,
       "MG94xREV with separate rates for branch sets":0.004194756838191758,
       "Nucleotide GTR":0.004179503878202583,
       "original name":"C1ORF137_HUMAN",
       "unconstrained":0.004200787728643069
      },
     "C1ORF137_MICMU":{
       "MG94 with double and triple instantaneous substitutions":0.2159191116928487,
       "MG94 with double instantaneous substitutions":0.2160032897552749,
       "MG94xREV with separate rates for branch sets":0.2159191116928487,
       "Nucleotide GTR":0.2142689148310342,
       "original name":"C1ORF137_MICMU",
       "unconstrained":0.2235231197401042
      },
     "C1ORF137_NOMLE":{
       "MG94 with double and triple instantaneous substitutions":0.004284491674577048,
       "MG94 with double instantaneous substitutions":0.004282234773946453,
       "MG94xREV with separate rates for branch sets":0.004284491674577048,
       "Nucleotide GTR":0.004265546603671233,
       "original name":"C1ORF137_NOMLE",
       "unconstrained":0.004294223326847675
      },
     "C1ORF137_PANTR":{
       "MG94 with double and triple instantaneous substitutions":0,
       "MG94 with double instantaneous substitutions":0,
       "MG94xREV with separate rates for branch sets":0,
       "Nucleotide GTR":0,
       "original name":"C1ORF137_PANTR",
       "unconstrained":0
      },
     "C1ORF137_PONAB":{
       "MG94 with double and triple instantaneous substitutions":0.008573173424144648,
       "MG94 with double instantaneous substitutions":0.008566758933250816,
       "MG94xREV with separate rates for branch sets":0.008573173424144648,
       "Nucleotide GTR":0.008524524454336687,
       "original name":"C1ORF137_PONAB",
       "unconstrained":0.00859514758034983
      },
     "NODE_5":{
       "MG94 with double and triple instantaneous substitutions":0.004222867867314607,
       "MG94 with double instantaneous substitutions":0.004222214044509971,
       "MG94xREV with separate rates for branch sets":0.004222867867314607,
       "Nucleotide GTR":0.004208306632035238,
       "unconstrained":0.00422403836578757
      }
    },
   "attributes":{
     "MG94 with double and triple instantaneous substitutions":{
       "attribute type":"branch length",