{
 "Evidence Ratios":{
  },
 "Site Log Likelihood":{
   "unconstrained":    [
[-8.250318103411129, -8.569615014734847, -4.570206146099722, -9.866845878443632, -3.778723169198629, -4.191805461262097, -4.401683485426092, -13.80130463348537, -15.19330753809479, -12.20412926937842, -7.514846051041004, -11.24046921871542, -3.999054384620024, -4.401683485426092, -11.70782711511725, -4.76392523767191, -3.671935067212642, -4.628932831458953, -3.778723169198629, -3.778723169198629, -17.23611700882754, -4.695505216872375, -4.537487558331321, -3.779602443980327, -3.779602443980327, -4.147948628957788, -4.719553279318866, -11.14019742348606, -4.560306348214289, -4.51004384943622, -4.191805461262097, -4.911815614430262, -4.570206146099722, -7.35889682165445, -3.852269508945146, -4.570206146099722, -5.281475857752424, -4.238803127606526, -10.50017613550007, -4.191805461262097, -4.51004384943622, -7.274256768430896, -3.806826254172673, -3.852269508945146, -4.607148616861611, -4.238803127606526, -4.147948628957788, -4.76392523767191, -4.004437805697079, -4.79625314234602, -3.636137026197598, -12.84147884040109, -3.779602443980327, -3.852269508945146, -4.939715849778048, -4.419549257641539, -3.987962135691574, -4.004437805697079, -4.040304289338465, -7.668215113339789, -4.719553279318866, -4.238803127606526, -4.238803127606526, -3.999054384620024, -11.4843552033898, -4.72480205053505, -4.116928473332606, -9.36740701438181, -4.607148616861611, -17.5957520587295, -4.76392523767191, -4.75880164017415, -10.01392040806596, -4.116928473332606, -3.987962135691574, -4.607148616861611, -9.459308552599875, -3.779602443980327, -4.208153396566212, -8.989419265228362, -4.17513695036591] 
    ]
  },
 "Synonymous site-posteriors":  [
[0, 0, 0.8844954554004305, 0, 0.8300117288540593, 0.8618031646739631, 0.8752849846117979, 0, 0, 0, 0, 0, 0.856142768276978, 0.8752849846117979, 0, 0.8498854866916163, 0.8526144287969619, 0.8547937212288496, 0.8300117288540593, 0.8300117288540593, 0, 0.8556625549207225, 0.870965736083065, 0.851077269812522, 0.851077269812522, 0.8495862851523286, 0.8708151496843026, 0, 0.8604264889217929, 0.8534220399044283, 0.8618031646739631, 0.8761442399408593, 0.8844954554004305, 0, 0.8718235513380039, 0.8844954554004305, 0.857054332237592, 0.8500105356073974, 0, 0.8618031646739631, 0.8534220399044283, 0, 0.8476329066679358, 0.8718235513380039, 0.8485208294016539, 0.8500105356073974, 0.8495862851523286, 0.8498854866916163, 0.8472447804049323, 0.7315685237319218, 0.8487701937739452, 0, 0.851077269812522, 0.8718235513380039, 0.865093346220869, 0.8695188903715506, 0.867424707325133, 0.8472447804049323, 0.8511403588406181, 0, 0.8708151496843026, 0.8500105356073974, 0.8500105356073974, 0.856142768276978, 0, 0.8600487759604589, 0.8039567991635209, 0, 0.8485208294016539, 0, 0.8498854866916163, 0.8592812917848306, 0, 0.8039567991635209, 0.867424707325133, 0.8485208294016539, 0, 0.851077269812522, 0.8505456610500639, 0, 0.8461179278868706],
  [1, 1, 0.1155045445995695, 1, 0.1699882711459408, 0.1381968353260369, 0.1247150153882021, 1, 1, 1, 0.9999999999999999, 1, 0.1438572317230218, 0.1247150153882021, 1, 0.1501145133083835, 0.1473855712030381, 0.1452062787711506, 0.1699882711459408, 0.1699882711459408, 1, 0.1443374450792775, 0.1290342639169348, 0.1489227301874781, 0.1489227301874781, 0.1504137148476714, 0.1291848503156973, 1, 0.1395735110782071, 0.1465779600955716, 0.1381968353260369, 0.1238557600591406, 0.1155045445995695, 1, 0.1281764486619961, 0.1155045445995695, 0.1429456677624081, 0.1499894643926027, 0.9999999999999999, 0.1381968353260369, 0.1465779600955716, 0.9999999999999999, 0.1523670933320642, 0.1281764486619961, 0.1514791705983461, 0.1499894643926027, 0.1504137148476714, 0.1501145133083835, 0.1527552195950676, 0.2684314762680783, 0.1512298062260549, 0.9999999999999999, 0.1489227301874781, 0.1281764486619961, 0.1349066537791311, 0.1304811096284494, 0.132575292674867, 0.1527552195950676, 0.148859641159382, 1, 0.1291848503156973, 0.1499894643926027, 0.1499894643926027, 0.1438572317230218, 1, 0.1399512240395411, 0.196043200836479, 1, 0.1514791705983461, 1, 0.1501145133083835, 0.1407187082151694, 1, 0.196043200836479, 0.132575292674867, 0.1514791705983461, 1, 0.1489227301874781, 0.1494543389499361, 1, 0.1538820721131293],
  [0, 0, 0, 0, 0, 0, 0, 0, 0, 0, 0, 0, 0, 0, 0, 0, 0, 0, 0, 0, 0, 0, 0, 0, 0, 0, 0, 0, 0, 0, 0, 0, 0, 0, 0, 0, 0, 0, 0, 0, 0, 0, 0, 0, 0, 0, 0, 0, 0, 0, 0, 0, 0, 0, 0, 0, 0, 0, 0, 0, 0, 0, 0, 0, 0, 0, 0, 0, 0, 0, 0, 0, 0, 0, 0, 0, 0, 0, 0, 0, 0] 
  ],
 "analysis":{
   "authors":"Sergei L Kosakovsky Pond, Sadie Wisotsky",
   "citation":"*Gene-wide identification of episodic selection*, Mol Biol Evol. 32(5):1365-71",
   "contact":"spond@temple.edu",
   "info":"BUSTED-SMSH (branch-site unrestricted statistical test of episodic diversification) uses a random effects branch-site model fitted\njointly to all or a subset of tree branches in order to test for alignment-wide evidence of episodic diversifying selection and.\nAssuming there is evidence of positive selection (i.e. there is an omega > 1),  BUSTED will also perform a quick evidence-ratio\nstyle analysis to explore which individual sites may have been subject to selection. v2.0 adds support for synonymous rate variation,\nand relaxes the test statistic to 0.5 (chi^2_0 + chi^2_2). Version 2.1 adds a grid search for the initial starting point.\nVersion 2.2 changes the grid search to LHC, and adds an initial search phase to use adaptive Nedler-Mead.\n",
   "requirements":"in-frame codon alignment and a phylogenetic tree (optionally annotated with {})",
   "version":"2.2"
  },
 "background":0,
 "branch attributes":{
   "0":{
     "AC025278_1_HUMAN":{
       "MG94 with double and triple instantaneous substitutions":0.01240027206514434,
       "MG94 with double instantaneous substitutions":0.01240168753634709,
       "MG94xREV with separate rates for branch sets":0.01240027206514434,
       "Nucleotide GTR":0.01249072184170379,
       "original name":"AC025278.1_HUMAN",
       "unconstrained":0.0133433931795458
      },
     "ENSPTRP00000060469":{
       "MG94 with double and triple instantaneous substitutions":0,
       "MG94 with double instantaneous substitutions":0,
       "MG94xREV with separate rates for branch sets":0,
       "Nucleotide GTR":0,
       "original name":"ENSPTRP00000060469",
       "unconstrained":0
      },
     "ENSPTRP00000061354":{
       "MG94 with double and triple instantaneous substitutions":0.004137264298367889,
       "MG94 with double instantaneous substitutions":0.004136502350524455,
       "MG94xREV with separate rates for branch sets":0.004137264298367889,
       "Nucleotide GTR":0.004137231759434394,
       "original name":"ENSPTRP00000061354",
       "unconstrained":0.004205554000524316
      },
     "LOC100448635_PONAB":{
       "MG94 with double and triple instantaneous substitutions":0.004187652925361845,
       "MG94 with double instantaneous substitutions":0.004181160860199264,
       "MG94xREV with separate rates for branch sets":0.004187652925361845,
       "Nucleotide GTR":0.004186639919015447,
       "original name":"LOC100448635_PONAB",
       "unconstrained":0.003517956379516165
      },
     "LOC100448998_PONAB":{
       "MG94 with double and triple instantaneous substitutions":0.02661849392051249,
       "MG94 with double instantaneous substitutions":0.02663846064140395,
       "MG94xREV with separate rates for branch sets":0.02661849392051249,
       "Nucleotide GTR":0.02942498430414452,
       "original name":"LOC100448998_PONAB",
       "unconstrained":0.03299750695984963
      },
     "LOC702276_MACMU":{
       "MG94 with double and triple instantaneous substitutions":0.06754355196566374,
       "MG94 with double instantaneous substitutions":0.06758577225695163,
       "MG94xREV with separate rates for branch sets":0.06754355196566374,
       "Nucleotide GTR":0.07389910180038356,
       "original name":"LOC702276_MACMU",