{
 "Evidence Ratios":{
  },
 "Site Log Likelihood":{
   "unconstrained":    [
[-7.903974984455738, -13.24134181001445, -10.64036799491684, -12.763720828674, -18.08361805502908, -19.41860427923812, -21.24677193114836, -4.289213302212375, -15.64743532133537, -10.61203369330318, -11.12610074734932, -5.126688591411548, -4.289213302212375, -8.035167146340667, -5.214203089873193, -15.03540373971279, -6.60034535318121, -14.37199561526004, -12.18644198238541, -3.973017660242755, -4.221012578499177, -3.973017660242755, -3.986310765019848, -4.119166065042541, -3.516085993765371, -3.796350594123935, -4.260957240506035, -4.36259461896226, -3.750738894874276, -4.978526582139913, -3.902983180706455, -4.456584448644754, -3.902983180706455, -4.000797617202944, -3.923538856903836, -4.502196147894447, -3.951318813863999, -4.000797617202944] 
    ]
  },
 "Synonymous site-posteriors":  [
[0.2359395829392665, 0.0002321490575358668, 0.06695575650880457, 0.001691669972894838, 7.079391331249365e-05, 4.113906390271907e-06, 2.331384182171707e-07, 0.2996479488619733, 0.004593021090042717, 0.0171064573792562, 0.0006961169775068955, 0.6523726474588697, 0.2996479488619733, 0.1823445145807247, 0.6491247401642759, 0.0026540207169201, 0.6771860586771006, 3.683129249480048e-05, 0.6317406501065055, 0.1960177046988949, 0.1960177046988859, 0.1960177046988949, 0.1960177046988834, 0.1960177046988853, 0.1960177046988864, 0.1960177046988858, 0.1960177046988872, 0.1960177046988872, 0.196017704698885, 0.1960177046988949, 0.1960177046988845, 0.1960177046988858, 0.1960177046988845, 0.1960177046988925, 0.1960177046988906, 0.1960177046988918, 0.1960177046988835, 0.1960177046988925],
  [0.6535019346207538, 0.9996591964116613, 0.9016699185573708, 0.9975162757968526, 0.9998960736233977, 0.9999939614645063, 0.9999996578505677, 0.5598990126845963, 0.9932563580877929, 0.9748811202969693, 0.9989779625361229, 0.0418107688254035, 0.5598990126845963, 0.7322151363464496, 0.04657962464935717, 0.996103334697728, 0.005350437604433251, 0.9999459312984534, 0.07220304214123614, 0.7121049316145585, 0.7121049316145723, 0.7121049316145585, 0.7121049316145757, 0.7121049316145729, 0.7121049316145708, 0.712104931614572, 0.7121049316145701, 0.7121049316145697, 0.7121049316145738, 0.7121049316145595, 0.7121049316145742, 0.7121049316145728, 0.7121049316145742, 0.7121049316145626, 0.7121049316145651, 0.7121049316145632, 0.7121049316145756, 0.7121049316145626],
  [0.1105584824399798, 0.0001086545308027067, 0.03137432493382458, 0.0007920542302525479, 3.313246328963212e-05, 1.924629103338287e-06, 1.090110140977841e-07, 0.1404530384534304, 0.002150620822164377, 0.008012422323774509, 0.0003259204863703085, 0.3058165837157268, 0.1404530384534304, 0.08544034907282573, 0.304295635186367, 0.001242644585351807, 0.3174635037184662, 1.723740905178141e-05, 0.2960563077522583, 0.09187736368654667, 0.09187736368654188, 0.09187736368654667, 0.09187736368654086, 0.09187736368654173, 0.09187736368654295, 0.09187736368654215, 0.09187736368654266, 0.0918773636865432, 0.09187736368654137, 0.0918773636865457, 0.09187736368654127, 0.09187736368654131, 0.09187736368654127, 0.09187736368654498, 0.09187736368654413, 0.09187736368654488, 0.09187736368654087, 0.09187736368654498] 
  ],
 "analysis":{
   "authors":"Sergei L Kosakovsky Pond, Sadie Wisotsky",
   "citation":"*Gene-wide identification of episodic selection*, Mol Biol Evol. 32(5):1365-71",
   "contact":"spond@temple.edu",
   "info":"BUSTED-SMSH (branch-site unrestricted statistical test of episodic diversification) uses a random effects branch-site model fitted\njointly to all or a subset of tree branches in order to test for alignment-wide evidence of episodic diversifying selection and.\nAssuming there is evidence of positive selection (i.e. there is an omega > 1),  BUSTED will also perform a quick evidence-ratio\nstyle analysis to explore which individual sites may have been subject to selection. v2.0 adds support for synonymous rate variation,\nand relaxes the test statistic to 0.5 (chi^2_0 + chi^2_2). Version 2.1 adds a grid search for the initial starting point.\nVersion 2.2 changes the grid search to LHC, and adds an initial search phase to use adaptive Nedler-Mead.\n",
   "requirements":"in-frame codon alignment and a phylogenetic tree (optionally annotated with {})",
   "version":"2.2"
  },
 "background":0,
 "branch attributes":{
   "0":{
     "D3ZW71_RAT":{
       "MG94 with double and triple instantaneous substitutions":0.4164972628891417,
       "MG94 with double instantaneous substitutions":0.1054144354872229,
       "MG94xREV with separate rates for branch sets":0.4164972628891417,
       "Nucleotide GTR":0.09689070833510431,
       "original name":"D3ZW71_RAT",
       "unconstrained":0.4561482767119386
      },
     "ENSBTAP00000055317":{
       "MG94 with double and triple instantaneous substitutions":0.08775665859204794,
       "MG94 with double instantaneous substitutions":0.02241833692935917,
       "MG94xREV with separate rates for branch sets":0.08775665859204794,
       "Nucleotide GTR":0.0204128886286262,
       "original name":"ENSBTAP00000055317",
       "unconstrained":0.09833399912215468
      },
     "ENSNLEP00000018561":{
       "MG94 with double and triple instantaneous substitutions":0.1607762710557936,
       "MG94 with double instantaneous substitutions":0.04036085780892957,
       "MG94xREV with separate rates for branch sets":0.1607762710557936,
       "Nucleotide GTR":0.03667955415646407,
       "original name":"ENSNLEP00000018561",
       "unconstrained":0.172782549059144
      },
     "ENSOANP00000022287":{
       "MG94 with double and triple instantaneous substitutions":0.8257435148363313,
       "MG94 with double instantaneous substitutions":0.2155737020967991,
       "MG94xREV with separate rates for branch sets":0.8257435148363313,
       "Nucleotide GTR":0.1894706490964478,
       "original name":"ENSOANP00000022287",
       "unconstrained":1.494178421750819
      },
     "ENSPSIP00000019503":{
       "MG94 with double and triple instantaneous substitutions":1.13625816970175,
       "MG94 with double instantaneous substitutions":0.2706969797227058,
       "MG94xREV with separate rates for branch sets":1.13625816970175,
       "Nucleotide GTR":0.2349014969087091,
       "original name":"ENSPSIP00000019503",
       "unconstrained":1.233302343464893
      },
     "ENSSHAP00000004299":{
       "MG94 with double and triple instantaneous substitutions":0.4814590748066272,
       "MG94 with double instantaneous substitutions":0.1201761808158766,
       "MG94xREV with separate rates for branch sets":0.4814590748066272,
       "Nucleotide GTR":0.1123102410690124,
       "original name":"ENSSHAP00000004299",
       "unconstrained":0.5938945593764067
      },
     "NODE_5":{
       "MG94 with double and triple instantaneous substitutions":0.2333132643211543,
       "MG94 with double instantaneous substitutions":0.05429428044010772,
       "MG94xREV with separate rates for branch sets":0.2333132643211543,
       "Nucleotide GTR":0.0474607889218378,
       "unconstrained":0.2941948436998909
      },
     "NODE_7":{
       "MG94 with double and triple instantaneous substitutions":0.8235872995465622,
       "MG94 with double instantaneous substitutions":0.1527500614404336,
       "MG94xREV with separate rates for branch sets":0.8235872995465622,
       "Nucleotide GTR":0.1445777903893547,
       "unconstrained":1.442729968474161
      }
    },
   "attributes":{
     "MG94 with double and triple instantaneous substitutions":{
       "attribute type":"branch length",
       "display order":0
      },
     "MG94 with double instantaneous substitutions":{
       "attribute type":"branch length",
       "display order":0
      },
     "MG94xREV with separate rates for branch sets":{
       "attribute type":"branch length",
       "display order":1
      },
     "Nucleotide GTR":{
       "attribute type":"branch length",
       "display order":0
      },