{
 "Evidence Ratios":{
  },
 "Site Log Likelihood":{
   "unconstrained":    [
[-3.398564687478719, -3.398564687478719, -3.99885196372485, -5.445974715277563, -20.06373798618979, -19.11880672009627, -6.962512554430934, -6.46941670059005, -20.59214608191485, -10.04686828565591, -8.546090231114372, -25.33543266239321, -5.031711942047162, -18.76011922221912, -8.497597779500584, -21.07256065620605, -10.47546240315915, -11.40811166297702, -8.249105782147101, -26.78646560613156, -6.327552935795003, -12.71712911452519, -8.132117901198473, -27.32419398848807, -18.36910732765296, -10.99584729859137, -16.20452683187472, -22.3923479681557, -7.925354615240505, -16.09807644619027, -16.71302830464578, -10.77001398817313, -5.897066867058184, -12.93590472478781, -5.056142042940768, -19.45375993159531, -19.09262513351424, -19.31960892114849, -4.480157669813107, -23.58974394626837, -14.13486679292812, -17.35007696768806, -18.53928460581009, -12.07110933130197, -11.49382680742832, -7.495593243965845, -12.31199327861023, -21.16993652182297, -5.557293282153185, -27.51623937347545, -9.354354966597796, -20.76167339599746, -11.11220750805094, -8.451643952739767, -29.46251397919694, -8.996796122030212, -8.305760979109891, -11.92336406912967, -5.709991455273138, -14.84798852732966, -8.040248668046519, -12.4363119461845, -7.996749117644984, -13.51236667722824, -5.04443795735345, -4.955692410596453, -4.89553598367365, -4.027613357895574, -3.85713787907825, -4.52572448562597] 
    ]
  },
 "Synonymous site-posteriors":  [
[0.187440920433349, 0.187440920433349, 0.1874409204333448, 0.001074590388579192, 0.6586078281433003, 0.5779526641292507, 0.003305757085773041, 0.005477024220790553, 0.9248127548600443, 9.051343621454719e-07, 0.01342773938626663, 0.9893180990375507, 0.001824563995088002, 0.1962699853610389, 0.0007876823501456055, 0.1050755289118126, 0.001937850033672034, 0.003303754410584424, 0.001356082971104836, 0.9859085484008826, 0.0003844305158229691, 0.0002352410306273521, 0.00880314368986105, 0.8515961877392041, 0.1032060217836707, 0.002045520640369521, 0.02750576382601023, 0.8759227743933682, 0.01418015077589193, 0.08589009565257254, 0.03417462652218525, 0.006751669032294729, 0.001154132184325225, 0.005246069293080453, 0.001704602072280923, 0.056564275706915, 0.2384457445906296, 0.02765804461435241, 0.1874409204333435, 0.8388515315601142, 0.007294096341248327, 0.04042593043323017, 0.8932855998380717, 0.06180915509786188, 0.06479785676769884, 0.01178337065314332, 0.009478173981597634, 0.03413885343113273, 0.001386490939660193, 0.9956462949292914, 0.1043073980770009, 0.0642917488856706, 0.003663136671906697, 0.0187752427750927, 0.9834947122065375, 0.0004270106025652801, 0.00139697515420549, 0.005787144496102957, 0.0002686944562766932, 0.01207052886747098, 0.006391728176679215, 0.3189398324882631, 0.01055519440852994, 0.03177620014396056, 0.1874409204333433, 0.1874409204333466, 0.1874409204333459, 0.1874409204333431, 0.1874409204333416, 0.187440920433346],
  [0.3101862991671464, 0.3101862991671464, 0.310186299167144, 0.6547441166994178, 0.000218837495780345, 0.00398037815524001, 0.6340056708783672, 0.5350026142311652, 8.390296673149335e-06, 0.9883218697660734, 0.1876821870265845, 1.125225306923013e-06, 0.8418842684270926, 0.006059663357555313, 0.9265697943470512, 0.005604379854059334, 0.7836159661580273, 0.605702366850247, 0.5489050791282896, 0.0002390981158955407, 0.8634138224719794, 0.8965696161488869, 0.3493544644750214, 0.0001673362753803548, 0.04475471008227349, 0.2058957846789912, 0.1000528508928813, 0.0001648982063244377, 0.1558551005990385, 0.05861183756323497, 0.04875494851027696, 0.3395401899536353, 0.8628178170594837, 0.1478082024156249, 0.8487255012146084, 0.03479503574662135, 0.001479625600955544, 0.2167382004874753, 0.3101862991671449, 0.008529769276110618, 0.02854772917898711, 0.03638436564183709, 8.515057475948723e-05, 0.342813048124647, 0.03383613288560467, 0.3466173963702145, 0.05706470602086547, 0.07773354727444777, 0.8579396329741008, 1.933945540397427e-07, 0.01932547565506679, 0.0007881404036590127, 0.6285437455939905, 0.1366811293956453, 2.849083758049934e-06, 0.9477832804513896, 0.6324985030782453, 0.4464567720571651, 0.9066624066717583, 0.01808166159115504, 0.384550326117357, 0.06810914907468324, 0.09865120494674762, 0.5870286430786053, 0.3101862991671461, 0.3101862991671444, 0.3101862991671435, 0.3101862991671479, 0.3101862991671433, 0.3101862991671446],
  [0.5023727803995046, 0.5023727803995046, 0.5023727803995112, 0.3441812929120031, 0.3411733343609193, 0.4180669577155092, 0.3626885720358597, 0.4595203615480442, 0.07517885484328259, 0.01167722509956459, 0.7988900735871489, 0.01068077573714213, 0.1562911675778194, 0.7976703512814058, 0.07264252330280324, 0.8893200912341281, 0.2144461838083005, 0.3909938787391686, 0.4497388379006055, 0.01385235348322193, 0.1362017470121978, 0.1031951428204859, 0.6418423918351174, 0.1482364759854155, 0.8520392681340558, 0.7920586946806393, 0.8724413852811084, 0.1239123274003073, 0.8299647486250695, 0.8554980667841925, 0.9170704249675379, 0.65370814101407, 0.136028050756191, 0.8469457282912948, 0.1495698967131106, 0.9086406885464636, 0.7600746298084149, 0.7556037548981722, 0.5023727803995115, 0.1526186991637753, 0.9641581744797646, 0.9231897039249327, 0.1066292495871688, 0.5953777967774913, 0.9013660103466965, 0.6415992329766422, 0.933457119997537, 0.8881275992944196, 0.140673876086239, 0.004353511676154579, 0.8763671262679323, 0.9349201107106704, 0.3677931177341028, 0.8445436278292621, 0.01650243870970448, 0.05178970894604532, 0.3661045217675493, 0.5477560834467319, 0.09306889887196493, 0.969847809541374, 0.6090579457059638, 0.6129510184370536, 0.8907936006447225, 0.3811951567774342, 0.5023727803995106, 0.5023727803995088, 0.5023727803995107, 0.5023727803995091, 0.5023727803995152, 0.5023727803995095] 
  ],
 "analysis":{
   "authors":"Sergei L Kosakovsky Pond, Sadie Wisotsky",
   "citation":"*Gene-wide identification of episodic selection*, Mol Biol Evol. 32(5):1365-71",
   "contact":"spond@temple.edu",
   "info":"BUSTED-SMSH (branch-site unrestricted statistical test of episodic diversification) uses a random effects branch-site model fitted\njointly to all or a subset of tree branches in order to test for alignment-wide evidence of episodic diversifying selection and.\nAssuming there is evidence of positive selection (i.e. there is an omega > 1),  BUSTED will also perform a quick evidence-ratio\nstyle analysis to explore which individual sites may have been subject to selection. v2.0 adds support for synonymous rate variation,\nand relaxes the test statistic to 0.5 (chi^2_0 + chi^2_2). Version 2.1 adds a grid search for the initial starting point.\nVersion 2.2 changes the grid search to LHC, and adds an initial search phase to use adaptive Nedler-Mead.\n",
   "requirements":"in-frame codon alignment and a phylogenetic tree (optionally annotated with {})",
   "version":"2.2"
  },
 "background":0,
 "branch attributes":{
   "0":{
     "CR391977_3_DANRE":{
       "MG94 with double and triple instantaneous substitutions":0.1750404407720665,
       "MG94 with double instantaneous substitutions":0.1851436234447322,
       "MG94xREV with separate rates for branch sets":0.1750404407720665,
       "Nucleotide GTR":0.2310163496036984,
       "original name":"CR391977.3_DANRE",
       "unconstrained":0.3126126894052262
      },
     "ENSGACP00000006053":{
       "MG94 with double and triple instantaneous substitutions":0.1123390489797199,
       "MG94 with double instantaneous substitutions":0.1086662266630773,
       "MG94xREV with separate rates for branch sets":0.1123390489797199,
       "Nucleotide GTR":0.1011238711559352,
       "original name":"ENSGACP00000006053",
       "unconstrained":0.5152603199848282
      },
     "ENSGMOP00000008900":{
       "MG94 with double and triple instantaneous substitutions":0.1792314326810371,
       "MG94 with double instantaneous substitutions":0.187172137838596,