{
 "Evidence Ratios":{
  },
 "Site Log Likelihood":{
   "unconstrained":    [
[-3.340022421930649, -6.74967563719599, -10.87481827546603, -10.63827283839613, -7.807050194003428, -14.39462297667813, -10.34029478284033, -13.7067099752093, -16.83306260074242, -22.12651460250339, -17.06296247608483, -11.90839155829294, -5.14706616206127, -3.840295592501765, -4.169625968843702, -2.97543434847969, -4.638490061466414, -5.215368655811381, -6.948483583884907, -12.43614825226084, -20.28130784273867, -15.05745318390131, -10.89351020759797, -9.733151763066447, -14.5349893992779, -15.13500456093956, -22.97435038740041, -8.511902280327877, -7.06592593263597, -19.50614868768476, -4.815616580614914, -6.511146798604935, -18.28857157454904, -12.94550047246726, -8.241317377814541, -6.621800847046759, -18.40103447119445, -7.955443071301625, -11.12236192649247, -7.913239056020394, -13.15327306587896, -8.604856245778622, -12.81631862926817, -9.127660228497215, -22.55189340586231, -13.08900184574069, -9.040344533472217, -19.99604251491238, -3.901003427667855, -8.65416735968906, -2.97543434847969] 
    ]
  },
 "Synonymous site-posteriors":  [
[0.6911566297912394, 0.6337639157416016, 0.1905499960006533, 0.1958556010203449, 0.7863017120842155, 0.7664166223088792, 0.6634664413412286, 0.6050116426763297, 0.2527325055708532, 0.06984024440905799, 0.4172208889758152, 0.9162531450444734, 0.5727091454753674, 0.57270914547537, 0.5727091454753755, 0.5727091454753629, 0.5727091454753668, 0.57270914547537, 0.8863628921936717, 0.8730435112371205, 0.09411011564004455, 0.3100908243763881, 0.6889572992865605, 0.6425587998382103, 0.6732859837882125, 0.1741223463851178, 0.07334160521405575, 0.9257526374029503, 0.9105341380641536, 0.07348893132432836, 0.7088817513732586, 0.2266047757741855, 0.4087913282919777, 0.3586708374318647, 0.918108071458514, 0.7946044450291928, 0.593286104701596, 0.7896384943866673, 0.7083142895303862, 0.9329745662249717, 0.8207238856266456, 0.9021793613958284, 0.5265049658879301, 0.737823560308642, 0.1157597375117622, 0.7298273516403362, 0.7075379149875551, 0.09415283103534644, 0.8127716496602363, 0.8065370024251312, 0.5727091454753634],
  [0.04508705138606421, 0.2127072444704147, 0, 0, 0, 0, 0, 0, 0, 0, 0, 0, 0.02946170064448321, 0.02946170064448323, 0.02946170064448334, 0.02946170064448318, 0.02946170064448328, 0.02946170064448314, 0, 0, 0, 0, 0, 0, 0, 0, 0, 0, 0, 0, 0.2097114827298664, 0.7497280810006721, 0, 0, 0, 0, 0, 0, 0, 0, 0, 0, 0, 0, 0, 0, 0, 0, 0.07901013236801967, 0, 0.02946170064448319],
  [0.2637563188226965, 0.1535288397879838, 0.8094500039993466, 0.8041443989796551, 0.2136982879157844, 0.2335833776911209, 0.3365335586587714, 0.3949883573236703, 0.7472674944291468, 0.9301597555909421, 0.5827791110241848, 0.08374685495552646, 0.3978291538801494, 0.3978291538801467, 0.3978291538801411, 0.3978291538801539, 0.3978291538801499, 0.3978291538801468, 0.1136371078063283, 0.1269564887628795, 0.9058898843599553, 0.6899091756236119, 0.3110427007134396, 0.3574412001617897, 0.3267140162117874, 0.8258776536148822, 0.9266583947859444, 0.07424736259704962, 0.08946586193584621, 0.9265110686756717, 0.08140676589687504, 0.02366714322514227, 0.5912086717080224, 0.6413291625681353, 0.08189192854148584, 0.2053955549708072, 0.406713895298404, 0.2103615056133327, 0.2916857104696137, 0.0670254337750282, 0.1792761143733545, 0.09782063860417151, 0.4734950341120699, 0.2621764396913581, 0.8842402624882378, 0.2701726483596638, 0.2924620850124448, 0.9058471689646536, 0.1082182179717441, 0.1934629975748688, 0.3978291538801533] 
  ],
 "analysis":{
   "authors":"Sergei L Kosakovsky Pond, Sadie Wisotsky",
   "citation":"*Gene-wide identification of episodic selection*, Mol Biol Evol. 32(5):1365-71",
   "contact":"spond@temple.edu",
   "info":"BUSTED-SMSH (branch-site unrestricted statistical test of episodic diversification) uses a random effects branch-site model fitted\njointly to all or a subset of tree branches in order to test for alignment-wide evidence of episodic diversifying selection and.\nAssuming there is evidence of positive selection (i.e. there is an omega > 1),  BUSTED will also perform a quick evidence-ratio\nstyle analysis to explore which individual sites may have been subject to selection. v2.0 adds support for synonymous rate variation,\nand relaxes the test statistic to 0.5 (chi^2_0 + chi^2_2). Version 2.1 adds a grid search for the initial starting point.\nVersion 2.2 changes the grid search to LHC, and adds an initial search phase to use adaptive Nedler-Mead.\n",
   "requirements":"in-frame codon alignment and a phylogenetic tree (optionally annotated with {})",
   "version":"2.2"
  },
 "background":0,
 "branch attributes":{
   "0":{
     "ENSGACP00000021031":{
       "MG94 with double and triple instantaneous substitutions":0.03771594493856065,
       "MG94 with double instantaneous substitutions":0.03485982633001638,
       "MG94xREV with separate rates for branch sets":0.03771594493856065,
       "Nucleotide GTR":0.02806283218432838,
       "original name":"ENSGACP00000021031",
       "unconstrained":0.04514615626383698
      },
     "ENSLACP00000008223":{
       "MG94 with double and triple instantaneous substitutions":0.6598425905695167,
       "MG94 with double instantaneous substitutions":0.6847967092384244,
       "MG94xREV with separate rates for branch sets":0.6598425905695167,
       "Nucleotide GTR":0.2488162074157585,
       "original name":"ENSLACP00000008223",
       "unconstrained":1.041504645990871
      },
     "ENSONIP00000007138":{
       "MG94 with double and triple instantaneous substitutions":0.03232114871592694,
       "MG94 with double instantaneous substitutions":0.03128745386511392,
       "MG94xREV with separate rates for branch sets":0.03232114871592694,
       "Nucleotide GTR":0.03572190868992829,
       "original name":"ENSONIP00000007138",
       "unconstrained":0.03537936877051469
      },
     "ENSONIP00000013590":{
       "MG94 with double and triple instantaneous substitutions":0.9730266498816341,
       "MG94 with double instantaneous substitutions":1.023822331519407,
       "MG94xREV with separate rates for branch sets":0.9730266498816341,
       "Nucleotide GTR":0.2007864943223466,
       "original name":"ENSONIP00000013590",
       "unconstrained":1.823902219070784
      },
     "ENSPSIP00000014662":{
       "MG94 with double and triple instantaneous substitutions":0,
       "MG94 with double instantaneous substitutions":0,
       "MG94xREV with separate rates for branch sets":0,
       "Nucleotide GTR":0,
       "original name":"ENSPSIP00000014662",
       "unconstrained":0
      },
     "ENSSHAP00000008292":{
       "MG94 with double and triple instantaneous substitutions":0.2288278721327544,
       "MG94 with double instantaneous substitutions":0.2277050264362829,
       "MG94xREV with separate rates for branch sets":0.2288278721327544,
       "Nucleotide GTR":0.1595442689303119,
       "original name":"ENSSHAP00000008292",
       "unconstrained":0.2819504505473499
      },
     "NODE_10":{
       "MG94 with double and triple instantaneous substitutions":0.6410383993466576,
       "MG94 with double instantaneous substitutions":0.6273052731252808,
       "MG94xREV with separate rates for branch sets":0.6410383993466576,
       "Nucleotide GTR":0.1520686767116677,
       "unconstrained":1.186571311063725
      },
     "NODE_3":{
       "MG94 with double and triple instantaneous substitutions":0.7987999991408034,
       "MG94 with double instantaneous substitutions":0.7876530074572671,
       "MG94xREV with separate rates for branch sets":0.7987999991408034,
       "Nucleotide GTR":0.1366879909986665,
       "unconstrained":1.398052703679029
      },
     "NODE_8":{
       "MG94 with double and triple instantaneous substitutions":0.379827899358584,
       "MG94 with double instantaneous substitutions":0.4089968299257773,
       "MG94xREV with separate rates for branch sets":0.379827899358584,