{
 "Evidence Ratios":{
  },
 "Site Log Likelihood":{
   "unconstrained":    [
[-5.248796431755175, -22.93757011969029, -14.37867548403246, -18.71051499849879, -7.042176062867428, -9.533170261012456, -10.48272796435225, -17.02145955642943, -20.3427579190576, -25.95303621850231, -24.89406954571972, -20.18188510685151, -9.826799025502766, -9.712323077587889, -14.58603046191775, -25.91360273944247, -18.49524862850729, -25.19288633224473, -17.88586758733368, -13.07123577202649, -20.03614572319709, -19.25554180645336, -19.36509311967971, -21.54981968250492, -12.67769203291496, -16.0903856612183, -15.94279013681722, -9.117590396925321, -19.75208593612011, -21.03650614189888, -17.97025255702547, -10.37358709833662, -13.1637942309856, -16.38590140383113, -13.58588721666008, -27.84993542571019, -34.90180320943569, -17.54690545443781, -9.983392887576022, -12.59318343618997, -19.8785989595265, -14.4809018449846, -12.34963094360536, -17.27493192037293, -16.78619705224586, -6.72301485828426, -12.0502338585784, -36.71755849984481, -16.2571670395487, -14.56405029694184, -36.99492653939154, -8.842497735650573, -10.85490244501355, -9.648942038919401, -5.276861573276175, -12.7744689885897, -7.999396827452965, -12.20013926056421, -10.97926710001149] 
    ]
  },
 "Synonymous site-posteriors":  [
[0.7196308565440251, 0.5691344270109333, 0.7183136993395428, 0.6938489377275439, 0.7197944413497355, 0.7196844214851814, 0.7198087590446117, 0.7172721559389081, 0.7195172763924378, 0.2419855565483476, 0.7178579446291307, 0.7194829818299279, 0.7191722814196075, 0.7192936613188695, 0.7197678928642441, 0.7170480606100942, 0.7197476961499967, 0.6410784599950333, 0.7197250933587377, 0.7186395407873361, 0.7106576219925601, 0.7184113564243528, 0.7159183878431785, 0.7108206008247009, 0.719644541359114, 0.7049086006102119, 0.7194334848239052, 0.7193980408682934, 0.7196403261965115, 0.7189211894297188, 0.7185855635724135, 0.7184480312258047, 0.7197188978718454, 0.7183850822754116, 0.7197810162501526, 0.7123449453308232, 0.0007153957893702567, 0.7195066196231874, 0.7198020165745558, 0.7197807600987677, 0.7194841318201389, 0.7158211070966449, 0.7176100760681787, 0.7180461113953021, 0.7189015084923052, 0.7196587101630709, 0.7197999797375269, 0.0126877902869963, 0.7182728839627404, 0.7193832102725618, 0.05870370906704518, 0.7193962274359271, 0.7197091822136206, 0.7196822781540614, 0.7195650173160238, 0.7154601844220515, 0.7196797274197346, 0.719471834896142, 0.7197876082201413],
  [0.0002300689284750868, 0.2092808256940522, 0.002038449799929735, 0.03602153457370749, 1.485948581790606e-05, 0.0001529443069023861, 1.276209058383497e-06, 0.003476158671081245, 0.0003628823825794681, 0.6637939083073515, 0.002658422579134804, 0.0004394068783103045, 0.0008533295171138592, 0.0006888893350712121, 2.824524252780749e-05, 0.003780343192990851, 4.744350331364172e-05, 0.1093212395310306, 0.0001038261772061708, 0.001593435630349881, 0.01267173658372868, 0.001906538023927082, 0.005364145979995283, 0.01244201864215564, 0.0002030425244172057, 0.02065389702271632, 0.0004819316453251308, 0.0005469230859194671, 0.0002029719233005654, 0.001197901475125184, 0.001666642358733598, 0.001854325667681958, 9.326208955262751e-05, 0.001937478531240338, 1.784549633608755e-05, 0.01033102637058005, 0.9990060139568963, 0.0003939678129325883, 4.959816103013188e-06, 2.895035950510045e-05, 0.0004093825883894062, 0.005488637180609038, 0.003020612339085644, 0.002412546838546671, 0.001211201594001762, 0.0001885954722547381, 3.83094166920012e-07, 0.9823717281879774, 0.002096450153271209, 0.0005585353056524928, 0.9184396050708413, 0.0005496552535726638, 0.0001137637305984693, 0.0001611315759455524, 0.0003197976909335407, 0.005995269285807568, 0.0001639857838855794, 0.0004366813133242536, 1.105207907994604e-05],
  [0.2801390745274999, 0.2215847472950146, 0.2796478508605275, 0.2701295276987486, 0.2801906991644466, 0.2801626342079162, 0.2801899647463299, 0.2792516853900106, 0.2801198412249827, 0.09422053514430076, 0.2794836327917345, 0.2800776112917619, 0.2799743890632787, 0.2800174493460593, 0.2802038618932281, 0.2791715961969149, 0.2802048603466896, 0.2496003004739362, 0.2801710804640563, 0.2797670235823141, 0.2766706414237112, 0.2796821055517201, 0.2787174661768261, 0.2767373805331435, 0.2801524161164687, 0.2744375023670718, 0.2800845835307698, 0.2800550360457871, 0.2801567018801879, 0.279880909095156, 0.2797477940688529, 0.2796976431065135, 0.2801878400386019, 0.2796774391933479, 0.2802011382535113, 0.2773240282985968, 0.0002785902537334802, 0.28009941256388, 0.2801930236093413, 0.2801902895417274, 0.2801064855914717, 0.278690255722746, 0.2793693115927356, 0.2795413417661513, 0.279887289913693, 0.2801526943646743, 0.280199637168306, 0.004940481525026245, 0.2796306658839885, 0.2800582544217858, 0.02285668586211365, 0.2800541173105003, 0.2801770540557811, 0.2801565902699929, 0.2801151849930426, 0.2785445462921409, 0.2801562867963798, 0.2800914837905339, 0.2802013397007787] 
  ],
 "analysis":{
   "authors":"Sergei L Kosakovsky Pond, Sadie Wisotsky",
   "citation":"*Gene-wide identification of episodic selection*, Mol Biol Evol. 32(5):1365-71",
   "contact":"spond@temple.edu",
   "info":"BUSTED-SMSH (branch-site unrestricted statistical test of episodic diversification) uses a random effects branch-site model fitted\njointly to all or a subset of tree branches in order to test for alignment-wide evidence of episodic diversifying selection and.\nAssuming there is evidence of positive selection (i.e. there is an omega > 1),  BUSTED will also perform a quick evidence-ratio\nstyle analysis to explore which individual sites may have been subject to selection. v2.0 adds support for synonymous rate variation,\nand relaxes the test statistic to 0.5 (chi^2_0 + chi^2_2). Version 2.1 adds a grid search for the initial starting point.\nVersion 2.2 changes the grid search to LHC, and adds an initial search phase to use adaptive Nedler-Mead.\n",
   "requirements":"in-frame codon alignment and a phylogenetic tree (optionally annotated with {})",
   "version":"2.2"
  },
 "background":0,
 "branch attributes":{
   "0":{
     "ENSGACP00000016360":{
       "MG94 with double and triple instantaneous substitutions":0.1217497255149957,
       "MG94 with double instantaneous substitutions":0.1242451851386798,
       "MG94xREV with separate rates for branch sets":0.1217497255149957,
       "Nucleotide GTR":0.1264948570999109,
       "original name":"ENSGACP00000016360",
       "unconstrained":0.2240047666996939
      },
     "ENSGMOP00000021176":{
       "MG94 with double and triple instantaneous substitutions":0.1001337819404266,
       "MG94 with double instantaneous substitutions":0.106671246573524,
       "MG94xREV with separate rates for branch sets":0.1001337819404266,
       "Nucleotide GTR":0.1119059718920158,
       "original name":"ENSGMOP00000021176",
       "unconstrained":0.1955068019772046
      },
     "ENSONIP00000021310":{
       "MG94 with double and triple instantaneous substitutions":0.03102468739032288,
       "MG94 with double instantaneous substitutions":0.03715814520730713,
       "MG94xREV with separate rates for branch sets":0.03102468739032288,
       "Nucleotide GTR":0.04611900150888053,
       "original name":"ENSONIP00000021310",
       "unconstrained":0.04476146710982153
      },
     "ENSORLP00000017414":{
       "MG94 with double and triple instantaneous substitutions":0.2487277146266344,
       "MG94 with double instantaneous substitutions":0.2358217412805244,
       "MG94xREV with separate rates for branch sets":0.2487277146266344,
       "Nucleotide GTR":0.2100730533425038,
       "original name":"ENSORLP00000017414",
       "unconstrained":0.4479348145607314
      },
     "ENSTNIP00000002161":{
       "MG94 with double and triple instantaneous substitutions":0.09601941055572782,
       "MG94 with double instantaneous substitutions":0.09278762083541663,
       "MG94xREV with separate rates for branch sets":0.09601941055572782,