{
 "Evidence Ratios":{
  },
 "Site Log Likelihood":{
   "unconstrained":    [
[-17.51038434819729, -17.69992829015352, -14.05358294982693, -8.453469149901611, -25.91054527034318, -18.72483259705864, -9.332068458183135, -17.74779974352848, -20.45012858437612, -10.93273123088719, -17.13416122549071, -4.005258736504663, -10.18190635887369, -21.61054311628393, -13.1290170184332, -3.354001894918585, -4.197020676472218, -13.43747678241055, -14.65325197532755, -18.62732669550002, -16.36409908852062, -10.85195492729147, -5.015848849284636, -8.496201568483819, -3.986724626881161, -8.721768662273472, -3.909618101776072, -5.199060611196421, -13.64172659330023, -15.59928092344993, -16.42670041879449, -14.44930572605621, -8.719645313909316, -11.9329666624684, -4.840112390706374, -5.282137037184071, -23.13053181115804, -8.286051892215257, -4.747318781555015, -5.056762729049156, -4.995093806343321, -12.62029707913481, -11.75391573002714, -5.706706285086554, -11.64764993584048, -19.5107001518001, -9.507122312544773, -11.3261448755846, -11.07709091029512, -4.86431753571748, -13.15238775990561, -10.82233863315061, -5.685187702414576, -5.331871830151598, -4.185334580620368, -8.597039613360591, -20.80269632318652, -4.840112390706374, -5.282137037184071, -8.15392208076363, -5.30774295413523, -8.484035982953438, -10.73970820669377, -8.166308163027365, -7.3737183558558, -10.4125436506697, -10.53812723957601] 
    ]
  },
 "Synonymous site-posteriors":  [
[0, 0, 0, 0, 0, 0, 0, 0, 0, 0, 0, 0.2983336324581574, 0, 0, 0, 0.1109471275671952, 0.1109471275671951, 0, 0, 0, 0, 0, 0.2794588946823084, 0, 0.3171471833947112, 0, 0.1109471275671953, 0.1109471275671953, 0, 0, 0, 0, 0, 0, 0.4557285302255805, 0.5364785325666358, 0, 0, 0.4296135613134091, 0.3783750998745937, 0.4913668880855416, 0, 0, 0.5493769322442917, 0, 0, 0, 0, 0, 0.386546612893817, 0, 0, 0.4671832267317615, 0.5294571104843291, 0.3868263641083189, 0, 0, 0.4557285302255805, 0.5364785325666358, 0, 0.4904694698419592, 0, 0, 0, 0, 0, 0],
  [1, 1, 1, 1, 1, 1, 1, 1, 1, 1, 1, 0.7016663675418426, 0.9999999999999999, 1, 1, 0.8890528724328046, 0.8890528724328048, 1, 1, 1, 1, 1, 0.7205411053176917, 1, 0.6828528166052887, 1, 0.8890528724328047, 0.8890528724328048, 1, 1, 1, 1, 1, 1, 0.5442714697744194, 0.4635214674333642, 1, 1, 0.570386438686591, 0.6216249001254063, 0.5086331119144583, 1, 1, 0.4506230677557083, 1, 1, 0.9999999999999999, 1, 1, 0.613453387106183, 1, 1, 0.5328167732682385, 0.470542889515671, 0.6131736358916812, 1, 1, 0.5442714697744194, 0.4635214674333642, 1, 0.5095305301580408, 1, 1, 1, 1, 1, 1],
  [0, 0, 0, 0, 0, 0, 0, 0, 0, 0, 0, 0, 0, 0, 0, 0, 0, 0, 0, 0, 0, 0, 0, 0, 0, 0, 0, 0, 0, 0, 0, 0, 0, 0, 0, 0, 0, 0, 0, 0, 0, 0, 0, 0, 0, 0, 0, 0, 0, 0, 0, 0, 0, 0, 0, 0, 0, 0, 0, 0, 0, 0, 0, 0, 0, 0, 0] 
  ],
 "analysis":{
   "authors":"Sergei L Kosakovsky Pond, Sadie Wisotsky",
   "citation":"*Gene-wide identification of episodic selection*, Mol Biol Evol. 32(5):1365-71",
   "contact":"spond@temple.edu",
   "info":"BUSTED-SMSH (branch-site unrestricted statistical test of episodic diversification) uses a random effects branch-site model fitted\njointly to all or a subset of tree branches in order to test for alignment-wide evidence of episodic diversifying selection and.\nAssuming there is evidence of positive selection (i.e. there is an omega > 1),  BUSTED will also perform a quick evidence-ratio\nstyle analysis to explore which individual sites may have been subject to selection. v2.0 adds support for synonymous rate variation,\nand relaxes the test statistic to 0.5 (chi^2_0 + chi^2_2). Version 2.1 adds a grid search for the initial starting point.\nVersion 2.2 changes the grid search to LHC, and adds an initial search phase to use adaptive Nedler-Mead.\n",
   "requirements":"in-frame codon alignment and a phylogenetic tree (optionally annotated with {})",
   "version":"2.2"
  },
 "background":0,
 "branch attributes":{
   "0":{
     "ENSDNOP00000000066":{
       "MG94 with double and triple instantaneous substitutions":0.1202855531057104,
       "MG94 with double instantaneous substitutions":0.1168660328495049,
       "MG94xREV with separate rates for branch sets":0.1202855531057104,
       "Nucleotide GTR":0.1340427542058166,
       "original name":"ENSDNOP00000000066",
       "unconstrained":0.1268219334633899
      },
     "ENSMICP00000011407":{
       "MG94 with double and triple instantaneous substitutions":0.08540895897137274,
       "MG94 with double instantaneous substitutions":0.08475338697639102,
       "MG94xREV with separate rates for branch sets":0.08540895897137274,
       "Nucleotide GTR":0.08059252288178273,
       "original name":"ENSMICP00000011407",
       "unconstrained":0.08736611630705277
      },
     "ENSOPRP00000013604":{
       "MG94 with double and triple instantaneous substitutions":0.1255201262020515,
       "MG94 with double instantaneous substitutions":0.1246906453571225,
       "MG94xREV with separate rates for branch sets":0.1255201262020515,
       "Nucleotide GTR":0.1338147232880458,
       "original name":"ENSOPRP00000013604",
       "unconstrained":0.1276972247109771
      },
     "ENSPVAP00000011312":{
       "MG94 with double and triple instantaneous substitutions":0.08985403788214845,
       "MG94 with double instantaneous substitutions":0.09203840777815325,
       "MG94xREV with separate rates for branch sets":0.08985403788214845,
       "Nucleotide GTR":0.1042141397439007,
       "original name":"ENSPVAP00000011312",
       "unconstrained":0.09116604719418583
      },
     "ENSTBEP00000000301":{
       "MG94 with double and triple instantaneous substitutions":0.08482523077880834,
       "MG94 with double instantaneous substitutions":0.08879866561770432,
       "MG94xREV with separate rates for branch sets":0.08482523077880834,
       "Nucleotide GTR":0.09193223534741742,
       "original name":"ENSTBEP00000000301",
       "unconstrained":0.0863206327533871
      },
     "ENSTTRP00000008430":{
       "MG94 with double and triple instantaneous substitutions":0.08320847611339562,
       "MG94 with double instantaneous substitutions":0.08292944959878087,
       "MG94xREV with separate rates for branch sets":0.08320847611339562,
       "Nucleotide GTR":0.09158783145202308,
       "original name":"ENSTTRP00000008430",
       "unconstrained":0.08524535191858036
      },
     "NODE_10":{
       "MG94 with double and triple instantaneous substitutions":0.02430732939268164,
       "MG94 with double instantaneous substitutions":0.02389709701419648,
       "MG94xREV with separate rates for branch sets":0.02430732939268164,
       "Nucleotide GTR":0.02221287219556279,
       "unconstrained":0.02433481872572807
      },
     "NODE_8":{
       "MG94 with double and triple instantaneous substitutions":0.03945627097651539,
       "MG94 with double instantaneous substitutions":0.03936947882392882,
       "MG94xREV with separate rates for branch sets":0.03945627097651539,
       "Nucleotide GTR":0.03664559200479831,
       "unconstrained":0.03936043586750992
      }
    },
   "attributes":{
     "MG94 with double and triple instantaneous substitutions":{
       "attribute type":"branch length",
       "display order":0
      },
     "MG94 with double instantaneous substitutions":{
       "attribute type":"branch length",
       "display order":0
      },
     "MG94xREV with separate rates for branch sets":{
       "attribute type":"branch length",
       "display order":1
      },
     "Nucleotide GTR":{
       "attribute type":"branch length",
       "display order":0
      },
     "original name":{
       "attribute type":"node label",
       "display order":0
      },
     "unconstrained":{
       "attribute type":"branch length",
       "display order":0
      }
    }
  },