{
 "Evidence Ratios":{
  },
 "Site Log Likelihood":{
   "unconstrained":    [
[-4.668221459396683, -3.317179182913251, -2.770884829456937, -2.961206253729403, -3.888456698022144, -5.030827599385428, -3.126857758640784, -11.96349367663226, -11.55779631025725, -7.520228723288372, -3.883484557515741, -3.543878807859542, -3.740066352113018, -5.257026086234016, -4.153676354002179, -11.97758851084519, -4.424765078764848, -8.448740252078855, -9.459433196964648, -8.722372145684586, -8.099682988403458, -9.447942215285869, -4.657770315577559, -8.443712162928115, -11.91464026253199, -6.579994143875843, -5.782791527199474, -5.166509151010048, -10.22735026594727, -8.986800842380005, -3.543878807859542, -8.74399762769926, -7.123557388379066, -7.208984067006052, -9.748351361802962, -6.049308846866821, -11.65892204066582, -8.572103198174952, -5.203747940728985, -3.740066352113018, -5.065072615883379, -13.1406270411058, -6.248844876052315, -10.83760947944851, -3.740066352113018, -5.307827330182733, -11.17592510097776, -13.0358380724626, -17.60878519702484, -3.543878807859542] 
    ]
  },
 "Synonymous site-posteriors":  [
[0.3141958720451105, 0.3141958720451098, 0.314195872045111, 0.3141958720451112, 0.3141958720451107, 0.3141958720451111, 0.3141958720451108, 0.1424861815374539, 0.5277719346565243, 0.2051386821825908, 0.1809606583278923, 0.1693857819101719, 0.1681241138174583, 0.05075954258607299, 0.133110614621921, 0.5431864570148186, 0.1834631792552129, 0.1056790220365892, 0.1369514180370004, 0.0892728838058187, 0.4882363100641122, 0.04845738782533079, 0.1327313259389364, 0.4315167213387561, 0.5458502810446101, 0.515748481853331, 0.4083687044459277, 0.1715279332645697, 0.5754076265588521, 0.2143510518878831, 0.1693857819101719, 0.5137491753081128, 0.1791129156663062, 0.3607528333580656, 0.5543545714165087, 0.3708828541986317, 0.5958814497199154, 0.4016897978654312, 0.3737149887728639, 0.1681241138174583, 0.2912492170381771, 0.5825775547664241, 0.3693636741482497, 0.5589604324111794, 0.1681241138174583, 0.07671952399411036, 0.3217216601229331, 0.5105620460650427, 0.6081239439028785, 0.1693857819101719],
  [0.4902093951809307, 0.4902093951809318, 0.4902093951809303, 0.49020939518093, 0.4902093951809308, 0.4902093951809303, 0.49020939518093, 0.7687529000482767, 0.1437111288232878, 0.6670815628037663, 0.7063390725185764, 0.7251125507480675, 0.7271593521882279, 0.9176034645568071, 0.7839662256917795, 0.1186990733288267, 0.7022794122853887, 0.828463042586, 0.7777258597722109, 0.8550880117462603, 0.2078421311941292, 0.9213319729082514, 0.7845815954276819, 0.2998194010557934, 0.1144272209134357, 0.1632652569022064, 0.3374190568456488, 0.7216412181531467, 0.06656280414036231, 0.6521435080086031, 0.7251125507480675, 0.1664962009187932, 0.7093138762513482, 0.4146394749976385, 0.1006339858852315, 0.3982092591570648, 0.03336325596768782, 0.3481914759314496, 0.393613296297406, 0.7271593521882279, 0.5274234700699335, 0.05487250040640765, 0.4006727478825438, 0.09315473669068999, 0.7271593521882279, 0.8754726297430495, 0.4779520440484238, 0.171669946924795, 0.01371054815425304, 0.7251125507480675],
  [0.1955947327739587, 0.1955947327739583, 0.1955947327739588, 0.1955947327739588, 0.1955947327739584, 0.1955947327739586, 0.1955947327739592, 0.08876091841426947, 0.3285169365201879, 0.1277797550136428, 0.1127002691535314, 0.1055016673417607, 0.1047165339943137, 0.03163699285711989, 0.08292315968629946, 0.3381144696563548, 0.1142574084593984, 0.06585793537741087, 0.08532272219078883, 0.05563910444792121, 0.3039215587417587, 0.03021063926641762, 0.08268707863338168, 0.2686638776054504, 0.3397224980419543, 0.3209862612444627, 0.2542122387084236, 0.1068308485822835, 0.3580295693007854, 0.1335054401035139, 0.1055016673417607, 0.319754623773094, 0.1115732080823455, 0.2246076916442959, 0.3450114426982597, 0.2309078866443036, 0.3707552943123967, 0.2501187262031191, 0.23267171492973, 0.1047165339943137, 0.1813273128918894, 0.3625499448271682, 0.2299635779692065, 0.3478848308981305, 0.1047165339943137, 0.04780784626284009, 0.2003262958286431, 0.3177680070101624, 0.3781655079428684, 0.1055016673417607] 
  ],
 "analysis":{
   "authors":"Sergei L Kosakovsky Pond, Sadie Wisotsky",
   "citation":"*Gene-wide identification of episodic selection*, Mol Biol Evol. 32(5):1365-71",
   "contact":"spond@temple.edu",
   "info":"BUSTED-SMSH (branch-site unrestricted statistical test of episodic diversification) uses a random effects branch-site model fitted\njointly to all or a subset of tree branches in order to test for alignment-wide evidence of episodic diversifying selection and.\nAssuming there is evidence of positive selection (i.e. there is an omega > 1),  BUSTED will also perform a quick evidence-ratio\nstyle analysis to explore which individual sites may have been subject to selection. v2.0 adds support for synonymous rate variation,\nand relaxes the test statistic to 0.5 (chi^2_0 + chi^2_2). Version 2.1 adds a grid search for the initial starting point.\nVersion 2.2 changes the grid search to LHC, and adds an initial search phase to use adaptive Nedler-Mead.\n",
   "requirements":"in-frame codon alignment and a phylogenetic tree (optionally annotated with {})",
   "version":"2.2"
  },
 "background":0,
 "branch attributes":{
   "0":{
     "ENSBTAP00000056474":{
       "MG94 with double and triple instantaneous substitutions":0.1478215591270856,
       "MG94 with double instantaneous substitutions":0.1477891053095141,
       "MG94xREV with separate rates for branch sets":0.1478215591270856,
       "Nucleotide GTR":0.08288180446076829,
       "original name":"ENSBTAP00000056474",
       "unconstrained":0.1711604002452451
      },
     "ENSMGAP00000016802":{
       "MG94 with double and triple instantaneous substitutions":0.07199992782417582,
       "MG94 with double instantaneous substitutions":0.07198230172126133,
       "MG94xREV with separate rates for branch sets":0.07199992782417582,
       "Nucleotide GTR":0.06779598169962614,
       "original name":"ENSMGAP00000016802",
       "unconstrained":0.08830249496263082
      },
     "ENSOANP00000005735":{
       "MG94 with double and triple instantaneous substitutions":3.761878424336161e-20,
       "MG94 with double instantaneous substitutions":1.88146195495633e-20,
       "MG94xREV with separate rates for branch sets":3.761878424336161e-20,
       "Nucleotide GTR":0,
       "original name":"ENSOANP00000005735",
       "unconstrained":0
      },
     "ENSOANP00000022643":{
       "MG94 with double and triple instantaneous substitutions":0,
       "MG94 with double instantaneous substitutions":0,
       "MG94xREV with separate rates for branch sets":0,
       "Nucleotide GTR":0,
       "original name":"ENSOANP00000022643",
       "unconstrained":0
      },
     "ENSSHAP00000022001":{
       "MG94 with double and triple instantaneous substitutions":0.03334946439501907,
       "MG94 with double instantaneous substitutions":0.03329398585678713,
       "MG94xREV with separate rates for branch sets":0.03334946439501907,
       "Nucleotide GTR":0.04717452003649327,
       "original name":"ENSSHAP00000022001",
       "unconstrained":0
      },
     "ENSSSCP00000025144":{
       "MG94 with double and triple instantaneous substitutions":0,
       "MG94 with double instantaneous substitutions":0,
       "MG94xREV with separate rates for branch sets":0,
       "Nucleotide GTR":0.03434178592537433,
       "original name":"ENSSSCP00000025144",
       "unconstrained":0
      },
     "NODE_3":{
       "MG94 with double and triple instantaneous substitutions":0.1333535566866507,
       "MG94 with double instantaneous substitutions":0.1333948364178891,
       "MG94xREV with separate rates for branch sets":0.1333535566866507,
       "Nucleotide GTR":0.06524129753681382,
       "unconstrained":0.1841461931942187
      },
     "NODE_5":{
       "MG94 with double and triple instantaneous substitutions":0.04437278028755846,