{
 "Evidence Ratios":{
  },
 "Site Log Likelihood":{
   "unconstrained":    [
[-4.380113319808398, -20.18177682890886, -19.71068499527229, -15.17632489867572, -17.88147741448937, -22.45570395927577, -19.93620452075282, -18.0432791550665, -7.911343615302828, -10.31739722586289, -25.54087027531079, -28.15554564538792, -26.0006538592478, -24.01103702508671, -16.42520056072439, -26.50397412023397, -12.15324374700766, -8.282423664421211, -29.74026863111178, -19.63693590099954, -18.3788332597572, -7.787217252199874, -15.24705788250685, -15.5703630476677, -3.534461726852713, -4.94749821296465, -3.363321877370311, -4.84807794905289, -5.244310243236092, -13.27790673150438, -15.3529488767851, -8.412461366638132, -13.00395653168716, -17.68854539015472, -5.59703988817597, -4.769227788179009, -4.550311107256363, -4.472415757907561, -3.767014013685342, -4.84807794905289, -18.79105173427111, -4.903995563721317, -12.22659568755545, -20.38937634629772, -10.58561266449025, -7.811679697848855, -5.944818813149594, -17.07018469880335, -4.380113319808398, -12.31123391545466, -6.157641945687185, -4.380113319808398, -8.482747102172025, -10.60143308101393, -13.89140036238631, -7.872450765428494, -10.23690821664065, -10.06196498905378, -14.04316758477467, -6.157641945687185, -4.512483059980445, -7.515223413630431, -14.17172995910256] 
    ]
  },
 "Synonymous site-posteriors":  [
[0.9448644181082591, 0.9025006520013934, 0.7079088978732141, 0.9401625412069872, 0.9412902576566358, 0.2595747486482443, 0.8840094834479455, 0.6171243133716909, 0.9444224539550636, 0.9399319553412497, 0.8244240769346145, 0.009813074286117676, 0.9150632699752891, 0.1068959915765008, 0.9445016977599141, 0.007118234501251978, 0.9453397982995319, 0.9412589808509934, 0.09238395520093814, 0.7482651356317692, 0.7372571995772519, 0.9444650451584707, 0.9115394627384348, 0.9431750583869598, 0.8329920503142113, 0.8329920503142125, 0.8329920503142123, 0.8329920503142111, 0.8329920503142109, 0.9412301771654735, 0.9252765143516303, 0.9451191759057213, 0.9300162096450102, 0.9362861619075036, 0.8329920503142108, 0.8329920503142115, 0.8329920503142108, 0.8329920503142121, 0.8329920503142114, 0.8329920503142111, 0.9042242157138699, 0.8329920503142122, 0.9429015087689184, 0.865955592592957, 0.9443614341676614, 0.9452367647335347, 0.9452286925282272, 0.9415076806614113, 0.9448644181082591, 0.9441134556405966, 0.9450719029507288, 0.9448644181082591, 0.9437132752585894, 0.945355418613024, 0.9435267798855559, 0.9444711309707426, 0.9435242640588649, 0.9456548204365047, 0.9455711674004667, 0.9450719029507288, 0.9422372319701648, 0.9431544663161916, 0.930402823271706],
  [0.05448976125116137, 0.05264809524290668, 0.04128115796924506, 0.05458660048721409, 0.05461523927341073, 0.01523747560181068, 0.05152742941560546, 0.03594109065760276, 0.05451393385629669, 0.05449385589333081, 0.04809320341870666, 0.000577609016654295, 0.05305064103612681, 0.006288061694516366, 0.05467158590586246, 0.0004215728355524274, 0.05450406244924203, 0.05444248044805371, 0.005422134808591243, 0.04362193845928389, 0.04299582751768986, 0.05450373045617159, 0.05293858458086376, 0.05454290713933599, 0.04821794727492831, 0.0482179472749283, 0.04821794727492821, 0.04821794727492824, 0.04821794727492808, 0.05452702120296195, 0.0538065328612374, 0.05447384538287554, 0.05408109782850311, 0.05443392710835245, 0.04821794727492818, 0.04821794727492813, 0.0482179472749282, 0.04821794727492817, 0.04821794727492795, 0.04821794727492824, 0.05252597848331919, 0.04821794727492839, 0.05453782050452026, 0.05033708370174547, 0.054554062965322, 0.05444096439043675, 0.054394969437213, 0.05463783926691787, 0.05448976125116137, 0.05455599715792812, 0.05440127851929018, 0.05448976125116137, 0.05442625301286897, 0.05439131141155513, 0.05465656805453079, 0.05444984313371533, 0.05461663053324397, 0.05427213291792528, 0.05434820093592824, 0.05440127851929018, 0.05440796442038644, 0.05449958723877488, 0.05394002081652724],
  [0.0006458206405793884, 0.04485125275569984, 0.2508099441575408, 0.005250858305798672, 0.004094503069953536, 0.7251877757499451, 0.06446308713644892, 0.3469345959707064, 0.001063612188639625, 0.005574188765419453, 0.1274827196466788, 0.9896093166972281, 0.03188608898858403, 0.8868159467289828, 0.0008267163342234354, 0.9924601926631956, 0.0001561392512260212, 0.004298538700952996, 0.9021939099904707, 0.2081129259089469, 0.2197469729050585, 0.001031224385357699, 0.03552195268070142, 0.002282034473704122, 0.1187900024108605, 0.1187900024108593, 0.1187900024108595, 0.1187900024108607, 0.1187900024108609, 0.004242801631564439, 0.02091695278713231, 0.0004069787114031482, 0.01590269252648662, 0.009279910984143984, 0.118790002410861, 0.1187900024108604, 0.118790002410861, 0.1187900024108598, 0.1187900024108605, 0.1187900024108607, 0.04324980580281083, 0.1187900024108593, 0.002560670726561298, 0.08370732370529763, 0.001084502867016381, 0.0003222708760283805, 0.0003763380345597149, 0.003854480071670659, 0.0006458206405793884, 0.001330547201475085, 0.000526818529981094, 0.0006458206405793884, 0.001860471728541707, 0.0002532699754209316, 0.001816652059913343, 0.001079025895541955, 0.001859105407891237, 7.304664557011874e-05, 8.063166360511509e-05, 0.000526818529981094, 0.003354803609448761, 0.002345946445033541, 0.01565715591176689] 
  ],
 "analysis":{
   "authors":"Sergei L Kosakovsky Pond, Sadie Wisotsky",
   "citation":"*Gene-wide identification of episodic selection*, Mol Biol Evol. 32(5):1365-71",
   "contact":"spond@temple.edu",
   "info":"BUSTED-SMSH (branch-site unrestricted statistical test of episodic diversification) uses a random effects branch-site model fitted\njointly to all or a subset of tree branches in order to test for alignment-wide evidence of episodic diversifying selection and.\nAssuming there is evidence of positive selection (i.e. there is an omega > 1),  BUSTED will also perform a quick evidence-ratio\nstyle analysis to explore which individual sites may have been subject to selection. v2.0 adds support for synonymous rate variation,\nand relaxes the test statistic to 0.5 (chi^2_0 + chi^2_2). Version 2.1 adds a grid search for the initial starting point.\nVersion 2.2 changes the grid search to LHC, and adds an initial search phase to use adaptive Nedler-Mead.\n",
   "requirements":"in-frame codon alignment and a phylogenetic tree (optionally annotated with {})",
   "version":"2.2"
  },
 "background":0,
 "branch attributes":{
   "0":{
     "ENSGACP00000023803":{
       "MG94 with double and triple instantaneous substitutions":0.1207922278634091,
       "MG94 with double instantaneous substitutions":0.1201793408881652,
       "MG94xREV with separate rates for branch sets":0.1207922278634091,
       "Nucleotide GTR":0.1150924173976195,
       "original name":"ENSGACP00000023803",
       "unconstrained":0.1682459177557281
      },
     "ENSGMOP00000009883":{
       "MG94 with double and triple instantaneous substitutions":0.3318247229745351,
       "MG94 with double instantaneous substitutions":0.3363229663258803,
       "MG94xREV with separate rates for branch sets":0.3318247229745351,
       "Nucleotide GTR":0.2242191670706979,
       "original name":"ENSGMOP00000009883",
       "unconstrained":0.5049792778805478
      },
     "ENSONIP00000026360":{
       "MG94 with double and triple instantaneous substitutions":0.05192323920986758,
       "MG94 with double instantaneous substitutions":0.05225825120235272,
       "MG94xREV with separate rates for branch sets":0.05192323920986758,
       "Nucleotide GTR":0.03789090310820258,
       "original name":"ENSONIP00000026360",
       "unconstrained":0.06334572695822299
      },
     "ENSORLP00000017134":{
       "MG94 with double and triple instantaneous substitutions":0.2464214918635108,
       "MG94 with double instantaneous substitutions":0.245331697252113,
       "MG94xREV with separate rates for branch sets":0.2464214918635108,
       "Nucleotide GTR":0.1735080227146082,