{
 "Evidence Ratios":{
  },
 "Site Log Likelihood":{
   "unconstrained":    [
[-3.662750195174846, -3.929678532909467, -8.382715224187292, -10.39969141101949, -8.114756717525696, -14.187278975257, -11.16851201601332, -9.169244103283052, -4.652115493063075, -17.50428190328806, -8.976375927860566, -11.33651638865357, -36.83511399054949, -30.73327467236632, -25.00834283668556, -24.98562831548543, -25.72464508865426, -24.67919531487955, -21.64243127537606, -26.28292883016274, -13.17790657742756, -12.23888030292209, -12.35389704236766, -13.42442698159884, -15.52101689002751, -13.5737799328704, -17.34158425541188, -7.653691523224189, -3.951759231877987, -12.91392896233862, -14.82165622489248, -10.44670879730171, -16.11122571140073, -11.32271579221382, -4.051842114537647, -5.789557731802414, -12.81455616629735, -3.54195327166709, -10.38919261680615, -11.2467177999296, -3.919182275164093] 
    ]
  },
 "Synonymous site-posteriors":  [
[0.5241346804968821, 0.4616436881040584, 0.2518768913353888, 0.2305731582383138, 0.7831014088345327, 0.9260758449881966, 0.4456507612381722, 0.7008948373248063, 0.5613266930952424, 0.9759610181326672, 0.2289200312371278, 0.8439910647870572, 0.9995309362411996, 0.9925540788032925, 0.9921888058464756, 0.9937906342477572, 0.9987344760219533, 0.9948078003333877, 0.9914404223829105, 0.9973876758562961, 0.8339492178860672, 0.954601772549889, 0.8076565373093507, 0.9950203162281631, 0.9855134145245508, 0.9227872926411107, 0.9861201557015034, 0.7753987340699711, 0.4526910866879116, 0.9395542193960515, 0.9423065701443958, 0.3351139585515865, 0.6297365513639953, 0.8782640777633712, 0.4934934755083263, 0.05353329480805442, 0.8709498074440403, 0.5852353423060168, 0.8678091988372955, 0.4983920013525882, 0.4916969777789861],
  [0.475865319503118, 0.5383563118959416, 0.7481231086646113, 0.7694268417616863, 0.2168985911654673, 0.07392415501180334, 0.5543492387618277, 0.2991051626751939, 0.4386733069047576, 0.02403898186733279, 0.7710799687628722, 0.1560089352129428, 0.0004690637588004883, 0.007445921196707457, 0.007811194153524412, 0.006209365752242802, 0.001265523978046643, 0.005192199666612464, 0.008559577617089377, 0.002612324143703961, 0.1660507821139328, 0.04539822745011111, 0.1923434626906494, 0.004979683771836866, 0.01448658547544922, 0.0772127073588892, 0.01387984429849666, 0.2246012659300288, 0.5473089133120884, 0.06044578060394847, 0.05769342985560414, 0.6648860414484133, 0.3702634486360046, 0.1217359222366287, 0.5065065244916737, 0.9464667051919456, 0.1290501925559597, 0.4147646576939832, 0.1321908011627044, 0.5016079986474118, 0.508303022221014],
  [0, 0, 0, 0, 0, 0, 0, 0, 0, 0, 0, 0, 0, 0, 0, 0, 0, 0, 0, 0, 0, 0, 0, 0, 0, 0, 0, 0, 0, 0, 0, 0, 0, 0, 0, 0, 0, 0, 0, 0, 0] 
  ],
 "analysis":{
   "authors":"Sergei L Kosakovsky Pond",
   "citation":"*Gene-wide identification of episodic selection*, Mol Biol Evol. 32(5):1365-71",
   "contact":"spond@temple.edu",
   "info":"BUSTED (branch-site unrestricted statistical test of episodic diversification) uses a random effects branch-site model fitted \njointly to all or a subset of tree branches in order to test for alignment-wide evidence of episodic diversifying selection. \nAssuming there is evidence of positive selection (i.e. there is an omega > 1),  BUSTED will also perform a quick evidence-ratio \nstyle analysis to explore which individual sites may have been subject to selection. v2.0 adds support for synonymous rate variation, \nand relaxes the test statistic to 0.5 (chi^2_0 + chi^2_2). Version 2.1 adds a grid search for the initial starting point.\nVersion 2.2 changes the grid search to LHC, and adds an initial search phase to use adaptive Nedler-Mead. Version 3.0 implements the option\nfor branch-site variation in synonymous substitution rates. Version 3.1 adds HMM auto-correlation option for SRV, and binds SRV distributions for multiple branch sets\n",
   "requirements":"in-frame codon alignment and a phylogenetic tree (optionally annotated with {})",
   "version":"3.1"
  },
 "background":0,
 "branch attributes":{
   "0":{
     "Node1":{
       "MG94xREV with separate rates for branch sets":0.04261384659693763,
       "Nucleotide GTR":0.03311282341891115,
       "unconstrained":0.06041075893904772
      },
     "Node11":{
       "MG94xREV with separate rates for branch sets":0.00940219186390894,
       "Nucleotide GTR":0.008192107466279521,
       "unconstrained":0.009676650442731156
      },
     "Node17":{
       "MG94xREV with separate rates for branch sets":0.01008549712224855,
       "Nucleotide GTR":0.008151240774181204,
       "unconstrained":0.01070903672922456
      },
     "Node19":{
       "MG94xREV with separate rates for branch sets":0.01074823066418173,
       "Nucleotide GTR":0.008143194541435183,
       "unconstrained":0.01163938334292421
      },
     "Node27":{
       "MG94xREV with separate rates for branch sets":0,
       "Nucleotide GTR":0.009183237381458747,
       "unconstrained":0
      },
     "Node3":{
       "MG94xREV with separate rates for branch sets":0.05710791809285597,
       "Nucleotide GTR":0.03305531185595777,
       "unconstrained":0.05280340993681665
      },
     "Node30":{
       "MG94xREV with separate rates for branch sets":0.09878262986998859,
       "Nucleotide GTR":0.03402060699626868,
       "unconstrained":0.09721326969607777
      },
     "Node31":{
       "MG94xREV with separate rates for branch sets":0,
       "Nucleotide GTR":0.0209278199869874,
       "unconstrained":0
      },
     "Node37":{
       "MG94xREV with separate rates for branch sets":0.0211407194671017,
       "Nucleotide GTR":0.008124379996444442,
       "unconstrained":0.04141065070166014
      },
     "Node38":{
       "MG94xREV with separate rates for branch sets":0.01643402527916621,
       "Nucleotide GTR":0.008206413435559622,
       "unconstrained":0.02265772670885165
      },
     "Node39":{
       "MG94xREV with separate rates for branch sets":0.009547689468649555,
       "Nucleotide GTR":0.008124265656894837,
       "unconstrained":0.01010118232741858
      },
     "Node5":{
       "MG94xREV with separate rates for branch sets":0.01239036411127406,
       "Nucleotide GTR":0.008641814214116155,
       "unconstrained":0.02104087593856555
      },
     "aptFor_XM_009273641_1_geneSMIM19":{
       "MG94xREV with separate rates for branch sets":0,
       "Nucleotide GTR":0,
       "original name":"aptFor_XM_009273641.1_geneSMIM19",
       "unconstrained":0
      },
     "aquChr_XM_011574512_1_geneSMIM19":{
       "MG94xREV with separate rates for branch sets":0,
       "Nucleotide GTR":0,
       "original name":"aquChr_XM_011574512.1_geneSMIM19",
       "unconstrained":0
      },
     "balReg_XM_010307634_1_geneSMIM19":{
       "MG94xREV with separate rates for branch sets":0,
       "Nucleotide GTR":0,
       "original name":"balReg_XM_010307634.1_geneSMIM19",
       "unconstrained":0
      },
     "calAnn_XM_008499618_1_geneSMIM19":{
       "MG94xREV with separate rates for branch sets":0.07828270551307547,
       "Nucleotide GTR":0.05147584698909852,
       "original name":"calAnn_XM_008499618.1_geneSMIM19",
       "unconstrained":0.08526427023834274
      },
     "casCas_CCAS00015842_RA_geneCCAS00015842":{
       "MG94xREV with separate rates for branch sets":0.01869998530819477,
       "Nucleotide GTR":0.01898266454527874,
       "original name":"casCas_CCAS00015842-RA_geneCCAS00015842",
       "unconstrained":0
      },
     "chaVoc_XM_009881147_1_geneSMIM19":{
       "MG94xREV with separate rates for branch sets":0,
       "Nucleotide GTR":0,
       "original name":"chaVoc_XM_009881147.1_geneSMIM19",
       "unconstrained":0
      },
     "cryCin_CCIN00010134_RA_geneCCIN00010134":{
       "MG94xREV with separate rates for branch sets":0.01168816871912143,
       "Nucleotide GTR":0.00811822250282004,
       "original name":"cryCin_CCIN00010134-RA_geneCCIN00010134",
       "unconstrained":0.01336058482251634
      },