{
 "Evidence Ratios":{
  },
 "Site Log Likelihood":{
   "unconstrained":    [
[-3.219195246057627, -18.42798856449115, -15.2822774589568, -11.44545629878797, -8.430704161138005, -16.50781550170127, -5.857814843625549, -10.48546789893822, -13.16248090556756, -15.59710306689049, -4.553002157263618, -11.02419428315112, -9.158844515063153, -14.55653558318988, -3.575085631308418, -3.575085631308418, -11.58890703206629, -4.829809169400029, -20.51459084375646, -20.63826245298996, -3.567365552035628, -16.62906563301461, -5.685516844009496, -14.07034858207379, -6.92086336184406, -17.32039676518054, -11.63520224145517, -3.567365552035628, -5.76627643586991, -11.15147408378007, -6.449371841233099, -4.829809169400029, -4.553002157263618, -3.567365552035628, -4.198934358348751, -5.938579673624711, -5.887499912337497, -7.597595210423273, -3.918749206419024, -9.822980678929863, -6.560654927278965, -14.35278039657648, -12.03609398730679, -21.34777123403567, -9.830963684468831, -8.048213966803212, -7.570053283148227, -13.8761922064221, -5.808277266679718, -17.38911134706953, -4.819502938640642, -10.28404492113157, -9.93827757253352, -27.10910409527649, -4.819502938640642, -8.001369966149412, -4.800909762676702, -14.55796115845427, -3.551012962577231, -4.819502938640642] 
    ]
  },
 "Synonymous site-posteriors":  [
[0.3301459151621592, 1.838742392317785e-07, 0.0003283736009692673, 0.03004744500910984, 0.08555935271484701, 2.92103456166057e-05, 0.6179788898867236, 0.03827285619124887, 0.0368381468280122, 0.01868135491424115, 0.6636250363642459, 0.0006517883968498919, 0.1306637149727563, 0.0004404441250804621, 0.5383772564167457, 0.5383772564167457, 0.6867453278384875, 0.7008317606608758, 3.762996957119303e-06, 0.0009725533082729841, 0.5386928948343269, 1.878063415382423e-05, 0.6179789043186176, 0.004539562374744744, 0.08181037748938748, 0.002676394605725821, 0.1195397491221369, 0.5386928948343269, 0.7918369242773127, 0.06806677613026328, 0.6531685716443084, 0.7008317606608758, 0.6636250363642459, 0.5386928948343269, 0.6646682674220107, 0.7918369191936335, 0.5591075406189526, 0.9098152845989129, 0.5365248423935856, 0.1580386583135543, 0.5485615081131692, 0.004598672511988249, 0.00433090751674562, 0.001138883984064626, 0.005068079600643823, 0.1383016680305234, 0.8973535454203037, 0.01555826049844371, 0.8552762913178099, 2.248951438912458e-05, 0.6022626966208041, 0.3277726972007167, 0.1227206365322901, 6.181958934061138e-10, 0.6022626966208041, 0.1503563863812195, 0.6853074204772632, 0.0001981077251928618, 0.5273685218762418, 0.6022626966208041],
  [0.4425693126311778, 0.08910006593041325, 0.2662787436944911, 0.8817472263350675, 0.6366498810503975, 0.192150933169756, 0.3505712781378197, 0.9042220529698016, 0.8997550644776964, 0.7746587615311569, 0.3152991500770141, 0.1478920197628282, 0.7170111253313405, 0.3193212707486093, 0.3944423477021796, 0.3944423477021796, 0.3131073617526386, 0.2857620471624413, 0.2273280000734891, 0.4992496578042116, 0.394306903448524, 0.1470458380875674, 0.3505712685457796, 0.513846796829498, 0.638442313479347, 0.799820390977912, 0.7393268846348656, 0.394306903448524, 0.204706717934964, 0.5971272008195754, 0.3248740812739443, 0.2857620471624413, 0.3152991500770141, 0.394306903448524, 0.3145163804640716, 0.2047067226829656, 0.3983517955958708, 0.09004669273109196, 0.395241335078285, 0.7418021695629083, 0.404403253414716, 0.4484666415059859, 0.9055537092249929, 0.9704924494774216, 0.4337240213400463, 0.7245167730002203, 0.1024267611786769, 0.7420121053373443, 0.1439421783565463, 0.1702806289500421, 0.3611474080005131, 0.6587472015896, 0.7047916311490479, 0.009334387583380914, 0.3611474080005131, 0.7345809936699987, 0.2985346200313065, 0.2310912172021619, 0.3997713423719422, 0.3611474080005131],
  [0.227284772206663, 0.9108997501953475, 0.7333928827045396, 0.08820532865582249, 0.2777907662347555, 0.8078198564846274, 0.03144983197545682, 0.05750509083894939, 0.06340678869429138, 0.206659883554602, 0.02107581355874005, 0.8514561918403218, 0.1523251596959032, 0.6802382851263101, 0.06718039588107472, 0.06718039588107472, 0.0001473104088738869, 0.01340619217668282, 0.7726682369295538, 0.4997777888875154, 0.06700020171714895, 0.8529353812782788, 0.03144982713560288, 0.4816136407957574, 0.2797473090312653, 0.1975032144163622, 0.1411333662429974, 0.06700020171714895, 0.00345635778772341, 0.3348060230501613, 0.0219573470817473, 0.01340619217668282, 0.02107581355874005, 0.06700020171714895, 0.02081535211391778, 0.003456358123400923, 0.04254066378517648, 0.0001380226699950886, 0.06823382252812944, 0.1001591721235374, 0.0470352384721148, 0.546934685982026, 0.09011538325826157, 0.02836866653851385, 0.5612078990593097, 0.1371815589692562, 0.0002196934010194157, 0.242429634164212, 0.0007815303256436567, 0.8296968815355689, 0.03658989537868271, 0.01348010120968326, 0.172487732318662, 0.9906656117984232, 0.03658989537868271, 0.1150626199487817, 0.01615795949143034, 0.7687106750726452, 0.07286013575181595, 0.03658989537868271] 
  ],
 "analysis":{
   "authors":"Sergei L Kosakovsky Pond",
   "citation":"*Gene-wide identification of episodic selection*, Mol Biol Evol. 32(5):1365-71",
   "contact":"spond@temple.edu",
   "info":"BUSTED (branch-site unrestricted statistical test of episodic diversification) uses a random effects branch-site model fitted \njointly to all or a subset of tree branches in order to test for alignment-wide evidence of episodic diversifying selection. \nAssuming there is evidence of positive selection (i.e. there is an omega > 1),  BUSTED will also perform a quick evidence-ratio \nstyle analysis to explore which individual sites may have been subject to selection. v2.0 adds support for synonymous rate variation, \nand relaxes the test statistic to 0.5 (chi^2_0 + chi^2_2). Version 2.1 adds a grid search for the initial starting point.\nVersion 2.2 changes the grid search to LHC, and adds an initial search phase to use adaptive Nedler-Mead. Version 3.0 implements the option\nfor branch-site variation in synonymous substitution rates. Version 3.1 adds HMM auto-correlation option for SRV, and binds SRV distributions for multiple branch sets\n",
   "requirements":"in-frame codon alignment and a phylogenetic tree (optionally annotated with {})",
   "version":"3.1"
  },
 "background":0,
 "branch attributes":{
   "0":{
     "Node1":{
       "MG94xREV with separate rates for branch sets":0.01574484202576228,
       "Nucleotide GTR":0.01697788096343305,
       "unconstrained":0.009603017948560302
      },
     "Node14":{
       "MG94xREV with separate rates for branch sets":0.009892209638431099,
       "Nucleotide GTR":0.01065352607672523,
       "unconstrained":0.01216085036726242
      },
     "Node18":{
       "MG94xREV with separate rates for branch sets":0.008605128691839466,
       "Nucleotide GTR":0.006220787531095922,
       "unconstrained":0.008099446569674582
      },
     "Node19":{
       "MG94xREV with separate rates for branch sets":0.01238600526441871,
       "Nucleotide GTR":0.01106612729932166,
       "unconstrained":0.009652313183403705
      },
     "Node2":{
       "MG94xREV with separate rates for branch sets":0.01148257713756011,
       "Nucleotide GTR":0.01120134325094042,
       "unconstrained":0.01292879859873751
      },
     "Node23":{
       "MG94xREV with separate rates for branch sets":0.012617439427578,
       "Nucleotide GTR":0.01122532336838589,
       "unconstrained":0.01397530851846992
      },
     "Node28":{
       "MG94xREV with separate rates for branch sets":0.01923436428270134,
       "Nucleotide GTR":0.01796238472361586,
       "unconstrained":0.02583014299827437
      },
     "Node29":{
       "MG94xREV with separate rates for branch sets":0.02324863704775659,
       "Nucleotide GTR":0.01660523346497727,
       "unconstrained":0.03105467340068364
      },
     "Node32":{
       "MG94xREV with separate rates for branch sets":0.003076396104434981,
       "Nucleotide GTR":0.01075293199776529,