{
 "Evidence Ratios":{
  },
 "Site Log Likelihood":{
   "unconstrained":    [
[-4.318691075368038, -4.654305726589701, -9.705422724115225, -4.42570004875383, -3.401746900716791, -2.779312430167888, -3.886667666328134, -4.250177609133162, -3.627902175205814, -3.699309781531427, -2.779312430167888, -3.16027739910573, -5.268977613396248, -5.419632619226453, -7.39830329383302, -4.695364384484975, -4.441249284882042, -3.401746900716791, -8.160167127165028, -3.893154983044691, -3.512237871238719, -4.008708107522102, -8.175917325558734, -5.430428664687254, -4.254177374589334, -3.476330431422761, -6.433307319950551, -4.318691075368038, -5.734866768650227, -4.888171681079961, -3.699309781531427, -3.893154983044691, -11.9163168282436, -9.86952385226153, -5.247444384073927, -2.779312430167888, -4.78152143939265, -4.441249284882042, -11.13646080797442, -4.008708107522102, -4.86816360357321, -11.33615965801334, -11.24057796665518, -3.512237871238719] 
    ]
  },
 "Synonymous site-posteriors":  [
[0.4113646917193705, 0.302670471978206, 0.9999999999999921, 0.1735254627025515, 0.3026704794979138, 0.3027813716107775, 0.1735254627025515, 0.3027813716107774, 0.3027813716107774, 0.3026704794979138, 0.3027813716107775, 0.3026704794979138, 0.1422331500812781, 0.1407106296425312, 0.9999998957622865, 0.113005014742881, 0.3026704794979138, 0.3026704794979138, 0.9999996821795784, 0.1922842666244123, 0.1923740630556063, 0.3027813716107774, 0.9999998018039847, 0.1565880285876745, 0.1923740630556063, 0.1975754648025498, 0.9999998652137179, 0.4113646917193705, 0.113005014742881, 0.1422331500812781, 0.3026704794979138, 0.1922842666244123, 0.999999729971764, 0.9999999999999919, 0.1057899204343574, 0.3027813716107775, 0.1422331500812781, 0.3026704794979138, 0.9999999999999921, 0.3027813716107774, 0.1751050526172155, 0.9999999999999948, 0.999999999999993, 0.1923740630556063],
  [0.5886353082806295, 0.697329528021794, 7.89030421420183e-15, 0.8264745372974485, 0.6973295205020862, 0.6972186283892227, 0.8264745372974485, 0.6972186283892227, 0.6972186283892224, 0.6973295205020863, 0.6972186283892227, 0.6973295205020862, 0.857766849918722, 0.8592893703574689, 1.042377134622502e-07, 0.886994985257119, 0.6973295205020863, 0.6973295205020862, 3.17820421700119e-07, 0.8077157333755877, 0.8076259369443937, 0.6972186283892226, 1.981960152767985e-07, 0.8434119714123254, 0.8076259369443937, 0.8024245351974502, 1.347862821075932e-07, 0.5886353082806295, 0.886994985257119, 0.8577668499187219, 0.6973295205020863, 0.8077157333755877, 2.700282359608761e-07, 8.06464944320517e-15, 0.8942100795656427, 0.6972186283892227, 0.8577668499187219, 0.6973295205020863, 7.9373025925148e-15, 0.6972186283892226, 0.8248949473827845, 5.211370333555819e-15, 6.949578693103819e-15, 0.8076259369443937],
  [0, 0, 0, 0, 0, 0, 0, 0, 0, 0, 0, 0, 0, 0, 0, 0, 0, 0, 0, 0, 0, 0, 0, 0, 0, 0, 0, 0, 0, 0, 0, 0, 0, 0, 0, 0, 0, 0, 0, 0, 0, 0, 0, 0] 
  ],
 "analysis":{
   "authors":"Sergei L Kosakovsky Pond",
   "citation":"*Gene-wide identification of episodic selection*, Mol Biol Evol. 32(5):1365-71",
   "contact":"spond@temple.edu",
   "info":"BUSTED (branch-site unrestricted statistical test of episodic diversification) uses a random effects branch-site model fitted \njointly to all or a subset of tree branches in order to test for alignment-wide evidence of episodic diversifying selection. \nAssuming there is evidence of positive selection (i.e. there is an omega > 1),  BUSTED will also perform a quick evidence-ratio \nstyle analysis to explore which individual sites may have been subject to selection. v2.0 adds support for synonymous rate variation, \nand relaxes the test statistic to 0.5 (chi^2_0 + chi^2_2). Version 2.1 adds a grid search for the initial starting point.\nVersion 2.2 changes the grid search to LHC, and adds an initial search phase to use adaptive Nedler-Mead. Version 3.0 implements the option\nfor branch-site variation in synonymous substitution rates. Version 3.1 adds HMM auto-correlation option for SRV, and binds SRV distributions for multiple branch sets\n",
   "requirements":"in-frame codon alignment and a phylogenetic tree (optionally annotated with {})",
   "version":"3.1"
  },
 "background":0,
 "branch attributes":{
   "0":{
     "Node4":{
       "MG94xREV with separate rates for branch sets":0.007539806959142922,
       "Nucleotide GTR":0.007572237342339616,
       "unconstrained":0.007727589478985048
      },
     "Node5":{
       "MG94xREV with separate rates for branch sets":0.02434613871865869,
       "Nucleotide GTR":0.02320450106965322,
       "unconstrained":0.02876866591844095
      },
     "Node58":{
       "MG94xREV with separate rates for branch sets":0.007789980833091226,
       "Nucleotide GTR":0.00761857021164445,
       "unconstrained":0.008473715446462167
      },
     "Node6":{
       "MG94xREV with separate rates for branch sets":0.007887072834077323,
       "Nucleotide GTR":0.007668187402035891,
       "unconstrained":0.008769813151480774
      },
     "Node8":{
       "MG94xREV with separate rates for branch sets":0.00787348474050768,
       "Nucleotide GTR":0.007656592246533684,
       "unconstrained":0.008744781233706759
      },
     "anaPla":{
       "MG94xREV with separate rates for branch sets":0.007878449626045175,
       "Nucleotide GTR":0.007660500710024814,
       "original name":"anaPla",
       "unconstrained":0.008742392764575483
      },
     "aptFor":{
       "MG94xREV with separate rates for branch sets":0,
       "Nucleotide GTR":0,
       "original name":"aptFor",
       "unconstrained":0
      },
     "aptHaa":{
       "MG94xREV with separate rates for branch sets":0,
       "Nucleotide GTR":0,
       "original name":"aptHaa",
       "unconstrained":0
      },
     "aptOwe":{
       "MG94xREV with separate rates for branch sets":0,
       "Nucleotide GTR":0,
       "original name":"aptOwe",
       "unconstrained":0
      },
     "aptRow":{
       "MG94xREV with separate rates for branch sets":0,
       "Nucleotide GTR":0,
       "original name":"aptRow",
       "unconstrained":0
      },
     "aquChr":{
       "MG94xREV with separate rates for branch sets":0,
       "Nucleotide GTR":0,
       "original name":"aquChr",
       "unconstrained":0
      },
     "balReg":{
       "MG94xREV with separate rates for branch sets":0,
       "Nucleotide GTR":0,
       "original name":"balReg",
       "unconstrained":0
      },
     "calAnn":{
       "MG94xREV with separate rates for branch sets":0.0152051176499432,
       "Nucleotide GTR":0.01519409266217893,
       "original name":"calAnn",
       "unconstrained":0.0157631694203982
      },
     "casCas":{
       "MG94xREV with separate rates for branch sets":0,
       "Nucleotide GTR":0,
       "original name":"casCas",
       "unconstrained":0
      },
     "chaPel":{
       "MG94xREV with separate rates for branch sets":0.007865626147652066,
       "Nucleotide GTR":0.007626755857499152,
       "original name":"chaPel",
       "unconstrained":0.008696641002706906
      },
     "chaVoc":{
       "MG94xREV with separate rates for branch sets":0,
       "Nucleotide GTR":0,
       "original name":"chaVoc",
       "unconstrained":0
      },
     "colLiv":{
       "MG94xREV with separate rates for branch sets":0,
       "Nucleotide GTR":0,
       "original name":"colLiv",
       "unconstrained":0
      },
     "cryCin":{
       "MG94xREV with separate rates for branch sets":0,
       "Nucleotide GTR":0,
       "original name":"cryCin",
       "unconstrained":0
      },
     "cucCan":{
       "MG94xREV with separate rates for branch sets":0,
       "Nucleotide GTR":0,
       "original name":"cucCan",
       "unconstrained":0
      },
     "droNov":{
       "MG94xREV with separate rates for branch sets":0,
       "Nucleotide GTR":0,
       "original name":"droNov",
       "unconstrained":0
      },
     "eudEle":{
       "MG94xREV with separate rates for branch sets":0,
       "Nucleotide GTR":0,
       "original name":"eudEle",