{
 "Evidence Ratios":{
  },
 "Site Log Likelihood":{
   "unconstrained":    [
[-43.82478211391258, -19.31214636644699, -15.17867974501547, -49.10491437207915, -17.41905754440796, -12.42728097602419, -32.62045776565707, -55.24914882485661, -24.08144394768865, -26.88757284152252, -50.36681608993611, -32.80435919314318, -11.42485963509014, -20.98798677136557, -25.84790396191214, -35.96226221809004, -40.90208007656772, -37.12793246832247, -30.63686851489274, -17.98578967056243, -23.0251512428982, -36.13442757961322, -38.91038513898961, -25.25448036474194, -14.96367157614606, -10.07634662749635, -43.1484022268254, -33.62891278693652, -27.6305673815846, -27.56913470131043, -26.25603645514312, -44.18990372580977, -42.63901263145733, -15.82850104105154, -15.64491665979067, -47.96336924710176, -20.10161049320309, -15.97074481379178, -17.7486593920076, -32.11506828789866, -24.17625120285725, -11.40271506780086, -29.63836460280136, -32.72753705374647, -27.9572751567246] 
    ]
  },
 "Synonymous site-posteriors":  [
[0.7304764134998792, 0.01986528586036481, 0.0304994336979235, 0.04206621936399006, 0.00892493301191968, 0.02907310392646542, 0.5396980400016579, 0.02218424974277125, 0.002471813907040378, 0.1522704484854438, 0.01449860939100579, 0.8518301361575757, 0.05503300322982118, 0.04885712691495697, 0.00932198221081494, 0.7608822543939454, 0.3070932970427744, 0.8007198946840466, 0.01500109642787558, 0.1048490736870761, 0.6946864531808475, 0.8101653465380175, 0.6651355910150104, 0.1576259464598966, 0.0818624136298127, 0.02355144345697583, 0.4617838574455466, 0.4079858805206971, 0.2746068825482277, 0.2110854261293639, 0.2969023530228412, 0.03733182164746222, 0.8260466555239265, 0.04161642706990611, 0.001203170326080864, 0.4794165834502056, 0.03378283335951186, 0.2635229114475641, 0.0008505634317571745, 0.0832738833060705, 0.00738144059451583, 0.01465680833110412, 0.1289072452719324, 0.5406019332522886, 0.01197117915800649],
  [0.2613741052330762, 3.407476512838666e-05, 2.662783417564201e-05, 0.9579202439193735, 2.494628747917419e-05, 4.554742670231399e-05, 0.01416706879476623, 0.9778112805688243, 3.490374089799682e-06, 0.001044293056756542, 0.985492556651327, 0.04176417150697269, 0.0002334721202801917, 0.0005119876290813367, 1.158698423871709e-06, 0.04880018755888944, 0.6910945333191369, 0.07018537543240816, 2.763659956613947e-06, 0.0005282567932404356, 0.04634682201207958, 0.0566793935950643, 0.2476304478474208, 0.0006939040587560407, 0.00111763094988965, 8.194709479425386e-05, 0.5346942329614192, 0.004655998237024569, 0.0009512054366993619, 0.001067030145460251, 0.002548080121714623, 0.9626617405015275, 0.1436544316180746, 9.974629072291633e-05, 3.367755898146722e-07, 0.5129919081612653, 0.000554806019143037, 0.003462124786036437, 2.144053431278058e-07, 0.001416691422982863, 2.854288383897222e-07, 3.621422955488205e-05, 0.0005865620738988095, 0.009282518362183318, 2.010771063761043e-05],
  [0.008149481267044636, 0.9801006393745068, 0.9694739384679009, 1.353671663652502e-05, 0.9910501207006011, 0.9708813486468322, 0.446134891203576, 4.469688404403928e-06, 0.9975246957188698, 0.8466852584577996, 8.833957667209527e-06, 0.1064056923354515, 0.9447335246498987, 0.9506308854559616, 0.9906768590907612, 0.1903175580471652, 0.001812169638088537, 0.1290947298835453, 0.9849961399121679, 0.8946226695196834, 0.2589667248070728, 0.1331552598669183, 0.08723396113756886, 0.8416801494813473, 0.9170199554202976, 0.9763666094482299, 0.003521909593034379, 0.5873581212422785, 0.724441912015073, 0.7878475437251757, 0.7005495668554442, 6.437851010448633e-06, 0.03029891285799877, 0.958283826639371, 0.9987964928983292, 0.007591508388529071, 0.9656623606213451, 0.7330149637663995, 0.9991492221628996, 0.9153094252709467, 0.9926182739766458, 0.985306977439341, 0.8705061926541688, 0.450115548385528, 0.9880087131313559] 
  ],
 "analysis":{
   "authors":"Sergei L Kosakovsky Pond",
   "citation":"*Gene-wide identification of episodic selection*, Mol Biol Evol. 32(5):1365-71",
   "contact":"spond@temple.edu",
   "info":"BUSTED (branch-site unrestricted statistical test of episodic diversification) uses a random effects branch-site model fitted \njointly to all or a subset of tree branches in order to test for alignment-wide evidence of episodic diversifying selection. \nAssuming there is evidence of positive selection (i.e. there is an omega > 1),  BUSTED will also perform a quick evidence-ratio \nstyle analysis to explore which individual sites may have been subject to selection. v2.0 adds support for synonymous rate variation, \nand relaxes the test statistic to 0.5 (chi^2_0 + chi^2_2). Version 2.1 adds a grid search for the initial starting point.\nVersion 2.2 changes the grid search to LHC, and adds an initial search phase to use adaptive Nedler-Mead. Version 3.0 implements the option\nfor branch-site variation in synonymous substitution rates. Version 3.1 adds HMM auto-correlation option for SRV, and binds SRV distributions for multiple branch sets\n",
   "requirements":"in-frame codon alignment and a phylogenetic tree (optionally annotated with {})",
   "version":"3.1"
  },
 "background":0,
 "branch attributes":{
   "0":{
     "ENSCHOP00000006471":{
       "MG94xREV with separate rates for branch sets":0,
       "Nucleotide GTR":0,
       "original name":"ENSCHOP00000006471",
       "unconstrained":0
      },
     "ENSCHOP00000008375":{
       "MG94xREV with separate rates for branch sets":0.01437061032531006,
       "Nucleotide GTR":0.014990471426475,
       "original name":"ENSCHOP00000008375",
       "unconstrained":0.01557271143679216
      },
     "ENSCHOP00000009096":{
       "MG94xREV with separate rates for branch sets":0.106181468772914,
       "Nucleotide GTR":0.06433768608312904,
       "original name":"ENSCHOP00000009096",
       "unconstrained":0.1501979577360558
      },
     "ENSCHOP00000011453":{
       "MG94xREV with separate rates for branch sets":0.05848661221908049,
       "Nucleotide GTR":0.03948295520060315,
       "original name":"ENSCHOP00000011453",
       "unconstrained":0.07313232060473412
      },
     "ENSDNOP00000004940":{
       "MG94xREV with separate rates for branch sets":0.01108853149104612,
       "Nucleotide GTR":0.01458468015432328,
       "original name":"ENSDNOP00000004940",
       "unconstrained":0.01469482363752837
      },
     "ENSDNOP00000006855":{
       "MG94xREV with separate rates for branch sets":0.05104462140886069,
       "Nucleotide GTR":0.04755756452116308,
       "original name":"ENSDNOP00000006855",
       "unconstrained":0.05609862492981685
      },
     "ENSDNOP00000015977":{
       "MG94xREV with separate rates for branch sets":0,
       "Nucleotide GTR":0.02981459085029811,
       "original name":"ENSDNOP00000015977",
       "unconstrained":0
      },
     "ENSDNOP00000016440":{
       "MG94xREV with separate rates for branch sets":0.01607992418726379,
       "Nucleotide GTR":0.0308539085152972,
       "original name":"ENSDNOP00000016440",
       "unconstrained":0.02120096693871058
      },
     "ENSFCAP00000007594":{
       "MG94xREV with separate rates for branch sets":0.1467062996450812,
       "Nucleotide GTR":0.1114642644302849,
       "original name":"ENSFCAP00000007594",
       "unconstrained":0.2202589504666749
      },
     "ENSMEUP00000011401":{
       "MG94xREV with separate rates for branch sets":0.2020668802083722,
       "Nucleotide GTR":0.260268393600785,
       "original name":"ENSMEUP00000011401",
       "unconstrained":0.5301721167183848
      },
     "ENSMEUP00000013518":{
       "MG94xREV with separate rates for branch sets":0.4622841913173212,
       "Nucleotide GTR":0.273441819365707,
       "original name":"ENSMEUP00000013518",
       "unconstrained":0.8968838495214675
      },
     "ENSOANP00000026455":{
       "MG94xREV with separate rates for branch sets":0.4479683006074037,
       "Nucleotide GTR":0.2435353600106145,
       "original name":"ENSOANP00000026455",