{
 "Evidence Ratios":{
  },
 "Site Log Likelihood":{
   "unconstrained":    [
[-4.518118509201216, -4.492776652786596, -4.397526417220194, -3.845743534528077, -4.527989337567286, -4.385108074788489, -3.63231871610873, -4.742343055971646, -4.844642250493092, -4.385108074788489, -4.742343055971646, -4.443104692109809, -4.385108074788489, -4.743191457968725, -3.827403952760759, -4.433731693148132, -10.55571113136585, -4.480293354473065, -4.798080394041329, -3.891582972996074, -3.635830287414965, -3.876113155979495, -4.443104692109809, -4.270518363534165, -11.00195220625376, -4.798080394041329, -4.304542711601831, -3.827403952760759, -4.232530345771011, -4.492776652786596, -4.893331251512532, -4.673688838627257, -3.82131833568227, -3.63231871610873, -3.891582972996074, -4.798080394041329, -4.397526417220194, -4.086156009581294, -4.578438371345191, -4.743191457968725, -4.743191457968725, -4.279092499715491, -4.04724801126408, -4.385108074788489, -3.876113155979495, -4.844642250493092, -4.166603300646457, -4.480293354473065, -4.480293354473065, -4.232530345771011, -3.827403952760759, -3.633167696040558, -4.578438371345191, -3.831976227854345, -10.86401189310198, -11.08615386450859, -10.24475469873169, -7.815322870581603, -15.25386241916864, -18.31043919306846, -14.15391101336573, -5.800894893451448, -4.913428448351731, -4.570898891855876, -4.558803666600796, -6.003412647707768, -11.18641165455293, -9.077193354882102, -9.007568888487755, -11.30179346726552, -4.907487215801327, -5.560835904285939, -8.667693828358924, -15.4109651000585, -14.74719190248794, -5.051477349281131, -9.051274908735113, -7.282409919765019, -4.999861078983041, -14.2514864215521, -5.133635777735267, -3.842220570767465, -5.03486238226821, -8.731027527539984, -14.83331358099728, -11.54580743913741, -9.10677462702893, -4.599656643682692, -5.084929131771629, -4.03297285550914, -9.688685623073907, -5.03486238226821, -5.051477349281131, -10.88435952146202, -13.94061808774405, -8.459083694685241, -11.22190420560149, -14.00949754355012, -15.67556935008356, -11.94443994267066, -4.093032247356356, -15.20796300081865, -13.18906666514714, -9.519005779612053, -9.920662904536583, -10.95959530474421, -9.009163260068901, -15.75078489024907, -17.43189197518879, -7.678920880176115] 
    ]
  },
 "Synonymous site-posteriors":  [
[0.2708521579562229, 0.2708733150048219, 0.2708124368917735, 0.2708062497907298, 0.2706959674528763, 0.2710383504148854, 0.2707502845608551, 0.2707261363449491, 0.2704446397089005, 0.2710383504148854, 0.2707261363449491, 0.2702221567385664, 0.2710383504148854, 0.2705831283741939, 0.271195143511417, 0.2706068999622383, 0.2986290245653004, 0.270435126056264, 0.270616361206897, 0.270655907106321, 0.2709750620319976, 0.2707228135429415, 0.2702221567385664, 0.2709961282951498, 0.2986292484952351, 0.270616361206897, 0.2708525933213349, 0.271195143511417, 0.2706295139435208, 0.2708733150048219, 0.2706776503942083, 0.2707284390188738, 0.2710027162127422, 0.2707502845608551, 0.270655907106321, 0.270616361206897, 0.2708124368917735, 0.2704288425409349, 0.2706672501057016, 0.2705831283741939, 0.2705831283741939, 0.270457864558601, 0.2704759397868562, 0.2710383504148854, 0.2707228135429415, 0.2704446397089005, 0.271174445916682, 0.270435126056264, 0.270435126056264, 0.2706295139435208, 0.271195143511417, 0.2706073834113958, 0.2706672501057016, 0.2708255016348143, 0.2985684026830714, 0.2986038658347954, 0.2985958584772523, 0.2985816743336416, 0.2986063397870417, 0.2986545725541675, 0.2986069225382639, 0.1620192310638374, 0.1983153935795059, 0.2100687603761866, 0.2271523548824578, 0.1932377761102001, 0.2985934308622489, 0.2985731558943586, 0.2985644211191414, 0.2985531174774836, 0.2168183446440445, 0.1708339672885011, 0.2985809208903431, 0.2986000099565194, 0.298654355165648, 0.2070126800428167, 0.2985586116709584, 0.298565704665066, 0.2226663544113271, 0.2986764311922173, 0.2494824446917311, 0.2720032499058899, 0.1898594035648453, 0.2985525387438312, 0.2986136104361878, 0.2986135269365052, 0.2985686081377401, 0.2392648378974928, 0.2026242394200791, 0.2720032499058898, 0.2985885071873201, 0.1898594035648453, 0.2070126800428167, 0.2986180095087935, 0.2986646307497732, 0.2985801449968861, 0.2986037236123206, 0.2986353986390911, 0.2986498749469963, 0.2986171825626703, 0.2683484569924209, 0.2986535727946743, 0.2986495619529732, 0.2985932189526332, 0.2985854423888677, 0.2985928192622749, 0.2985680186553376, 0.2986487737110924, 0.2986963781056631, 0.2985924050156008],
  [0.09288943494427084, 0.09281867162648968, 0.09302225589353685, 0.09304294997353228, 0.09341174028508649, 0.09226677776169497, 0.09323010568487286, 0.09331085615801563, 0.09425221688922381, 0.09226677776169497, 0.09331085615801563, 0.09499623750197204, 0.09226677776169497, 0.09378909272310003, 0.0917424632194553, 0.09370959452816896, 0, 0.09428403383727556, 0.09367795315045742, 0.09354571749689783, 0.09247842327252907, 0.09332197031914857, 0.09499623750197204, 0.09240797353924435, 0, 0.09367795315045742, 0.09288797022898243, 0.0917424632194553, 0.09363397015543275, 0.09281867162648968, 0.09347299198558075, 0.09330314925717442, 0.09238594209837248, 0.09323010568487286, 0.09354571749689783, 0.09367795315045742, 0.09302225589353685, 0.09430504919754461, 0.09350777448827784, 0.09378909272310003, 0.09378909272310003, 0.09420799229622928, 0.09414754665086847, 0.09226677776169497, 0.09332197031914857, 0.09425221688922381, 0.09181166819765789, 0.09428403383727556, 0.09428403383727556, 0.09363397015543275, 0.0917424632194553, 0.09370798254491929, 0.09350777448827784, 0.09297856763788455, 0, 0, 0, 0, 0, 0, 0, 0.4572304432624508, 0.3356874182528043, 0.2963302681568409, 0.2391330724080614, 0.3526858334606211, 0, 0, 0, 0, 0.2737304068447738, 0.4277124354194963, 0, 0, 0, 0.3065607989600142, 0, 0, 0.2541505081522205, 0, 0.1643853057892103, 0.08904019275259406, 0.3640036806845826, 0, 0, 0, 0, 0.1985891325328516, 0.3212587301677455, 0.08904019275259395, 0, 0.3640036806845826, 0.3065607989600142, 0, 0, 0, 0, 0, 0, 0, 0.1012627762998707, 0, 0, 0, 0, 0, 0, 0, 0, 0],
