{
 "Evidence Ratios":{
  },
 "Site Log Likelihood":{
   "unconstrained":    [
[-34.18781100627788, -37.75821230603912, -21.32732649469576, -17.70833433337674, -20.15635467040301, -31.9288158443972, -29.67222626544139, -16.58872384722929, -22.41806914390093, -36.79135504284967, -18.72449020229097, -12.02936278040795, -20.48345665467762, -17.7957134532144, -17.75617173306319, -11.38925932038054, -3.317727659359437, -3.190180071054427, -13.27567112980822, -22.98685903476036, -7.823950990187686, -13.56109928838482, -22.73953204713808, -11.54890829292554, -15.61307184086986, -5.442125747607652, -11.96513753957343, -11.69985591073637, -11.95906175295256, -7.566250450027279, -32.40761864557122, -16.19683734553032, -31.33168901687439, -8.733323705670166, -20.78654987743763, -23.83868903997764, -21.11532584978205, -29.6579280591616, -33.57972325901795, -7.784209977076181, -28.5038136317242, -38.17759499134623, -16.6166171946855, -16.88128944675066, -19.06972402877659, -23.02402945516051, -14.85151944259647, -25.32833084536371, -10.40778710803917, -21.02654014846969, -19.59069657055949, -15.61893316718637, -13.80629878859746, -14.77357924937395, -10.53837717323409, -20.55964410276189, -15.17508335697583, -7.37977704045606, -18.5471988231695, -21.73889180398766, -12.25648549704255, -22.26755519521722, -15.41687988709366, -16.9509248855771, -17.86308753122536, -24.14286962820135, -19.0208287464044, -20.88119122075398, -40.70552671293904, -18.98171105668626, -28.48790101349493, -22.16330741592323, -24.09087918693636, -19.69877547416973, -24.96742082285847, -12.27376771815005, -4.766653676606545, -4.770882010398363, -3.605574740202382, -15.04805640653805, -18.64652601236046, -5.442125747607652, -15.84658337166083, -12.32543791277769, -31.32467119571117, -30.15542520195541, -9.522730671616353, -19.80548507753787, -4.028600505143485, -4.982329590357145, -4.07819421741029, -4.770882010398363] 
    ]
  },
 "Synonymous site-posteriors":  [
[0.001305108270138607, 1.827306572619605e-07, 0.09420906212479886, 0.5612978224409229, 0.4540143186060598, 0.004498918485528038, 0.003194434784783359, 0.7878673374868143, 0.456657848170368, 0.0004617702234477361, 0.9396317440779252, 0.852270774530601, 0.03611105626877639, 0.3703414967767676, 0.1827612092659348, 0.8930562534464741, 0.3554502317231251, 0.3554502317231257, 0.784422875257453, 0.04532020331954941, 0.9772990416808238, 0.228780957112413, 0.02103334867401151, 0.5878664081802684, 0.1935488167228004, 0.7453394007138243, 0.667001065089924, 0.9295872470278775, 0.91479175645921, 0.9603569055004711, 0.003208479431814998, 0.2709935778309405, 0.002315923151485984, 0.9717461246213007, 0.2905406033386227, 0.007267847602736809, 0.04925185751185826, 0.001830565422935729, 0.008376761451087782, 0.9393666278287047, 0.03703407816983268, 0.0002992950033949522, 0.7728384541084149, 0.5292945117117938, 0.2118847084089644, 0.03268567872445575, 0.3122418007599586, 0.01415269408916575, 0.9085670914284301, 0.05981320077240154, 0.4378775206080102, 0.5259890695613594, 0.7633229191908312, 0.7034163570408256, 0.9120675085482711, 0.1279478774820453, 0.4114351011989743, 0.9425845595066122, 0.1381305002492499, 0.235840097132966, 0.943150912793281, 0.0570830182833318, 0.2294269896933961, 0.5288525604315059, 0.04250494497505038, 0.01560032975851719, 0.1818886237329486, 0.02935368951720302, 0.0005162816728814645, 0.1445046577213713, 0.01558488960837243, 0.02569584926755683, 0.02265442515459267, 0.02208745903548822, 0.01285917550297303, 0.4462981279986219, 0.3554502317231234, 0.3554502317231245, 0.3554502317231239, 0.235561920506201, 0.03200298409332757, 0.7453394007138243, 0.2005234609177599, 0.5682939224949063, 0.004125875924719497, 0.0013402152712124, 0.9469266138341035, 0.6655386025712083, 0.3554502317231253, 0.3554502317231229, 0.3554502317231231, 0.3554502317231245],
  [0.9953771049685296, 0.01314533765109296, 0.9057458904829239, 0.4386997143854498, 0.5459659893446344, 0.9946707241967357, 0.9930692980435573, 0.212132651082715, 0.5433413974449387, 0.9870050808384755, 0.06036825576680489, 0.1477289541470974, 0.9638008787291018, 0.6296583089904487, 0.8172385690919299, 0.1069434609806644, 0.6245344681846525, 0.6245344681846521, 0.215577107988489, 0.9546540221289044, 0.022700954417812, 0.7712168690040538, 0.9789043043694932, 0.4121326641925077, 0.8064499813682072, 0.2546596422140366, 0.3329986370330382, 0.07041275284637219, 0.08520823777153436, 0.03964308867060443, 0.9945793487462715, 0.7290045682961204, 0.9922356585567251, 0.02825387051273419, 0.7094082257059742, 0.9926062532454046, 0.9507343039895539, 0.9742147121110954, 0.9913080306435572, 0.06063335516978687, 0.962044903329195, 0.8690368335621015, 0.2271614414443428, 0.4706990494817431, 0.7881082195698612, 0.9667401948515042, 0.6877572807764971, 0.9856302078985631, 0.09143285713908048, 0.9400968387001633, 0.5621215592508619, 0.4740105106769658, 0.2366770024642023, 0.2965836275826069, 0.08793244160566364, 0.8720412719349722, 0.5885635964035488, 0.05741542107775046, 0.8618693885671287, 0.7640894224923931, 0.05684908624435071, 0.9429082776054932, 0.7705719036071994, 0.4711473115036188, 0.9574418546504675, 0.9734651638829803, 0.8181079083163852, 0.970530766610388, 0.5249764695605695, 0.8554747104000003, 0.9827289439684144, 0.9740393358439625, 0.9771152275379574, 0.9774608003133454, 0.9871018378918214, 0.5536881157487327, 0.6245344681846545, 0.6245344681846534, 0.6245344681846539, 0.7644338396134776, 0.9679879850941956, 0.2546596422140366, 0.7994702486566592, 0.4317058737235697, 0.9928954615839527, 0.9823581001823823, 0.05307337934103307, 0.3344569283534851, 0.6245344681846526, 0.624534468184655, 0.6245344681846547, 0.6245344681846534],
  [0.003317786761331618, 0.9868544796182498, 4.504739227722368e-05, 2.463173627411058e-06, 1.969204930573121e-05, 0.0008303573177361811, 0.003736267171659419, 1.143047073846215e-08, 7.543846933094994e-07, 0.01253314893807681, 1.552699227696593e-10, 2.713223017617642e-07, 8.806500212172215e-05, 1.942327836787351e-07, 2.216421353084802e-07, 2.855728615157822e-07, 0.02001530009222229, 0.02001530009222215, 1.675405791417486e-08, 2.577455154621948e-05, 3.90136406940621e-09, 2.173883533198685e-06, 6.234695649528669e-05, 9.276272241056298e-07, 1.201908992301104e-06, 9.570721390652577e-07, 2.978770379503363e-07, 1.257502891649068e-10, 5.769255719975893e-09, 5.828924461026329e-09, 0.00221217182191334, 1.853872939343329e-06, 0.005448418291788945, 4.865965190535193e-09, 5.11709554030774e-05, 0.0001258991518583831, 1.383849858771244e-05, 0.02395472246596884, 0.0003152079053550551, 1.700150845121357e-08, 0.0009210185009723501, 0.1306638714345034, 1.044472422261086e-07, 6.438806463182291e-06, 7.072021174334172e-06, 0.0005741264240400289, 9.184635443484504e-07, 0.0002170980122709404, 5.143248923125379e-08, 8.996052743516351e-05, 9.20141127694359e-07, 4.197616746957178e-07, 7.834496654343747e-08, 1.537656763077496e-08, 4.984606532004203e-08, 1.085058298261342e-05, 1.302397476836127e-06, 1.941563720366915e-08, 1.111836214402236e-07, 7.048037464100218e-05, 9.623682182307754e-10, 8.704111175016338e-06, 1.106699404560734e-06, 1.280648751813385e-07, 5.320037448216595e-05, 0.01093450635850255, 3.467950666069586e-06, 0.0001155438724089152, 0.4745072487665491, 2.063187862845709e-05, 0.001686166423213206, 0.0002648148884806943, 0.0002303473074498842, 0.0004517406511662769, 3.898660520554359e-05, 1.375625264552324e-05, 0.02001530009222222, 0.02001530009222215, 0.02001530009222217, 4.239880321582357e-06, 9.030812476984373e-06, 9.570721390652577e-07, 6.290425580806907e-06, 2.037815239829171e-07, 0.002978662491327794, 0.01630168454640522, 6.824863380974249e-09, 4.469075306605395e-06, 0.02001530009222204, 0.02001530009222218, 0.02001530009222225, 0.02001530009222215] 
  ],
 "analysis":{
   "authors":"Sergei L Kosakovsky Pond",
   "citation":"*Gene-wide identification of episodic selection*, Mol Biol Evol. 32(5):1365-71",
   "contact":"spond@temple.edu",