{
 "Evidence Ratios":{
  },
 "Site Log Likelihood":{
   "unconstrained":    [
[-5.052791838909111, -3.549842297150064, -3.407155518994452, -5.832151773571502, -16.68443814511156, -9.545441640264579, -3.407155518994452, -11.16191807214335, -8.434284759529387, -5.466799057664409, -3.687656606957771, -5.832151773571502, -3.665808093389663, -9.74330348958124, -10.90141247431492, -17.15488103688471, -5.617647322301973, -3.68136552550374, -9.899198885050058, -3.568454633305753, -3.407155518994452, -12.43267911093339, -5.444245827722853, -9.48192724374344, -4.837516613363885, -4.071603206522403, -4.977532167439523, -5.466799057664409, -3.407155518994452, -5.466799057664409, -6.763808260007674, -3.549842297150064, -9.33728759841925, -12.09618109301173, -4.071603206522403, -6.463523780497274, -9.65001414765857, -6.159729763796169, -9.036507392200624, -9.404818557233265, -5.496467325635773, -9.544712165554808, -5.496467325635773, -3.703103029589639, -5.617647322301973, -6.108353514739105, -12.07131623114301, -3.687656606957771, -4.018108649036183, -4.083430294035326, -3.568454633305753, -3.549842297150064, -7.435114052476135, -11.81319096448731, -5.466799057664409, -4.305855877817254, -3.703103029589639, -6.125468330424501, -7.516904500214364, -6.777583062253258, -9.001079396096868, -3.549842297150064, -3.703103029589639, -5.968960620675638, -5.123739336306957, -10.34332111931033, -5.511164341070191, -3.665808093389663, -6.76561558612909, -4.018108649036183, -4.083430294035326, -3.568454633305753, -8.755226676947636, -14.09140217188117, -8.43790249498465, -5.496467325635773, -3.687656606957771, -4.018108649036183, -7.425321301544163, -10.80182782741098, -10.52512394203522, -12.38974096412828, -5.249744943893492, -4.287437536280804, -7.325209655196181, -3.549842297150064, -3.407155518994452, -6.459876967110605, -7.080714704621415, -4.305855877817254, -11.86105569878031, -6.607144219247798, -8.668226142300622, -3.665808093389663, -8.717080143183313, -7.442917651996081, -3.407155518994452, -13.32355953268807, -3.687656606957771, -3.407155518994452] 
    ]
  },
 "Synonymous site-posteriors":  [
[0, 0, 0, 0, 0, 0, 0, 0, 0, 0, 0, 0, 0, 0, 0, 0, 0, 0, 0, 0, 0, 0, 0, 0, 0, 0, 0, 0, 0, 0, 0, 0, 0, 0, 0, 0, 0, 0, 0, 0, 0, 0, 0, 0, 0, 0, 0, 0, 0, 0, 0, 0, 0, 0, 0, 0, 0, 0, 0, 0, 0, 0, 0, 0, 0, 0, 0, 0, 0, 0, 0, 0, 0, 0, 0, 0, 0, 0, 0, 0, 0, 0, 0, 0, 0, 0, 0, 0, 0, 0, 0, 0, 0, 0, 0, 0, 0, 0, 0, 0],
  [0.7535661401267553, 0.7800943984124261, 0.7510928872287594, 0.4424301844765332, 0.04154769254351812, 0.1506747098576817, 0.7510928872287594, 0.1236780416838141, 0.5744637734802865, 0.7902593067724807, 0.7829642936817118, 0.4424301844765332, 0.8024206358692539, 0.1892681238890404, 0.02903063831851577, 0.03661681295232936, 0.9096820461568971, 0.7958378473350246, 0.382322664747382, 0.7734538933342641, 0.7510928872287594, 0.5602187428962004, 0.7961142174157999, 0.09544760659252022, 0.8496627830147335, 0.800355632012552, 0.8600830705287155, 0.7902593067724807, 0.7510928872287594, 0.7902593067724807, 0.5883662724312028, 0.7800943984124261, 0.1558340145995926, 0.1808391802111093, 0.800355632012552, 0.481146240511672, 0.547783620984935, 0.4577976474037329, 0.6148229565552615, 0.14853621111225, 0.8934390344729939, 0.5836744095086176, 0.8934390344729939, 0.8010912823508372, 0.9096820461568971, 0.4771895292718875, 0.8256813390885452, 0.7829642936817118, 0.7823744106629935, 0.7914643773867533, 0.7734538933342641, 0.7800943984124261, 0.4267624414991925, 0.7779042092083419, 0.7902593067724807, 0.791535906978504, 0.8010912823508372, 0.4965222770717685, 0.5608715264730064, 0.9690254206232627, 0.3153317966223314, 0.7800943984124261, 0.8010912823508372, 0.4741841024578832, 0.8918390713088297, 0.4090455402541216, 0.8943977689415575, 0.8024206358692539, 0.5891029909141594, 0.7823744106629935, 0.7914643773867533, 0.7734538933342641, 0.5711773812366875, 0.05646804649308208, 0.6066315840782539, 0.8934390344729939, 0.7829642936817118, 0.7823744106629935, 0.4775128972308216, 0.172503925822919, 0.1495870317690646, 0.1548658173538882, 0.849282501815228, 0.7882945965623382, 0.4971029047154912, 0.7800943984124261, 0.7510928872287594, 0.479927598441253, 0.4535897099747293, 0.791535906978504, 0.1108802615950455, 0.4734663567383732, 0.629438840723522, 0.8024206358692539, 0.620563262390563, 0.6574661288298264, 0.7510928872287594, 0.06261200381808731, 0.7829642936817118, 0.7510928872287594],
  [0.2464338598732449, 0.219905601587574, 0.2489071127712405, 0.5575698155234667, 0.9584523074564819, 0.8493252901423184, 0.2489071127712405, 0.8763219583161861, 0.4255362265197133, 0.2097406932275194, 0.2170357063182882, 0.5575698155234667, 0.1975793641307461, 0.8107318761109596, 0.9709693616814842, 0.9633831870476706, 0.09031795384310291, 0.2041621526649754, 0.6176773352526179, 0.2265461066657359, 0.2489071127712405, 0.4397812571037996, 0.2038857825842, 0.9045523934074797, 0.1503372169852665, 0.1996443679874481, 0.1399169294712845, 0.2097406932275194, 0.2489071127712405, 0.2097406932275194, 0.4116337275687973, 0.219905601587574, 0.8441659854004073, 0.8191608197888908, 0.1996443679874481, 0.5188537594883279, 0.4522163790150649, 0.5422023525962669, 0.3851770434447386, 0.8514637888877499, 0.1065609655270062, 0.4163255904913824, 0.1065609655270062, 0.198908717649163, 0.09031795384310291, 0.5228104707281124, 0.1743186609114548, 0.2170357063182882, 0.2176255893370066, 0.2085356226132467, 0.2265461066657359, 0.219905601587574, 0.5732375585008076, 0.2220957907916582, 0.2097406932275194, 0.2084640930214961, 0.198908717649163, 0.5034777229282313, 0.4391284735269935, 0.03097457937673733, 0.6846682033776689, 0.219905601587574, 0.198908717649163, 0.5258158975421168, 0.1081609286911702, 0.5909544597458786, 0.1056022310584424, 0.1975793641307461, 0.4108970090858406, 0.2176255893370066, 0.2085356226132467, 0.2265461066657359, 0.4288226187633126, 0.9435319535069179, 0.3933684159217462, 0.1065609655270062, 0.2170357063182882, 0.2176255893370066, 0.5224871027691783, 0.827496074177081, 0.8504129682309353, 0.8451341826461117, 0.1507174981847721, 0.2117054034376616, 0.5028970952845088, 0.219905601587574, 0.2489071127712405, 0.520072401558747, 0.5464102900252708, 0.2084640930214961, 0.8891197384049545, 0.5265336432616268, 0.3705611592764781, 0.1975793641307461, 0.3794367376094369, 0.3425338711701736, 0.2489071127712405, 0.9373879961819126, 0.2170357063182882, 0.2489071127712405] 
  ],
 "analysis":{
   "authors":"Sergei L Kosakovsky Pond",
   "citation":"*Gene-wide identification of episodic selection*, Mol Biol Evol. 32(5):1365-71",
   "contact":"spond@temple.edu",
   "info":"BUSTED (branch-site unrestricted statistical test of episodic diversification) uses a random effects branch-site model fitted \njointly to all or a subset of tree branches in order to test for alignment-wide evidence of episodic diversifying selection. \nAssuming there is evidence of positive selection (i.e. there is an omega > 1),  BUSTED will also perform a quick evidence-ratio \nstyle analysis to explore which individual sites may have been subject to selection. v2.0 adds support for synonymous rate variation, \nand relaxes the test statistic to 0.5 (chi^2_0 + chi^2_2). Version 2.1 adds a grid search for the initial starting point.\nVersion 2.2 changes the grid search to LHC, and adds an initial search phase to use adaptive Nedler-Mead. Version 3.0 implements the option\nfor branch-site variation in synonymous substitution rates. Version 3.1 adds HMM auto-correlation option for SRV, and binds SRV distributions for multiple branch sets\n",
   "requirements":"in-frame codon alignment and a phylogenetic tree (optionally annotated with {})",
   "version":"3.1"
  },
 "background":0,
 "branch attributes":{
   "0":{
     "ENSGALP00000012740":{
       "MG94xREV with separate rates for branch sets":0.008100600209930519,
       "Nucleotide GTR":0.009966401962089387,
       "original name":"ENSGALP00000012740",
       "unconstrained":0.007554479422465538
      },