{
 "Evidence Ratios":{
  },
 "Site Log Likelihood":{
   "unconstrained":    [
[-4.838546224982709, -3.685625125332354, -16.44676060083179, -24.30769891846869, -24.63685784202709, -19.45320771365347, -13.64251680184712, -17.04908814302023, -9.801078342302988, -17.13377218825245, -13.23542938248558, -15.80628494363729, -29.36976200423837, -11.13723059198775, -10.07438889189318, -9.984218049166572, -4.277392644498542, -4.155377500562632, -4.113622474962398, -4.29783555957166, -3.807640269268266, -3.900206125772613, -3.433051286042088, -3.828083184341392, -3.688222660832106, -4.488211458188589, -4.336650031486562, -11.35733383593437, -7.105955572002082, -34.6199075997508, -24.5191274613106, -9.033707098818445, -16.30143126495448, -10.00692442782602, -3.825485648841643, -5.072144516978572, -3.807640269268276, -3.275462760980816, -11.73262895729556, -11.1887350872651, -7.793898107079983, -11.96038108065833, -17.15985700503536, -20.45923858206037, -13.20741352844812, -12.08129204435372, -13.58953689755275, -4.333220468627067, -4.336650031486575, -4.838546224982709, -3.275462760980829, -4.368793849752431, -3.653481307066499, -3.430453750542318, -4.957963833418869, -4.27479510899879, -3.530634135770833, -3.653481307066499, -3.908652681856522, -4.277392644498542, -3.652649279706744] 
    ]
  },
 "Synonymous site-posteriors":  [
[0.8449099021023154, 0.8449099021023121, 0.95870840958548, 0.1388507740461846, 0.9521871044410436, 0.7616298765480074, 0.9911445587243608, 0.9700068292132785, 0.9994563497116186, 0.9952992802758183, 0.995006741589612, 0.97163973179339, 0.03717458664286252, 0.9726423154116047, 0.9908229421314607, 0.9801692127298332, 0.8449099021023073, 0.8449099021023128, 0.8449099021023114, 0.8449099021023034, 0.8449099021023162, 0.8449099021023168, 0.8449099021023153, 0.8449099021023154, 0.8449099021023161, 0.8449099021023182, 0.8449099021023143, 0.95130359621414, 0.987993585670137, 4.52280569815972e-06, 0.4117259166246325, 0.9418094095203318, 0.9287073881394216, 0.9199783919919119, 0.8449099021023239, 0.844909902102314, 0.8449099021023248, 0.844909902102315, 0.9719356743742985, 0.9881662855678347, 0.99200620013574, 0.941197428137702, 0.9513350437434454, 0.8133899060031688, 0.9635527470769817, 0.9461904200585203, 0.8730886493577215, 0.8449099021023114, 0.8449099021023239, 0.8449099021023154, 0.8449099021023265, 0.8449099021023204, 0.8449099021023265, 0.8449099021022992, 0.8449099021023153, 0.8449099021023116, 0.8449099021023159, 0.8449099021023265, 0.844909902102327, 0.844909902102308, 0.8449099021023064],
  [0.04163826840246013, 0.04163826840246019, 0.0007783716631381485, 0.08674925814849127, 3.420296787021118e-05, 0.05097300795100614, 8.320597416990293e-06, 1.224005176176997e-05, 1.913409775532213e-08, 4.270713974308515e-06, 3.478574833289436e-06, 1.226813604927949e-06, 0.06519897714617534, 3.187683050355492e-05, 6.15283760754075e-06, 0.00022212458937399, 0.04163826840246873, 0.04163826840246124, 0.0416382684024667, 0.04163826840246949, 0.04163826840245876, 0.04163826840245661, 0.04163826840245663, 0.04163826840245664, 0.04163826840245866, 0.04163826840245832, 0.04163826840245696, 5.000907027032308e-05, 1.779728220587371e-06, 0.9964345681487254, 0.1014001982343995, 1.487525671382534e-05, 6.250630828212375e-05, 6.162878322418572e-05, 0.04163826840244476, 0.04163826840246181, 0.04163826840245122, 0.04163826840245748, 4.274170678373279e-05, 5.510131418507363e-05, 6.133778447263632e-07, 2.956225216021287e-05, 0.0008353563848669503, 0.006256507314480788, 1.116455753283099e-05, 4.22666981990378e-05, 0.0004410740154749136, 0.04163826840245706, 0.04163826840244508, 0.04163826840246013, 0.04163826840244491, 0.04163826840245881, 0.04163826840244481, 0.04163826840247348, 0.04163826840246018, 0.0416382684024629, 0.04163826840245776, 0.04163826840244481, 0.04163826840244484, 0.0416382684024667, 0.04163826840246635],
  [0.1134518294952244, 0.1134518294952278, 0.04051321875138189, 0.7743999678053242, 0.04777869259108625, 0.1873971155009867, 0.008847120678222142, 0.02998093073495984, 0.0005436311542836294, 0.004696449010207484, 0.004989779835554715, 0.02835904139300504, 0.8976264362109621, 0.0273258077578916, 0.009170905030931894, 0.01960866268079291, 0.1134518294952238, 0.1134518294952261, 0.113451829495222, 0.1134518294952269, 0.1134518294952251, 0.1134518294952266, 0.1134518294952281, 0.113451829495228, 0.1134518294952252, 0.1134518294952235, 0.1134518294952287, 0.04864639471558963, 0.01200463460164242, 0.003560909045576288, 0.486873885140968, 0.05817571522295436, 0.07123010555229636, 0.07995997922486395, 0.1134518294952314, 0.1134518294952241, 0.113451829495224, 0.1134518294952274, 0.02802158391891775, 0.01177861311798032, 0.007993186486415341, 0.05877300961013779, 0.04782959987168763, 0.1803535866823503, 0.03643608836548553, 0.05376731324328049, 0.1264702766268035, 0.1134518294952316, 0.113451829495231, 0.1134518294952244, 0.1134518294952287, 0.1134518294952207, 0.1134518294952286, 0.1134518294952273, 0.1134518294952245, 0.1134518294952254, 0.1134518294952262, 0.1134518294952286, 0.1134518294952283, 0.1134518294952253, 0.1134518294952273] 
  ],
 "analysis":{
   "authors":"Sergei L Kosakovsky Pond",
   "citation":"*Gene-wide identification of episodic selection*, Mol Biol Evol. 32(5):1365-71",
   "contact":"spond@temple.edu",
   "info":"BUSTED (branch-site unrestricted statistical test of episodic diversification) uses a random effects branch-site model fitted \njointly to all or a subset of tree branches in order to test for alignment-wide evidence of episodic diversifying selection. \nAssuming there is evidence of positive selection (i.e. there is an omega > 1),  BUSTED will also perform a quick evidence-ratio \nstyle analysis to explore which individual sites may have been subject to selection. v2.0 adds support for synonymous rate variation, \nand relaxes the test statistic to 0.5 (chi^2_0 + chi^2_2). Version 2.1 adds a grid search for the initial starting point.\nVersion 2.2 changes the grid search to LHC, and adds an initial search phase to use adaptive Nedler-Mead. Version 3.0 implements the option\nfor branch-site variation in synonymous substitution rates. Version 3.1 adds HMM auto-correlation option for SRV, and binds SRV distributions for multiple branch sets\n",
   "requirements":"in-frame codon alignment and a phylogenetic tree (optionally annotated with {})",
   "version":"3.1"
  },
 "background":0,
 "branch attributes":{
   "0":{
     "ENSONIP00000001280":{
       "MG94xREV with separate rates for branch sets":0.08990093596245065,
       "Nucleotide GTR":0.08745430626536438,
       "original name":"ENSONIP00000001280",
       "unconstrained":1.192323888148769
      },
     "ENSONIP00000026146":{
       "MG94xREV with separate rates for branch sets":0.2170038771342373,
       "Nucleotide GTR":0.2017372853997388,
       "original name":"ENSONIP00000026146",
       "unconstrained":3.392528886392748
      },
     "ENSONIP00000026147":{
       "MG94xREV with separate rates for branch sets":0.04553815984261558,
       "Nucleotide GTR":0.04489848842648623,
       "original name":"ENSONIP00000026147",
       "unconstrained":0.3516352403962486
      },
     "ENSONIP00000026550":{
       "MG94xREV with separate rates for branch sets":0.04244849681662136,
       "Nucleotide GTR":0.0434616468532003,
       "original name":"ENSONIP00000026550",
       "unconstrained":0.4917546646413301
      },
     "ENSONIP00000026551":{
       "MG94xREV with separate rates for branch sets":0.08458357040269605,
       "Nucleotide GTR":0.08102071579840686,
       "original name":"ENSONIP00000026551",
       "unconstrained":1.047154374079841
      },
     "ENSONIP00000026553":{
       "MG94xREV with separate rates for branch sets":0.1015779138658628,
       "Nucleotide GTR":0.1001064944083815,
       "original name":"ENSONIP00000026553",
       "unconstrained":1.329017892529422
      },
     "NODE_11":{
       "MG94xREV with separate rates for branch sets":0.3757689699000765,