{
 "Evidence Ratios":{
   "constrained":    [
[0.9201104006220078, 0.9383596110106238, 0.9240737885998767, 0.9380690524584152, 0.9505763400750686, 0.9505763400750686, 0.9514201299029179, 0.9757864195866329, 1.166305594614679, 1.097519490671605, 0.9454765926208858, 0.9429750503717459, 0.9514201299029179, 0.9434166068636982, 0.9505763400750686, 0.9451126376264521, 0.9380957022110317, 1.133655771620431, 0.9380957022110317, 0.9518265584249102, 0.9433952777993876, 0.9380957022110317, 1.183386180960072, 1.01527173558901, 0.943950066784748, 0.935449549186871, 0.9405681198224007, 0.9417025448959403, 1.015424870054507, 0.9491429456191672, 0.9517771051688769, 0.9464034078706005, 0.9518265584249102, 1.087884216414188, 0.939431244884644, 1.224942804775748, 0.9383842982889459, 0.9433952777993876, 0.939304193874309, 0.9341491066916383, 1.169485912106119, 1.016437073161205, 1.032753346659546, 0.939301546641314, 1.194054912150062, 1.017988924679784, 0.9359362303631481, 1.293084651699315, 1.094828612207719, 1.297689923542534, 1.089772442748214, 1.510400564464494, 1.116783726262857, 0.9170735966124496, 0.9807830705752703, 0.9464034078706005, 0.9505763400750686, 0.9491429456191672, 0.9403733464307027, 1.894842685223375, 0.9517771051688769, 0.9377429781239819, 0.9182959424803337, 0.9268545786311994, 0.9961473352820805, 0.9419718672755625, 2.005948200710616, 0.9168003612943533, 0.9068511173755726, 0.9533142332631149, 0.9754978952896509, 0.9283520500158806, 0.9365729543203424] 
    ],
   "optimized null":    [
[0.9975362726742382, 1.00128607847704, 1.011269399427186, 1.000201453103548, 1.001373516207366, 1.001373516207366, 1.00080479800303, 1.007330223326961, 1.016254437757163, 0.9520083665055276, 1.000803238564244, 1.001571573661232, 1.00080479800303, 1.003305374546283, 1.001373516207366, 0.9977754914744973, 1.001165471727266, 1.051790865298967, 1.001165471727266, 1.001921202157045, 1.004223971810874, 1.001165471727266, 0.9236849598563202, 0.9567596907899744, 1.00376919776139, 0.9874799035167888, 1.002373807286848, 1.003268963573428, 1.013160342253676, 0.9958432550270668, 1.002765063378839, 0.9991896224584921, 1.001921202157045, 0.9773404042896776, 1.029902727277616, 1.009233619191649, 1.002251430751909, 1.004223971810874, 1.012286707795908, 0.9533455548799938, 0.8697122811665601, 0.9686219520390534, 0.9464833629961452, 1.013388348653594, 1.053768705270717, 1.005060812630058, 0.9605010899297425, 1.008550803615866, 1.005520660517841, 0.989213373699047, 1.013535817279467, 1.082913511134484, 1.020388082006907, 1.018469573155088, 0.9569330486998392, 0.9991896224584921, 1.001373516207366, 0.9958432550270668, 1.000794452950647, 1.127234617768115, 1.002765063378839, 0.9970483339833863, 0.9657596061658995, 0.9939852454756037, 1.008775249172247, 1.006284523528341, 1.124177018357085, 1.039067586827545, 1.033421652092533, 0.9978726783534462, 0.9955677179166189, 1.012132554410775, 0.9803396806183404] 
    ]
  },
 "Site Log Likelihood":{
   "constrained":    [
[-5.469035379242533, -4.191792701744153, -9.177276972134425, -4.004304108458523, -3.500803070190889, -3.500803070190889, -3.939257566945991, -9.066338192313193, -11.23246134845069, -9.497593358294402, -4.26467710292314, -4.702581636511955, -3.939257566945991, -4.889683601641411, -3.500803070190889, -5.330787803773239, -4.07625350086588, -10.45727633728092, -4.07625350086588, -4.054907582582342, -4.961799819517924, -4.07625350086588, -13.34233791433344, -7.73740802521463, -4.424012847899072, -6.456247169973591, -3.699957313595882, -4.337522027334509, -7.257231750202073, -5.252579350207223, -4.126935118808281, -4.630551001833748, -4.054907582582342, -8.316063129706787, -6.208807083598469, -11.97107394167992, -4.263771867183604, -4.961799819517924, -9.118402712526809, -8.708789292236496, -13.77834220976252, -11.45741567939524, -7.501627831505566, -7.361463963348969, -11.47351270036358, -6.751782390232303, -12.99779795407843, -12.98125209710359, -10.3225222909304, -16.09353344921852, -9.441276378587022, -12.17666509802983, -10.10304312974439, -8.261842956746037, -7.497743157903423, -4.630551001833748, -3.500803070190889, -5.252579350207223, -5.649883037824235, -11.94333505701356, -4.126935118808281, -4.608734436467854, -11.39602980454728, -5.227246368234646, -6.791392333344285, -8.625091459811006, -10.81440390387055, -7.505530372783302, -7.636662053704215, -4.570300001140668, -7.506722292196349, -10.95154865994803, -14.59850547175168] 
    ],
   "optimized null":    [
[-5.549830227408933, -4.256699976769781, -9.267446697689385, -4.068437257265201, -3.552862448564168, -3.552862448564168, -3.989861578289546, -9.098153229032265, -11.09474395552279, -9.355359277447576, -4.321546166868618, -4.762867430960507, -3.989861578289546, -4.951230830526913, -3.552862448564168, -5.385011982689074, -4.141321601195086, -10.38232302772804, -4.141321601195086, -4.106199388908062, -5.024284809058964, -4.141321601195086, -13.09457372253076, -7.678048702894991, -4.485456969624535, -6.510376100662539, -3.763599511347082, -4.400851483483295, -7.254999131401802, -5.300609806041412, -4.179120771261831, -4.684826661205658, -4.106199388908062, -8.208908135951505, -6.300752087317314, -11.77737103869681, -4.329616481474528, -5.024284809058964, -9.193230448464945, -8.729130658478269, -13.48218511554246, -11.40923134703363, -7.414397557802259, -7.437382195453471, -11.34853067769822, -6.739001401412599, -13.02370572683612, -12.73273598280663, -10.23742993597003, -15.82210252363225, -9.368752498734382, -11.84394531228378, -10.01277327607126, -8.366711590729134, -7.473125283147537, -4.684826661205658, -3.552862448564168, -5.300609806041412, -5.712155480882254, -11.42396663006098, -4.179120771261831, -4.670057783746578, -11.44642503679195, -5.29717205104066, -6.803989409139035, -8.691136187809263, -10.2353382655552, -7.630719671606649, -7.767314333410924, -4.615981112606972, -7.527087434921797, -11.03795245875028, -14.64417717634963] 
    ],
   "unconstrained":    [
[-5.552296994704994, -4.255414724583292, -9.256240324871268, -4.068235824450605, -3.551489874767342, -3.551489874767342, -3.989057103962778, -9.090849741220284, -11.07862020685573, -9.404540733330823, -4.320743250727825, -4.761297090928838, -3.989057103962778, -4.947930906723214, -3.551489874767342, -5.38723896910908, -4.140156808102758, -10.33182873041964, -4.140156808102758, -4.104280029899551, -5.020069733175054, -4.140156808102758, -13.17395794054519, -7.7222517287593, -4.481694857489857, -6.522975233945555, -3.761228517089904, -4.39758785135558, -7.241924634106466, -5.304775214294429, -4.176359523638485, -4.685637367280549, -4.104280029899551, -8.231828405672871, -6.271287729071759, -11.76817978875222, -4.327367581395124, -5.020069733175054, -9.181018609625109, -8.776908502592601, -13.62177794887582, -11.44111223262489, -7.469399443683961, -7.424082678742709, -11.29615769637525, -6.733953351652561, -13.06400588885783, -12.72422153023854, -10.23192445844401, -15.83294774734658, -9.355307472261972, -11.76429020790225, -9.992590248580623, -8.348410508663369, -7.517147132685301, -4.685637367280549, -3.551489874767342, -5.304775214294429, -5.711361343342311, -11.30419923763843, -4.176359523638485, -4.673013814520314, -11.48126536743181, -5.303204967062302, -6.795252438691901, -8.684871329550683, -10.11828703684236, -7.592395911723068, -7.734439044473298, -4.618110700216412, -7.531529568688482, -11.02589291384314, -14.66403333084766] 
    ]
  },