{
 "Evidence Ratios":{
   "constrained":    [
[0.9693170217875735, 0.9595861742285225, 1.029655873906691, 0.9464312998988561, 0.9716527405380451, 0.9686084553437875, 1.031689029318945, 0.9772356210703775, 0.9762352880353956, 0.9611205900541542, 1.015166446370259, 1.002638821760317, 0.9285370752659724, 1.11552853229968, 0.9388401395419966, 1.070039825975914, 1.019799164492217, 1.184443321488078, 1.071611454067418, 0.9865557525944164, 0.9845242823716222, 0.991497389599138, 1.059587205813129, 0.9898821984325973, 0.9926625024859391, 0.986612603284, 0.9897183652727521, 0.9926356956053979, 0.9905355726038965, 0.992846313823798, 0.9897183652727521] 
    ],
   "optimized null":    [
[0.9967241158746371, 0.9985878654280987, 0.9982883431928584, 1.001718584414516, 0.9982101883575831, 0.9980331739262057, 0.999251983792896, 0.9996750161188345, 0.9995058738375464, 0.9984628350672935, 1.000789926855135, 0.9995349654481787, 1.005156970663533, 0.9939146128239257, 1.005456450483541, 0.9912047908646061, 1.004423482317166, 1.018854919239789, 0.9922114655015407, 0.9999570268799538, 0.9999777413926341, 1.000128345266599, 0.998696092340599, 0.9999990704266826, 0.9999673803488982, 1.00003649808307, 0.9999603040234492, 1.000127547722375, 1.000035342069296, 1.000064062755209, 0.9999603040234492] 
    ]
  },
 "Site Log Likelihood":{
   "constrained":    [
[-8.195738718486975, -6.507496078453037, -9.922163836338516, -9.361769555102693, -4.867179258989164, -4.785246026266101, -17.87214244625632, -4.275654999844131, -4.967451389629266, -5.296376303325892, -10.77342311711055, -9.30658673419293, -13.2261845597821, -14.99944041469696, -11.02693929420369, -14.07071137298733, -10.7892856910958, -19.45506242567532, -26.43528705560704, -4.165613505844704, -4.361358242869644, -4.633637301674774, -9.073685327584055, -4.142219291301151, -4.168498068112331, -4.744240272017757, -4.199146577803352, -4.570140224900746, -5.213359888535696, -4.128257328383802, -4.199146577803352] 
    ],
   "optimized null":    [
[-8.223621013636386, -6.547336101848409, -9.891226069559638, -9.418543558715985, -4.894144644896349, -4.815172083052638, -17.84019685667391, -4.298357451227093, -4.991008789162158, -5.334493349700037, -10.75916014651656, -9.303486245295888, -13.30547324751725, -14.88400812349013, -11.09549097188847, -13.99418138938757, -10.77409370821873, -19.30446890084212, -26.35830448467667, -4.179105971363297, -4.376932700547607, -4.642304602511064, -9.014501165298547, -4.152387696143176, -4.175829997287936, -4.757754585237092, -4.209441736886844, -4.577659319242864, -5.222904729684039, -4.135500785565234, -4.209441736886844] 
    ],
   "unconstrained":    [
[-8.226902275217309, -6.548749234421988, -9.892939192925027, -9.416826449377877, -4.895936060165369, -4.817140845868741, -17.84094515278473, -4.298682487926964, -4.991503037445174, -5.336031697282866, -10.75837053148944, -9.303951388009811, -13.3003295284876, -14.89011210209716, -11.09004935390015, -14.00301550466795, -10.76967998074314, -19.28578953236127, -26.36612350822313, -4.179148945406714, -4.376954959402699, -4.642176265480014, -9.015805923785221, -4.152388625716926, -4.17586261747107, -4.757718087820061, -4.209481433651301, -4.577531779654008, -5.22286938823926, -4.135436724861956, -4.209481433651301] 
    ]
  },
 "Synonymous site-posteriors":  [
[0.3557082800953803, 0.07136514545733544, 0.4765211348456069, 0.3021938340347145, 0.1662104724781356, 0.1422640689793276, 0.9550172090229566, 0.2334562465927064, 0.2150286859354754, 0.07316355405682039, 0.3025027715150572, 0.5932426589479683, 0.9218842990966707, 0.9898344964584488, 0.7083286988499442, 0.9612756114436503, 0.50638203506941, 0.991135969443255, 0.9939842856139702, 0.393701840195694, 0.4102146187140238, 0.4053140319916343, 0.7849315926513957, 0.4161718975238843, 0.4345784626066049, 0.3761526807796431, 0.4185586669152573, 0.3938915936737649, 0.4201873586105846, 0.4278858539334416, 0.4185586669152573],
  [0, 0, 0, 0, 0, 0, 0, 0, 0, 0, 0, 0, 0, 0, 0, 0, 0, 0, 0, 0, 0, 0, 0, 0, 0, 0, 0, 0, 0, 0, 0],
  [0.6442917199046198, 0.9286348545426645, 0.5234788651543931, 0.6978061659652853, 0.8337895275218644, 0.8577359310206725, 0.04498279097704337, 0.7665437534072936, 0.7849713140645245, 0.9268364459431796, 0.6974972284849429, 0.4067573410520315, 0.07811570090332928, 0.01016550354155112, 0.2916713011500559, 0.0387243885563498, 0.4936179649305901, 0.008864030556744895, 0.006015714386029907, 0.6062981598043061, 0.5897853812859762, 0.5946859680083657, 0.2150684073486043, 0.5838281024761156, 0.5654215373933951, 0.6238473192203569, 0.5814413330847428, 0.6061084063262351, 0.5798126413894155, 0.5721141460665584, 0.5814413330847428] 
  ],
 "analysis":{
   "authors":"Sergei L Kosakovsky Pond",
   "citation":"*Gene-wide identification of episodic selection*, Mol Biol Evol. 32(5):1365-71",
   "contact":"spond@temple.edu",
   "info":"BUSTED (branch-site unrestricted statistical test of episodic diversification) uses a random effects branch-site model fitted \njointly to all or a subset of tree branches in order to test for alignment-wide evidence of episodic diversifying selection. \nAssuming there is evidence of positive selection (i.e. there is an omega > 1),  BUSTED will also perform a quick evidence-ratio \nstyle analysis to explore which individual sites may have been subject to selection. v2.0 adds support for synonymous rate variation, \nand relaxes the test statistic to 0.5 (chi^2_0 + chi^2_2). Version 2.1 adds a grid search for the initial starting point.\nVersion 2.2 changes the grid search to LHC, and adds an initial search phase to use adaptive Nedler-Mead. Version 3.0 implements the option\nfor branch-site variation in synonymous substitution rates. Version 3.1 adds HMM auto-correlation option for SRV, and binds SRV distributions for multiple branch sets\n",
   "requirements":"in-frame codon alignment and a phylogenetic tree (optionally annotated with {})",
   "version":"3.1"
  },
 "background":0,
 "branch attributes":{
   "0":{
     "DNAJC9_AS1_FELCA":{
       "MG94xREV with separate rates for branch sets":0.02274880928258921,
       "Nucleotide GTR":0.02274962378079163,
       "constrained":0.02207034044880333,
       "original name":"DNAJC9-AS1_FELCA",
       "unconstrained":0.02212098738057842
      },
     "DNAJC9_AS1_GGOR":{
       "MG94xREV with separate rates for branch sets":0.02238425079706431,
       "Nucleotide GTR":0.02164898840878345,
       "constrained":0.02287885089741543,
       "original name":"DNAJC9-AS1_GGOR",
       "unconstrained":0.02291204932503145
      },
     "DNAJC9_AS1_HUMAN":{
       "MG94xREV with separate rates for branch sets":0,
       "Nucleotide GTR":0,
       "constrained":0,
       "original name":"DNAJC9-AS1_HUMAN",
       "unconstrained":0
      },
     "DNAJC9_AS1_LAMPA":{
       "MG94xREV with separate rates for branch sets":0.0618629696733318,
       "Nucleotide GTR":0.06003527397461288,
       "constrained":0.05738125553911834,
       "original name":"DNAJC9-AS1_LAMPA",
       "unconstrained":0.05728031934982606
      },
     "DNAJC9_AS1_NOMLE":{
       "MG94xREV with separate rates for branch sets":0.01511172879127533,
       "Nucleotide GTR":0.01466160504797937,
       "constrained":0.01568862473144262,
       "original name":"DNAJC9-AS1_NOMLE",
       "unconstrained":0.01573414678655161
      },
     "DNAJC9_AS1_OCHPR":{
       "MG94xREV with separate rates for branch sets":0.2056532877054262,
       "Nucleotide GTR":0.2026761397027688,
       "constrained":0.2255703064923518,
       "original name":"DNAJC9-AS1_OCHPR",
       "unconstrained":0.226648846243305
      },
     "DNAJC9_AS1_PANTR":{
       "MG94xREV with separate rates for branch sets":0.01118235255149253,
       "Nucleotide GTR":0.01079799672893176,
       "constrained":0.01137065427394629,
       "original name":"DNAJC9-AS1_PANTR",
       "unconstrained":0.01135687092392344
      },
     "DNAJC9_AS1_PONAB":{
       "MG94xREV with separate rates for branch sets":0.01890023220523299,