{
 "Evidence Ratios":{
  },
 "Site Log Likelihood":{
   "unconstrained":    [
[-5.095525101521972, -14.21541627027391, -3.651068248405019, -5.622500998306599, -3.962678169932, -3.973228027780429, -3.651068248405019, -3.430091116903328, -4.749852858692736, -12.21249779725946, -3.618636008339935, -3.651068248405019, -3.215725603158846, -3.302920628778738, -4.189977043059709, -3.618636008339935, -4.362711415970626, -4.74437516125358, -4.303679949721263, -5.243737515652255, -5.168902810874156, -5.243737515652255, -3.908304827906377, -3.827396380540295, -3.430091116903328, -10.36805158922631, -3.908304827906377, -3.215725603158846, -3.973228027780429, -3.302920628778738, -4.294532831841435, -4.663828287821215, -4.081800999618038, -8.389159751774029, -5.375910018821904, -4.712775253012008, -8.634387550554511, -4.09796226445787, -3.816154958205622, -3.827396380540295, -4.504169095574328, -4.504169095574328, -4.294532831841435, -3.604477595774896, -3.993384727110568, -3.827396380540295, -4.256442124367313, -3.215725603158846, -5.557261535799658, -4.712775253012008, -4.081800999618038, -3.215725603158846, -3.827396380540295, -3.651068248405019, -3.087297075494301, -3.651068248405019, -4.880172189349398, -3.087297075494301, -3.651068248405019, -8.145514068748053, -3.476411764424678, -3.827396380540295, -3.651068248405019, -3.747608020547093, -3.604477595774896, -3.430091116903328, -10.28493605689151, -3.302920628778738, -3.604477595774896, -3.430091116903328, -9.36931662677665, -4.189977043059709] 
    ]
  },
 "Synonymous site-posteriors":  [
[0.109978007116173, 1, 0.1052029365473695, 0.131455863950725, 0.09028741298577879, 0.1151288094069163, 0.1052029365473695, 0.08579708818532954, 0.1121335986096905, 1, 0.1128711878024793, 0.1052029365473695, 0.09858334654415944, 0.09357783851426134, 0.1004356825435405, 0.1128711878024793, 0.1106244094836145, 0.1253111933074966, 0.1151999772930306, 0.1143219257260357, 0.1205456270829647, 0.1143219257260357, 0.09368287603843331, 0.1053165054615836, 0.08579708818532954, 1, 0.09368287603843331, 0.09858334654415944, 0.1151288094069163, 0.09357783851426134, 0.09202991434945176, 0.136404789987426, 0.1032652158830403, 1, 0.1177458567052692, 0.1085029150629007, 0.9999999999999999, 0.1167667992843307, 0.08428008355000532, 0.1053165054615836, 0.120923203397987, 0.120923203397987, 0.09202991434945176, 0.0946571286116927, 0.08400602968745473, 0.1053165054615836, 0.1053158629581502, 0.09858334654415944, 0.1138367939871322, 0.1085029150629007, 0.1032652158830403, 0.09858334654415944, 0.1053165054615836, 0.1052029365473695, 0.1073789327094623, 0.1052029365473695, 0.1016879369600465, 0.1073789327094623, 0.1052029365473695, 0.9999999999999999, 0.1031658054304149, 0.1053165054615836, 0.1052029365473695, 0.103642696479577, 0.0946571286116927, 0.08579708818532954, 1, 0.09357783851426134, 0.0946571286116927, 0.08579708818532954, 1, 0.1004356825435405],
  [0.6484563000905307, 0, 0.6519353428765237, 0.6328078647842521, 0.66280256334972, 0.644703504965625, 0.6519353428765237, 0.6660741447596012, 0.6468857693670553, 0, 0.6463483732546369, 0.6519353428765237, 0.65675827408038, 0.6604052100472363, 0.6554086906338056, 0.6463483732546369, 0.6479853412929816, 0.6372847770655679, 0.6446516531411939, 0.6452913879735629, 0.6407568951328793, 0.6452913879735629, 0.6603286813267779, 0.6518525983168325, 0.6660741447596012, 0, 0.6603286813267779, 0.65675827408038, 0.644703504965625, 0.6604052100472363, 0.661533003725099, 0.6292021535851584, 0.6533471362733683, 0, 0.6427967646582837, 0.6495310294149809, 0, 0.6435100907983501, 0.6671794109450526, 0.6518525983168325, 0.6404817988518897, 0.6404817988518897, 0.661533003725099, 0.659618855924641, 0.6673790823634624, 0.6518525983168325, 0.6518530664349268, 0.65675827408038, 0.6456448474779135, 0.6495310294149809, 0.6533471362733683, 0.65675827408038, 0.6518525983168325, 0.6519353428765237, 0.6503499456261592, 0.6519353428765237, 0.6544963173754007, 0.6503499456261592, 0.6519353428765237, 0, 0.6534195651962659, 0.6518525983168325, 0.6519353428765237, 0.6530721097313914, 0.659618855924641, 0.6660741447596012, 0, 0.6604052100472363, 0.659618855924641, 0.6660741447596012, 0, 0.6554086906338056],
  [0.2415656927932963, 0, 0.2428617205761069, 0.2357362712650228, 0.2469100236645011, 0.2401676856274586, 0.2428617205761069, 0.2481287670550693, 0.2409806320232544, 0, 0.2407804389428838, 0.2428617205761069, 0.2446583793754605, 0.2460169514385023, 0.2441556268226538, 0.2407804389428838, 0.2413902492234039, 0.2374040296269354, 0.2401483695657755, 0.2403866863004015, 0.238697477784156, 0.2403866863004015, 0.2459884426347888, 0.2428308962215839, 0.2481287670550693, 0, 0.2459884426347888, 0.2446583793754605, 0.2401676856274586, 0.2460169514385023, 0.2464370819254492, 0.2343930564274155, 0.2433876478435915, 0, 0.239457378636447, 0.2419660555221183, 0, 0.2397231099173192, 0.2485405055049421, 0.2428308962215839, 0.2385949977501232, 0.2385949977501232, 0.2464370819254492, 0.2457240154636663, 0.2486148879490828, 0.2428308962215839, 0.242831070606923, 0.2446583793754605, 0.2405183585349544, 0.2419660555221183, 0.2433876478435915, 0.2446583793754605, 0.2428308962215839, 0.2428617205761069, 0.2422711216643785, 0.2428617205761069, 0.2438157456645528, 0.2422711216643785, 0.2428617205761069, 0, 0.2434146293733192, 0.2428308962215839, 0.2428617205761069, 0.2432851937890315, 0.2457240154636663, 0.2481287670550693, 0, 0.2460169514385023, 0.2457240154636663, 0.2481287670550693, 0, 0.2441556268226538] 
  ],
 "analysis":{
   "authors":"Sergei L Kosakovsky Pond",
   "citation":"*Gene-wide identification of episodic selection*, Mol Biol Evol. 32(5):1365-71",
   "contact":"spond@temple.edu",
   "info":"BUSTED (branch-site unrestricted statistical test of episodic diversification) uses a random effects branch-site model fitted \njointly to all or a subset of tree branches in order to test for alignment-wide evidence of episodic diversifying selection. \nAssuming there is evidence of positive selection (i.e. there is an omega > 1),  BUSTED will also perform a quick evidence-ratio \nstyle analysis to explore which individual sites may have been subject to selection. v2.0 adds support for synonymous rate variation, \nand relaxes the test statistic to 0.5 (chi^2_0 + chi^2_2). Version 2.1 adds a grid search for the initial starting point.\nVersion 2.2 changes the grid search to LHC, and adds an initial search phase to use adaptive Nedler-Mead. Version 3.0 implements the option\nfor branch-site variation in synonymous substitution rates. Version 3.1 adds HMM auto-correlation option for SRV, and binds SRV distributions for multiple branch sets\n",
   "requirements":"in-frame codon alignment and a phylogenetic tree (optionally annotated with {})",
   "version":"3.1"
  },
 "background":0,
 "branch attributes":{
   "0":{
     "ENSGALP00000028884":{
       "MG94xREV with separate rates for branch sets":0,
       "Nucleotide GTR":0,
       "original name":"ENSGALP00000028884",
       "unconstrained":0
      },
     "ENSGALP00000035523":{
       "MG94xREV with separate rates for branch sets":2.106556657925719e-19,
       "Nucleotide GTR":2.569795115586339e-19,
       "original name":"ENSGALP00000035523",
       "unconstrained":5.573026147589026e-20
      },
     "ENSGALP00000035544":{
       "MG94xREV with separate rates for branch sets":0,
       "Nucleotide GTR":0,
       "original name":"ENSGALP00000035544",
       "unconstrained":0
      },
     "ENSGALP00000035549":{
       "MG94xREV with separate rates for branch sets":0.004610513878375401,
       "Nucleotide GTR":0.004634169648445059,
       "original name":"ENSGALP00000035549",
       "unconstrained":0.004638385982246035
      },
     "ENSGALP00000035554":{
       "MG94xREV with separate rates for branch sets":0,
       "Nucleotide GTR":0,
       "original name":"ENSGALP00000035554",
       "unconstrained":0
      },
     "ENSGALP00000035561":{
       "MG94xREV with separate rates for branch sets":0,