{
 "Evidence Ratios":{
  },
 "Site Log Likelihood":{
   "unconstrained":    [
[-4.822958902175102, -4.822958902175102, -3.699864523238414, -10.47687564904215, -18.86732557613589, -6.483972826579492, -11.05479069947463, -10.35657950553884, -25.19075448671512, -8.580744937948518, -8.160945589503562, -5.192737958591897, -13.0259416443106, -9.37425201569336, -20.19395429569327, -12.83754640381181, -8.420103383886813, -4.822958902175102, -3.525874533046921, -14.39479066712632, -7.55281498638801, -5.268354279405633, -12.73659282137366, -7.475448662656912, -10.60596478528802, -11.87917166223276, -10.41625961345042, -6.418386213099778, -4.981018611306889, -13.29389688066053, -16.05289378388937, -4.981018611306889, -4.945243994685193, -16.0264097566741, -5.521677719583423, -7.519253047968705, -5.891129073405009, -4.574002090384236, -5.843499613474339, -4.587293220464669, -4.587293220464669, -4.763274767185264, -4.163613001941001, -4.52168214036049, -3.995880363298335, -3.646286433226933, -3.594033876384759] 
    ]
  },
 "Synonymous site-posteriors":  [
[0.1697945779929745, 0.1697945779929745, 0.1697945779929576, 0, 0, 0, 0, 0, 0, 0, 0, 0.9042467876182944, 0, 0, 0, 0, 0, 0.1697945779929745, 0.1697945779929539, 0, 0, 0.7271631366826279, 0, 0, 0, 0, 0, 0, 0.8602643779915935, 0, 0, 0.8602643779915935, 0.5557311744289587, 0, 0.5114174962737906, 0, 0, 0.4843059809335462, 0.744405757143928, 0.1697945779929698, 0.1697945779929698, 0.1697945779929577, 0.1697945779929661, 0.1697945779929597, 0.1697945779929594, 0.1697945779929682, 0.1697945779929582],
  [0.1805602935947284, 0.1805602935947284, 0.1805602935948254, 0.007233390719820254, 0.9809005220983936, 0.005549405242455717, 0.04759036601011813, 0.08713885309132235, 0.9976561476985915, 0.01697399512684171, 0.004628595126794171, 0.0001844168327291617, 0.01949356227727467, 0.01648995727182768, 0.9926641909864141, 0.0904303563440176, 0.06492652854958854, 0.1805602935947284, 0.1805602935948181, 0.890462951957686, 0.003847922249357239, 0.001395249011251552, 0.2455686682215553, 0.2337358158233386, 0.04141252831701221, 0.03727677334932038, 0.4645373833666816, 0.06833983293438904, 0.001641011592689295, 0.06170543853732677, 0.9961397053750463, 0.001641011592689295, 0.01250274813381353, 0.08597770489752249, 0.003062873145433348, 0.1445449520510987, 0.03254443914357194, 0.005412140329411225, 0.0004830431168019707, 0.1805602935947611, 0.1805602935947611, 0.1805602935948254, 0.1805602935947852, 0.1805602935948032, 0.1805602935948039, 0.1805602935947708, 0.1805602935948202],
  [0.649645128412297, 0.649645128412297, 0.6496451284122171, 0.9927666092801798, 0.01909947790160647, 0.9944505947575443, 0.9524096339898818, 0.9128611469086777, 0.002343852301408597, 0.9830260048731584, 0.9953714048732059, 0.09556879554897657, 0.9805064377227253, 0.9835100427281723, 0.007335809013585934, 0.9095696436559824, 0.9350734714504114, 0.649645128412297, 0.649645128412228, 0.1095370480423139, 0.9961520777506427, 0.2714416143061205, 0.7544313317784447, 0.7662641841766614, 0.9585874716829879, 0.9627232266506796, 0.5354626166333185, 0.9316601670656109, 0.1380946104157172, 0.9382945614626733, 0.003860294624953649, 0.1380946104157172, 0.4317660774372278, 0.9140222951024776, 0.4855196305807761, 0.8554550479489011, 0.967455560856428, 0.5102818787370427, 0.2551111997392701, 0.649645128412269, 0.649645128412269, 0.6496451284122168, 0.6496451284122486, 0.6496451284122372, 0.6496451284122368, 0.649645128412261, 0.6496451284122217] 
  ],
 "analysis":{
   "authors":"Sergei L Kosakovsky Pond",
   "citation":"*Gene-wide identification of episodic selection*, Mol Biol Evol. 32(5):1365-71",
   "contact":"spond@temple.edu",
   "info":"BUSTED (branch-site unrestricted statistical test of episodic diversification) uses a random effects branch-site model fitted \njointly to all or a subset of tree branches in order to test for alignment-wide evidence of episodic diversifying selection. \nAssuming there is evidence of positive selection (i.e. there is an omega > 1),  BUSTED will also perform a quick evidence-ratio \nstyle analysis to explore which individual sites may have been subject to selection. v2.0 adds support for synonymous rate variation, \nand relaxes the test statistic to 0.5 (chi^2_0 + chi^2_2). Version 2.1 adds a grid search for the initial starting point.\nVersion 2.2 changes the grid search to LHC, and adds an initial search phase to use adaptive Nedler-Mead. Version 3.0 implements the option\nfor branch-site variation in synonymous substitution rates. Version 3.1 adds HMM auto-correlation option for SRV, and binds SRV distributions for multiple branch sets\n",
   "requirements":"in-frame codon alignment and a phylogenetic tree (optionally annotated with {})",
   "version":"3.1"
  },
 "background":0,
 "branch attributes":{
   "0":{
     "ENSGACP00000001100":{
       "MG94xREV with separate rates for branch sets":0.1391944840551831,
       "Nucleotide GTR":0.05668377229708216,
       "original name":"ENSGACP00000001100",
       "unconstrained":2.547805011373459
      },
     "ENSONIP00000014496":{
       "MG94xREV with separate rates for branch sets":0.2455576038424565,
       "Nucleotide GTR":0.1234971339766983,
       "original name":"ENSONIP00000014496",
       "unconstrained":1.830949738075961
      },
     "ENSORLP00000008799":{
       "MG94xREV with separate rates for branch sets":0.5214138245803754,
       "Nucleotide GTR":0.2348280578605206,
       "original name":"ENSORLP00000008799",
       "unconstrained":3.433137228290108
      },
     "ENSTRUP00000047703":{
       "MG94xREV with separate rates for branch sets":0.1372975942072469,
       "Nucleotide GTR":0.04581348845514226,
       "original name":"ENSTRUP00000047703",
       "unconstrained":0.9592336841461429
      },
     "NODE_3":{
       "MG94xREV with separate rates for branch sets":0.02889062004921511,
       "Nucleotide GTR":0.03722963070936722,
       "unconstrained":0
      },
     "NODE_5":{
       "MG94xREV with separate rates for branch sets":0.1277916226956374,
       "Nucleotide GTR":0.05076785839190797,
       "unconstrained":0
      },
     "NODE_7":{
       "MG94xREV with separate rates for branch sets":0.08824481344739664,
       "Nucleotide GTR":0.02008815072410498,
       "unconstrained":0.3259695775063116
      },
     "PNX_DANRE":{
       "MG94xREV with separate rates for branch sets":0.5855993338887334,
       "Nucleotide GTR":0.2441744538248714,
       "original name":"PNX_DANRE",
       "unconstrained":20.09114516217925
      },
     "Q4S1T6_TETNG":{
       "MG94xREV with separate rates for branch sets":0.1059822484587061,
       "Nucleotide GTR":0.07753928305465949,
       "original name":"Q4S1T6_TETNG",
       "unconstrained":0.1200189050147657
      }
    },
   "attributes":{
     "MG94xREV with separate rates for branch sets":{
       "attribute type":"branch length",
       "display order":1
      },
     "Nucleotide GTR":{
       "attribute type":"branch length",
       "display order":0
      },
     "original name":{
       "attribute type":"node label",
       "display order":0
      },
     "unconstrained":{
       "attribute type":"branch length",
       "display order":0
      }
    }
  },
 "data partitions":{
   "0":{
     "coverage":      [
[0, 1, 2, 3, 4, 5, 6, 7, 8, 9, 10, 11, 12, 13, 14, 15, 16, 17, 18, 19, 20, 21, 22, 23, 24, 25, 26, 27, 28, 29, 30, 31, 32, 33, 34, 35, 36, 37, 38, 39, 40, 41, 42, 43, 44, 45, 46] 
      ],
     "name":"busted.filter.default"
    }
  },
 "fits":{
   "MG94xREV with separate rates for branch sets":{
     "AIC-c":875.34503636362,