{
 "Evidence Ratios":{
  },
 "Site Log Likelihood":{
   "unconstrained":    [
[-5.441866294153984, -9.703463622436338, -10.95456483135907, -7.955958326642008, -10.802996183691, -11.63969505320388, -10.23143030717582, -13.07750014360298, -9.070271022647191, -13.55746133989709, -11.29035082271256, -14.60542432815292, -5.343772646667594, -6.220802136315727, -5.09537351881717, -10.12944654364571, -8.419998168003433, -4.988642341116851, -10.5842859318687, -5.199021108310421, -8.700832447912983, -8.100102807760619, -9.578127820624887, -3.927959652110502, -3.969655130691228, -4.458801267260035, -8.688027860866949, -9.150509626708898, -3.816969445766613, -11.81571339576334, -7.901041037237931, -5.199021108310421, -15.61757453037958, -4.902727325848211, -3.927665478074653, -4.279937272412103, -4.290527676366867, -4.287148940495216, -3.923856875258847, -3.996696638467845, -3.835219550817671, -4.568010209878119, -3.750817985278891, -3.982654672069326, -15.72281264258931, -5.621635151879726, -19.26303169919696, -9.89760177283282, -7.356695907000891, -5.319501733895247, -5.614379442123222, -11.23798784989021, -4.485698959536149, -5.107896226590748, -8.853726053460372, -8.122354187534659, -4.703663889824088, -7.481766897191773, -11.43375597189991, -5.408654551854879, -9.253525668165862, -8.136235622750119, -7.960337612804511, -10.28187906922773, -11.26262637280164, -12.59092524202455, -19.65198920045724, -8.516438521474258, -5.502588340245272, -14.79378491935014, -5.502588340245272, -5.451144979458666, -9.013666703101883, -5.176048617654956, -20.37456886129113, -13.21235388929639, -5.471048923481972, -9.440608137225958, -5.635472137914553, -18.56739931843141, -10.97857127325125, -15.26622309059666, -8.062102361834146, -9.301011478761382, -13.71566764532415, -9.237424098057275] 
    ]
  },
 "Synonymous site-posteriors":  [
[0.5164903734939911, 0.9999061324591858, 0.9999073694805832, 0.9999599120941008, 0.9999098086194571, 0.9998948330043531, 0.9997405483558586, 0.998972027079986, 0.9999809987273877, 0.9998444822461912, 0.9999206449840314, 0.9072770096763686, 0.6028249329194673, 0.9998570548717195, 0.5604284230168887, 0.9997684004283833, 0.9999908220125009, 0.5557216746177743, 0.99998620962211, 0.5311806069010211, 0.9999844364257701, 0.9999828819870672, 0.9999375391882672, 0.840950908014487, 0.8389921999255795, 0.8343659814152788, 0.9943289132476173, 0.9942136994842345, 0.8473841526106521, 0.9999779559743226, 0.9999660382917041, 0.5311806069010211, 0.9992628599058594, 0.685904492617575, 0.8617756786074953, 0.8617756786074954, 0.861775678607495, 0.8617756786074952, 0.861775678607495, 0.8623876117248122, 0.8620729677274347, 0.8617506822688934, 0.8621165218952805, 0.8619581472842299, 0.9942542738138961, 0.498822995788623, 0.9947569443823894, 0.9998194743448272, 0.9999924138541575, 0.5069070687137299, 0.4849033344108077, 0.9973900212402068, 0.7929236541848089, 0.7192944389724392, 0.9994853405265288, 0.9985652374085429, 0.7325344824253788, 0.9998961431871308, 0.9998686723816104, 0.5095903874439943, 0.9999889076799443, 0.9999974997298793, 0.9999976358557295, 0.9999608204587108, 0.9998653460979051, 0.999149999499175, 0.9833430750295375, 0.9999918615156831, 0.5045208275977755, 0.9991602132544014, 0.5045208275977755, 0.5271594533488593, 0.9999745524889144, 0.5369498056772666, 0.004881720999906303, 0.9998921841084942, 0.5161259289897123, 0.9999918632492224, 0.5086953526031445, 0.9923811102316299, 0.9997783504971728, 0.9909326915180516, 0.9999694966300275, 0.9999871561698342, 0.9989052229235896, 0.9777805637696412],
  [7.291787278441409e-07, 9.38675408142715e-05, 9.263051941685165e-05, 4.008790589918384e-05, 9.019138054283305e-05, 0.0001051669956468566, 0.0002594516441414081, 0.001027972920014066, 1.900127261239889e-05, 0.0001555177538088269, 7.935501596850762e-05, 0.0927229903236314, 1.587290054303784e-05, 0.0001429451282804237, 1.745535039684452e-06, 0.0002315995716165828, 9.17798749907627e-06, 2.064911157643609e-06, 1.379037788993855e-05, 1.407437566108428e-06, 1.556357422984871e-05, 1.711801293274304e-05, 6.24608117326426e-05, 0.0007631647200454083, 0.0006416936082483269, 0.0004261678556864261, 0.005671086752382755, 0.005786300515765458, 0.001297997309387067, 2.204402567729428e-05, 3.396170829598027e-05, 1.407437566108428e-06, 0.0007371400941404988, 3.181089953441483e-06, 0.01513759024497778, 0.01513759024497775, 0.01513759024497779, 0.01513759024497782, 0.01513759024497785, 0.01067978178057897, 0.008983512739604592, 0.007775832013046279, 0.009036920380193268, 0.008520148626036554, 0.005745726186103844, 5.997961198919095e-07, 0.005243055617610703, 0.0001805256551727793, 7.586145842453243e-06, 1.050189438621735e-06, 5.143314183224403e-07, 0.002609978759793189, 8.880355103116683e-05, 1.59465585653007e-05, 0.0005146594734711528, 0.00143476259145717, 2.75480242236522e-05, 0.0001038568128692633, 0.0001313276183896996, 7.60081649870846e-07, 1.109232005566583e-05, 2.500270120670466e-06, 2.364144270356022e-06, 3.91795412892464e-05, 0.0001346539020948604, 0.0008500005008250061, 0.01665692497046243, 8.138484316934189e-06, 6.968933552366005e-07, 0.000839786745598601, 6.968933552366005e-07, 8.334191548200004e-07, 2.544751108547933e-05, 1.362814688829149e-06, 0.9951182790000936, 0.0001078158915057402, 7.858824816819541e-07, 8.136750777640293e-06, 5.498980017762094e-07, 0.007618889768370009, 0.0002216495028273518, 0.009067308481948384, 3.050336997246181e-05, 1.284383016582099e-05, 0.00109477707641049, 0.02221943623035882],
  [0.4835088973272811, 0, 0, 0, 0, 0, 0, 0, 0, 0, 0, 0, 0.3971591941799896, 0, 0.4395698314480717, 0, 0, 0.4442762604710679, 0, 0.4688179856614127, 0, 0, 0, 0.1582859272654675, 0.1603661064661722, 0.1652078507290347, 0, 0, 0.1513178500799609, 0, 0, 0.4688179856614127, 0, 0.3140923262924715, 0.123086731147527, 0.1230867311475269, 0.1230867311475272, 0.123086731147527, 0.1230867311475271, 0.1269326064946088, 0.1289435195329607, 0.1304734857180603, 0.1288465577245261, 0.1295217040897336, 0, 0.5011764044152571, 0, 0, 0, 0.4930918810968314, 0.515096151257774, 0, 0.2069875422641598, 0.2806896144689955, 0, 0, 0.2674379695503975, 0, 0, 0.4904088524743558, 0, 0, 0, 0, 0, 0, 0, 0, 0.4954784755088691, 0, 0.4954784755088691, 0.4728397132319859, 0, 0.4630488315080447, 0, 0, 0.4838732851278059, 0, 0.4913040974988537, 0, 0, 0, 0, 0, 0, 0] 
  ],
 "analysis":{
   "authors":"Sergei L Kosakovsky Pond",
   "citation":"*Gene-wide identification of episodic selection*, Mol Biol Evol. 32(5):1365-71",
   "contact":"spond@temple.edu",
   "info":"BUSTED (branch-site unrestricted statistical test of episodic diversification) uses a random effects branch-site model fitted \njointly to all or a subset of tree branches in order to test for alignment-wide evidence of episodic diversifying selection. \nAssuming there is evidence of positive selection (i.e. there is an omega > 1),  BUSTED will also perform a quick evidence-ratio \nstyle analysis to explore which individual sites may have been subject to selection. v2.0 adds support for synonymous rate variation, \nand relaxes the test statistic to 0.5 (chi^2_0 + chi^2_2). Version 2.1 adds a grid search for the initial starting point.\nVersion 2.2 changes the grid search to LHC, and adds an initial search phase to use adaptive Nedler-Mead. Version 3.0 implements the option\nfor branch-site variation in synonymous substitution rates. Version 3.1 adds HMM auto-correlation option for SRV, and binds SRV distributions for multiple branch sets\n",
   "requirements":"in-frame codon alignment and a phylogenetic tree (optionally annotated with {})",
   "version":"3.1"
  },
 "background":0,
 "branch attributes":{
   "0":{
     "ENSGGOP00000004689":{
       "MG94xREV with separate rates for branch sets":0.02663467736739067,
       "Nucleotide GTR":0.02660267614396047,
       "original name":"ENSGGOP00000004689",
       "unconstrained":0.02331277381403858
      },