{
 "Evidence Ratios":{
  },
 "Site Log Likelihood":{
   "unconstrained":    [
[-4.31453902761852, -3.852194621632473, -8.759920725424111, -5.821365526599383, -7.365944809827643, -12.73162410761542, -3.150982189959437, -3.852194621632473, -11.78712323360673, -9.023123065130326, -14.54504737766758, -12.07242247884191, -5.631699901244144, -6.562401016993961, -15.57975829468909, -9.25198426349121, -10.4272915316263, -17.92251931515562, -10.3786788249852, -4.268712539773509, -3.535445421972963, -4.392520725903783, -16.54028594288241, -27.73694270095956, -20.54329561009031, -9.85699262250599, -4.268712539773509, -8.350367473700841, -10.44461422262723, -4.417202823547285, -13.88574917477884, -11.61214521993484, -4.681456554682214, -5.800313620038341, -15.04642892002262, -11.06989923766608, -3.535445421972963, -10.85031984998114, -7.211465639473568, -5.967322921131203, -10.07204277839545, -10.07204277839545, -7.486105455453586, -3.535445421972963, -11.30983159165865, -14.77557563055359, -18.77758542467575, -13.2164202182384, -4.237225500811617, -7.27499006105066, -4.268712539773509, -10.99224889515362, -14.01764260530285, -17.3755344260371, -12.13960616885193, -14.56718431770543, -11.35437729614897, -17.35304897806619, -7.856889063936904, -6.620791068353994, -6.171266473923012, -18.53580029317069, -12.03928210635025, -4.237225500811617, -6.083564182101369, -9.988429988740181, -7.180512219601372, -3.535445421972963, -4.268712539773509, -17.10804004971782, -7.990617368170121, -7.836219250415628, -12.85606727426294, -10.0505490482844, -10.7748409352876, -14.9997087268024, -8.802334709754492, -18.0089746317245, -10.5890954931392, -12.35616304873118, -19.56624609786855, -16.40797015909054, -13.32892032842048, -8.302872322671389, -18.64480740738268, -9.76178985517093, -4.478189845523913, -4.039233070846729, -4.877219269152117, -4.877219269152117, -4.110819148480018, -3.934222282013033, -10.04773952897077, -7.793148724527243, -8.675915893090611, -7.260490842919971, -4.480055859292851, -5.948975681341427] 
    ]
  },
 "Synonymous site-posteriors":  [
[0.796459070277744, 0.8132327344175592, 0.4664332012792979, 0.9409091818590406, 0.6551832545155497, 0.5750840652904204, 0.812447898666955, 0.8132327344175592, 0.5547320661096463, 0.6784436414940542, 0.1662660111213376, 0.8143027794297729, 0.9852944516659187, 0.9880899988066131, 0.2861802332058729, 0.6170195221594671, 0.8270204663049932, 0.07380465855305182, 0.928285602559175, 0.8078354984327947, 0.8967579331334428, 0.9124618485052667, 0.04207030058969801, 0.001474722476669611, 0.02041595806456297, 0.8300483734619774, 0.8078354984327947, 0.7173509156445949, 0.8873342348586447, 0.9556849505188175, 0.331601192609903, 0.8693637679298785, 0.9509794742922002, 0.9885217506233435, 0.6668524850642277, 0.4568361091353901, 0.8967579331334428, 0.9555182537230379, 0.825235482457676, 0.9931142675727758, 0.9710512561749235, 0.9710512561749235, 0.9223981141788214, 0.8967579331334428, 0.9823189328256535, 0.2828420269954272, 0.6893259597356013, 0.881595543316237, 0.8977418018433757, 0.633912522379433, 0.8078354984327947, 0.8799121318904293, 0.4945194499286842, 0.2439599843367615, 0.3088982144854541, 0.691133520517885, 0.5538309782403604, 0.04201715198951492, 0.6020602384148153, 0.9957107566063639, 0.7123106143253957, 0.2448407546413846, 0.8289304744379729, 0.8977418018433757, 0.9876988987885383, 0.8760305836612202, 0.8607312986678965, 0.8967579331334428, 0.8078354984327947, 0.2768294765112561, 0.9216670986113498, 0.9743495663003076, 0.9847554034917514, 0.2728475851574187, 0.9224627605031424, 0.1464342448197448, 0.9648653658571673, 0.218729008230166, 0.7749374615588156, 0.4109115762642862, 0.1136416375116091, 0.09875943909550443, 0.1180440586287891, 0.8111079341382137, 0.09938823702241953, 0.6529573123718105, 0.6787915499252553, 0.6787915499252553, 0.6787915499252563, 0.6787915499252563, 0.6787915499252558, 0.6787915499252558, 0.9205424876914448, 0.9445943587197934, 0.8023087281907997, 0.765906118476108, 0.8391784117148222, 0.9417595969379351],
  [0, 0, 0, 0, 0, 0, 0, 0, 0, 0, 0, 0, 0, 0, 0, 0, 0, 0, 0, 0, 0, 0, 0, 0, 0, 0, 0, 0, 0, 0, 0, 0, 0, 0, 0, 0, 0, 0, 0, 0, 0, 0, 0, 0, 0, 0, 0, 0, 0, 0, 0, 0, 0, 0, 0, 0, 0, 0, 0, 0, 0, 0, 0, 0, 0, 0, 0, 0, 0, 0, 0, 0, 0, 0, 0, 0, 0, 0, 0, 0, 0, 0, 0, 0, 0, 0, 0, 0, 0, 0, 0, 0, 0, 0, 0, 0, 0, 0],
  [0.203540929722256, 0.1867672655824409, 0.533566798720702, 0.05909081814095953, 0.3448167454844504, 0.4249159347095795, 0.187552101333045, 0.1867672655824409, 0.4452679338903537, 0.3215563585059458, 0.8337339888786623, 0.1856972205702273, 0.01470554833408138, 0.01191000119338695, 0.713819766794127, 0.382980477840533, 0.1729795336950068, 0.9261953414469482, 0.07171439744082501, 0.1921645015672054, 0.1032420668665573, 0.08753815149473324, 0.9579296994103019, 0.9985252775233303, 0.979584041935437, 0.1699516265380226, 0.1921645015672054, 0.2826490843554051, 0.1126657651413553, 0.04431504948118233, 0.6683988073900969, 0.1306362320701216, 0.04902052570779988, 0.01147824937665664, 0.3331475149357724, 0.5431638908646099, 0.1032420668665573, 0.04448174627696198, 0.1747645175423239, 0.006885732427224136, 0.02894874382507663, 0.02894874382507663, 0.07760188582117848, 0.1032420668665573, 0.01768106717434651, 0.7171579730045728, 0.3106740402643986, 0.118404456683763, 0.1022581981566242, 0.366087477620567, 0.1921645015672054, 0.1200878681095707, 0.5054805500713159, 0.7560400156632385, 0.6911017855145458, 0.3088664794821149, 0.4461690217596396, 0.9579828480104851, 0.3979397615851847, 0.004289243393636071, 0.2876893856746043, 0.7551592453586154, 0.1710695255620272, 0.1022581981566242, 0.0123011012114616, 0.1239694163387798, 0.1392687013321035, 0.1032420668665573, 0.1921645015672054, 0.723170523488744, 0.07833290138865021, 0.02565043369969234, 0.01524459650824859, 0.7271524148425812, 0.07753723949685752, 0.8535657551802551, 0.03513463414283276, 0.7812709917698341, 0.2250625384411844, 0.5890884237357138, 0.8863583624883909, 0.9012405609044954, 0.881955941371211, 0.1888920658617862, 0.9006117629775805, 0.3470426876281896, 0.3212084500747447, 0.3212084500747447, 0.3212084500747437, 0.3212084500747437, 0.3212084500747443, 0.3212084500747441, 0.07945751230855524, 0.05540564128020661, 0.1976912718092003, 0.234093881523892, 0.1608215882851778, 0.05824040306206484] 
  ],
 "analysis":{
   "authors":"Sergei L Kosakovsky Pond",
   "citation":"*Gene-wide identification of episodic selection*, Mol Biol Evol. 32(5):1365-71",
   "contact":"spond@temple.edu",
   "info":"BUSTED (branch-site unrestricted statistical test of episodic diversification) uses a random effects branch-site model fitted \njointly to all or a subset of tree branches in order to test for alignment-wide evidence of episodic diversifying selection. \nAssuming there is evidence of positive selection (i.e. there is an omega > 1),  BUSTED will also perform a quick evidence-ratio \nstyle analysis to explore which individual sites may have been subject to selection. v2.0 adds support for synonymous rate variation, \nand relaxes the test statistic to 0.5 (chi^2_0 + chi^2_2). Version 2.1 adds a grid search for the initial starting point.\nVersion 2.2 changes the grid search to LHC, and adds an initial search phase to use adaptive Nedler-Mead. Version 3.0 implements the option\nfor branch-site variation in synonymous substitution rates. Version 3.1 adds HMM auto-correlation option for SRV, and binds SRV distributions for multiple branch sets\n",
   "requirements":"in-frame codon alignment and a phylogenetic tree (optionally annotated with {})",
   "version":"3.1"
  },
 "background":0,
 "branch attributes":{
   "0":{
     "AC007228_1_HUMAN":{
       "MG94xREV with separate rates for branch sets":0.007203268953506494,
       "Nucleotide GTR":0.009539345487364483,
       "original name":"AC007228.1_HUMAN",
       "unconstrained":0.0064884208958182
      },
     "ENSCPOP00000014477":{
       "MG94xREV with separate rates for branch sets":0.1653394015934344,