{
 "Evidence Ratios":{
  },
 "Site Log Likelihood":{
   "unconstrained":    [
[-11.20037799886038, -6.141298806172514, -5.252856637542378, -4.123745166682755, -8.967365937070168, -6.627865012760989, -7.642698153761365, -5.653372853800713, -9.897883510429246, -8.395409394120879, -12.46667520187063, -4.701816134094057, -4.701816134094057, -9.804312562612006, -9.068742093712748, -7.956985109660678, -11.48601613475133, -4.59268925559156, -11.54827011117019, -9.759405748272217, -17.15462126893646, -6.495278520294056, -13.14785695884676, -11.55261368868524, -9.743352866404035, -13.40190603189328, -4.619514915544469, -4.619514915544469, -9.826588770412622, -11.97245056591186, -8.747469120452902, -5.146712781715929, -8.994153548688288, -4.701816134094057, -11.0383343778129, -7.593250928952166, -12.8769399720745, -4.95660390829522, -12.30330878875995, -15.89342970468368, -5.522439087507433, -19.12677606200138, -12.60207544337715, -13.46675994920157, -17.31202224930074, -17.57763751836404, -10.75485973934213, -9.169523240596456, -14.14040648262665, -9.584687328334244, -10.03646081092341, -8.960259031189093, -10.51027927954904, -10.28015007510615, -10.40613408773246, -8.175049193297534, -16.20735604616799, -8.221183031745971, -15.61620298956333, -13.52845026136857, -9.694497391724051, -14.21417841822316, -17.87373148873516, -13.58038264370481, -7.310788070533739, -8.737942475981304, -8.164505075385639, -6.572040183232907, -9.111452419598928, -9.302265193802246, -10.10195197291834] 
    ]
  },
 "Synonymous site-posteriors":  [
[0.3272216790865733, 0.7276752431541881, 0.7658238584224398, 0.6352998409579182, 0.7048309908012652, 0.8613549493634627, 0.8816016813197912, 0.8329989458059895, 0.6092910868054455, 0.7229486406652222, 0.5180923520656152, 0.6556288208307156, 0.6556288208307156, 0.1555441856139398, 0.3843450083863797, 0.354427156599141, 0.3624331634143175, 0.7333676597635314, 0.2585398022105554, 0.2270841094648873, 0.01568492980130294, 0.602711318998985, 0.1095262929474139, 0.117969133094999, 0.4018884319334007, 0.6050845620457616, 0.6636886158000893, 0.6636886158000893, 0.2425193973177013, 0.1607335551300389, 0.4108322998720784, 0.7638262515467857, 0.5895906138887546, 0.6556288208307156, 0.6415737977360294, 0.6556411655904862, 0.2272201164567661, 0.7385877018505734, 0.2208787766576967, 0.07633627491201332, 0.7631417990772305, 0.05087781435530602, 0.07554696086515993, 0.1322921651886787, 0.03612367960612422, 0.01924537060163552, 0.6427330306976664, 0.5642186904590052, 0.1870941787654156, 0.7141155135257093, 0.2397696134425941, 0.2213679618147762, 0.3855187540416984, 0.5466966129084637, 0.1778515982811269, 0.8490463399980011, 0.04269623323773006, 0.3333080845441008, 0.09705548595632291, 0.03773438927702578, 0.7048277430515588, 0.4249423605643535, 0.2447023624758807, 0.1226166053265703, 0.5388462224621444, 0.819674897646226, 0.5850530386879613, 0.8655464036635824, 0.3493989635051613, 0.3301397959693251, 0.367412532089556],
  [0.6727783209134266, 0.2723247568458119, 0.2341761415775602, 0.3647001590420819, 0.2951690091987347, 0.1386450506365372, 0.1183983186802089, 0.1670010541940105, 0.3907089131945545, 0.2770513593347776, 0.4819076479343848, 0.3443711791692843, 0.3443711791692843, 0.8444558143860601, 0.6156549916136203, 0.645572843400859, 0.6375668365856825, 0.2666323402364686, 0.7414601977894445, 0.7729158905351128, 0.984315070198697, 0.3972886810010149, 0.8904737070525861, 0.8820308669050011, 0.5981115680665995, 0.3949154379542385, 0.3363113841999107, 0.3363113841999107, 0.7574806026822988, 0.8392664448699612, 0.5891677001279215, 0.2361737484532144, 0.4104093861112454, 0.3443711791692843, 0.3584262022639705, 0.3443588344095138, 0.7727798835432339, 0.2614122981494265, 0.7791212233423034, 0.9236637250879866, 0.2368582009227696, 0.9491221856446939, 0.9244530391348402, 0.8677078348113214, 0.9638763203938757, 0.9807546293983644, 0.3572669693023336, 0.4357813095409948, 0.8129058212345843, 0.2858844864742907, 0.7602303865574058, 0.7786320381852238, 0.6144812459583014, 0.4533033870915363, 0.822148401718873, 0.150953660001999, 0.9573037667622699, 0.6666919154558991, 0.902944514043677, 0.9622656107229742, 0.2951722569484413, 0.5750576394356464, 0.7552976375241193, 0.8773833946734297, 0.4611537775378555, 0.1803251023537741, 0.4149469613120387, 0.1344535963364177, 0.6506010364948387, 0.6698602040306748, 0.632587467910444],
  [0, 0, 0, 0, 0, 0, 0, 0, 0, 0, 0, 0, 0, 0, 0, 0, 0, 0, 0, 0, 0, 0, 0, 0, 0, 0, 0, 0, 0, 0, 0, 0, 0, 0, 0, 0, 0, 0, 0, 0, 0, 0, 0, 0, 0, 0, 0, 0, 0, 0, 0, 0, 0, 0, 0, 0, 0, 0, 0, 0, 0, 0, 0, 0, 0, 0, 0, 0, 0, 0, 0] 
  ],
 "analysis":{
   "authors":"Sergei L Kosakovsky Pond",
   "citation":"*Gene-wide identification of episodic selection*, Mol Biol Evol. 32(5):1365-71",
   "contact":"spond@temple.edu",
   "info":"BUSTED (branch-site unrestricted statistical test of episodic diversification) uses a random effects branch-site model fitted \njointly to all or a subset of tree branches in order to test for alignment-wide evidence of episodic diversifying selection. \nAssuming there is evidence of positive selection (i.e. there is an omega > 1),  BUSTED will also perform a quick evidence-ratio \nstyle analysis to explore which individual sites may have been subject to selection. v2.0 adds support for synonymous rate variation, \nand relaxes the test statistic to 0.5 (chi^2_0 + chi^2_2). Version 2.1 adds a grid search for the initial starting point.\nVersion 2.2 changes the grid search to LHC, and adds an initial search phase to use adaptive Nedler-Mead. Version 3.0 implements the option\nfor branch-site variation in synonymous substitution rates. Version 3.1 adds HMM auto-correlation option for SRV, and binds SRV distributions for multiple branch sets\n",
   "requirements":"in-frame codon alignment and a phylogenetic tree (optionally annotated with {})",
   "version":"3.1"
  },
 "background":0,
 "branch attributes":{
   "0":{
     "ENSCHOP00000004838":{
       "MG94xREV with separate rates for branch sets":0.03350657311632337,
       "Nucleotide GTR":0.02931158901939272,
       "original name":"ENSCHOP00000004838",
       "unconstrained":0.03631090698005801
      },
     "ENSDNOP00000002582":{
       "MG94xREV with separate rates for branch sets":0.04132808396869828,
       "Nucleotide GTR":0.03444105177199885,
       "original name":"ENSDNOP00000002582",
       "unconstrained":0.04398104959173239
      },
     "ENSDNOP00000014547":{
       "MG94xREV with separate rates for branch sets":0.02916473914449047,
       "Nucleotide GTR":0.02463254505447874,
       "original name":"ENSDNOP00000014547",
       "unconstrained":0.0320349744691236
      },
     "ENSGMOP00000004681":{
       "MG94xREV with separate rates for branch sets":0.2645775554624841,
       "Nucleotide GTR":0.1336508822430531,
       "original name":"ENSGMOP00000004681",
       "unconstrained":0.3763739887737219
      },
     "ENSMICP00000010405":{
       "MG94xREV with separate rates for branch sets":0.03132756502777186,
       "Nucleotide GTR":0.03079540779440932,
       "original name":"ENSMICP00000010405",
       "unconstrained":0.03250480633859039
      },
     "ENSPCAP00000012909":{
       "MG94xREV with separate rates for branch sets":0.03478924024810452,
       "Nucleotide GTR":0.02870902604922477,
       "original name":"ENSPCAP00000012909",
       "unconstrained":0.03762169594538139
      },
     "ENSPVAP00000004491":{
       "MG94xREV with separate rates for branch sets":0.009899565595860563,
       "Nucleotide GTR":0.00970083341404555,
       "original name":"ENSPVAP00000004491",
       "unconstrained":0.01005855615634121
      },
     "NODE_10":{
       "MG94xREV with separate rates for branch sets":0.6161119725041173,
       "Nucleotide GTR":0.2852695791020686,
       "unconstrained":0.8628628018340943
      },
     "NODE_5":{
       "MG94xREV with separate rates for branch sets":0.2411371551543362,
       "Nucleotide GTR":0.1164897960783315,