{
 "Evidence Ratios":{
  },
 "Site Log Likelihood":{
   "unconstrained":    [
[-4.561414011206957, -10.64340591815881, -11.03299760064272, -10.0247521945014, -5.663749147795249, -11.38698286813514, -8.41029633889641, -11.23009449343135, -13.89944132602236, -8.290399119442043, -11.26004873158882, -10.77228005503228, -4.897203658886767, -7.66508381329285, -13.65397423134633, -7.308568225908583, -8.415464020766109, -4.547777358557393, -10.78540980049245, -8.749104774690196, -16.05414220955533, -8.927348754625362, -9.556047131553795, -11.41201995703478, -4.787645204120031, -7.18742810625423, -13.12343798914607, -14.0787717701577, -9.120258366451914, -4.752761250009335, -13.87890554023889, -5.686330120198027, -15.69345720735948, -19.91706359616055, -10.93902225425881, -14.49380322951645, -4.6084596180176, -13.42938346246719, -4.968771786027881, -5.546311097042047, -7.662151043472815, -13.93145388875779, -8.749104774690196, -17.05922118065125, -7.917149058026767, -16.7271511440321, -5.453749238549815, -4.951353892988099, -12.54475249769326, -4.980057251192082, -6.095934114783511, -7.413179865613565, -23.07295540397415, -17.02830230299335, -4.787645204120031, -11.06965696693983, -5.755349639277432, -11.32519988751307, -5.100629848309207, -5.402111523293433, -15.8066785816334, -10.27825020243226, -4.597361030112051, -4.712035753756268, -5.189333022746037, -15.56881372291577, -5.231725694501154, -10.69360885031642, -5.253324623390179, -15.5723212122961, -5.144643642921759, -8.780786567967546, -4.023710072083927, -9.099990872953679, -4.607137013709438, -4.868092795761991, -4.635020110111901, -4.590584724136773, -3.794482015163346, -4.067323575340212, -3.939827780691389, -4.265822462923553, -4.457350710547014, -10.84139648730812, -6.082727204331206, -11.92800661294139, -9.854009517918625, -5.000517381844171, -4.712035753756268, -11.75090266427639, -4.597361030112051, -14.87971857673071, -10.31613599470098, -5.102330406074171, -11.37528420978564, -9.073224471243641] 
    ]
  },
 "Synonymous site-posteriors":  [
[0.5300918417947937, 0, 0, 0, 0.719768143836613, 0, 0, 0, 0, 0, 0, 0, 0.6770905781288078, 0, 0, 0, 0, 0.5923858951454222, 0, 0, 0, 0, 0, 0, 0.5888520350646681, 0, 0, 0, 0, 0.5840446453721385, 0, 0.7364664473371031, 0, 0, 0, 0, 0.5556262659827578, 0, 0.6622284587437679, 0.7738085340702107, 0, 0, 0, 0, 0, 0, 0.7244403495483782, 0.5154152919617143, 0, 0.6296630488343954, 0.6509809093352771, 0, 0, 0, 0.5888520350646681, 0, 0.7401395202017771, 0, 0.7108169449974781, 0.7084947810527891, 0, 0, 0.6224989514903551, 0.6158568286289962, 0.6369041811379795, 0, 0.6134444656756803, 0, 0.6199110218319173, 0, 0.6800355044197586, 0, 0.2309205689659787, 0, 0.5066084474295837, 0.5143186497510638, 0.4743089602971929, 0.2309205689659788, 0.2309205689659786, 0.2309205689659787, 0.2309205689659787, 0.2309205689659784, 0.5556088279863117, 0, 0.7837780349865476, 0, 0, 0.6429060050636408, 0.6158568286289962, 0, 0.6224989514903551, 0, 0, 0.583450199675646, 0, 0],
  [0.4699081582052063, 1, 1, 1, 0.280231856163387, 1, 1, 1, 1, 1, 0.9999999999999999, 0.9999999999999999, 0.3229094218711922, 0.9999999999999999, 1, 1, 1, 0.4076141048545779, 0.9999999999999999, 1, 1, 1, 1, 1, 0.411147964935332, 1, 1, 1, 1, 0.4159553546278615, 1, 0.2635335526628969, 1, 1, 1, 1, 0.4443737340172423, 1, 0.337771541256232, 0.2261914659297893, 1, 1, 1, 1, 1, 1, 0.2755596504516218, 0.4845847080382856, 0.9999999999999999, 0.3703369511656046, 0.3490190906647229, 1, 1, 0.9999999999999999, 0.411147964935332, 1, 0.2598604797982229, 1, 0.2891830550025219, 0.291505218947211, 1, 0.9999999999999999, 0.3775010485096449, 0.384143171371004, 0.3630958188620204, 1, 0.3865555343243195, 1, 0.3800889781680827, 0.9999999999999999, 0.3199644955802413, 1, 0.7690794310340212, 1, 0.4933915525704163, 0.4856813502489363, 0.5256910397028071, 0.7690794310340211, 0.7690794310340214, 0.7690794310340213, 0.7690794310340213, 0.7690794310340214, 0.4443911720136882, 1, 0.2162219650134524, 0.9999999999999999, 1, 0.3570939949363593, 0.384143171371004, 1, 0.3775010485096449, 1, 1, 0.416549800324354, 1, 1],
  [0, 0, 0, 0, 0, 0, 0, 0, 0, 0, 0, 0, 0, 0, 0, 0, 0, 0, 0, 0, 0, 0, 0, 0, 0, 0, 0, 0, 0, 0, 0, 0, 0, 0, 0, 0, 0, 0, 0, 0, 0, 0, 0, 0, 0, 0, 0, 0, 0, 0, 0, 0, 0, 0, 0, 0, 0, 0, 0, 0, 0, 0, 0, 0, 0, 0, 0, 0, 0, 0, 0, 0, 0, 0, 0, 0, 0, 0, 0, 0, 0, 0, 0, 0, 0, 0, 0, 0, 0, 0, 0, 0, 0, 0, 0, 0] 
  ],
 "analysis":{
   "authors":"Sergei L Kosakovsky Pond",
   "citation":"*Gene-wide identification of episodic selection*, Mol Biol Evol. 32(5):1365-71",
   "contact":"spond@temple.edu",
   "info":"BUSTED (branch-site unrestricted statistical test of episodic diversification) uses a random effects branch-site model fitted \njointly to all or a subset of tree branches in order to test for alignment-wide evidence of episodic diversifying selection. \nAssuming there is evidence of positive selection (i.e. there is an omega > 1),  BUSTED will also perform a quick evidence-ratio \nstyle analysis to explore which individual sites may have been subject to selection. v2.0 adds support for synonymous rate variation, \nand relaxes the test statistic to 0.5 (chi^2_0 + chi^2_2). Version 2.1 adds a grid search for the initial starting point.\nVersion 2.2 changes the grid search to LHC, and adds an initial search phase to use adaptive Nedler-Mead. Version 3.0 implements the option\nfor branch-site variation in synonymous substitution rates. Version 3.1 adds HMM auto-correlation option for SRV, and binds SRV distributions for multiple branch sets\n",
   "requirements":"in-frame codon alignment and a phylogenetic tree (optionally annotated with {})",
   "version":"3.1"
  },
 "background":0,
 "branch attributes":{
   "0":{
     "ENSETEP00000009797":{
       "MG94xREV with separate rates for branch sets":0.1972418410248201,
       "Nucleotide GTR":0.1944404152155532,
       "original name":"ENSETEP00000009797",
       "unconstrained":0.2130946354621453
      },
     "ENSMICP00000011992":{
       "MG94xREV with separate rates for branch sets":0.03273636108592282,
       "Nucleotide GTR":0.0314644113255502,
       "original name":"ENSMICP00000011992",
       "unconstrained":0.03384835162963819
      },
     "ENSPPYP00000009606":{
       "MG94xREV with separate rates for branch sets":0.07154396305926554,
       "Nucleotide GTR":0.07187205416356911,
       "original name":"ENSPPYP00000009606",
       "unconstrained":0.0759513847959223
      },
     "ENSTBEP00000006587":{
       "MG94xREV with separate rates for branch sets":0.04381046060854519,
       "Nucleotide GTR":0.04392318504733186,
       "original name":"ENSTBEP00000006587",
       "unconstrained":0.04660510528381491
      },
     "ENSTTRP00000008839":{
       "MG94xREV with separate rates for branch sets":0.03510933482354003,
       "Nucleotide GTR":0.03661566040718034,
       "original name":"ENSTTRP00000008839",
       "unconstrained":0.03579453708210795
      },
     "ENSVPAP00000000183":{
       "MG94xREV with separate rates for branch sets":0.0512531171301386,
       "Nucleotide GTR":0.04917144553568367,
       "original name":"ENSVPAP00000000183",
       "unconstrained":0.05310989628670777
      },
     "NODE_3":{
       "MG94xREV with separate rates for branch sets":0.0143295129646863,
       "Nucleotide GTR":0.01426164779158538,
       "unconstrained":0.01351733257681875
      },
     "NODE_5":{
       "MG94xREV with separate rates for branch sets":0.01234481314614966,
       "Nucleotide GTR":0.01160385491677922,
       "unconstrained":0.01303690617823449
      },
     "NODE_8":{
       "MG94xREV with separate rates for branch sets":0.008889593164136698,
       "Nucleotide GTR":0.008585327546155166,
       "unconstrained":0.007289610049531714
      }
    },
   "attributes":{
     "MG94xREV with separate rates for branch sets":{
       "attribute type":"branch length",
       "display order":1
      },
     "Nucleotide GTR":{
       "attribute type":"branch length",
       "display order":0
      },