{
 "Evidence Ratios":{
   "constrained":    [
[0.8791292017859637, 0.9027855243739618, 0.9113142685114769, 0.9113142685114769, 0.8867388199642896, 0.8940615873688346, 0.8881337901578623, 0.905763430856135, 0.9106936649446608, 0.9047470204343594, 0.9047470204343594, 0.9227989837346116, 0.8879980661281116, 134.6384742120369, 0.9032840084963522, 94.57240411340497, 0.9176599781656387, 0.8875853909703141, 0.9084485740039209, 0.9032840084963522, 0.9106936649446608, 0.9027855243739618, 0.8672207416077927, 0.8728406754852343, 0.8966820085512534, 0.8666777092870832, 0.8596515310037528, 0.871488920739959, 71.97549145392526, 0.8720913149441325, 0.8690350385387959, 0.8666366195877944, 0.7687788380794248, 0.856600225360177, 0.8746796551646302, 0.8572214606192972, 0.8524850805227328, 0.7376077210062226, 0.8827508996285691, 0.8596515310037528, 0.8824566150474753, 0.8597641011980578, 0.8760302742406644, 0.8835143286082801, 67.11207441829146, 0.8573334990367089, 0.8760302742406644, 0.8782501964209964, 88.2627996333014, 0.8728152646594376, 6850.666271277212, 11095.66922449223, 0.8827508996285691, 0.990502007097274] 
    ],
   "optimized null":    [
[1.043491191864443, 1.027781759686935, 1.017108407682317, 1.017108407682317, 1.028186283555976, 1.033210813502044, 1.001969351060765, 1.027640272959064, 1.120665700897502, 1.012133954485215, 1.012133954485215, 1.020970409981349, 1.032278663563075, 1.769475970592491, 1.081278028657862, 2.390343310517863, 1.051818314134995, 1.063795342244224, 1.035813970850308, 1.081278028657862, 1.120665700897502, 1.027781759686935, 0.9906954520562368, 0.9631707617100662, 1.36702119061752, 0.9607764210574364, 0.9877837887388198, 0.9481792874845545, 1.375920992138798, 0.9847568274636791, 0.99530571975862, 0.9382997764370752, 0.8395098624089133, 0.9934693255713297, 0.9797614785325899, 0.9629452561117499, 0.9626910168636168, 0.9768068817545669, 0.9368154070606827, 0.9877837887388198, 1.47474112908412, 0.955128357116881, 0.9793865146328341, 1.827406141640411, 1.593292120447612, 0.9891794048964667, 0.9793865146328341, 0.9798721958441091, 1.608676984180619, 0.9635984712830313, 4.45347051078294, 6.096081678349298, 0.9368154070606827, 1.022470185543883] 
    ]
  },
 "Site Log Likelihood":{
   "constrained":    [
[-4.024303735243263, -3.291845660921792, -2.847024457534476, -2.847024457534476, -3.987613297690268, -4.061337609305196, -3.224788060209054, -3.145866407630019, -4.216636151986441, -3.265618272202702, -3.265618272202702, -3.183568129672737, -4.285192538714054, -15.86334226125503, -4.976158644983649, -14.7682420313642, -4.10430831014671, -4.89007168386111, -2.93802947075022, -4.976158644983649, -4.216636151986441, -3.291845660921792, -5.196431917802451, -4.529632164292328, -6.187536834404126, -3.790212693413156, -3.317422446157552, -3.314389319477149, -13.11621039683243, -3.988382079095164, -3.409869015778441, -4.499938053967433, -8.210660687947703, -4.228053974607804, -3.629018766581467, -5.131350924441242, -4.240796706148227, -8.356314745403013, -3.33123079910844, -3.317422446157552, -6.30400953142805, -4.652015997047511, -2.953279447558669, -6.475476063626132, -13.93636506331256, -4.133231282236187, -2.953279447558669, -4.15531975136328, -15.27619666414675, -4.529635974217856, -20.57203007184283, -22.35152056208921, -3.33123079910844, -5.283671076898963] 
    ],
   "optimized null":    [
[-4.195699146644948, -3.421518777704622, -2.956855634765112, -2.956855634765112, -4.135614451277317, -4.205989474026924, -3.345388357386753, -3.272108705276034, -4.424107737204324, -3.377779110191636, -3.377779110191636, -3.284665540993937, -4.435746905932255, -11.531432484728, -5.156020604777634, -11.09031330933284, -4.240757055481679, -5.071165255847711, -3.069234031784761, -5.156020604777634, -4.424107737204324, -3.421518777704622, -5.329545542829195, -4.62810984614253, -6.609224878867091, -3.893287246184694, -3.456359172022153, -3.398729773653705, -9.15900805159653, -4.109882676718087, -3.545535516801878, -4.579387777965542, -8.298675580986135, -4.376285832738035, -3.742470208429356, -5.247651188381355, -4.36237350354742, -8.637191573448751, -3.390674003806387, -3.456359172022153, -6.817537652913662, -4.75720368316696, -3.064805167748664, -7.20222138541344, -10.19580348057491, -4.276280007740582, -3.064805167748664, -4.264810387323141, -11.27129003273217, -4.628586734828957, -13.23361256172219, -14.84485662785057, -3.390674003806387, -5.315435913514387] 
    ],
   "unconstrained":    [
[-4.15312714009951, -3.394115929234022, -2.939891927821758, -2.939891927821758, -4.107818090976034, -4.173318225812292, -3.343420942955603, -3.244843528510658, -4.310184852667314, -3.365718181993871, -3.365718181993871, -3.263911983640438, -4.403978252490051, -10.96074904378936, -5.077876903391525, -10.21887630913717, -4.190236661276292, -5.009322230944241, -3.034046468887467, -5.077876903391525, -4.310184852667314, -3.394115929234022, -5.338893648479569, -4.6656344063983, -6.2965908196964, -3.933300795649906, -3.468650614513687, -3.451941446442947, -8.839884732237664, -4.125243220678342, -3.550240849780078, -4.643073567915505, -8.47361263556386, -4.382837925321877, -3.762916334623305, -5.285409904417214, -4.400396276978934, -8.660657884455928, -3.45594302416216, -3.468650614513687, -6.429055184230489, -4.803113225341967, -3.085634076566123, -6.599323832974052, -9.730001088902037, -4.287159571251288, -3.085634076566123, -4.285143515549068, -10.79587794051269, -4.665667329535904, -11.73992887943669, -13.03721041087664, -3.45594302416216, -5.293214463396971] 
    ]
  },
 "Synonymous site-posteriors":  [
[1, 1, 1, 1, 1, 1, 1, 1, 1, 1, 1, 1, 1, 1, 1, 1, 0.9999999999999999, 1, 0.9999999999999999, 1, 1, 1, 0.9999999999999999, 1, 1, 1, 0.9999999999999999, 1, 1, 1, 1, 1, 1, 1, 1, 0.9999999999999999, 0.9999999999999999, 1, 1, 0.9999999999999999, 1, 1, 1, 1, 1, 0.9999999999999999, 1, 0.9999999999999999, 0.9999999999999999, 1, 1, 1, 1, 1],
  [0, 0, 0, 0, 0, 0, 0, 0, 0, 0, 0, 0, 0, 0, 0, 0, 0, 0, 0, 0, 0, 0, 0, 0, 0, 0, 0, 0, 0, 0, 0, 0, 0, 0, 0, 0, 0, 0, 0, 0, 0, 0, 0, 0, 0, 0, 0, 0, 0, 0, 0, 0, 0, 0],
  [0, 0, 0, 0, 0, 0, 0, 0, 0, 0, 0, 0, 0, 0, 0, 0, 0, 0, 0, 0, 0, 0, 0, 0, 0, 0, 0, 0, 0, 0, 0, 0, 0, 0, 0, 0, 0, 0, 0, 0, 0, 0, 0, 0, 0, 0, 0, 0, 0, 0, 0, 0, 0, 0] 
  ],
 "analysis":{
   "authors":"Sergei L Kosakovsky Pond",
   "citation":"*Gene-wide identification of episodic selection*, Mol Biol Evol. 32(5):1365-71",
   "contact":"spond@temple.edu",
   "info":"BUSTED (branch-site unrestricted statistical test of episodic diversification) uses a random effects branch-site model fitted \njointly to all or a subset of tree branches in order to test for alignment-wide evidence of episodic diversifying selection. \nAssuming there is evidence of positive selection (i.e. there is an omega > 1),  BUSTED will also perform a quick evidence-ratio \nstyle analysis to explore which individual sites may have been subject to selection. v2.0 adds support for synonymous rate variation, \nand relaxes the test statistic to 0.5 (chi^2_0 + chi^2_2). Version 2.1 adds a grid search for the initial starting point.\nVersion 2.2 changes the grid search to LHC, and adds an initial search phase to use adaptive Nedler-Mead. Version 3.0 implements the option\nfor branch-site variation in synonymous substitution rates. Version 3.1 adds HMM auto-correlation option for SRV, and binds SRV distributions for multiple branch sets\n",
   "requirements":"in-frame codon alignment and a phylogenetic tree (optionally annotated with {})",
   "version":"3.1"
  },
 "background":0,
 "branch attributes":{
   "0":{
     "DLEU2L_CALJA":{
       "MG94xREV with separate rates for branch sets":0.05731202119909486,
       "Nucleotide GTR":0.05507968025528473,
       "constrained":0.1009181249690075,
       "original name":"DLEU2L_CALJA",
       "unconstrained":3.490410968085397
      },
     "DLEU2L_GGOR":{
       "MG94xREV with separate rates for branch sets":0.006197200190208411,
       "Nucleotide GTR":0.006053724646031987,