{
 "Evidence Ratios":{
  },
 "Site Log Likelihood":{
   "unconstrained":    [
[-6.773681189116592, -22.27789537389801, -45.27067101576965, -30.57183127961843, -16.49054644829598, -42.68593798059374, -22.96448875512367, -14.23277623542016, -16.11561641151337, -25.13176225732467, -9.52377511869582, -32.21838985696147, -19.84576372595619, -23.23900985754473, -17.89618332018404, -10.17313515214884, -10.16624154411344, -31.80154471726562, -11.94776765943785, -25.65530828244482, -27.50690443447044, -44.89125849150861, -20.03162922853797, -6.617262082439616, -34.96832165337712, -52.35626196762069, -30.59075495858692, -16.09479051468353, -36.1822116620306, -13.41144497894317, -18.76259820915027, -26.98494914828954, -25.1120619529153, -39.18237338788069, -8.869193525917677, -13.91393311660662, -6.773118765369555, -3.68082026593363, -5.074358335021277, -3.992763210633211, -3.948891301839552, -3.278588101134988, -3.948891301839552, -4.151360621591664, -3.992763210633211, -3.278588101134988, -3.948891301839552, -3.437185512093439, -3.828042667917101, -3.821999847301734, -3.68082026593363, -4.814631823614882, -3.68082026593363, -4.78274633776735, -3.992763210633211, -3.948891301839552, -4.602918800367261, -3.278588101134988, -4.151360621591664, -3.992763210633211, -4.438198257651151, -4.492303048006299, -3.43718551209344, -3.701151213379283, -4.438198257651151, -4.981610003817899, -4.814631823614882, -3.821999847301735, -4.602918800367261, -4.316980343303755] 
    ]
  },
 "Synonymous site-posteriors":  [
[0.07633894682371539, 0.9655164476348931, 0.02824582987915276, 0.7900708359466578, 0.4360188476290219, 0.01747065088552154, 0.5910161838223578, 0.4159209280897978, 0.4506511009486436, 0.9625358189346964, 0.1424962054504989, 0.91291754047326, 0.9076884930979845, 0.9565725193489247, 0.8740298929894987, 0.1012542087041481, 0.1463688244528465, 0.9386993718521658, 0.02077415428564664, 0.8367963834269498, 0.961661119111764, 0.00757335255618101, 0.8903985906562554, 0.007904661671730219, 0.1112836133763459, 0.03327142162400448, 0.8700713160383614, 0.8742864224136159, 0.9447601725195126, 0.1773310885389526, 0.9005351918339692, 0.9689880543038094, 0.9894877164499718, 0.9192588263626842, 0.110872085455477, 0.3680280476719067, 0.06040796837002661, 0.5339126714752623, 0.5339126714752617, 0.5339126714752623, 0.5339126714752617, 0.5339126714752622, 0.5339126714752617, 0.5339126714752614, 0.5339126714752623, 0.5339126714752622, 0.5339126714752617, 0.5339126714752628, 0.5339126714752624, 0.5339126714752629, 0.5339126714752623, 0.5339126714752626, 0.5339126714752623, 0.533912671475262, 0.5339126714752623, 0.5339126714752619, 0.5339126714752622, 0.5339126714752624, 0.5339126714752617, 0.5339126714752623, 0.5339126714752619, 0.5339126714752618, 0.5339126714752622, 0.5339126714752626, 0.5339126714752619, 0.5339126714752618, 0.5339126714752629, 0.5339126714752628, 0.5339126714752622, 0.5339126714752619],
  [9.297214180977552e-06, 0.01119065442699331, 0.9717541177749888, 0.20923306921621, 0.0001336857910996608, 0.9825293429497457, 1.364027204556204e-05, 4.71568452825937e-05, 0.0006652661140475953, 0.01822708909268883, 4.795606958087344e-05, 0.0832789718580652, 0.0004074759507601319, 0.029471420125914, 0.005390905759755032, 1.283233381114751e-05, 5.466285015660723e-05, 0.04761664789914512, 6.971552322628446e-08, 0.0001220815438495504, 0.03649938696362612, 0.9924266463957582, 0.008359745542859136, 3.068235674850913e-08, 0.8887133032993766, 0.9667285099406038, 0.1298177283023874, 0.004893768719900637, 0.05470928779671362, 1.345756817267516e-05, 0.002803592216308625, 0.02447813810805323, 0.006228261825581121, 0.08067132413794628, 1.862793049861978e-05, 0.0002238138999820623, 4.89711253088893e-06, 0.1505609327333872, 0.1505609327333872, 0.1505609327333874, 0.1505609327333872, 0.1505609327333871, 0.1505609327333872, 0.1505609327333873, 0.1505609327333874, 0.1505609327333871, 0.1505609327333872, 0.150560932733387, 0.1505609327333868, 0.1505609327333869, 0.1505609327333872, 0.150560932733387, 0.1505609327333872, 0.1505609327333874, 0.1505609327333875, 0.1505609327333871, 0.1505609327333879, 0.1505609327333871, 0.1505609327333876, 0.1505609327333875, 0.1505609327333879, 0.1505609327333872, 0.1505609327333872, 0.150560932733387, 0.1505609327333879, 0.1505609327333878, 0.150560932733387, 0.1505609327333871, 0.1505609327333879, 0.1505609327333872],
  [0.9236517559621035, 0.02329289793811362, 5.234585858676213e-08, 0.0006960948371322055, 0.5638474665798785, 6.164732728086175e-09, 0.4089701759055966, 0.5840319150649196, 0.5486836329373089, 0.01923709197261481, 0.8574558384799201, 0.003803487668674758, 0.09190403095125538, 0.01395606052516126, 0.1205792012507463, 0.8987329589620408, 0.8535765126969969, 0.01368398024868902, 0.9792257759988301, 0.1630815350292007, 0.001839493924609947, 1.048060776318126e-09, 0.1012416638008856, 0.992095307645913, 3.083324277341091e-06, 6.84353917299381e-08, 0.0001109556592513751, 0.1208198088664835, 0.000530539683773923, 0.8226554538928746, 0.09666121594972221, 0.006533807588137366, 0.00428402172444704, 6.984949936949274e-05, 0.8891092866140243, 0.6317481384281113, 0.9395871345174426, 0.3155263957913506, 0.3155263957913511, 0.3155263957913502, 0.3155263957913512, 0.3155263957913507, 0.3155263957913512, 0.3155263957913511, 0.3155263957913502, 0.3155263957913507, 0.3155263957913512, 0.3155263957913502, 0.3155263957913508, 0.3155263957913502, 0.3155263957913506, 0.3155263957913502, 0.3155263957913504, 0.3155263957913507, 0.3155263957913502, 0.3155263957913511, 0.3155263957913499, 0.3155263957913504, 0.3155263957913507, 0.3155263957913502, 0.3155263957913503, 0.3155263957913511, 0.3155263957913507, 0.3155263957913504, 0.3155263957913503, 0.3155263957913504, 0.3155263957913502, 0.3155263957913502, 0.3155263957913499, 0.3155263957913509] 
  ],
 "analysis":{
   "authors":"Sergei L Kosakovsky Pond",
   "citation":"*Gene-wide identification of episodic selection*, Mol Biol Evol. 32(5):1365-71",
   "contact":"spond@temple.edu",
   "info":"BUSTED (branch-site unrestricted statistical test of episodic diversification) uses a random effects branch-site model fitted \njointly to all or a subset of tree branches in order to test for alignment-wide evidence of episodic diversifying selection. \nAssuming there is evidence of positive selection (i.e. there is an omega > 1),  BUSTED will also perform a quick evidence-ratio \nstyle analysis to explore which individual sites may have been subject to selection. v2.0 adds support for synonymous rate variation, \nand relaxes the test statistic to 0.5 (chi^2_0 + chi^2_2). Version 2.1 adds a grid search for the initial starting point.\nVersion 2.2 changes the grid search to LHC, and adds an initial search phase to use adaptive Nedler-Mead. Version 3.0 implements the option\nfor branch-site variation in synonymous substitution rates. Version 3.1 adds HMM auto-correlation option for SRV, and binds SRV distributions for multiple branch sets\n",
   "requirements":"in-frame codon alignment and a phylogenetic tree (optionally annotated with {})",
   "version":"3.1"
  },
 "background":0,
 "branch attributes":{
   "0":{
     "A2VDW0_BOVIN":{
       "MG94xREV with separate rates for branch sets":0.0887121909985555,
       "Nucleotide GTR":0.08592757955722763,
       "original name":"A2VDW0_BOVIN",
       "unconstrained":0.1036259444644214
      },
     "ENSAMEP00000009673":{
       "MG94xREV with separate rates for branch sets":0.01840014074537949,
       "Nucleotide GTR":0.01820984810022735,
       "original name":"ENSAMEP00000009673",
       "unconstrained":0.01936297869521374
      },
     "ENSCAFP00000000858":{
       "MG94xREV with separate rates for branch sets":0.03792804171865468,
       "Nucleotide GTR":0.03750600942590722,
       "original name":"ENSCAFP00000000858",
       "unconstrained":0.04127387311898192
      },
     "ENSCJAP00000005267":{
       "MG94xREV with separate rates for branch sets":0.05073552692085138,