{
 "Evidence Ratios":{
  },
 "Site Log Likelihood":{
   "unconstrained":    [
[-22.9391942338012, -10.49622019459687, -9.8439834810354, -16.88430324882192, -16.15134888976835, -11.84337053196675, -21.98974837470744, -8.991327190132225, -20.47344473344861, -12.79732572543102, -5.567392253321473, -30.13580335473269, -27.70831592740329, -11.16725888291004, -26.2950708027916, -13.57223182496539, -9.111323701795126, -34.5516478207191, -6.530281369448421, -19.16444197120699, -10.01361377643929, -10.39406582847168, -6.530281369448421, -14.54243163626957, -29.63655421317634, -32.0025505777237, -16.45181904697279, -19.07578388560404, -21.43419894740532, -23.56489938553393, -19.45077201828071, -15.05511492568867, -5.921278488963093, -9.036087133528397, -12.94025817564407, -7.249608149140325, -5.026090583269822, -9.512520932014855, -10.68783203450099, -10.53041717318068, -7.252253422418319, -18.99819252200527, -6.612750296013385, -41.64236929491027, -20.9741022382139, -23.32097615553461, -7.504804191471169, -16.52734213481506, -21.9536747688346, -12.6739396653356, -15.60887076715356, -19.69241839986809, -15.41055871086675, -16.80285205878194, -12.79767559595957, -29.49812895301392, -28.8622360828855, -8.403020292244506, -11.22248364671052, -9.144179995765098, -46.80980797322206, -12.35090819023145, -30.89329792473398, -24.43359672713813, -49.04041890814783, -6.117775518266473, -30.09439242886198, -11.20837983233896, -7.087067439974329] 
    ]
  },
 "Synonymous site-posteriors":  [
[0.003689402812268862, 0.8404488937430101, 0.8475515911967502, 0.24142553761596, 0.1800408211922169, 0.6800462060716354, 0.03665553399259992, 0.9349311717708267, 0.005784012987282545, 0.8604590908562239, 0.7897505850746891, 0.0007951859153910396, 0.00978843710514902, 0.2995626314702546, 0.001721478499409739, 0.2236523778871064, 0.8904870565768367, 0.0003194527758177564, 0.9677317590957205, 0.03648882164778124, 0.4346575420522039, 0.8397902307666291, 0.9677317590957205, 0.1325431746804085, 0.0005770578379262803, 0.0008656886967506458, 0.1668800157520829, 0.02640631446616108, 0.3225195788500447, 0.05971968970238444, 0.01855566167865928, 0.677022854062577, 0.9414053100302179, 0.8265632805778986, 0.3914362106327521, 0.996771523399917, 0.961110486627391, 0.7020473077125272, 0.6056925369877575, 0.8522235122012328, 0.9925710890482858, 0.0185204023442843, 0.9845721974785289, 0.0001105038383222279, 0.007266713218680598, 0.0800016022410012, 0.818340856761106, 0.3225127146455171, 0.04077531980137481, 0.38214614021968, 0.04154660348650564, 0.03359001118440458, 0.5270287420271123, 0.314237068330653, 0.6765043341590588, 0.01069328056422174, 0.01305729567991587, 0.9173941760484774, 0.9405930697571233, 0.8639485594364587, 3.26263900025619e-12, 0.6303365229031562, 0.0001550816878093451, 0.03722276377309393, 1.205874821157487e-11, 0.9716832154357482, 0.00112783565493228, 0.8925810008464791, 0.7597107283603433],
  [0.007787685210193711, 2.607434450599588e-07, 1.325630080030148e-07, 1.969965179830736e-06, 3.047346093071068e-05, 1.089450263754027e-05, 1.866513397079452e-05, 5.622150309775792e-09, 0.002974816711281377, 2.985008812145429e-08, 1.039577440629135e-05, 0.0004255750627715816, 0.001309890151396844, 2.966307480752614e-05, 0.002280238591165026, 4.508833564761989e-05, 1.801654804358418e-08, 0.01244411092532396, 1.624061471607552e-09, 7.287721461994004e-07, 1.766491179238941e-05, 4.003072343547816e-07, 1.624061471607552e-09, 0.0001076645471103312, 0.008653873173686997, 0.003936168085328176, 4.292171903100089e-05, 0.0001712962592398334, 2.391070530353859e-07, 0.0003430798981338723, 6.066323139713194e-05, 2.269829051733173e-07, 3.301242102298312e-08, 1.024820987805633e-06, 6.907878501716488e-06, 3.216625786836576e-13, 1.432394756266592e-08, 4.212490243540167e-06, 1.412374790641058e-06, 4.698022924237525e-08, 1.488307106166692e-12, 0.0003528168742614309, 4.540902002416936e-11, 0.05272280371316346, 0.003658640319283386, 4.323729425805352e-07, 1.083082896293818e-06, 1.518700812567792e-06, 8.601228560441965e-06, 2.888905662672348e-05, 0.0003025668972938631, 5.041037030193749e-05, 2.73022233027439e-06, 2.737577866688009e-06, 2.259839303114276e-07, 1.841304411445761e-05, 2.204311180340756e-05, 6.560157857387683e-09, 3.253955758305557e-09, 5.029255991784222e-08, 0.9992038679843211, 5.517507366652558e-07, 0.05781972075455963, 5.983483392598852e-05, 0.9985459164078627, 5.033417606718992e-10, 0.009061310619685375, 6.021235877555843e-09, 1.623521991795371e-06],
  [0.9885229119775374, 0.1595508455135448, 0.1524482762402417, 0.7585724924188599, 0.8199287053468524, 0.3199428994257271, 0.9633258008734293, 0.06506882260702296, 0.991241170301436, 0.1395408792936879, 0.2102390191509046, 0.9987792390218375, 0.9889016727434542, 0.7004077054549379, 0.9959982829094254, 0.776302533777246, 0.1095129254066151, 0.9872364362988582, 0.03226823928021796, 0.9635104495800726, 0.5653247930360038, 0.1602093689261365, 0.03226823928021796, 0.867349160772481, 0.9907690689883868, 0.9951981432179212, 0.8330770625288861, 0.973422389274599, 0.6774801820429022, 0.9399372303994816, 0.9813836750899436, 0.3229769189545177, 0.05859465695736113, 0.1734356946011135, 0.6085568814887463, 0.003228476599761262, 0.0388894990486614, 0.2979484797972292, 0.3943060506374518, 0.1477764408185379, 0.007428910950225872, 0.9811267807814542, 0.01542780247606226, 0.9471666924485144, 0.989074646462036, 0.9199979653860562, 0.1816580601559977, 0.6774857666536703, 0.9592160789700647, 0.6178249707236934, 0.9581508296162005, 0.9663595784452934, 0.4729685277505574, 0.6857601940914804, 0.323495439857011, 0.9892883063916639, 0.9869206612082807, 0.0826058173913648, 0.05940692698892083, 0.1360513902709814, 0.0007961320124163057, 0.3696629253461071, 0.9420251975576311, 0.9627174013929801, 0.001454083580078436, 0.02831678406090996, 0.9898108537253822, 0.1074189931322851, 0.240287648117665] 
  ],
 "analysis":{
   "authors":"Sergei L Kosakovsky Pond",
   "citation":"*Gene-wide identification of episodic selection*, Mol Biol Evol. 32(5):1365-71",
   "contact":"spond@temple.edu",
   "info":"BUSTED (branch-site unrestricted statistical test of episodic diversification) uses a random effects branch-site model fitted \njointly to all or a subset of tree branches in order to test for alignment-wide evidence of episodic diversifying selection. \nAssuming there is evidence of positive selection (i.e. there is an omega > 1),  BUSTED will also perform a quick evidence-ratio \nstyle analysis to explore which individual sites may have been subject to selection. v2.0 adds support for synonymous rate variation, \nand relaxes the test statistic to 0.5 (chi^2_0 + chi^2_2). Version 2.1 adds a grid search for the initial starting point.\nVersion 2.2 changes the grid search to LHC, and adds an initial search phase to use adaptive Nedler-Mead. Version 3.0 implements the option\nfor branch-site variation in synonymous substitution rates. Version 3.1 adds HMM auto-correlation option for SRV, and binds SRV distributions for multiple branch sets\n",
   "requirements":"in-frame codon alignment and a phylogenetic tree (optionally annotated with {})",
   "version":"3.1"
  },
 "background":0,
 "branch attributes":{
   "0":{
     "B0FF14_CANFA":{
       "MG94xREV with separate rates for branch sets":0.04402863763229291,
       "Nucleotide GTR":0.04230003345656397,
       "original name":"B0FF14_CANFA",
       "unconstrained":0.04587442330739906
      },
     "DB127_PANTR":{
       "MG94xREV with separate rates for branch sets":0.009869961630537742,
       "Nucleotide GTR":0.00988641937330492,
       "original name":"DB127_PANTR",
       "unconstrained":0.009326051924639511
      },
     "DEFB127_AILME":{
       "MG94xREV with separate rates for branch sets":0.01926954270421001,
       "Nucleotide GTR":0.01868592225010354,
       "original name":"DEFB127_AILME",
       "unconstrained":0.02003112938927732
      },