{
 "Evidence Ratios":{
   "constrained":    [
[1, 0.9999999999999996, 1, 0.9351882018551285, 0.9411981988888453, 0.9454783353692157, 1.06193635025678, 1.066071016035064, 0.9594063329984753, 0.9688509246993109, 0.9705285080046507, 0.9632749838038813, 0.9648578597794988, 1.049308694757424, 0.9349720016687737, 0.9477101998407276, 1.000000000000001, 1, 0.9377249024183846, 0.9814794478881265, 0.942403206355878, 0.9403332102997133, 1.311578021132052, 0.9781720093865327, 0.9516676571994577, 1, 1, 1, 1, 1, 1.886627558511576, 0.9467456326594212, 1.922444454702861, 1.004387192382351, 0.9292141400002137, 0.940583072770517, 0.9383391383004638, 0.9486637546358387, 0.9560470782239151, 0.948899187642682, 0.9456684258957585, 1.000000000000002, 1, 1.000000000000001, 0.9999999999999991, 0.9999999999999996, 1, 1, 1.000000000000001, 0.9999999999999996, 1, 1.000000000000001, 1, 0.9999999999999996, 0.9999999999999996, 0.9999999999999987, 1.000000000000001, 0.9999999999999991, 0.9999999999999996, 1, 1.000000000000001, 1, 0.9999999999999987, 0.9999999999999991, 1, 1.000000000000001, 1, 1, 0.9999999999999996, 0.9999999999999991, 0.9999999999999996, 0.9999999999999996, 1.000000000000002, 0.9999999999999991, 1.000000000000001] 
    ],
   "optimized null":    [
[1.000000000000002, 0.9999999999999964, 0.9999999999999973, 1.110905363254615, 1.016610441217896, 0.9565184990929365, 0.9386778631954942, 0.8049687661616433, 1.021855407591858, 0.8308710514920337, 0.8699615374903736, 1.010765151378468, 1.023983792313928, 1.05109378279473, 1.019906628925718, 1.004108971263488, 1.000000000000003, 0.999999999999996, 1.129095163445313, 1.071223789469786, 1.024016650339054, 0.9899037261727623, 0.9442115612737858, 0.978147329813555, 0.9890391830506609, 0.9999999999999982, 0.9999999999999964, 0.9999999999999964, 0.999999999999996, 0.9999999999999964, 1.018419424401498, 1.121425061009834, 1.291385082620679, 1.139968221522075, 1.103172121310649, 0.8698479260938194, 0.9426744311359735, 1.042991232931535, 0.9542517478139693, 0.9596536852057205, 1.131481512257557, 1.000000000000007, 0.9999999999999956, 0.9999999999999964, 0.9999999999999973, 0.9999999999999978, 0.9999999999999929, 1.000000000000003, 1.000000000000004, 0.9999999999999978, 0.9999999999999929, 1.000000000000004, 0.9999999999999929, 0.9999999999999978, 1.000000000000001, 1.000000000000002, 0.9999999999999973, 0.9999999999999956, 0.9999999999999996, 1.000000000000001, 1, 0.9999999999999964, 1.000000000000002, 0.999999999999996, 1.000000000000004, 0.9999999999999973, 0.9999999999999964, 0.9999999999999991, 0.9999999999999973, 0.9999999999999982, 1.000000000000001, 0.9999999999999996, 1.000000000000007, 0.9999999999999982, 1.000000000000002] 
    ]
  },
 "Site Log Likelihood":{
   "constrained":    [
[-4.075605026019591, -3.708418887939008, -4.101990953411801, -10.2917993300219, -5.062360609443476, -10.33449547277674, -18.64379738642949, -20.20113161960933, -10.15034650232988, -12.43857241176037, -20.16884907992003, -12.74653043069831, -16.06754254221124, -23.82422056999941, -14.46114414342461, -13.66190495607459, -5.463449193135634, -3.708418887939008, -11.78945971633405, -26.55341405483081, -8.248443965790274, -11.13608933140621, -11.82657946555446, -10.2914838030324, -5.450787976253529, -4.442814356774266, -5.911126805177966, -4.101990953411802, -3.511663259725062, -4.101990953411802, -17.06629540111619, -16.08201309863046, -19.46483359261559, -18.43578983067155, -15.75205441347526, -12.8799636555292, -20.17880854156352, -10.51351217100438, -21.00900517889076, -8.973864289727098, -14.12742900289488, -3.930895888268116, -4.101990953411801, -3.476586697745129, -5.679294614984085, -3.651920990218971, -3.511663259725064, -3.340261881340385, -4.074587094303104, -3.651920990218971, -3.511663259725064, -4.074587094303104, -3.511663259725064, -3.651920990218971, -3.568161157445093, -3.794571071863374, -5.68696731785533, -4.154107699746818, -3.55610730318884, -3.28814513500537, -4.578832859938017, -3.882712056022269, -3.794571071863374, -3.196570675305403, -3.428402865499277, -5.551590177294528, -3.882712056022269, -4.390697610439251, -3.787939493382718, -3.563780006060078, -3.568161157445093, -3.55610730318884, -3.930895888268116, -3.563780006060078, -3.699798509223825] 
    ],
   "optimized null":    [
[-4.075605026019593, -3.708418887939005, -4.101990953411798, -10.46398214000432, -5.139436141908799, -10.3461046274461, -18.52042047692743, -19.92019987479928, -10.21340709318768, -12.28493626630625, -20.05945730407856, -12.79465440918219, -16.12701772494236, -23.82592032848491, -14.54809392114291, -13.71971202840174, -5.463449193135636, -3.708418887939004, -11.97517494197569, -26.64090998319927, -8.33149881613264, -11.18746273202253, -11.49794343057435, -10.29145857241439, -5.489306051688015, -4.442814356774265, -5.911126805177962, -4.101990953411798, -3.511663259725058, -4.101990953411798, -16.44975636801734, -16.2513381762476, -19.06695141267739, -18.56241262012259, -15.92366025071489, -12.80178208116063, -20.18341807823273, -10.60830579997014, -21.00712554528156, -8.985134201652526, -14.30682012224538, -3.930895888268121, -4.101990953411796, -3.476586697745125, -5.679294614984084, -3.651920990218969, -3.511663259725056, -3.340261881340387, -4.074587094303108, -3.651920990218969, -3.511663259725056, -4.074587094303108, -3.511663259725056, -3.651920990218969, -3.568161157445095, -3.794571071863378, -5.686967317855326, -4.154107699746814, -3.55610730318884, -3.288145135005371, -4.578832859938016, -3.882712056022266, -3.794571071863378, -3.1965706753054, -3.428402865499281, -5.551590177294524, -3.882712056022266, -4.39069761043925, -3.787939493382716, -3.563780006060077, -3.568161157445095, -3.55610730318884, -3.930895888268121, -3.563780006060077, -3.699798509223826] 
    ],
   "unconstrained":    [
[-4.075605026019591, -3.708418887939008, -4.101990953411801, -10.35880681456399, -5.122962145206998, -10.39055977733461, -18.58370339925068, -20.13715167691478, -10.1917870912668, -12.47021693516657, -20.19876358217053, -12.78394678952234, -16.10331702626873, -23.77608900860649, -14.5283828383057, -13.71561147590691, -5.463449193135633, -3.708418887939008, -11.8537583703291, -26.57210825980815, -8.307766029550786, -11.1976103188949, -11.55534845700138, -10.31355354872623, -5.500327380974146, -4.442814356774266, -5.911126805177966, -4.101990953411802, -3.511663259725062, -4.101990953411802, -16.43150452648816, -16.1367379238232, -18.8112360628575, -18.43141223396256, -15.82547047428539, -12.94121896136632, -20.24245238219325, -10.56621302961336, -21.0539533010299, -9.026317005834134, -14.1832922754323, -3.930895888268114, -4.101990953411801, -3.476586697745129, -5.679294614984086, -3.651920990218971, -3.511663259725063, -3.340261881340384, -4.074587094303103, -3.651920990218971, -3.511663259725063, -4.074587094303103, -3.511663259725063, -3.651920990218971, -3.568161157445094, -3.794571071863376, -5.686967317855329, -4.154107699746818, -3.55610730318884, -3.28814513500537, -4.578832859938016, -3.882712056022269, -3.794571071863376, -3.196570675305404, -3.428402865499277, -5.551590177294527, -3.882712056022269, -4.390697610439251, -3.787939493382719, -3.563780006060079, -3.568161157445094, -3.55610730318884, -3.930895888268114, -3.563780006060079, -3.699798509223824] 
    ]
  },