{
 "Evidence Ratios":{
  },
 "Site Log Likelihood":{
   "unconstrained":    [
[-26.80453194572133, -30.52587668804649, -26.92078231844811, -29.6196496293975, -3.902908539487147, -20.09775247737426, -4.468386336246843, -30.80570538275357, -31.63677359823289, -26.70764901485055, -25.02625484411098, -31.60487738818481, -41.48044437940671, -24.24900876580502, -32.92385134627547, -26.96629160249618, -26.22742315557182, -21.09408656725606, -4.296504929779574, -4.087530872568879, -4.182637468712604, -4.517850517259991, -4.106872217824872, -4.241245806681163, -4.420158000455408, -5.444766285509617, -3.584864604777911, -20.73061350433479, -21.82590517828629, -36.78844212682441, -5.50703869508803, -18.41207735269924, -16.34169595940754, -7.284436364425727, -17.87353456007139, -16.66509744732678, -17.15395839054812, -20.14494159578086, -19.15814018260838, -12.81932057222323, -15.43530738726432, -19.68761412686933, -19.04136339783437, -38.2010803467075, -11.73576747070649, -24.63114004694124, -23.64890231300185, -14.45010958836914, -13.24271647771483, -15.5206373666843, -8.569071663187719, -37.59614476132941, -16.68457433620529, -19.27298538707462, -10.67879048514958, -28.21805580749029, -11.07889774288829, -7.864478183703985, -23.38628895900773, -27.16371188644115, -16.31815327715732] 
    ]
  },
 "Synonymous site-posteriors":  [
[0.8242715737931463, 0.8541546031673205, 0.847697662695042, 0.9864141658506459, 0.4495557489255308, 0.378812924630793, 0.4495557489255297, 0.9905636020846477, 0.9647225510111714, 0.9797742378293909, 0.8483782796225332, 0.696429974007902, 0.990527045192459, 0.6767553644433518, 0.7499470738442849, 0.8942507921579703, 0.8102288224906536, 0.6183943468583355, 0.4495557489255302, 0.2864773211422178, 0.4495557489255305, 0.4495557489255297, 0.4495557489255307, 0.4495557489255309, 0.4495557489255306, 0.4495557489255297, 0.4495557489255304, 0.7706410825049921, 0.8619340391918303, 0.9936657313468793, 0.1638455806335826, 0.04315656070611971, 0.1365384788433364, 0.01963161069763462, 0.2621537145271097, 0.1134864647277372, 0.1264813570926254, 0.1483204495326111, 0.5448491977739089, 0.01009956871079025, 0.139742903745901, 0.1306774133510845, 0.1553447905280018, 0.9960694532225577, 0.02482539348904569, 0.1395604747766218, 0.7260759793492927, 0.07303926127667208, 0.05745975771036596, 0.09681695934087171, 0.0297224841252369, 0.9698387683878942, 0.1884682880778659, 0.062459187023787, 0.01708538268985782, 0.5409992552521091, 0.01494003611448331, 0.001712698023762336, 0.09243169715380521, 0.8685049312108708, 0.02616121115797433],
  [0, 0, 0, 0, 0.01663529444502713, 0, 0.01663529444502716, 0, 0, 0, 0, 0, 0, 0, 0, 0, 0, 0, 0.01663529444502715, 0.0345102803245139, 0.01663529444502712, 0.01663529444502714, 0.01663529444502713, 0.01663529444502713, 0.01663529444502714, 0.01663529444502714, 0.01663529444502714, 0, 0, 0, 0.05263872349383998, 0, 0, 0.29378134346491, 0, 0, 0, 0, 0, 0, 0, 0, 0, 0, 0, 0, 0, 0, 0, 0, 0, 0, 0, 0, 0, 0, 0, 0.4682536419739005, 0, 0, 0],
  [0.1757284262068535, 0.1458453968326797, 0.1523023373049579, 0.01358583414935413, 0.5338089566294421, 0.6211870753692071, 0.5338089566294432, 0.009436397915352373, 0.0352774489888285, 0.02022576217060919, 0.1516217203774668, 0.3035700259920979, 0.009472954807541078, 0.3232446355566482, 0.2500529261557151, 0.1057492078420296, 0.1897711775093463, 0.3816056531416645, 0.5338089566294426, 0.6790123985332683, 0.5338089566294424, 0.5338089566294431, 0.5338089566294419, 0.5338089566294418, 0.5338089566294421, 0.5338089566294433, 0.5338089566294424, 0.2293589174950079, 0.1380659608081697, 0.006334268653120651, 0.7835156958725775, 0.9568434392938804, 0.8634615211566635, 0.6865870458374554, 0.7378462854728902, 0.8865135352722627, 0.8735186429073747, 0.851679550467389, 0.455150802226091, 0.9899004312892098, 0.8602570962540989, 0.8693225866489155, 0.8446552094719982, 0.003930546777442294, 0.9751746065109542, 0.8604395252233783, 0.2739240206507073, 0.9269607387233278, 0.942540242289634, 0.9031830406591282, 0.9702775158747632, 0.03016123161210586, 0.8115317119221341, 0.9375408129762129, 0.9829146173101423, 0.4590007447478909, 0.9850599638855166, 0.5300336600023373, 0.9075683028461948, 0.1314950687891292, 0.9738387888420256] 
  ],
 "analysis":{
   "authors":"Sergei L Kosakovsky Pond",
   "citation":"*Gene-wide identification of episodic selection*, Mol Biol Evol. 32(5):1365-71",
   "contact":"spond@temple.edu",
   "info":"BUSTED (branch-site unrestricted statistical test of episodic diversification) uses a random effects branch-site model fitted \njointly to all or a subset of tree branches in order to test for alignment-wide evidence of episodic diversifying selection. \nAssuming there is evidence of positive selection (i.e. there is an omega > 1),  BUSTED will also perform a quick evidence-ratio \nstyle analysis to explore which individual sites may have been subject to selection. v2.0 adds support for synonymous rate variation, \nand relaxes the test statistic to 0.5 (chi^2_0 + chi^2_2). Version 2.1 adds a grid search for the initial starting point.\nVersion 2.2 changes the grid search to LHC, and adds an initial search phase to use adaptive Nedler-Mead. Version 3.0 implements the option\nfor branch-site variation in synonymous substitution rates. Version 3.1 adds HMM auto-correlation option for SRV, and binds SRV distributions for multiple branch sets\n",
   "requirements":"in-frame codon alignment and a phylogenetic tree (optionally annotated with {})",
   "version":"3.1"
  },
 "background":0,
 "branch attributes":{
   "0":{
     "AU022751_MOUSE":{
       "MG94xREV with separate rates for branch sets":0.1254232167066359,
       "Nucleotide GTR":0.1159370067285978,
       "original name":"AU022751_MOUSE",
       "unconstrained":0.2006352286120485
      },
     "CXORF67_AILME":{
       "MG94xREV with separate rates for branch sets":0.05125424596391403,
       "Nucleotide GTR":0.04884052574463514,
       "original name":"CXORF67_AILME",
       "unconstrained":0.05105394992550453
      },
     "CXORF67_CANFA":{
       "MG94xREV with separate rates for branch sets":0.0664863607604322,
       "Nucleotide GTR":0.0664887447197223,
       "original name":"CXORF67_CANFA",
       "unconstrained":0.07235806309535513
      },
     "CXORF67_CAVPO":{
       "MG94xREV with separate rates for branch sets":0.1146001326001728,
       "Nucleotide GTR":0.1113922447719127,
       "original name":"CXORF67_CAVPO",
       "unconstrained":0.1347517353282135
      },
     "CXORF67_DASNO":{
       "MG94xREV with separate rates for branch sets":0.09170240730762008,
       "Nucleotide GTR":0.08972726737655699,
       "original name":"CXORF67_DASNO",
       "unconstrained":0.09369619496895167
      },
     "CXORF67_GGOR":{
       "MG94xREV with separate rates for branch sets":0.006841168978258138,
       "Nucleotide GTR":0.006702529660221262,
       "original name":"CXORF67_GGOR",
       "unconstrained":0.006728222743694091
      },
     "CXORF67_HUMAN":{
       "MG94xREV with separate rates for branch sets":0.006854465193469616,
       "Nucleotide GTR":0.006681286858522571,
       "original name":"CXORF67_HUMAN",
       "unconstrained":0.006885912331991666
      },
     "CXORF67_MICMU":{
       "MG94xREV with separate rates for branch sets":0.02204674720352453,
       "Nucleotide GTR":0.02136409926020694,
       "original name":"CXORF67_MICMU",
       "unconstrained":0.01990960410076464
      },
     "CXORF67_PIG":{
       "MG94xREV with separate rates for branch sets":0.2353299834155151,
       "Nucleotide GTR":0.2177162005960342,
       "original name":"CXORF67_PIG",
       "unconstrained":0.2775609886422966
      },
     "ENSOGAP00000017251":{
       "MG94xREV with separate rates for branch sets":0.02072946505901646,
       "Nucleotide GTR":0.02083532855988665,
       "original name":"ENSOGAP00000017251",
       "unconstrained":0.02125296612901684
      },