{
 "Evidence Ratios":{
  },
 "Site Log Likelihood":{
   "unconstrained":    [
[-7.136877588338965, -17.43852136643051, -18.31529019026179, -38.34760167482774, -29.16693919077029, -32.95211253834535, -36.43519952908172, -20.01900385006468, -34.46921876051681, -16.51455835906623, -24.19652934085725, -19.3651847848409, -27.49583551340217, -47.60495717574918, -36.21876766002833, -46.95529792536315, -41.5715321258138, -23.73875197373256, -35.56271247195459, -16.75646611235559, -14.57313923622634, -11.2015245875041, -18.98851167192554, -13.69488677958525, -20.79069575939143, -7.149957316708582, -29.93326495447718, -33.84622433684841, -50.18570771904183, -17.70669228555815, -22.81740101057494, -37.08802339042379, -18.76175526715144, -38.45592840351341, -52.3325910860353, -30.53063647386427, -18.48271724910355, -22.66211852023819, -44.20059433934374, -18.00870886912947, -19.81134230600778, -25.81501886454985, -9.536663741699803, -59.88815919234974, -46.47096720558553, -19.40032810202536, -29.93131072417082, -19.84916212776442, -11.49843053792189, -12.09470745797372, -26.10124080339738, -30.02124635589091, -11.11647955182522, -14.55806845804853, -16.84100808747555, -8.026820896903168, -25.33528019783153, -12.36482557927819] 
    ]
  },
 "Synonymous site-posteriors":  [
[0.2975731493014369, 0.6059512188521748, 0.637283388558559, 0.7108040335314015, 0.7244683113089799, 0.8725549961943223, 0.9048291734902419, 0.5024314688805122, 0.8659269708403011, 0.4801522213297143, 0.7644560223079707, 0.3435369467244597, 0.8738896163696723, 0.003658493298053129, 0.5122883274291047, 0.03186597260196083, 0.8845102032713167, 0.777075502164735, 0.1140243576879769, 0.438880425151466, 0.4696441471455915, 0.2862154927889161, 0.4382794417522454, 0.26575819337971, 0.555139391198834, 0.222980304082252, 0.8237923177707098, 0.2773805135121086, 0.006085528462303958, 0.457472879025527, 0.7891757665005964, 0.5220274223742897, 0.769145510491858, 0.8167146874697259, 0.0009647318097242041, 0.8353061704791842, 0.7795314287172083, 0.6885547111292509, 0.03357847422942787, 0.5997691181123767, 0.6458706062979775, 0.7971604163891357, 0.3489303641330923, 0.001415556575024313, 0.02365590945897267, 0.6235362120979935, 0.8824472542434045, 0.7279312284441303, 0.4895636506908709, 0.4796622374495521, 0.8430395032989537, 0.5727196259079705, 0.297528307130388, 0.6253853234765734, 0.5042928282377106, 0.1842706480789839, 0.7195278881817876, 0.4832876658819859],
  [0.0008624853759405045, 0.001582825387899972, 0.005945292601081331, 0.2437605778173232, 0.0007290148284282821, 0.01610294837611997, 0.05274629566129303, 0.0003538173814975952, 0.005000670344233731, 0.0001603234242540795, 0.004782961843560176, 1.365049095891588e-05, 0.04871010353875178, 0.9963324563566437, 0.4733201885022745, 0.9679894324239426, 0.07411575004649909, 0.01446190390276234, 0.8839465104067591, 0.000192837020714507, 0.0001444874083591724, 7.48737412568753e-05, 0.0001136615704334681, 1.524470901125324e-05, 0.0002290653114667171, 6.134823125090925e-05, 0.004873225292927308, 0.7150282691215586, 0.9938972356143951, 0.0001383844831225197, 0.01009027352811963, 0.4641929978535985, 0.04974795345533887, 0.1343306615346872, 0.9990344117070886, 0.05383028476559308, 0.06407039449169598, 0.0008999955306092335, 0.9663246341850473, 0.002064178338421741, 0.001194209780891462, 0.02378779374405343, 0.0003341793022063228, 0.998582908358604, 0.9762548057711253, 0.0006048169375762042, 0.02883176277141247, 0.008073776694185223, 0.001348796327653964, 0.001145446482349701, 0.01647137502785531, 0.0003098432614355372, 0.0001044666648997178, 0.004992788064663399, 0.0003345836123931717, 1.872427970057433e-05, 0.0008334328957892401, 0.001248090900145637],
  [0.7015643653226226, 0.3924659557599252, 0.3567713188403596, 0.04543538865127523, 0.2748026738625918, 0.1113420554295577, 0.04242453084846506, 0.4972147137379903, 0.1290723588154652, 0.5196874552460317, 0.2307610158484692, 0.6564494027845814, 0.07740028009157576, 9.050345303053564e-06, 0.01439148406862079, 0.0001445949740966351, 0.04137404668218425, 0.2084625939325025, 0.002029131905263931, 0.5609267378278195, 0.5302113654460494, 0.713709633469827, 0.5616068966773213, 0.7342265619112788, 0.4446315434896991, 0.7769583476864972, 0.1713344569363629, 0.007591217366332698, 1.723592330098943e-05, 0.5423887364913506, 0.2007339599712841, 0.01377957977211204, 0.1811065360528032, 0.04895465099558697, 8.564831871824942e-07, 0.1108635447552226, 0.1563981767910958, 0.3105452933401397, 9.689158552494834e-05, 0.3981667035492016, 0.352935183921131, 0.1790517898668108, 0.6507354565647014, 1.535066371764325e-06, 8.928476990201917e-05, 0.3758589709644303, 0.08872098298518306, 0.2639949948616844, 0.5090875529814752, 0.5191923160680982, 0.140489121673191, 0.4269705308305941, 0.7023672262047125, 0.3696218884587633, 0.4953725881498962, 0.8157106276413155, 0.2796386789224231, 0.5154642432178684] 
  ],
 "analysis":{
   "authors":"Sergei L Kosakovsky Pond",
   "citation":"*Gene-wide identification of episodic selection*, Mol Biol Evol. 32(5):1365-71",
   "contact":"spond@temple.edu",
   "info":"BUSTED (branch-site unrestricted statistical test of episodic diversification) uses a random effects branch-site model fitted \njointly to all or a subset of tree branches in order to test for alignment-wide evidence of episodic diversifying selection. \nAssuming there is evidence of positive selection (i.e. there is an omega > 1),  BUSTED will also perform a quick evidence-ratio \nstyle analysis to explore which individual sites may have been subject to selection. v2.0 adds support for synonymous rate variation, \nand relaxes the test statistic to 0.5 (chi^2_0 + chi^2_2). Version 2.1 adds a grid search for the initial starting point.\nVersion 2.2 changes the grid search to LHC, and adds an initial search phase to use adaptive Nedler-Mead. Version 3.0 implements the option\nfor branch-site variation in synonymous substitution rates. Version 3.1 adds HMM auto-correlation option for SRV, and binds SRV distributions for multiple branch sets\n",
   "requirements":"in-frame codon alignment and a phylogenetic tree (optionally annotated with {})",
   "version":"3.1"
  },
 "background":0,
 "branch attributes":{
   "0":{
     "NODE_10":{
       "MG94xREV with separate rates for branch sets":0.01466480696723542,
       "Nucleotide GTR":0.01365758652978168,
       "unconstrained":0.02050740473331225
      },
     "NODE_12":{
       "MG94xREV with separate rates for branch sets":0.06764965101922145,
       "Nucleotide GTR":0.06142318117727328,
       "unconstrained":0.06700818378077088
      },
     "NODE_13":{
       "MG94xREV with separate rates for branch sets":0,
       "Nucleotide GTR":0.005854037088900572,
       "unconstrained":0
      },
     "NODE_16":{
       "MG94xREV with separate rates for branch sets":0.02425098892779529,
       "Nucleotide GTR":0.01987551237632689,
       "unconstrained":0.04192234482107403
      },
     "NODE_18":{
       "MG94xREV with separate rates for branch sets":0.009896584793175399,
       "Nucleotide GTR":0.01186231421295818,
       "unconstrained":0
      },
     "NODE_20":{
       "MG94xREV with separate rates for branch sets":0.0190905249688772,
       "Nucleotide GTR":0.01923126887224201,
       "unconstrained":0.02510528577579416
      },
     "NODE_21":{
       "MG94xREV with separate rates for branch sets":0.01568477604479723,
       "Nucleotide GTR":0.01723715659324301,
       "unconstrained":0
      },
     "NODE_26":{
       "MG94xREV with separate rates for branch sets":0.02542910540406589,
       "Nucleotide GTR":0.02417121988404529,
       "unconstrained":0.01304210546378575
      },
     "NODE_29":{
       "MG94xREV with separate rates for branch sets":0.04938869424405384,
       "Nucleotide GTR":0.04608503227300534,
       "unconstrained":0.05239708590285361
      },
     "NODE_31":{
       "MG94xREV with separate rates for branch sets":0.003505160592448505,
       "Nucleotide GTR":0.006124118869588046,