{
 "Evidence Ratios":{
   "constrained":    [
[9.750974233373157, 2.22280959644364, 85.20943650502024, 0.7181869799969079, 15.45339286699578, 0.7833687522964464, 0.7753290496670013, 4.404332303310486, 0.7232809153970745, 1.044778438541128, 8.301609597077288, 0.7028829322482858, 0.7201319949830797, 0.7408954867394816, 4.845682203266887, 0.7092191287800788, 0.7201319949830797, 0.5493525840756107, 7.270787782088384, 0.4678220341314174, 11.12567730753459, 0.899145890156699, 0.4790675672708152, 0.9124546129523017, 5.126460260625134, 0.9223315937175445, 0.7988584898910605, 1.247746313259906, 0.7122592742525774, 0.5210518445371199, 1.427383814509569, 0.7988584898910605, 0.5924382785542119, 8.771126695055626, 0.5802059538370939, 0.5367238778685656, 0.7568181834613187, 1] 
    ],
   "optimized null":    [
[3.169284069394392, 0.8459763470392759, 7.624174920208207, 0.9706291169605378, 1.985776022879953, 0.9973072919952293, 0.8294514398843607, 0.7335460424796667, 0.9911977335417037, 0.8156165837597522, 1.510625303362105, 0.8410749443318751, 0.9921763598625559, 1.010181214425433, 1.17800691270683, 0.9906976447813919, 0.9921763598625559, 1.147120345315349, 0.8173400483297625, 1.26092992992353, 4.628231017205183, 1.071743030649333, 0.8962026484147612, 0.7461974595586933, 0.8096129971596696, 0.815254528775834, 1.021999140443801, 0.9852816831119867, 1.0105736686765, 0.7431625826846271, 0.9142742741110377, 1.021999140443801, 1.21647578439313, 0.5246203728154976, 0.9164882859403705, 1.066779555150565, 0.9980070140256849, 0.9999999999999991] 
    ]
  },
 "Site Log Likelihood":{
   "constrained":    [
[-12.72915166569711, -17.11919012327443, -21.62897493960729, -4.790725452058672, -18.1919366797386, -5.492786202229615, -8.084377765675418, -16.3376841818516, -5.287288536222101, -11.00319242307882, -21.65525209335896, -7.745401923195995, -4.45505844080479, -4.22622815865157, -14.23477775363391, -4.958467492249356, -4.45505844080479, -6.775423809077003, -21.3283005758172, -10.54814199017847, -14.04723545965317, -12.26370184038024, -8.892141210595069, -14.10495212830396, -25.33732200294598, -12.09175930141009, -4.900284983936155, -12.93198786117619, -5.912500232480968, -11.17255217573379, -14.20956739442349, -4.900284983936155, -7.9928165169848, -23.86705596758599, -17.39853203311616, -7.321383473430821, -4.905931997588308, -4.43934782441301] 
    ],
   "optimized null":    [
[-11.60529018107287, -16.15315426523379, -19.2151868642568, -5.091939934540501, -16.14011787871926, -5.734241608202138, -8.151854812702801, -14.54523059851774, -5.60240489190668, -10.75557667339007, -19.9513263432937, -7.924892340572897, -4.775524792834542, -4.536253600804143, -12.82051366595988, -5.292712332726316, -4.775524792834542, -7.511693377497589, -19.14273587457995, -11.53965880288142, -13.17015447725074, -12.4392981412694, -9.518466121619639, -13.9038040395914, -23.49170766282972, -11.96835486612634, -5.146617092588252, -12.69582118053361, -6.262331675503425, -11.52761746926894, -13.76409945461533, -5.146617092588252, -8.712283076678315, -21.05051032060155, -17.85569818568372, -8.008299332551717, -5.182569257735538, -4.439347824413009] 
    ],
   "unconstrained":    [
[-10.45178446430756, -16.32041814358297, -17.18386275480395, -5.121750778072429, -15.45410809746226, -5.736937948066265, -8.338845525197398, -14.85509551095343, -5.611246127156701, -10.95938758067638, -19.53880266999917, -8.097966850197064, -4.783379198213662, -4.526123865821657, -12.65668971257552, -5.30205822506005, -4.783379198213662, -7.374438623044892, -19.34443592946996, -11.30780931451349, -11.63797975187793, -12.37001181757105, -9.628054843093688, -14.19656906229684, -23.70290658960358, -12.17260977537832, -5.124856441860125, -12.71064888652353, -6.251813517106221, -11.82445790824514, -13.85372412607435, -5.124856441860125, -8.516325099600369, -21.69559069795358, -17.94290417876579, -7.943654984060403, -5.184564232349059, -4.43934782441301] 
    ]
  },
 "Synonymous site-posteriors":  [
[0, 0, 0, 0, 0, 0, 0, 0, 0, 0, 0, 0, 0, 0, 0, 0, 0, 0, 0, 0, 0, 0, 0, 0, 0, 0, 0, 0, 0, 0, 0, 0, 0, 0, 0, 0, 0, 0],
  [0, 0, 0, 0.4354400389172522, 0, 0.6788037506787581, 0, 0, 0.5818515734929092, 0, 0, 0, 0.5646508305290515, 0.6178642648350793, 0, 0.6293799665715143, 0.5646508305290515, 0, 0, 0, 0, 0, 0, 0, 0, 0, 0.6922997279324105, 0, 0.4837212054486, 0, 0, 0.6922997279324105, 0, 0, 0, 0, 0.5961098603901014, 0.1766807086995555],
  [1, 1, 1, 0.5645599610827479, 1, 0.3211962493212418, 1, 0.9999999999999999, 0.4181484265070908, 1, 1, 0.9999999999999999, 0.4353491694709485, 0.3821357351649207, 1, 0.3706200334284857, 0.4353491694709485, 1, 1, 1, 1, 1, 1, 0.9999999999999999, 1, 1, 0.3077002720675895, 1, 0.5162787945514, 1, 1, 0.3077002720675895, 1, 1, 1, 1, 0.4038901396098987, 0.8233192913004443] 
  ],
 "analysis":{
   "authors":"Sergei L Kosakovsky Pond",
   "citation":"*Gene-wide identification of episodic selection*, Mol Biol Evol. 32(5):1365-71",
   "contact":"spond@temple.edu",
   "info":"BUSTED (branch-site unrestricted statistical test of episodic diversification) uses a random effects branch-site model fitted \njointly to all or a subset of tree branches in order to test for alignment-wide evidence of episodic diversifying selection. \nAssuming there is evidence of positive selection (i.e. there is an omega > 1),  BUSTED will also perform a quick evidence-ratio \nstyle analysis to explore which individual sites may have been subject to selection. v2.0 adds support for synonymous rate variation, \nand relaxes the test statistic to 0.5 (chi^2_0 + chi^2_2). Version 2.1 adds a grid search for the initial starting point.\nVersion 2.2 changes the grid search to LHC, and adds an initial search phase to use adaptive Nedler-Mead. Version 3.0 implements the option\nfor branch-site variation in synonymous substitution rates. Version 3.1 adds HMM auto-correlation option for SRV, and binds SRV distributions for multiple branch sets\n",
   "requirements":"in-frame codon alignment and a phylogenetic tree (optionally annotated with {})",
   "version":"3.1"
  },
 "background":0,
 "branch attributes":{
   "0":{
     "C1ORF61_FELCA":{
       "MG94xREV with separate rates for branch sets":0.09788006836055248,
       "Nucleotide GTR":0.09984826645791918,
       "constrained":0.1029335981204286,
       "original name":"C1ORF61_FELCA",
       "unconstrained":0.169451499313537
      },
     "C1ORF61_GGOR":{
       "MG94xREV with separate rates for branch sets":0,
       "Nucleotide GTR":1.922756202553358e-20,
       "constrained":0,
       "original name":"C1ORF61_GGOR",
       "unconstrained":0
      },
     "C1ORF61_HUMAN":{
       "MG94xREV with separate rates for branch sets":0,
       "Nucleotide GTR":0,
       "constrained":0,
       "original name":"C1ORF61_HUMAN",
       "unconstrained":0
      },
     "C1ORF61_LAMPA":{
       "MG94xREV with separate rates for branch sets":0.06024332299029143,
       "Nucleotide GTR":0.06188452834329807,
       "constrained":0.06055892178988244,
       "original name":"C1ORF61_LAMPA",
       "unconstrained":0.05493674812343122
      },
     "C1ORF61_MACMU":{
       "MG94xREV with separate rates for branch sets":0.02744326490009459,
       "Nucleotide GTR":0.02752573573144058,
       "constrained":0.02725364731055134,
       "original name":"C1ORF61_MACMU",
       "unconstrained":0.02736443567578281
      },
     "C1ORF61_MICMU":{
       "MG94xREV with separate rates for branch sets":0.05840821404166405,
       "Nucleotide GTR":0.05794015625723823,
       "constrained":0.060891333992988,
       "original name":"C1ORF61_MICMU",
       "unconstrained":0.07856201838285685
      },
     "C1ORF61_NOMLE":{
       "MG94xREV with separate rates for branch sets":0.00909761991993753,
       "Nucleotide GTR":0.00904551474857675,
       "constrained":0.009049591614102032,
       "original name":"C1ORF61_NOMLE",
       "unconstrained":0.009376332407822966
      },