{
 "Evidence Ratios":{
  },
 "Site Log Likelihood":{
   "unconstrained":    [
[-4.092370406691973, -13.68868908003494, -4.275840863595477, -8.317923872588445, -4.939205393613308, -3.924808689764644, -4.122868587678899, -4.677594288248818, -8.65180592088819, -5.206678919368669, -15.93355784964561, -16.88494097372918, -11.26991827660864, -4.310552780601042, -9.058278208526259, -4.122868587678899, -8.647190489953436, -7.132903321698738, -6.721418141325377, -4.028226003894872, -6.458326208381916, -7.866881877386048, -15.61096640153206, -8.219623171613975, -9.622590610724988, -12.00842732675966, -8.657879759210001, -9.346437753897289, -6.304423454709154, -8.669191254539427, -9.844541144877418, -8.111240119260577, -12.9315511859185, -16.19092139088778, -7.400007701945886, -8.472963536782666, -4.939205393613308, -13.40499259492802, -4.67518142837627, -7.861157425370866, -5.407669442534528, -5.042507314653041, -4.939205393613308, -9.225767824911788, -17.48296557377373, -3.880942328146515, -4.252606381308627, -12.36477903486925, -14.07467821929479, -16.09196817109194, -10.99947740165553, -7.535426682266724, -12.48643707010718, -5.556925313887615, -4.028226003894872, -16.23494606810837, -5.556925313887615, -6.951458464370382, -5.556925313887615, -11.54323007841939, -8.578908372437146, -8.050593638238645, -4.401024234342721, -3.967577237534089, -4.401024234342721, -9.008483051973297, -4.180913987747957, -7.524506522253649, -7.305573547246375, -7.266555544727392, -5.846689791097153, -6.959982098028628, -4.378988419571981, -4.122868587678899, -6.54716661718607, -8.453256946407638, -8.479795123569566, -5.042507314653041, -10.70991728072343] 
    ]
  },
 "Synonymous site-posteriors":  [
[0.03426026579920442, 0.004112392298179098, 0.03631013483264237, 0.01227563080303734, 0.04498875406522303, 0.03701445950473686, 0.03503510911888234, 0.04025516498201757, 0.01716263414345513, 0.05234873398516149, 0.0007004811550258039, 0.0004497012963600033, 0.003605117617500965, 0.03724067360000544, 0.002985108429565852, 0.03503510911888234, 0.01855262542161542, 0.01111656197376831, 0.01018541566152546, 0.03707615391776497, 0.0735930377531837, 0.01563231631677971, 0.0006079865001862429, 0.01318736295005275, 0.004025574722902476, 0.002569747974748914, 0.003151657960072178, 0.009121492492424483, 0.01333300826370034, 0.003212838645924277, 0.01262544800739153, 0.0168857247572668, 0.0009549674672894056, 0.003315813369737549, 0.01040364544564318, 0.0134295167668912, 0.04498875406522303, 0.003992398857495556, 0.04779183826422736, 0.0155148547171181, 0.04531455394197351, 0.0450585074328369, 0.04498875406522303, 0.004144108646288586, 0.003442414930454447, 0.03586884800054297, 0.04167920110696241, 0.00235334481344533, 0.003820335569397897, 0.0002578178123047691, 0.01930658304867848, 0.01497497609783148, 0.003857198079468843, 0.04677265440287025, 0.03707615391776497, 0.000579629288258048, 0.04677265440287025, 0.01535712008144644, 0.04677265440287025, 0.002176155355901889, 0.02994259289732847, 0.02117789486105149, 0.03750991434622929, 0.03421848728441691, 0.03750991434622929, 0.01110645835402285, 0.04255481783420981, 0.0105891491633299, 0.01466557975297336, 0.01575064018194728, 0.05413935427519686, 0.01393063673970047, 0.04419193461112057, 0.03503510911888234, 0.07391841410869171, 0.01343251559234095, 0.00873683607993527, 0.0450585074328369, 0.01697989952692923],
  [0.7374148766188747, 0.9706130276786993, 0.7214514316226355, 0.9092027204146749, 0.6537107044710535, 0.7159718829983637, 0.7313928214104808, 0.6906922665433717, 0.8725355821147813, 0.5957084812420028, 0.9952015716452275, 0.9969354572971347, 0.9743295303678305, 0.7142103401573071, 0.9787480561674277, 0.7313928214104808, 0.861985096832049, 0.9178744933838464, 0.9248354649725018, 0.715491212751183, 0.4273576807575763, 0.8840126531449291, 0.9958371872300342, 0.9023654886120758, 0.9712431949744156, 0.9817341191205666, 0.977547188483562, 0.9329980867356479, 0.9012806663545532, 0.9771065419903917, 0.9065719853006782, 0.8746074026552479, 0.9934289434679063, 0.9763526208704503, 0.923203055720263, 0.9005673695404828, 0.6537107044710535, 0.9714652097504877, 0.631662950186254, 0.884900296178334, 0.6511391023747133, 0.6531649123971283, 0.6537107044710535, 0.9703772023532318, 0.9754509000124749, 0.7248921609833776, 0.6795314479590412, 0.9832846116037449, 0.9727153721843135, 0.9982884457945529, 0.856374922823163, 0.888963152298595, 0.9725056854649079, 0.6395287804634182, 0.715491212751183, 0.9960331588874192, 0.6395287804634182, 0.8860747879598621, 0.6395287804634182, 0.9845721935216136, 0.7757891578697479, 0.8421826800508621, 0.7120978442006418, 0.7377510496223235, 0.7120978442006418, 0.9183240413247588, 0.6726917994087072, 0.9218169947350896, 0.8912382728414409, 0.8831347114877963, 0.5818807649297941, 0.896792984266206, 0.6598901100101658, 0.7313928214104808, 0.4247159602814446, 0.9005434525323943, 0.9356045078850339, 0.6531649123971283, 0.8738291414456508],
  [0.2283248575819207, 0.02527458002312163, 0.2422384335447221, 0.07852164878228779, 0.3013005414637235, 0.2470136574968995, 0.2335720694706368, 0.2690525684746107, 0.1103017837417635, 0.3519427847728357, 0.004097947199746833, 0.002614841406505308, 0.02206535201466843, 0.2485489862426874, 0.01826683540300636, 0.2335720694706368, 0.1194622777463355, 0.07100894464238511, 0.06497911936597267, 0.247432633331052, 0.4990492814892401, 0.1003550305382913, 0.003554826269779454, 0.08444714843787154, 0.02473123030268192, 0.01569613290468433, 0.01930115355636592, 0.05788042077192765, 0.08538632538174627, 0.01968061936368411, 0.08080256669193024, 0.1085068725874853, 0.005616089064804201, 0.02033156575981202, 0.06639329883409389, 0.08600311369262609, 0.3013005414637235, 0.02454239139201687, 0.3205452115495188, 0.09958484910454793, 0.3035463436833131, 0.3017765801700348, 0.3013005414637235, 0.02547868900047971, 0.02110668505707059, 0.2392389910160793, 0.2787893509339964, 0.01436204358280983, 0.02346429224628874, 0.001453736393142348, 0.1243184941281585, 0.0960618716035735, 0.02363711645562338, 0.3136985651337114, 0.247432633331052, 0.003387211824322863, 0.3136985651337114, 0.09856809195869165, 0.3136985651337114, 0.01325165112248441, 0.1942682492329237, 0.1366394250880865, 0.250392241453129, 0.2280304630932596, 0.250392241453129, 0.07056950032121832, 0.284753382757083, 0.06759385610158043, 0.0940961474055859, 0.1011146483302564, 0.3639798807950089, 0.08927637899409367, 0.2959179553787135, 0.2335720694706368, 0.5013656256098636, 0.08602403187526478, 0.05565865603503101, 0.3017765801700348, 0.1091909590274199] 
  ],
 "analysis":{
   "authors":"Sergei L Kosakovsky Pond",
   "citation":"*Gene-wide identification of episodic selection*, Mol Biol Evol. 32(5):1365-71",
   "contact":"spond@temple.edu",
   "info":"BUSTED (branch-site unrestricted statistical test of episodic diversification) uses a random effects branch-site model fitted \njointly to all or a subset of tree branches in order to test for alignment-wide evidence of episodic diversifying selection. \nAssuming there is evidence of positive selection (i.e. there is an omega > 1),  BUSTED will also perform a quick evidence-ratio \nstyle analysis to explore which individual sites may have been subject to selection. v2.0 adds support for synonymous rate variation, \nand relaxes the test statistic to 0.5 (chi^2_0 + chi^2_2). Version 2.1 adds a grid search for the initial starting point.\nVersion 2.2 changes the grid search to LHC, and adds an initial search phase to use adaptive Nedler-Mead. Version 3.0 implements the option\nfor branch-site variation in synonymous substitution rates. Version 3.1 adds HMM auto-correlation option for SRV, and binds SRV distributions for multiple branch sets\n",
   "requirements":"in-frame codon alignment and a phylogenetic tree (optionally annotated with {})",
   "version":"3.1"
  },
 "background":0,