{
 "Evidence Ratios":{
   "constrained":    [
[0.9999999999999982, 0.9999999999999987, 0.9999999999999987, 0.9999999999999982, 0.9999999999999982, 0.9999999999999982, 0.9999999999999987, 0.9999999999999991, 0.9999999999999987, 0.9999999999999982, 0.9999999999999987, 0.9999999999999982, 0.9999999999999982, 0.9999999999999973, 0.9832686619793193, 0.9828774803919171, 0.9772383214854031, 0.977152225952291, 1.237693741630935, 0.9802917636733072, 0.9761552408307582, 0.9848371914626159, 0.9779814566532713, 0.9731873489561536, 0.9800973342964195, 0.9776460186307694, 0.9920993751021761, 0.9820062544586096, 0.9737648040130277, 1.068193778159942, 0.9798651200708353, 0.9813765862497178, 1.004100816892646, 0.9761392692172949, 0.9822169892444161, 0.9823187754634268, 0.9915511006790924, 0.9945946472515899, 0.9855699661410358, 1.048281640235009, 1.147732793031721, 0.9814160972191643, 0.9999999999999991, 0.9999999999999978, 0.9999999999999982, 0.9999999999999991, 0.9999999999999991, 0.9999999999999982, 0.9999999999999991, 0.9999999999999982] 
    ],
   "optimized null":    [
[1.000000000000002, 1.000000000000006, 0.9999999999999942, 1, 0.9999999999999991, 0.9999999999999982, 0.9999999999999982, 0.9999999999999991, 0.9999999999999982, 0.9999999999999969, 1.000000000000006, 1, 0.9999999999999969, 1, 1.007569571711234, 1.027380559541123, 1.002211346442355, 0.982456925763331, 1.053158437221361, 1.007075612795283, 1.03191160984884, 0.9669769721841499, 1.017934336538831, 1.023146308106539, 0.9878382218635174, 1.025270421940994, 1.037646902742545, 0.9830901134261263, 1.007207984263379, 0.991380080414406, 1.003720293292229, 1.012172363710707, 0.971720687941087, 1.00393095527387, 0.996451929232278, 1.000216439782013, 0.9952574082709631, 0.9924687795218142, 0.962646244566699, 0.9992583737547368, 0.925928006025126, 0.9950045474494312, 1.000000000000005, 0.9999999999999925, 1.000000000000003, 1.000000000000001, 1.000000000000001, 0.9999999999999973, 0.9999999999999964, 0.9999999999999867] 
    ]
  },
 "Site Log Likelihood":{
   "constrained":    [
[-3.643821924032997, -3.293967776655825, -3.519317618649135, -3.169463471271959, -4.125013018068545, -4.842737442857704, -3.614399695078834, -4.557901207144742, -3.614399695078834, -3.561812273431804, -3.293967776655825, -3.603576665418125, -3.561812273431804, -4.207325686182649, -4.108491204740758, -7.41208429725837, -19.67590582452165, -11.61060804841995, -15.5492839174666, -4.180554770884441, -17.31888990131682, -10.50541900817981, -8.309579386761573, -20.43029545980601, -9.051700545081111, -7.797678310156654, -26.79675964863066, -24.49748888881599, -24.73528684607285, -15.46975523552294, -4.350222347280532, -10.85484862976172, -17.38204962573054, -11.94646137625169, -3.745394585222401, -3.951361424422123, -13.50638402035195, -19.08003333282269, -17.06203217036403, -24.21966276951759, -22.63882037832213, -3.855393509542841, -5.579421981425634, -3.574154436463956, -3.643821924032996, -5.068514530134453, -5.068514530134453, -4.557901207144741, -6.281868661508483, -5.028269271519583] 
    ],
   "optimized null":    [
[-3.643821924033, -3.293967776655832, -3.519317618649131, -3.169463471271961, -4.125013018068546, -4.842737442857704, -3.614399695078834, -4.557901207144742, -3.614399695078834, -3.561812273431803, -3.293967776655832, -3.603576665418127, -3.561812273431803, -4.207325686182652, -4.132905158960845, -7.45636751919912, -19.70113945430238, -11.61602210026185, -15.38782783989809, -4.207510502579705, -17.37443656232603, -10.48711735002736, -8.349619369996182, -20.48035662281207, -9.059567598925227, -7.845242332840115, -26.8416472049352, -24.49859199917244, -24.76905445579555, -15.39512878524098, -4.37427608676813, -10.88574651910715, -17.34927032036831, -11.97453463438761, -3.759783233516398, -3.96941724549112, -13.51011494044256, -19.0778936240321, -17.03849804774124, -24.17176857765473, -22.42407307156892, -3.869144291168658, -5.57942198142564, -3.57415443646395, -3.643821924033001, -5.068514530134455, -5.068514530134455, -4.55790120714474, -6.28186866150848, -5.028269271519571] 
    ],
   "unconstrained":    [
[-3.643821924032999, -3.293967776655826, -3.519317618649136, -3.169463471271961, -4.125013018068547, -4.842737442857706, -3.614399695078836, -4.557901207144742, -3.614399695078836, -3.561812273431806, -3.293967776655826, -3.603576665418127, -3.561812273431806, -4.207325686182652, -4.125364092698573, -7.429355102323295, -19.698930549288, -11.6337208779239, -15.33603415536628, -4.200459804477194, -17.34302354830605, -10.52069794750661, -8.331843956365873, -20.45747412739181, -9.071803936619974, -7.820285928761881, -26.80469164883096, -24.51564649036149, -24.76187232489135, -15.40378607121856, -4.370562696651064, -10.87364764287242, -17.37795719427056, -11.97061138513035, -3.763337613615597, -3.969200829128817, -13.51486881394377, -19.08545334734885, -17.07656732969656, -24.17251047904078, -22.50103186620044, -3.87415226270171, -5.579421981425635, -3.574154436463958, -3.643821924032998, -5.068514530134454, -5.068514530134454, -4.557901207144742, -6.281868661508484, -5.028269271519584] 
    ]
  },