{
 "Evidence Ratios":{
  },
 "Site Log Likelihood":{
   "unconstrained":    [
[-3.655330802590736, -9.251188428924971, -12.51258006930015, -9.723390124426215, -13.7267712824747, -17.70572932480227, -4.404867592425202, -4.404867592425202, -4.75012734981274, -4.404867592425202, -4.404867592425202, -3.721729198248097, -3.289810362851358, -4.404867592425202, -3.565415652136674, -3.679081140747016, -5.360550180722103, -4.404867592425202, -3.721729198248097, -3.679081140747016, -3.565415652136674, -4.289503971656379, -4.404867592425202, -3.679081140747016, -4.404867592425202, -3.721729198248097, -3.565415652136674, -4.289503971656379, -4.404867592425202, -3.679081140747016, -10.4836815502123, -16.51993037663643, -5.047172287082797, -6.366629634545392, -5.097866990035754, -10.26558579731356, -8.10491653427356, -6.274530926761033, -9.379805042096558, -5.188444384561013, -8.749747102897203, -5.717671347696062, -3.655330802590736, -4.58808962925934, -3.944003286346971, -6.99895778917436, -3.944003286346971, -5.361185273651021, -5.570170389172548, -18.17474079532296, -9.362498253836746, -25.94707756495687, -26.81852935501184, -10.1735026886303, -6.833731342942615, -26.64048818326588, -10.33615624482585, -10.18741006513942, -14.63494040637057, -4.880734578143906, -9.420955923709233] 
    ]
  },
 "Synonymous site-posteriors":  [
[0.008644377212378887, 0.001812413813340158, 0.2907199199216419, 0.05948435933270135, 0.37586558075114, 0.8309005639169046, 0.1229242947251693, 0.1229242947251693, 0.1229242947251691, 0.1229242947251693, 0.1229242947251693, 0.1229242947251692, 0.122924294725167, 0.1229242947251693, 0.1229242947251711, 0.1229242947251691, 0.1229242947251673, 0.1229242947251693, 0.1229242947251692, 0.1229242947251691, 0.1229242947251711, 0.1229242947251673, 0.1229242947251693, 0.1229242947251691, 0.1229242947251693, 0.1229242947251692, 0.1229242947251711, 0.1229242947251673, 0.1229242947251693, 0.1229242947251691, 0.2058566536731054, 0.7444264273780117, 0.003221138868209856, 0.006751058225554785, 0.005540123085000748, 0.01392270995482929, 0.03167167336939783, 0.01626612510223123, 0.131161281277378, 0.01815049818747537, 0.1791189325768546, 0.002092609232982547, 0.008644377212378887, 0.01507936758171344, 0.01347152986248721, 0.03568891403765449, 0.01347152986248721, 0.01372885335847915, 0.00114009974784248, 0.01141604167331857, 0.0002137667165091389, 0.01310735505705948, 0.01888509200999233, 1.120766689797663e-06, 3.805116593737554e-05, 0.9592162418904769, 4.15996364115294e-05, 8.152892440232057e-06, 0.1732452465186204, 0.01017888800073737, 0.5108580197716822],
  [0.2037914057702817, 0.06694359371106397, 0.691934019833889, 0.9046743439760905, 0.6139597486278947, 0.168825985816747, 0.3568384439811743, 0.3568384439811743, 0.3568384439811759, 0.3568384439811743, 0.3568384439811743, 0.3568384439811746, 0.3568384439811749, 0.3568384439811743, 0.3568384439811773, 0.3568384439811762, 0.3568384439811795, 0.3568384439811743, 0.3568384439811746, 0.3568384439811762, 0.3568384439811773, 0.3568384439811798, 0.3568384439811743, 0.3568384439811762, 0.3568384439811743, 0.3568384439811746, 0.3568384439811773, 0.3568384439811798, 0.3568384439811743, 0.3568384439811762, 0.7208176515116299, 0.2555508439153745, 0.06515353904761613, 0.07160341935821768, 0.05876456118395227, 0.5150607687584302, 0.6400448569072247, 0.2611263904800445, 0.7691587509258518, 0.2924230075487524, 0.7522085882039762, 0.05781363600835429, 0.2037914057702817, 0.2125257859007152, 0.2162297205600001, 0.3828030122434152, 0.2162297205600001, 0.2519836223474217, 0.03773649341625674, 0.9866419364895783, 0.08832722799712754, 0.9779274277925114, 0.9811147591391088, 0.0003668330715853107, 0.02089982387347857, 0.04078346684567191, 0.02988145512999581, 0.009346409249666081, 0.7997414899427296, 0.1148595695743962, 0.4867501869989962],
  [0.7875642170173395, 0.9312439924755959, 0.01734606024446915, 0.03584129669120808, 0.01017467062096519, 0.0002734502663483115, 0.5202372612936565, 0.5202372612936565, 0.5202372612936551, 0.5202372612936565, 0.5202372612936565, 0.5202372612936561, 0.5202372612936582, 0.5202372612936565, 0.5202372612936516, 0.5202372612936548, 0.5202372612936532, 0.5202372612936565, 0.5202372612936561, 0.5202372612936548, 0.5202372612936516, 0.5202372612936531, 0.5202372612936565, 0.5202372612936548, 0.5202372612936565, 0.5202372612936561, 0.5202372612936516, 0.5202372612936531, 0.5202372612936565, 0.5202372612936548, 0.07332569481526462, 2.272870661353428e-05, 0.9316253220841741, 0.9216455224162275, 0.9356953157310469, 0.4710165212867405, 0.3282834697233775, 0.7226074844177242, 0.09967996779677005, 0.6894264942637721, 0.06867247921916908, 0.9400937547586631, 0.7875642170173395, 0.7723948465175714, 0.7702987495775125, 0.5815080737189303, 0.7702987495775125, 0.734287524294099, 0.9611234068359008, 0.001942021837103023, 0.9114590052863634, 0.008965217150429026, 1.488508988525947e-07, 0.9996320461617249, 0.9790621249605841, 2.912638513647287e-07, 0.9700769452335926, 0.9906454378578937, 0.0270132635386501, 0.8749615424248663, 0.002391793229321594] 
  ],
 "analysis":{
   "authors":"Sergei L Kosakovsky Pond",
   "citation":"*Gene-wide identification of episodic selection*, Mol Biol Evol. 32(5):1365-71",
   "contact":"spond@temple.edu",
   "info":"BUSTED (branch-site unrestricted statistical test of episodic diversification) uses a random effects branch-site model fitted \njointly to all or a subset of tree branches in order to test for alignment-wide evidence of episodic diversifying selection. \nAssuming there is evidence of positive selection (i.e. there is an omega > 1),  BUSTED will also perform a quick evidence-ratio \nstyle analysis to explore which individual sites may have been subject to selection. v2.0 adds support for synonymous rate variation, \nand relaxes the test statistic to 0.5 (chi^2_0 + chi^2_2). Version 2.1 adds a grid search for the initial starting point.\nVersion 2.2 changes the grid search to LHC, and adds an initial search phase to use adaptive Nedler-Mead. Version 3.0 implements the option\nfor branch-site variation in synonymous substitution rates. Version 3.1 adds HMM auto-correlation option for SRV, and binds SRV distributions for multiple branch sets\n",
   "requirements":"in-frame codon alignment and a phylogenetic tree (optionally annotated with {})",
   "version":"3.1"
  },
 "background":0,
 "branch attributes":{
   "0":{
     "ENSDORP00000006325":{
       "MG94xREV with separate rates for branch sets":0.282314419967493,
       "Nucleotide GTR":0.2062373652315857,
       "original name":"ENSDORP00000006325",
       "unconstrained":6.628523011354519
      },
     "ENSGALP00000030685":{
       "MG94xREV with separate rates for branch sets":0,
       "Nucleotide GTR":0,
       "original name":"ENSGALP00000030685",
       "unconstrained":0
      },
     "ENSNLEP00000002772":{
       "MG94xREV with separate rates for branch sets":0.2176208217245857,
       "Nucleotide GTR":0.1742224899743524,
       "original name":"ENSNLEP00000002772",
       "unconstrained":18.65822200946384
      },
     "ENSOANP00000026442":{
       "MG94xREV with separate rates for branch sets":0.1047340114960059,
       "Nucleotide GTR":0.07763699138598248,
       "original name":"ENSOANP00000026442",
       "unconstrained":1.735837526929298
      },
     "ENSOPRP00000008928":{
       "MG94xREV with separate rates for branch sets":0.09701057297481135,
       "Nucleotide GTR":0.07536075926469589,
       "original name":"ENSOPRP00000008928",
       "unconstrained":0.4938337764446912
      },
     "ENSOPRP00000015905":{
       "MG94xREV with separate rates for branch sets":0,
       "Nucleotide GTR":5.733118452614161e-20,
       "original name":"ENSOPRP00000015905",
       "unconstrained":0
      },
     "ENSPSIP00000002741":{
       "MG94xREV with separate rates for branch sets":0.6824301207453142,
       "Nucleotide GTR":0.2716524685195785,
       "original name":"ENSPSIP00000002741",