{
 "Evidence Ratios":{
  },
 "Site Log Likelihood":{
   "unconstrained":    [
[-12.53063468439263, -20.63443775388498, -23.35567212226989, -15.58538026624696, -16.92721749966253, -25.06751876217079, -24.44930424738193, -29.46670899499438, -26.72183268721627, -17.46484176452684, -23.53759277539135, -20.728033003682, -24.82730456172223, -34.09519095224572, -16.45172279270514, -26.30579991864892, -10.66802784741111, -10.3600387665681, -16.02037574022342, -37.8386151718969, -28.21524256676403, -16.32742099148538, -19.91503484316729, -9.295451846054242, -10.2091525744878, -17.91063799238496, -19.81521293908164, -22.33824099808258, -23.08030438608294, -20.4379115647467, -15.69713042199914, -9.307490323807629, -18.0805781799395, -16.03651783905449, -23.13626778970156, -13.84896801508741, -18.00769101666434, -22.49045685690733, -15.74793234352845, -9.895281763958037] 
    ]
  },
 "Synonymous site-posteriors":  [
[0.5167204359484435, 0.0009555459051102671, 1.900762748538778e-06, 0.02676007222648889, 0.0001248214051747953, 4.658512723560536e-08, 0.008420493434819685, 7.575564100543304e-06, 7.075586617035061e-08, 0.0001032035004167992, 0.001514612236383067, 1.365295073822625e-05, 9.942271579673705e-05, 2.249466168027907e-11, 0.00182811888826009, 1.454608069264105e-05, 0.1768062550232217, 0.2774885220844467, 0.0003769420576832363, 1.294886451964387e-13, 2.202781504861614e-05, 0.02998075022105315, 0.0004923446419191882, 0.4415812766930187, 0.8298382020136159, 4.707811318589833e-05, 0.009588242538112496, 4.540890311166995e-07, 0.0001921044345484647, 0.001617327633182815, 0.06304484327418698, 0.9496753013067711, 1.512240170781348e-05, 0.04119417143787184, 2.520341394541489e-05, 0.001786187307492255, 0.002786684755982356, 8.321014106633534e-07, 0.002055221641264007, 0.01109132447558528],
  [0.1092061213748761, 0.8845770326972894, 0.988875221729578, 0.3518604227276192, 0.9649009840720467, 0.9922324951292426, 0.3743761858066542, 0.9852802886460852, 0.9923710131517832, 0.935240219817267, 0.7462454822159278, 0.9656967035459292, 0.8616730902914265, 0.999423897062789, 0.6879954280461882, 0.9748509531900363, 0.1122798873771738, 0.08091839335938987, 0.9167188035233059, 0.9998953745264672, 0.943684419159871, 0.2979276364501838, 0.8791103445273089, 0.08520054292902322, 0.0180185092545401, 0.8263695778327655, 0.6872676560600913, 0.9879275816589024, 0.9152537603233514, 0.8621005639609027, 0.2811355425072505, 0.001192281964492839, 0.9515372163824061, 0.2295513064620894, 0.951232743850276, 0.8377910443592007, 0.4546565088949646, 0.9540877667348263, 0.6823509567527615, 0.4804799799671264],
  [0.3740734426766802, 0.1144674213976003, 0.01112287750767357, 0.6213795050458918, 0.03497419452277856, 0.00776745828563031, 0.6172033207585261, 0.01471213578981419, 0.007628916092350558, 0.0646565766823161, 0.2522399055476891, 0.03428964350333263, 0.1382274869927768, 0.000576102914716204, 0.3101764530655517, 0.02513450072927104, 0.7109138575996045, 0.6415930845561636, 0.08290425441901095, 0.0001046254734035021, 0.05629355302508025, 0.672091613328763, 0.1203973108307719, 0.4732181803779581, 0.1521432887318439, 0.1735833440540486, 0.3031441014017962, 0.01207196425206643, 0.0845541352421002, 0.1362821084059145, 0.6558196142185625, 0.04913241672873606, 0.0484476612158861, 0.7292545221000388, 0.04874205273577843, 0.1604227683333071, 0.542556806349053, 0.04591140116376305, 0.3155938216059744, 0.5084286955572883] 
  ],
 "analysis":{
   "authors":"Sergei L Kosakovsky Pond",
   "citation":"*Gene-wide identification of episodic selection*, Mol Biol Evol. 32(5):1365-71",
   "contact":"spond@temple.edu",
   "info":"BUSTED (branch-site unrestricted statistical test of episodic diversification) uses a random effects branch-site model fitted \njointly to all or a subset of tree branches in order to test for alignment-wide evidence of episodic diversifying selection. \nAssuming there is evidence of positive selection (i.e. there is an omega > 1),  BUSTED will also perform a quick evidence-ratio \nstyle analysis to explore which individual sites may have been subject to selection. v2.0 adds support for synonymous rate variation, \nand relaxes the test statistic to 0.5 (chi^2_0 + chi^2_2). Version 2.1 adds a grid search for the initial starting point.\nVersion 2.2 changes the grid search to LHC, and adds an initial search phase to use adaptive Nedler-Mead. Version 3.0 implements the option\nfor branch-site variation in synonymous substitution rates. Version 3.1 adds HMM auto-correlation option for SRV, and binds SRV distributions for multiple branch sets\n",
   "requirements":"in-frame codon alignment and a phylogenetic tree (optionally annotated with {})",
   "version":"3.1"
  },
 "background":0,
 "branch attributes":{
   "0":{
     "BX323876_2_DANRE":{
       "MG94xREV with separate rates for branch sets":0.1673684686469321,
       "Nucleotide GTR":0.1720192228459966,
       "original name":"BX323876.2_DANRE",
       "unconstrained":0.02842726795528554
      },
     "CNP_3_TAKRU":{
       "MG94xREV with separate rates for branch sets":0.02048382407177038,
       "Nucleotide GTR":0.01357279567351118,
       "original name":"CNP-3_TAKRU",
       "unconstrained":0.02367521478142619
      },
     "ENSGMOP00000001872":{
       "MG94xREV with separate rates for branch sets":0.3445303589182865,
       "Nucleotide GTR":0.1946982262970067,
       "original name":"ENSGMOP00000001872",
       "unconstrained":0.637486555011411
      },
     "ENSLACP00000009151":{
       "MG94xREV with separate rates for branch sets":0.4267917085147648,
       "Nucleotide GTR":0.2468162904841529,
       "original name":"ENSLACP00000009151",
       "unconstrained":1.009717367242995
      },
     "ENSLACP00000009298":{
       "MG94xREV with separate rates for branch sets":0.355035959733686,
       "Nucleotide GTR":0.2291750327756584,
       "original name":"ENSLACP00000009298",
       "unconstrained":0.8547251138987131
      },
     "ENSMGAP00000016704":{
       "MG94xREV with separate rates for branch sets":0.2361441861801965,
       "Nucleotide GTR":0.1912524471877063,
       "original name":"ENSMGAP00000016704",
       "unconstrained":0.2941796308169671
      },
     "ENSPSIP00000008178":{
       "MG94xREV with separate rates for branch sets":0.02794453341743964,
       "Nucleotide GTR":0.07500249358232632,
       "original name":"ENSPSIP00000008178",
       "unconstrained":0.03905514854140883
      },
     "ENSTGUP00000016882":{
       "MG94xREV with separate rates for branch sets":0.1580190634898509,
       "Nucleotide GTR":0.09729087645659228,
       "original name":"ENSTGUP00000016882",
       "unconstrained":0.1994995431658249
      },
     "ENSTNIP00000006438":{
       "MG94xREV with separate rates for branch sets":0.06450197823466519,
       "Nucleotide GTR":0.064654699958978,
       "original name":"ENSTNIP00000006438",
       "unconstrained":0.05909997741334597
      },
     "F6PZA7_XENTR":{
       "MG94xREV with separate rates for branch sets":0.6466363480372387,
       "Nucleotide GTR":0.3247828219558873,
       "original name":"F6PZA7_XENTR",
       "unconstrained":1.286969601818856
      },
     "NODE_10":{
       "MG94xREV with separate rates for branch sets":0.0674879633113355,
       "Nucleotide GTR":0.04041960694256233,
       "unconstrained":0.2373315128239318
      },
     "NODE_15":{
       "MG94xREV with separate rates for branch sets":0.009239675157245315,
       "Nucleotide GTR":0.02064334775611363,
       "unconstrained":0
      },
     "NODE_17":{
       "MG94xREV with separate rates for branch sets":0.1197811259446351,
       "Nucleotide GTR":0.04063796879049823,
       "unconstrained":0
      },
     "NODE_18":{
       "MG94xREV with separate rates for branch sets":0.7131532766469885,
       "Nucleotide GTR":0.2346615625014029,
       "unconstrained":1.960446363715298
      },
     "NODE_3":{
       "MG94xREV with separate rates for branch sets":0.1462100024146953,
       "Nucleotide GTR":0.07089792664323658,