{
 "Evidence Ratios":{
   "constrained":    [
[2.385292908346544, 0.81704263388377, 1.645808319997399, 0.8224980054968175, 2.102628168656982, 0.8265369643407949, 2.593041951350381, 3.15023306231408, 0.7914187678574832, 2.408614154792093, 0.8862239253959194, 0.8021965204487398, 0.8186687365756096, 0.8617096470264095, 0.7914187678574832, 1.334248680918663, 0.8214101452044775, 0.8410855144534627, 1.155591741148157, 0.8086360629371415, 0.7673606520834888, 0.7765527479239993, 0.8862239253959194, 1.671911428627187, 0.8186687365756096, 1.620947438640064, 0.8001862130626075, 0.8931689331358216, 0.8096037620393863, 0.8752327050195612, 1.312631463515538, 0.8265369643407949, 0.8325355759240106, 1.599391267137095, 0.8862239253959194, 0.8110131052155077, 1.818677071566455, 0.7933536312072434, 0.8224980054968175, 0.8180990940513981, 0.8275123914864179, 0.884400938556149, 0.8121256499497157, 1.283106445352033, 1.702767031492149, 1.380467565016172, 1.752124549975116, 1.186656536649562, 0.878716090183252, 0.8848611498685636] 
    ],
   "optimized null":    [
[1.62308963481963, 1.008915242211769, 1.134108061903398, 1.016369335354028, 0.7571621681319496, 1.017213411677522, 1.612168237673119, 1.39105689356327, 1.029697669885376, 0.9410365700935278, 1.042264278820916, 1.018908412668081, 1.004174615776868, 1.004628485963792, 1.029697669885376, 0.9129359959444643, 1.010513449397661, 0.7867828005185675, 0.7836281691288948, 1.019655806157788, 1.029762854416694, 1.021010156699375, 1.042264278820916, 1.044341194012752, 1.004174615776868, 0.8972233584047663, 1.033550294730545, 0.9994823755258601, 1.036676849685503, 1.019348995262437, 0.9149655976110265, 1.017213411677522, 1.003683639955262, 1.101821103747682, 1.042264278820916, 1.013505754045518, 0.9662138450980662, 1.039660409074222, 1.016369335354028, 0.8314799651669806, 1.034833591737984, 0.9117416512019989, 1.05319966234302, 0.8498087987504384, 0.9657343067531647, 0.9133575320276648, 1.259166063934103, 0.8392186737265226, 0.8595546783262696, 1.090849908328806] 
    ]
  },
 "Site Log Likelihood":{
   "constrained":    [
[-14.04061579783916, -5.539809295986128, -11.66323895280921, -3.384991966078064, -15.62501372857333, -3.570126016283547, -10.90755996771185, -19.14468822149264, -4.401722777095446, -9.69583295132484, -4.587359270663429, -3.585569424462171, -3.356824708573323, -4.70147869270477, -4.401722777095446, -7.048271747757335, -6.377739751565612, -7.307455213350456, -8.966563612366246, -3.924234729462674, -4.710191141891359, -4.49031301173932, -4.587359270663429, -12.32514999302311, -3.356824708573323, -9.559242501393561, -6.004971706913829, -4.791693098221528, -5.25869360887336, -6.208476645196101, -8.054766478658573, -3.570126016283547, -4.292976081163389, -8.349621438534831, -4.587359270663429, -5.105822471140204, -10.3615028620186, -5.018134168755801, -3.384991966078064, -8.917816633626481, -4.904950373798354, -8.676320948223628, -6.208943041431748, -8.392297292694611, -12.53797794020468, -7.889830839454647, -11.13349276636068, -7.858767153448136, -8.349156807806585, -6.496228332507161] 
    ],
   "optimized null":    [
[-13.65562538318501, -5.750749034084349, -11.29085380279111, -3.596637989499984, -14.60364783370158, -3.777703594435581, -10.4323082870343, -18.32727559665647, -4.664916047423675, -8.756008131585542, -4.749540431187047, -3.8247029582107, -3.561066384813004, -4.85493340162177, -4.664916047423675, -6.668813896294614, -6.584931045407589, -7.240714102909295, -8.578130424384753, -4.156106178408428, -5.004318056001788, -4.763996207009289, -4.749540431187047, -11.85456870332961, -3.561066384813004, -8.96778124253923, -6.260882282412041, -4.90415488088639, -5.505924202867853, -6.360906308180477, -7.693863792859609, -3.777703594435581, -4.479932277330396, -7.976962699476427, -4.749540431187047, -5.328708901103283, -9.72902341146108, -5.288514514606997, -3.596637989499984, -8.93404036602319, -5.128522203896657, -8.706767110758975, -6.468876078944986, -7.980269347075128, -11.97085681940053, -7.476780708743028, -10.80311333402559, -7.512343463491415, -8.327109393357345, -6.705509996413627] 
    ],
   "unconstrained":    [
[-13.1712938683158, -5.741873298013505, -11.16500730934183, -3.580401187351496, -14.88182565744413, -3.760636655059385, -9.954728282593413, -17.99721178335586, -4.635650812651974, -8.816781408726259, -4.708144893506041, -3.805971087628683, -3.55690045856933, -4.850315594161612, -4.635650812651974, -6.759903400157225, -6.574472477988249, -7.480517155657954, -8.821951069590289, -4.13664105300295, -4.974989518699574, -4.743203720080574, -4.708144893506041, -11.81118245307283, -3.55690045856933, -9.076231684434045, -6.227882518985658, -4.904672639374326, -5.469903942545312, -6.341742124584898, -7.782732605512372, -3.760636655059385, -4.476255405361337, -7.879998339720933, -4.708144893506041, -5.315293536808873, -9.763393508992678, -5.249620384512483, -3.580401187351496, -9.11858844147083, -5.094281571035448, -8.799165716988133, -6.417043250906026, -8.143013244522837, -12.00572334677088, -7.567408582441342, -10.57266368620482, -7.687627433820011, -8.478450233104567, -6.618552871594215] 
    ]
  },