{
 "Evidence Ratios":{
  },
 "Site Log Likelihood":{
   "unconstrained":    [
[-4.468812260909615, -3.236059212167328, -4.690556924656551, -3.081253598951177, -3.081253598951177, -3.081253598951177, -3.081253598951177, -3.081253598951177, -3.744723291452958, -4.374721358904908, -3.805342568407836, -4.241257659885294, -5.634089048499505, -18.61234328995722, -7.381398936383988, -5.845474622126457, -6.610598122649795, -5.95860555800131, -5.782820872241706, -12.15205386279473, -3.655249355258091, -5.393226399958499, -6.665161705359282, -6.414784350185136, -4.105974661280044, -5.634089048499505, -4.414867922385035, -3.998663004690104, -6.374229303950766, -6.185038760889002, -5.108143780209232, -12.68925024425342, -9.475732503182371, -7.858522067678497, -6.063084225376862, -5.582417071473309, -7.728819887597232, -14.91350368302857, -8.834351280614142, -8.323484086684267, -6.24602419335602, -4.970715033824543, -4.957829422229479, -4.80302380901333, -4.374721358904908, -4.80302380901333, -4.73937237152899, -13.00879074137225, -11.22533702761958, -8.421310549289682, -4.126849493855928, -4.720950602235746, -3.999718045263143, -8.15167241416245, -5.896162131847122, -6.759197527397313, -6.294575830168155, -3.699498002931171, -4.324028590304509, -3.699498002931171, -9.470325027195054, -4.303249764924099, -3.999718045263143, -3.720684190346486, -4.476711057093606, -5.663997239949514] 
    ]
  },
 "Synonymous site-posteriors":  [
[0.8764305025554571, 0.8764305025554571, 0.8764305025554568, 0.8764305025554568, 0.8764305025554568, 0.8764305025554568, 0.8764305025554568, 0.8764305025554568, 0.876430502555457, 0.8764305025554573, 0.876430502555457, 0.876430502555457, 0.9036491553213166, 0.03852428417122095, 0.9022571807441393, 0.9036736261896928, 0.8988835749832661, 0.897873651293089, 0.8982144782719119, 0.8760510840516854, 0.9026591054155679, 0.9036210719087765, 0.8981922815575206, 0.8983878158756791, 0.9028523909732478, 0.9036491553213166, 0.9032529524633868, 0.9029122411858007, 0.9036917312738931, 0.9036491035132777, 0.9035653207118634, 0.8738046475619513, 0.8951082313348651, 0.895754920300743, 0.8985899383182591, 0.9036714906859199, 0.8947442350743003, 0.7904179498755466, 0.8913364620592081, 0.8917164551650776, 0.8956274255121917, 0.876430502555457, 0.876430502555457, 0.8764305025554568, 0.8764305025554573, 0.8764305025554568, 0.9031543431536964, 0.7716758242737686, 0.8896772642278461, 0.8974460241975053, 0.9030750874091954, 0.9030189816013978, 0.9030435407590718, 0.8938754011673814, 0.8991087984414, 0.9001994138028955, 0.8990928452366376, 0.9027297254382549, 0.9032930730933606, 0.9027297254382549, 0.8892560247517313, 0.9031387720706678, 0.9030435407590718, 0.8990303817459859, 0.9008945398628091, 0.9009862775890944],
  [0.03029138421951986, 0.03029138421951991, 0.03029138421951992, 0.03029138421951994, 0.03029138421951994, 0.03029138421951994, 0.03029138421951994, 0.03029138421951994, 0.03029138421952003, 0.03029138421951977, 0.03029138421951986, 0.03029138421951989, 0.0001689685066215993, 0.9573770956562425, 0.001718128840940521, 0.0001414383735418985, 0.005452608147262828, 0.006569886418343461, 0.00619282149267238, 0.03072294588674938, 0.001266622336910942, 0.0001999409953615372, 0.006217465043496608, 0.006000762194360795, 0.001052632180903773, 0.0001689685066215993, 0.0006087109979699615, 0.000986279786670272, 0.0001214289763966599, 0.0001690876519571215, 0.0002619419748641915, 0.03320853997796037, 0.009630186544634382, 0.00891419687540153, 0.005777404271502275, 0.0001436622723166344, 0.01003265043818182, 0.1254700469753778, 0.01380334615829047, 0.0133828542002256, 0.009055982185068511, 0.03029138421951985, 0.03029138421951985, 0.03029138421951981, 0.03029138421951977, 0.03029138421951981, 0.0007180234843516938, 0.1462078161388818, 0.01563957708152373, 0.007042759715331266, 0.0008057817965637246, 0.0008681672579901233, 0.0008407259906224863, 0.01099432449109144, 0.005203091970610083, 0.003995835304336656, 0.005220539679784766, 0.001188387898146469, 0.0005640343452552519, 0.001188387898146469, 0.01610669816961576, 0.0007352093380884904, 0.0008407259906224863, 0.005284350310011585, 0.00322129982988319, 0.003119784312437041],
  [0.09327811322502304, 0.09327811322502313, 0.09327811322502325, 0.09327811322502315, 0.09327811322502315, 0.09327811322502315, 0.09327811322502315, 0.09327811322502315, 0.09327811322502319, 0.09327811322502301, 0.0932781132250232, 0.09327811322502319, 0.09618187617206186, 0.004098620172536508, 0.09602469041492021, 0.09618493543676528, 0.09566381686947117, 0.09555646228856732, 0.09559270023541577, 0.09322597006156512, 0.09607427224752112, 0.09617898709586208, 0.09559025339898281, 0.09561142192996019, 0.09609497684584858, 0.09618187617206186, 0.0961383365386432, 0.09610147902752907, 0.09618683974971032, 0.09618180883476518, 0.09617273731327249, 0.09298681246008822, 0.09526158212050043, 0.0953308828238555, 0.09563265741023863, 0.0961848470417635, 0.09522311448751773, 0.08411200314907567, 0.09486019178250148, 0.09490069063469676, 0.09531659230273994, 0.09327811322502318, 0.09327811322502309, 0.09327811322502318, 0.09327811322502301, 0.09327811322502318, 0.09612763336195204, 0.08211635958734974, 0.09468315869063022, 0.09551121608716359, 0.09611913079424084, 0.09611285114061208, 0.09611573325030572, 0.09513027434152724, 0.09568810958799, 0.09580475089276788, 0.09568661508357774, 0.09608188666359849, 0.0961428925613842, 0.09608188666359849, 0.09463727707865284, 0.09612601859124355, 0.09611573325030572, 0.09568526794400256, 0.09588416030730779, 0.0958939380984685] 
  ],
 "analysis":{
   "authors":"Sergei L Kosakovsky Pond",
   "citation":"*Gene-wide identification of episodic selection*, Mol Biol Evol. 32(5):1365-71",
   "contact":"spond@temple.edu",
   "info":"BUSTED (branch-site unrestricted statistical test of episodic diversification) uses a random effects branch-site model fitted \njointly to all or a subset of tree branches in order to test for alignment-wide evidence of episodic diversifying selection. \nAssuming there is evidence of positive selection (i.e. there is an omega > 1),  BUSTED will also perform a quick evidence-ratio \nstyle analysis to explore which individual sites may have been subject to selection. v2.0 adds support for synonymous rate variation, \nand relaxes the test statistic to 0.5 (chi^2_0 + chi^2_2). Version 2.1 adds a grid search for the initial starting point.\nVersion 2.2 changes the grid search to LHC, and adds an initial search phase to use adaptive Nedler-Mead. Version 3.0 implements the option\nfor branch-site variation in synonymous substitution rates. Version 3.1 adds HMM auto-correlation option for SRV, and binds SRV distributions for multiple branch sets\n",
   "requirements":"in-frame codon alignment and a phylogenetic tree (optionally annotated with {})",
   "version":"3.1"
  },
 "background":0,
 "branch attributes":{
   "0":{
     "ENSGGOP00000012029":{
       "MG94xREV with separate rates for branch sets":0.006870839316562405,
       "Nucleotide GTR":0.006851364672076382,
       "original name":"ENSGGOP00000012029",
       "unconstrained":0.007171329117908444
      },
     "ENSGGOP00000024722":{
       "MG94xREV with separate rates for branch sets":0.1646695835503079,
       "Nucleotide GTR":0.1620702729271517,
       "original name":"ENSGGOP00000024722",
       "unconstrained":0.189447753026997
      },
     "ENSNLEP00000014581":{
       "MG94xREV with separate rates for branch sets":0.02248364859653787,
       "Nucleotide GTR":0.02094831576320886,
       "original name":"ENSNLEP00000014581",
       "unconstrained":0.01412468318501891
      },
     "ENSPTRP00000046579":{
       "MG94xREV with separate rates for branch sets":0,
       "Nucleotide GTR":0,
       "original name":"ENSPTRP00000046579",
       "unconstrained":0
      },
     "ENSPTRP00000060244":{
       "MG94xREV with separate rates for branch sets":0,
       "Nucleotide GTR":0,
       "original name":"ENSPTRP00000060244",