{
 "Evidence Ratios":{
  },
 "Site Log Likelihood":{
   "unconstrained":    [
[-3.952878582543452, -11.27223683619949, -12.324069632629, -4.245884702513921, -3.336740992415186, -3.952878582543452, -4.638588913966598, -4.228082900540086, -3.893763508774054, -19.76777737132449, -35.61285918487031, -34.32804783950439, -36.27463859792331, -32.16816020864634, -35.75639283671442, -52.34587023781888, -35.67443529443308, -19.78357151023192, -16.72694111773361, -17.7915887453012, -13.79236068407124, -60.06629762654666, -38.86124536060001, -20.96976868503294, -41.5038295283775, -35.06871198176285, -31.15433264839041, -24.02969364885591, -32.57734873420911, -21.9731047165284, -15.19510169302303, -18.2820766669135, -25.30342310869968, -37.03411653797831, -26.78675735021631, -9.695344286186558, -22.62168291658108, -18.08225892912263, -3.661909122099707, -24.81941944582482, -41.00345699842723, -42.021190153108, -43.76750687017608, -39.48787650530638, -13.12642461015844, -9.475233386389935, -37.13057853733024, -53.49259004768587, -14.83577688905403, -19.82459533389229, -22.46684671371045, -18.16721137385235, -38.97236846094636, -27.8668938802223, -24.83549789944742, -23.02448992041649, -39.97330969837163, -21.01085980326175, -13.38961684499416] 
    ]
  },
 "Synonymous site-posteriors":  [
[0.1333429807041104, 0.3490202689241022, 0.5979799794078552, 0.1333429807041107, 0.1333429807041105, 0.1333429807041104, 0.1333429807041104, 0.1333429807041106, 0.1333429807041105, 0.1100659104955629, 0.002719179478157833, 0.006415331686774841, 0.002588960006818092, 0.007547191250081107, 0.0009453047745595024, 5.629416881876698e-07, 0.01667165923908841, 0.1882149585573955, 0.7021748576407473, 0.04629132813582872, 0.507027970871704, 1.895772478452244e-07, 0.0005361098715603986, 0.1656377594478363, 7.057089540480307e-06, 0.002384434727610696, 0.02683513163547999, 0.04056158876851448, 0.005246385914226008, 0.03263798715059231, 0.6193393258122811, 0.09885445797407609, 0.107058719266614, 0.003747060542160885, 0.1254958912115537, 0.1553914581843071, 0.0234562537782468, 0.2314805679922489, 0.1333429807041107, 0.02070877550218249, 1.085481922794848e-06, 8.116094465425526e-06, 0.0001640266779123899, 0.0001314602119763519, 0.3120508443964804, 0.5189678558092811, 0.0003862881200710338, 2.649727191142822e-07, 0.8371744462535534, 0.1064541520788347, 0.2554203362379118, 0.01903497335731398, 0.001228006649073626, 0.04650181875911698, 0.0326242803238809, 0.02963789659630807, 0.0004075582705341718, 0.1896829236537583, 0.2472731344660517],
  [0.3338824376667222, 0.05256483087602792, 0.009040410735425657, 0.333882437666722, 0.3338824376667222, 0.3338824376667221, 0.3338824376667218, 0.3338824376667217, 0.3338824376667224, 0.04008003460417719, 0.499143546673449, 0.4067756588025626, 0.5426961324178406, 0.3622374713723399, 0.7100162757257724, 0.9803841965448602, 0.2929534249391672, 0.07081920451301608, 0.001336486099414501, 0.2617512114265735, 0.00861673276248958, 0.9840062854382423, 0.7710155821313056, 0.08371839646219215, 0.9389514714486089, 0.4160551526802074, 0.07666789969162595, 0.1146296616850855, 0.447768350298094, 0.2267298908068856, 0.003747667297712535, 0.1094958026237327, 0.0516647584236739, 0.5321523230602966, 0.03562852333697929, 0.1968995657985868, 0.114921417310489, 0.04425607019896181, 0.3338824376667222, 0.2493700887156065, 0.9776033552529462, 0.942496003789564, 0.7510521504467997, 0.8065593471874055, 0.04453500632459826, 0.01576552469806373, 0.6742158949861543, 0.9880556805824414, 0.000579108545713183, 0.09363132782231783, 0.01687187499291336, 0.3177488989754469, 0.5285785575498347, 0.1224499688893296, 0.1358121755085611, 0.2813676428705021, 0.6527116493433461, 0.02263100665745569, 0.03264055560248082],
  [0.5327745816291674, 0.5984149001998699, 0.3929796098567193, 0.5327745816291672, 0.5327745816291672, 0.5327745816291675, 0.5327745816291678, 0.5327745816291679, 0.532774581629167, 0.84985405490026, 0.4981372738483932, 0.5868090095106627, 0.4547149075753412, 0.630215337377579, 0.2890384194996681, 0.01961524051345168, 0.6903749158217444, 0.7409658369295886, 0.2964886562598381, 0.6919574604375978, 0.4843552963658064, 0.01599352498450994, 0.228448307997134, 0.7506438440899714, 0.0610414714618505, 0.5815604125921818, 0.896496968672894, 0.8448087495464, 0.54698526378768, 0.7406321220425222, 0.3769130068900063, 0.7916497394021912, 0.8412765223097121, 0.4641006163975424, 0.838875585451467, 0.6477089760171062, 0.8616223289112641, 0.7242633618087893, 0.5327745816291671, 0.729921135782211, 0.02239555926513104, 0.05749588011597064, 0.2487838228752878, 0.193309192600618, 0.6434141492789214, 0.4652666194926551, 0.3253978168937746, 0.01194405444483947, 0.1622464452007332, 0.7999145200988474, 0.7277077887691747, 0.6632161276672393, 0.4701934358010916, 0.8310482123515532, 0.831563544167558, 0.6889944605331898, 0.3468807923861199, 0.7876860696887861, 0.7200863099314674] 
  ],
 "analysis":{
   "authors":"Sergei L Kosakovsky Pond",
   "citation":"*Gene-wide identification of episodic selection*, Mol Biol Evol. 32(5):1365-71",
   "contact":"spond@temple.edu",
   "info":"BUSTED (branch-site unrestricted statistical test of episodic diversification) uses a random effects branch-site model fitted \njointly to all or a subset of tree branches in order to test for alignment-wide evidence of episodic diversifying selection. \nAssuming there is evidence of positive selection (i.e. there is an omega > 1),  BUSTED will also perform a quick evidence-ratio \nstyle analysis to explore which individual sites may have been subject to selection. v2.0 adds support for synonymous rate variation, \nand relaxes the test statistic to 0.5 (chi^2_0 + chi^2_2). Version 2.1 adds a grid search for the initial starting point.\nVersion 2.2 changes the grid search to LHC, and adds an initial search phase to use adaptive Nedler-Mead. Version 3.0 implements the option\nfor branch-site variation in synonymous substitution rates. Version 3.1 adds HMM auto-correlation option for SRV, and binds SRV distributions for multiple branch sets\n",
   "requirements":"in-frame codon alignment and a phylogenetic tree (optionally annotated with {})",
   "version":"3.1"
  },
 "background":0,
 "branch attributes":{
   "0":{
     "B1AAP9_RABIT":{
       "MG94xREV with separate rates for branch sets":0.09808462801501312,
       "Nucleotide GTR":0.085855658115773,
       "original name":"B1AAP9_RABIT",
       "unconstrained":0.09698226886705841
      },
     "F6XAA0_HORSE":{
       "MG94xREV with separate rates for branch sets":0.08108078901458352,
       "Nucleotide GTR":0.06938702496966646,
       "original name":"F6XAA0_HORSE",
       "unconstrained":0.08253010774731841
      },
     "INSL5_BOVIN":{
       "MG94xREV with separate rates for branch sets":0.09472446762141186,
       "Nucleotide GTR":0.08780625523416787,
       "original name":"INSL5_BOVIN",
       "unconstrained":0.09706226645223055
      },
     "INSL5_CAVPO":{
       "MG94xREV with separate rates for branch sets":0.1654082692169579,
       "Nucleotide GTR":0.1499855155627662,
       "original name":"INSL5_CAVPO",
       "unconstrained":0.168838310774572
      },
     "INSL5_DASNO":{
       "MG94xREV with separate rates for branch sets":0.1866832160188151,
       "Nucleotide GTR":0.168476686419511,
       "original name":"INSL5_DASNO",
       "unconstrained":0.1848952070770883
      },
     "INSL5_FELCA":{
       "MG94xREV with separate rates for branch sets":0.1469997066712913,
       "Nucleotide GTR":0.1300489047053129,
       "original name":"INSL5_FELCA",
       "unconstrained":0.1511732640220987
      },
     "INSL5_GGOR":{
       "MG94xREV with separate rates for branch sets":0,
       "Nucleotide GTR":0,
       "original name":"INSL5_GGOR",
       "unconstrained":0
      },
     "INSL5_HUMAN":{
       "MG94xREV with separate rates for branch sets":0.006473377645360504,
       "Nucleotide GTR":0.006625046103602338,
       "original name":"INSL5_HUMAN",