{
 "Evidence Ratios":{
  },
 "Site Log Likelihood":{
   "unconstrained":    [
[-4.911430715514141, -4.07731518952066, -4.082004058957281, -4.307518498412381, -4.01349453730622, -3.958835397524088, -3.97308252265896, -4.073113755204338, -4.679059073375835, -4.103036516187132, -3.734421204795372, -4.384142949767722, -6.256217861813238, -4.43061127890278, -9.260466923331348, -5.439301731438827, -7.953050622869449, -5.293672755432258, -4.069112327685087, -5.086206283200169, -4.613120059995079, -4.899755454169234, -5.52327472914942, -5.864795215001084, -7.603185657644074, -4.786762507044579, -4.660577919693887, -5.474060473918849, -12.37495082177004, -18.01336429238231, -12.14104245410132, -16.41630298085274, -4.679059073375835, -3.87752207673208, -8.856934680770722, -9.533743605581734, -5.083077150197308, -16.82582091885375, -16.95632502311274, -4.126173945074995, -3.676245312891225, -4.483467394903577, -3.900659505619903, -4.4252915029994, -4.01349453730622, -3.755525532613492, -4.788262054080927, -3.936870085950878, -3.450730873436128, -3.734421204795372, -5.250688568570095, -7.124015436647563, -4.927590932563795, -5.703454473645818, -7.295634661656328, -8.11940148288989, -9.632068040415712, -4.483467394903577, -4.708981834358639, -4.555890411942615, -4.149738206559681, -4.384142949767722, -4.103036516187137, -4.154427075996344, -4.184349836979143, -4.031258414563106, -3.676245312891226, -3.934214317583953, -4.044860624282988, -3.755525532613492, -4.708981834358639, -4.384142949767722, -19.34147745004843, -27.49670306871597, -13.85787760450904, -27.58590819132378, -24.3793681000355, -23.61901170123005, -22.89808166188934, -24.91264854372357, -16.54538910123147, -9.600526545542481, -31.1282827626525, -22.41369272190597, -28.13451602653294, -15.21543597785207, -4.606636056336774, -3.934214317583952, -4.908774947147217, -3.949945093771106, -4.231051527351686, -4.044860624282986, -18.62203313600953, -30.08895657292275, -23.05478636024543, -13.59567594103991, -13.43131990144856] 
    ]
  },
 "Synonymous site-posteriors":  [
[0.4379344510043988, 0.4379344510044114, 0.4379344510044191, 0.4379344510043972, 0.4379344510043975, 0.4379344510044122, 0.4379344510044053, 0.4379344510044054, 0.4379344510044023, 0.4379344510043976, 0.4379344510043983, 0.4379344510043971, 0.4951002003029893, 0.368184537812105, 0.5279739298070039, 0.3633132649421572, 0.5273333045680564, 0.3023204756088653, 0.3878048109124554, 0.3187489459450978, 0.4999272813523989, 0.3535346108951912, 0.1452187165875413, 0.1519618450731087, 0.4724934255297775, 0.3587596557874294, 0.3171969673183438, 0.344584853201955, 0.5103002604637606, 0.5292374609954775, 0.5208096622879403, 0.5091380004870524, 0.4379344510044023, 0.4379344510044114, 0.5209686411477636, 0.5099581596815179, 0.3657380460023448, 0.528075760091397, 0.5298951650139747, 0.437934451004397, 0.4379344510043984, 0.4379344510044079, 0.4379344510044164, 0.4379344510044165, 0.4379344510043997, 0.4379344510043972, 0.437934451004412, 0.437934451004397, 0.4379344510044171, 0.4379344510043983, 0.3032336745303619, 0.4956858446583906, 0.2767506794942282, 0.1376626014395497, 0.5270470874519252, 0.5222026617099031, 0.5292265912621178, 0.4379344510044079, 0.4379344510043991, 0.437934451004394, 0.4379344510044081, 0.4379344510043998, 0.4379344510044008, 0.4379344510044043, 0.4379344510043994, 0.4379344510044044, 0.4379344510044004, 0.4379344510043994, 0.4379344510044009, 0.4379344510043996, 0.4379344510043991, 0.4379344510043998, 0.5274640539697698, 0.5297545530597558, 0.5054931273451579, 0.5303874211111014, 0.5305115277134516, 0.530426015546296, 0.530427894039309, 0.5303664481792781, 0.5283563101480618, 0.1597734661448146, 0.5299676083111852, 0.5288494884426166, 0.5304821645513005, 0.2790092156341756, 0.4379344510044204, 0.4379344510043979, 0.4379344510043967, 0.4379344510044109, 0.4379344510044056, 0.4379344510043976, 0.5303402189289301, 0.5305984347466178, 0.5304803396336947, 0.2039705734016705, 0.5193026186901929],
  [0.1743354648072992, 0.1743354648073022, 0.1743354648072964, 0.1743354648073014, 0.1743354648072998, 0.1743354648073016, 0.1743354648073043, 0.1743354648073044, 0.174335464807303, 0.1743354648073008, 0.1743354648073011, 0.1743354648073016, 0.06658059516203758, 0.3058075286738962, 0.004761413851095797, 0.3149871786240641, 0.005930438256409031, 0.4299546693088093, 0.2688209956080795, 0.3990032477308417, 0.05745874049672603, 0.3333935486463438, 0.7261238998819018, 0.7134021753474278, 0.1090793745695494, 0.3235177677279716, 0.401854032450022, 0.3502731943361046, 0.03787023511475178, 0.002251460707906989, 0.01799688312262197, 0.0399538958703556, 0.174335464807303, 0.1743354648073023, 0.0178551972172982, 0.03858449950858232, 0.310367099302966, 0.00455151130938573, 0.001144280160754965, 0.1743354648073013, 0.1743354648073009, 0.1743354648073013, 0.1743354648072974, 0.1743354648072978, 0.1743354648072999, 0.1743354648072999, 0.1743354648073021, 0.1743354648073001, 0.1743354648072959, 0.1743354648073011, 0.4282090491847096, 0.0653867282539842, 0.4781197329238828, 0.740371250657243, 0.006437113331993563, 0.01545069143746171, 0.002444421032623324, 0.1743354648073013, 0.1743354648073018, 0.1743354648073045, 0.1743354648073018, 0.1743354648073013, 0.1743354648073016, 0.174335464807304, 0.1743354648073015, 0.1743354648073047, 0.1743354648073012, 0.1743354648073011, 0.1743354648073016, 0.1743354648072998, 0.1743354648073018, 0.1743354648073013, 0.005490056978046372, 0.001145241669657719, 0.04682795280402632, 4.366472235029128e-06, 1.641411306661523e-06, 0.0001541085872852374, 8.809560350747209e-05, 2.423850016710042e-05, 0.003788592073093775, 0.69866006045153, 0.0006717537516340626, 0.002898958015852788, 1.256853805846442e-05, 0.4738533963517856, 0.1743354648072958, 0.1743354648073012, 0.1743354648073017, 0.1743354648073027, 0.1743354648073047, 0.1743354648073012, 0.0001739004532306132, 1.520115755161269e-07, 1.582939393439273e-05, 0.6152827169540279, 0.02088634138673282],
  [0.3877300841883022, 0.3877300841882866, 0.3877300841882845, 0.3877300841883014, 0.3877300841883026, 0.3877300841882861, 0.3877300841882905, 0.3877300841882902, 0.3877300841882947, 0.3877300841883016, 0.3877300841883007, 0.3877300841883014, 0.4383192045349731, 0.3260079335139989, 0.4672646563419003, 0.3216995564337787, 0.4667362571755346, 0.2677248550823253, 0.3433741934794649, 0.2822478063240607, 0.4426139781508751, 0.3130718404584649, 0.1286573835305569, 0.1346359795794634, 0.4184271999006733, 0.317722576484599, 0.2809490002316342, 0.3051419524619405, 0.4518295044214877, 0.4685110782966154, 0.4611934545894377, 0.450908103642592, 0.3877300841882947, 0.3877300841882864, 0.4611761616349382, 0.4514573408098997, 0.3238948546946891, 0.4673727285992174, 0.4689605548252704, 0.3877300841883017, 0.3877300841883008, 0.3877300841882908, 0.3877300841882863, 0.3877300841882857, 0.3877300841883005, 0.3877300841883028, 0.387730084188286, 0.3877300841883029, 0.387730084188287, 0.3877300841883007, 0.2685572762849284, 0.4389274270876253, 0.2451295875818893, 0.1219661479032075, 0.4665157992160812, 0.462346646852635, 0.4683289877052589, 0.3877300841882908, 0.387730084188299, 0.3877300841883016, 0.3877300841882901, 0.387730084188299, 0.3877300841882975, 0.3877300841882916, 0.3877300841882991, 0.3877300841882909, 0.3877300841882983, 0.3877300841882994, 0.3877300841882975, 0.3877300841883006, 0.387730084188299, 0.387730084188299, 0.4670458890521837, 0.4691002052705865, 0.4476789198508156, 0.4696082124166635, 0.4694868308752418, 0.4694198758664188, 0.4694840103571835, 0.4696093133205548, 0.4678550977788445, 0.1415664734036553, 0.4693606379371807, 0.4682515535415306, 0.4695052669106412, 0.2471373880140387, 0.3877300841882838, 0.3877300841883008, 0.3877300841883016, 0.3877300841882864, 0.3877300841882895, 0.3877300841883012, 0.4694858806178392, 0.4694014132418067, 0.4695038309723708, 0.1807467096443016, 0.4598110399230743] 
  ],
 "analysis":{
   "authors":"Sergei L Kosakovsky Pond",