{
 "Evidence Ratios":{
  },
 "Site Log Likelihood":{
   "unconstrained":    [
[-3.587407850367796, -3.342845641725063, -3.622256639517166, -4.041607383317366, -6.191627248285352, -3.137816635039652, -3.307996852575696, -3.382378843682384, -5.572095822547488, -3.417227632831753, -3.137816635039652, -3.457982999259851, -2.715886733023741, -3.137816635039652, -3.845064112126387, -3.762196385525264, -3.732797739134599, -3.762196385525263, -3.732797739134599, -3.587407850367796, -3.342845641725063, -2.95576452885853, -3.342845641725063, -5.022916667225394, -3.902977956670642, -9.903714986362804, -9.643609846773256, -18.07296174682205, -22.25844111225641, -7.58362608150059, -17.67202135665409, -19.93502379136572, -15.04392846169546, -13.6514397747769, -17.15288649496564, -26.54187934493727, -20.79389582493008, -12.69355020618246, -22.07761782345374, -7.116105712486113, -5.164378897356496, -4.520048916290919, -4.239027872865289, -12.9590286349178, -17.15003576295844, -7.14832709647904, -8.735295039732934, -13.46767981997591, -12.28267912386971, -23.51864836564262, -7.806228800046045, -4.776448798134918, -7.297944012384322] 
    ]
  },
 "Synonymous site-posteriors":  [
[0.6262128688503971, 0.6262128688503975, 0.6262128688503971, 0.6262128688503964, 0.6262128688503984, 0.6262128688503961, 0.6262128688503948, 0.6262128688503965, 0.626212868850396, 0.6262128688503967, 0.6262128688503958, 0.6262128688503973, 0.6262128688503973, 0.6262128688503962, 0.6262128688503974, 0.6262128688503962, 0.626212868850396, 0.6262128688503961, 0.6262128688503954, 0.6262128688503971, 0.6262128688503976, 0.6262128688503964, 0.6262128688503976, 0.6262128688503962, 0.6262128688503975, 0.6472782098747391, 0.5513604739574116, 0.6566239213253252, 0.9786397159112399, 0.6811012671095213, 0.891428325833224, 0.8284435240657672, 0.8160926151454151, 0.09780166740871603, 0.6125150912161339, 0.9600286835983448, 0.2738223714442606, 0.3669665967977505, 0.8940217146903651, 0.4914597603305372, 0.3620907307904045, 0.3963899618531214, 0.4782144234074545, 0.6981673078571378, 0.8277118955489144, 0.4735280623927356, 0.4946478601945336, 0.7983721646949375, 0.8054720088897386, 0.9581651219119068, 0.5139329184648672, 0.385000775281541, 0.5960261002565799],
  [0.3737871311496029, 0.3737871311496025, 0.3737871311496029, 0.3737871311496037, 0.3737871311496017, 0.3737871311496038, 0.3737871311496053, 0.3737871311496035, 0.373787131149604, 0.3737871311496033, 0.3737871311496041, 0.3737871311496025, 0.3737871311496027, 0.3737871311496037, 0.3737871311496027, 0.3737871311496038, 0.3737871311496042, 0.3737871311496039, 0.3737871311496045, 0.3737871311496031, 0.3737871311496024, 0.3737871311496036, 0.3737871311496024, 0.3737871311496039, 0.3737871311496025, 0.3527217901252608, 0.4486395260425884, 0.3433760786746748, 0.02136028408876005, 0.3188987328904785, 0.1085716741667761, 0.1715564759342329, 0.1839073848545849, 0.902198332591284, 0.387484908783866, 0.03997131640165526, 0.7261776285557393, 0.6330334032022495, 0.1059782853096351, 0.5085402396694629, 0.6379092692095956, 0.6036100381468786, 0.5217855765925455, 0.3018326921428623, 0.1722881044510856, 0.5264719376072643, 0.5053521398054664, 0.2016278353050623, 0.1945279911102615, 0.04183487808809312, 0.4860670815351329, 0.6149992247184591, 0.4039738997434203],
  [0, 0, 0, 0, 0, 0, 0, 0, 0, 0, 0, 0, 0, 0, 0, 0, 0, 0, 0, 0, 0, 0, 0, 0, 0, 0, 0, 0, 0, 0, 0, 0, 0, 0, 0, 0, 0, 0, 0, 0, 0, 0, 0, 0, 0, 0, 0, 0, 0, 0, 0, 0, 0] 
  ],
 "analysis":{
   "authors":"Sergei L Kosakovsky Pond",
   "citation":"*Gene-wide identification of episodic selection*, Mol Biol Evol. 32(5):1365-71",
   "contact":"spond@temple.edu",
   "info":"BUSTED (branch-site unrestricted statistical test of episodic diversification) uses a random effects branch-site model fitted \njointly to all or a subset of tree branches in order to test for alignment-wide evidence of episodic diversifying selection. \nAssuming there is evidence of positive selection (i.e. there is an omega > 1),  BUSTED will also perform a quick evidence-ratio \nstyle analysis to explore which individual sites may have been subject to selection. v2.0 adds support for synonymous rate variation, \nand relaxes the test statistic to 0.5 (chi^2_0 + chi^2_2). Version 2.1 adds a grid search for the initial starting point.\nVersion 2.2 changes the grid search to LHC, and adds an initial search phase to use adaptive Nedler-Mead. Version 3.0 implements the option\nfor branch-site variation in synonymous substitution rates. Version 3.1 adds HMM auto-correlation option for SRV, and binds SRV distributions for multiple branch sets\n",
   "requirements":"in-frame codon alignment and a phylogenetic tree (optionally annotated with {})",
   "version":"3.1"
  },
 "background":0,
 "branch attributes":{
   "0":{
     "ACTL8_GADMO":{
       "MG94xREV with separate rates for branch sets":0.07432441572951777,
       "Nucleotide GTR":0.06463362710513722,
       "original name":"ACTL8_GADMO",
       "unconstrained":0.07466274930495508
      },
     "ACTL8_GASAC":{
       "MG94xREV with separate rates for branch sets":0.05084248923993061,
       "Nucleotide GTR":0.03589478928125451,
       "original name":"ACTL8_GASAC",
       "unconstrained":0.05275246357999076
      },
     "ACTL8_MELGA":{
       "MG94xREV with separate rates for branch sets":0.1472676970467325,
       "Nucleotide GTR":0.115354391760503,
       "original name":"ACTL8_MELGA",
       "unconstrained":0.1534841929862074
      },
     "ACTL8_TETNG":{
       "MG94xREV with separate rates for branch sets":0,
       "Nucleotide GTR":0,
       "original name":"ACTL8_TETNG",
       "unconstrained":0
      },
     "ENSCJAP00000046096":{
       "MG94xREV with separate rates for branch sets":0.08772538708121382,
       "Nucleotide GTR":0.06194957267097306,
       "original name":"ENSCJAP00000046096",
       "unconstrained":0.09463220566858373
      },
     "ENSETEP00000014931":{
       "MG94xREV with separate rates for branch sets":0.1648399806882423,
       "Nucleotide GTR":0.1092341566911796,
       "original name":"ENSETEP00000014931",
       "unconstrained":0.1886348194891813
      },
     "ENSETEP00000016080":{
       "MG94xREV with separate rates for branch sets":0.1547273842458185,
       "Nucleotide GTR":0.1178416737498801,
       "original name":"ENSETEP00000016080",
       "unconstrained":0.1778605750120895
      },
     "ENSTSYP00000013363":{
       "MG94xREV with separate rates for branch sets":0.1676048860078538,
       "Nucleotide GTR":0.1295787879006347,
       "original name":"ENSTSYP00000013363",
       "unconstrained":0.1773985132614648
      },
     "F1M4R6_RAT":{
       "MG94xREV with separate rates for branch sets":0.2511164463632733,
       "Nucleotide GTR":0.2283110597027208,
       "original name":"F1M4R6_RAT",
       "unconstrained":0.274743287065876
      },
     "NODE_13":{
       "MG94xREV with separate rates for branch sets":0.03182760506180301,
       "Nucleotide GTR":0.03184491601604365,
       "unconstrained":0.03541205541201837
      },
     "NODE_16":{
       "MG94xREV with separate rates for branch sets":0.04212878663884007,
       "Nucleotide GTR":0.02423619314634583,
       "unconstrained":0.03819513971257522
      }
    },
   "attributes":{
     "MG94xREV with separate rates for branch sets":{
       "attribute type":"branch length",
       "display order":1
      },
     "Nucleotide GTR":{
       "attribute type":"branch length",
       "display order":0
      },
     "original name":{
       "attribute type":"node label",
       "display order":0
      },
     "unconstrained":{
       "attribute type":"branch length",
       "display order":0
      }
    }
  },
 "data partitions":{
   "0":{
     "coverage":      [
[0, 1, 2, 3, 4, 5, 6, 7, 8, 9, 10, 11, 12, 13, 14, 15, 16, 17, 18, 19, 20, 21, 22, 23, 24, 25, 26, 27, 28, 29, 30, 31, 32, 33, 34, 35, 36, 37, 38, 39, 40, 41, 42, 43, 44, 45, 46, 47, 48, 49, 50, 51, 52] 
      ],