{
 "Evidence Ratios":{
  },
 "Site Log Likelihood":{
   "unconstrained":    [
[-6.384532152890463, -13.08456232216238, -8.518422625294944, -7.868349280479922, -8.061183732324357, -5.74029298478392, -28.41131067731965, -11.83106677551854, -5.744885388179691, -13.9540701139144, -10.20616816036869, -18.31306755656345, -5.907253932490899, -22.67360740253795, -16.65767559461853, -7.968908784529749, -15.56630993671042, -25.29290713834778, -8.866242436135893, -5.551058261166729, -29.83947829507105, -12.98290411462249, -7.111518740406336, -7.79547663407035, -5.781798548030752, -7.895211422664124, -7.779711444485844, -8.563010655252478, -5.907253932490899, -10.8618080819881, -8.678633517056522, -9.946485400732376, -16.27303849726449, -5.230111280485321, -5.4245120747781, -5.742782532344749, -11.53830260134596, -8.66794841350068, -5.850013567220593, -11.95334952743156, -4.126709798773998, -10.99030725492274, -9.445036298353694, -9.906343531588023, -16.38221618693418, -8.741521385869351, -22.84274966181082, -13.80215432946194, -8.447335761838652, -17.16722764771156, -9.507001215950028, -4.421513803724483, -9.447853579783102, -15.73076364004893, -5.10302991233271, -11.92840103529603, -23.81602887623367, -14.27338946022317, -6.421645510593638, -9.34814850738471, -10.53176217951368, -7.266258093499952, -9.045523361451311, -9.55407461077019, -11.81760333987386, -12.23064386610053, -5.593359944251573, -8.842091780957743] 
    ]
  },
 "Synonymous site-posteriors":  [
[0.9415372048158739, 0.9324037577835746, 0.9384419694513325, 0.9384171764483729, 0.939417492913819, 0.9415537648285652, 0.01662051178366176, 0.925982541663135, 0.9418467829232121, 0.9361430899435652, 0.9344352495681586, 0.8857149957620213, 0.941781480676417, 0.0651981585007472, 0.9254179931119629, 0.9414876192521502, 0.8677314214462407, 0.007254936279553024, 0.9409966663283108, 0.9417477094403108, 0.003625276461384411, 0.9334823097257523, 0.939892176538914, 0.9401493573373658, 0.941857744269367, 0.9409304105260643, 0.9382358532486215, 0.9383363575794745, 0.941781480676417, 0.9415723593515568, 0.9402828963412538, 0.9273809618980451, 0.87409027764553, 0.9341781619710673, 0.9416808602151852, 0.941626952947614, 0.9293147987275555, 0.9400425168044394, 0.941937378004215, 0.9286756979921633, 0.9409108044974351, 0.9400863483168469, 0.941342700614919, 0.9412259909650545, 0.9294300837304886, 0.939033895076959, 0.6511359442290242, 0.9310722593891266, 0.9319821604351769, 0.6983693299972106, 0.9411559832465163, 0.9417309497711588, 0.9401212994391202, 0.8498586491049179, 0.9418969375526622, 0.9375161298919882, 0.2073892053305343, 0.9243100102184745, 0.9419795245293264, 0.9406515965011066, 0.9408329135634863, 0.9374076582655911, 0.9387428444720529, 0.9402204943079104, 0.929049589383989, 0.8382347189660234, 0.941699956931058, 0.9405970969076917],
  [0.05792187655594127, 0.05731937596011085, 0.05770858817751971, 0.05770824432344188, 0.05777092256737379, 0.05792428525740133, 0.001019950603358274, 0.05692051816368894, 0.05794807489977552, 0.05755109498388175, 0.05745372099701745, 0.05442682415406796, 0.0579411166957523, 0.004002333703434695, 0.05688695224688907, 0.05790609713293417, 0.05331912770322809, 0.0004450671946690166, 0.05787288264330478, 0.05793994454946775, 0.0002223861801880159, 0.05738571002398403, 0.05780086466576775, 0.05781793681237745, 0.05794888454916272, 0.05786765323163214, 0.05769574267041332, 0.05770179263339278, 0.0579411166957523, 0.05791284977262064, 0.05782606301055217, 0.05700881963328704, 0.05371217545651958, 0.05745667008274229, 0.05793365131184312, 0.05792951376500461, 0.05712888285267115, 0.05781116703392759, 0.05795781763769795, 0.05708750781290142, 0.05788103855042843, 0.05781252552133447, 0.05789739884317027, 0.05788796320028427, 0.0571339600147979, 0.05774589097351196, 0.03999528407921193, 0.0572352847084892, 0.0573069169965319, 0.04290642533341078, 0.05788441352337244, 0.05793852932300545, 0.0578159527076684, 0.05222108658738044, 0.05795371016002235, 0.05763702441399655, 0.01273643162966726, 0.05681765105041962, 0.05796283180930642, 0.05785022471089753, 0.05786186623682676, 0.05764360242146951, 0.05772933979683643, 0.05782229561048637, 0.05711081457142345, 0.05150603974151696, 0.05793618151605731, 0.05784645137822896],
  [0.0005409186281849806, 0.01027686625631441, 0.003849442371147844, 0.003874579228185211, 0.002811584518807238, 0.0005219499140333876, 0.98235953761298, 0.01709694017317617, 0.0002051421770122017, 0.006305815072553017, 0.008111029434823719, 0.05985818008391072, 0.0002774026278307584, 0.9307995077958181, 0.01769505464114807, 0.0006062836149156392, 0.07894945085053123, 0.9922999965257779, 0.001130451028384384, 0.000312346010221479, 0.9961523373584276, 0.009131980250263587, 0.002306958795318173, 0.002032705850256727, 0.0001933711814703585, 0.001201936242303602, 0.004068404080965113, 0.003961849787132727, 0.0002774026278307584, 0.0005147908758225792, 0.00189104064819394, 0.01561021846866793, 0.07219754689795038, 0.008365167946190421, 0.0003854884729716641, 0.000443533287381504, 0.01355631841977349, 0.002146316161633006, 0.0001048043580870407, 0.01423679419493518, 0.001208156952136268, 0.002101126161818691, 0.0007599005419108545, 0.0008860458346613328, 0.01343595625471334, 0.003220213949529198, 0.3088687716917638, 0.01169245590238402, 0.01071092256829112, 0.2587242446693787, 0.0009596032301112909, 0.0003305209058357529, 0.002062747853211442, 0.09792026430770166, 0.0001493522873153758, 0.004846845694015369, 0.7798743630397984, 0.01887233873110598, 5.764366136734955e-05, 0.001498178787995945, 0.001305220199686976, 0.004948739312939301, 0.003527815731110724, 0.001957210081603086, 0.01383959604458759, 0.1102592412924595, 0.0003638615528848031, 0.001556451714079273] 
  ],
 "analysis":{
   "authors":"Sergei L Kosakovsky Pond",
   "citation":"*Gene-wide identification of episodic selection*, Mol Biol Evol. 32(5):1365-71",
   "contact":"spond@temple.edu",
   "info":"BUSTED (branch-site unrestricted statistical test of episodic diversification) uses a random effects branch-site model fitted \njointly to all or a subset of tree branches in order to test for alignment-wide evidence of episodic diversifying selection. \nAssuming there is evidence of positive selection (i.e. there is an omega > 1),  BUSTED will also perform a quick evidence-ratio \nstyle analysis to explore which individual sites may have been subject to selection. v2.0 adds support for synonymous rate variation, \nand relaxes the test statistic to 0.5 (chi^2_0 + chi^2_2). Version 2.1 adds a grid search for the initial starting point.\nVersion 2.2 changes the grid search to LHC, and adds an initial search phase to use adaptive Nedler-Mead. Version 3.0 implements the option\nfor branch-site variation in synonymous substitution rates. Version 3.1 adds HMM auto-correlation option for SRV, and binds SRV distributions for multiple branch sets\n",
   "requirements":"in-frame codon alignment and a phylogenetic tree (optionally annotated with {})",
   "version":"3.1"
  },
 "background":0,
 "branch attributes":{
   "0":{
     "ENSDORP00000003581":{
       "MG94xREV with separate rates for branch sets":0.06280736005111738,
       "Nucleotide GTR":0.05844333224485756,
       "original name":"ENSDORP00000003581",
       "unconstrained":0.07064745390411857
      },
     "ENSECAP00000016166":{
       "MG94xREV with separate rates for branch sets":0.0624456892853746,
       "Nucleotide GTR":0.06314168402089312,
       "original name":"ENSECAP00000016166",
       "unconstrained":0.06997524385438531
      },
     "ENSEEUP00000008830":{
       "MG94xREV with separate rates for branch sets":0.1021451825344811,
       "Nucleotide GTR":0.09718232543020434,
       "original name":"ENSEEUP00000008830",
       "unconstrained":0.1197175163123253
      },
     "ENSFCAP00000012624":{
       "MG94xREV with separate rates for branch sets":0.04033470544088689,
       "Nucleotide GTR":0.04031310279342355,
       "original name":"ENSFCAP00000012624",