{
 "Evidence Ratios":{
  },
 "Site Log Likelihood":{
   "unconstrained":    [
[-4.449155019804569, -4.532504407638849, -3.953762257158116, -5.065284904143431, -4.163028608446688, -4.311990904467284, -4.45977376032423, -4.532504407638849, -4.311990904467284, -4.54585595975045, -4.338501663013659, -4.163028608446688, -8.443345819362118, -3.919315998939154, -4.687465874094058, -4.476234465605094, -4.302297829331628, -4.938115284954064, -4.113666947536651, -6.346297155244356, -7.39268634403645, -5.091153963432956, -6.839474149436295, -4.15870354925729, -4.938115284954064, -4.109768858210071, -4.09919160416909, -3.699546464845685, -6.494265406730257, -4.559023687078369, -6.911868088243104, -3.74456721888243, -4.139649041917012, -6.724206913996412, -4.535797095960326, -4.476234465605094, -4.2474509717414, -4.517058679963703, -4.938115284954064, -4.645215913513847, -4.339334880664232, -3.721116186708058, -4.922480848587327, -7.969022411641019, -4.586144935851349, -3.942585855126496, -4.895856379325695, -3.842728971124247, -3.649018615462856, -6.834792955294703, -4.85793060740664, -3.869592112283676, -3.69631440340558, -4.252419463587439, -5.017032830259711, -11.41279659584193, -18.89995063445496, -14.08998310262549, -11.0725700590313, -17.51217557582254, -10.9647862531911, -16.47129367053974, -18.94772800421654, -5.567313183391414, -5.31019468230954, -7.6274891385372, -17.26809742840144, -14.87592563771287, -9.842160236288001, -10.59999947728269, -4.705109014064017, -4.636133927954742, -5.405047028844163, -5.018333246002992, -5.133099015784938, -16.6807860590512, -16.86140092900858, -25.78197605604668, -9.285374284664176, -5.163804304743822, -8.431084657220454, -22.30206276453153, -13.85948106390249, -16.18742255180352, -5.757034970916168] 
    ]
  },
 "Synonymous site-posteriors":  [
[0.00171833694037412, 0.001718336940374121, 0.001718336940374121, 0.001718336940374122, 0.001718336940374122, 0.00171833694037412, 0.001718336940374123, 0.001718336940374121, 0.00171833694037412, 0.001718336940374119, 0.00171833694037412, 0.001718336940374122, 3.364358327099678e-05, 0.002044408808168225, 0.002178544708727426, 0.002144434031877114, 0.002193159329503085, 0.002164097089476241, 0.00201143195827545, 3.315378904682666e-05, 3.228910403550664e-05, 0.002271087617855041, 2.912489987977022e-05, 0.00209843707451935, 0.002164097089476241, 0.002176751232231478, 0.002084168406394111, 0.00200087839333162, 3.119335885679116e-05, 0.002099129732844741, 3.071002755424492e-05, 0.00200326423088637, 0.00211414572643577, 3.021910841733743e-05, 0.002086687593643884, 0.002144434031877114, 0.001908927090659136, 0.002110153650180483, 0.002164097089476241, 0.002181899432122268, 0.002067133611331556, 0.002005449568665737, 0.002232779100584024, 3.672316684058067e-05, 0.002201792299028695, 0.002243602082919388, 0.002167410177479695, 0.001984928145681184, 0.001950254647773455, 3.04768009020329e-05, 0.001718336940374121, 0.001718336940374121, 0.001718336940374115, 0.001718336940374124, 0.004864732102124325, 0.0003070595612796121, 7.232828606317084e-10, 1.663032174908831e-06, 1.453095978677707e-06, 5.138352906796059e-10, 3.05154931541522e-06, 2.891711326056601e-10, 3.363630021523333e-06, 0.005608516342668146, 0.005327306421953456, 0.0001523786667401697, 5.424443314310611e-08, 3.386001137621451e-08, 0.0003486008088646933, 0.000535403371464333, 0.004616565784322461, 0.004790994147668439, 0.006247470926804256, 0.006354458106495705, 0.005454373459643546, 6.636262365575378e-08, 1.873030507912056e-08, 8.505347271348281e-10, 1.625972479389624e-06, 0.006055186140722205, 0.0002677813148060839, 3.39960343143135e-12, 6.701803739976834e-08, 4.212951281402438e-08, 0.006132711710691666],
  [0.2422684991005223, 0.2422684991005222, 0.2422684991005224, 0.2422684991005223, 0.2422684991005222, 0.242268499100522, 0.2422684991005224, 0.2422684991005222, 0.242268499100522, 0.2422684991005221, 0.2422684991005221, 0.2422684991005222, 0.004703158426742957, 0.2882480324423376, 0.3071630265460115, 0.3023528182272835, 0.309223677435259, 0.3051256157782659, 0.2835978252190741, 0.004634682204000746, 0.004513798455781298, 0.3202129073737801, 0.004071421435124258, 0.2958668959623114, 0.3051256157782659, 0.3069100435702194, 0.293854527923941, 0.2821096440312285, 0.004360603601440536, 0.2959642017616982, 0.00429303172298606, 0.2824460620643379, 0.2980817193208797, 0.004224398404664835, 0.294209993387795, 0.3023528182272835, 0.2691435832094009, 0.2975189032514556, 0.3051256157782659, 0.3076360955901001, 0.2914525471291938, 0.2827543162687675, 0.3148106900851581, 0.005133703555484573, 0.310441057469829, 0.3163368467219409, 0.3055928134108514, 0.2798604352471126, 0.2749713441384839, 0.00426042398284057, 0.2422684991005221, 0.242268499100522, 0.2422684991005216, 0.2422684991005225, 0.6860110892742015, 0.04293505312457443, 9.857684742783116e-08, 0.0002305348781948637, 0.0002014312874758784, 7.002870623974588e-08, 0.0004230429166276056, 3.940768655965822e-08, 0.000466315339513037, 0.7909376554112942, 0.7512704641724783, 0.02130481722837396, 7.456300402181527e-06, 4.654132479958008e-06, 0.0487439171007053, 0.07486686356004846, 0.6510036539019348, 0.6756089459694282, 0.8811110578325878, 0.8962117416470758, 0.7691947470070463, 9.122236625095098e-06, 2.57436184887612e-06, 1.159219939453485e-07, 0.0002253982563340253, 0.8539730911333563, 0.03744244145336662, 4.593383196042614e-10, 9.212334329595207e-06, 5.790871613362658e-06, 0.8649136345354674],
  [0.7560131639591035, 0.7560131639591037, 0.7560131639591036, 0.7560131639591037, 0.7560131639591036, 0.7560131639591038, 0.7560131639591035, 0.7560131639591037, 0.7560131639591038, 0.7560131639591038, 0.7560131639591039, 0.7560131639591036, 0.995263197989986, 0.7097075587494942, 0.6906584287452611, 0.6955027477408393, 0.6885831632352378, 0.692710287132258, 0.7143907428226504, 0.9953321640069523, 0.9954539124401831, 0.6775160050083648, 0.9958994536649961, 0.7020346669631693, 0.692710287132258, 0.6909132051975491, 0.704061303669665, 0.71588947757544, 0.9956082030397025, 0.7019366685054569, 0.9956762582494596, 0.7155506737047757, 0.6998041349526845, 0.9957453824869178, 0.7037033190185611, 0.6955027477408393, 0.7289474896999399, 0.700370943098364, 0.692710287132258, 0.6901820049777776, 0.7064803192594745, 0.7152402341625668, 0.6829565308142579, 0.9948295732776749, 0.6873571502311422, 0.6814195511951397, 0.6922397764116688, 0.7181546366072064, 0.7230784012137426, 0.9957090992162573, 0.7560131639591038, 0.7560131639591039, 0.7560131639591042, 0.7560131639591033, 0.3091241786236741, 0.9567578873141459, 0.9999999006998698, 0.9997678020896302, 0.9997971156165453, 0.9999999294574584, 0.999573905534057, 0.9999999603031424, 0.9995303210304654, 0.2034538282460376, 0.2434022294055681, 0.9785428041048859, 0.9999924894551647, 0.9999953120075086, 0.95090748209043, 0.9245977330684871, 0.3443797803137428, 0.3196000598829035, 0.1126414712406079, 0.09743380024642849, 0.2253508795333102, 0.9999908114007513, 0.999997406907846, 0.9999998832274714, 0.9997729757711866, 0.1399717227259214, 0.9622897772318273, 0.9999999995372622, 0.9999907206476331, 0.9999941669988738, 0.1289536537538409] 
  ],
 "analysis":{
   "authors":"Sergei L Kosakovsky Pond",
   "citation":"*Gene-wide identification of episodic selection*, Mol Biol Evol. 32(5):1365-71",
   "contact":"spond@temple.edu",