{
 "Evidence Ratios":{
  },
 "Site Log Likelihood":{
   "unconstrained":    [
[-9.300277903856296, -11.71361224548882, -11.93329780147215, -11.95474017947859, -12.51587142747269, -22.32594873933085, -25.07889397775471, -17.83537416797095, -16.04313033142548, -14.52029715122386, -10.21441885528517, -27.23848687190313, -10.76620803040826, -11.47070871099006, -16.7099490912561, -17.53326190913489, -6.294481555584114, -19.66902534966315, -12.25553066242211, -16.44569484557448, -17.23341654831545, -13.62132577128283, -25.29080518128852, -23.01892410921403, -8.120816010925754, -14.31930442438109, -9.127768661502362, -20.77378588853711, -23.38059599372845, -15.45613295203305, -26.29423549564168, -9.713745298130144, -4.367137263549548, -19.27067557141802, -19.79996597092596, -27.03453995298193, -17.05187151408253, -5.491644815718749, -17.73559647360602, -13.28888276050101, -13.64454543966955, -14.02544215270942, -14.25520759484148, -14.20162768010336, -9.221112082215345, -15.4973576441918, -17.69845723267144, -16.39396358049747, -14.95679052661664, -19.0014831191516, -15.05161219085357, -32.91547580004579, -21.78301372162977, -7.876243103878429, -12.13764060185196, -13.33312226114179, -11.63151704608395, -12.66751110721924, -8.989249392262364, -12.7604542823669, -11.0664016580071, -11.22470957405029, -33.67114995745256, -13.97676810204013, -25.07255828689367, -8.43729665981555, -11.29387157060147, -11.59551557934163, -21.57369731043151, -3.981143202382534, -4.246898485162688, -7.511269210081931, -15.40324018457139, -8.093301667722155, -7.765451782817239, -8.741761292414969, -17.78033545221982, -7.866338379281284, -8.569383818778444, -18.40325032202685, -11.15828884012115, -12.2848055012525, -12.11530610992748, -10.00303822938572, -18.86954398894694, -13.00776905062836, -13.5762193473358, -7.495988833990674, -10.31482716924994, -22.82159738820617, -19.01822236498536, -12.68484230534564, -5.751000882018199, -13.58890832724528, -20.85825128321897, -6.104825367813818, -5.790594784681624, -9.607731649069809, -13.28997264985844, -11.62539192026884, -16.70810860303884, -12.76132380749687, -18.54202383268432, -15.53627432887947, -18.39099576075065, -15.48688015672928, -16.76784688160429, -17.61804469053108, -18.44799734587441, -14.15137691622409, -13.62656927096136, -13.51651209313563, -14.29861677318569, -16.94581063139105, -16.74178286107393, -11.93580099650038, -12.82405722928327] 
    ]
  },
 "Synonymous site-posteriors":  [
[0.7798438239622885, 0.7811575887601691, 0.6531288426684948, 0.751932543972588, 0.3116668740480744, 0.06837090276868646, 0.01051813216702943, 0.3141761010264404, 0.2509934912961654, 0.3551115839363909, 0.5481816531873076, 0.0006291296471540095, 0.586317898070825, 0.4287278955326286, 0.3203467185867021, 0.09748209616294072, 0.8290135299568789, 0.07224043973680293, 0.3230353042644287, 0.5847801678274688, 0.1728469714701427, 0.2267174816852177, 0.03311529449043672, 0.01169206215488641, 0.6805617057025458, 0.3305270262536033, 0.6190786842367358, 0.0622627433832388, 0.01265729499852888, 0.1647109433176596, 0.007571816509541997, 0.6584504041632401, 0.3550581398761722, 0.1291927816495185, 0.1778129535353704, 0.0005239329160446684, 0.142802021376384, 0.6779175339731758, 0.1323242099020984, 0.2098690148094993, 0.5650583917900813, 0.3165415292962651, 0.1059519275537924, 0.4613719913434392, 0.6837665738107699, 0.1402715882249585, 0.1764219835618831, 0.3473633528802609, 0.4016965536507536, 0.05260675984713033, 0.3209915700096467, 0.002883692062966984, 0.04524645504288175, 0.8953464297221567, 0.3866083529853351, 0.4170790636569327, 0.6082509066412126, 0.6122990723971534, 0.6758312544159959, 0.341804748516037, 0.7031323477096283, 0.5649646197663621, 4.450013626586592e-05, 0.4713120259614759, 0.0284073109665672, 0.540649739709978, 0.4981262353868596, 0.286888319723727, 0.03545683106946034, 0.3550581398761731, 0.3550581398761723, 0.8959847788013636, 0.5819235086002982, 0.5555616848005401, 0.5158303210268781, 0.5986071933099043, 0.1035796496493846, 0.5936221474442298, 0.8298785002684943, 0.13068124916102, 0.3235148796245136, 0.5171193878021868, 0.2851562325932332, 0.4110634005144144, 0.0502731660791302, 0.299261035551786, 0.3501874706590362, 0.6208245332959828, 0.7839380978093445, 0.03443917981787032, 0.112288392450815, 0.4166023993970144, 0.5816160900789179, 0.2794002616911482, 0.06697287658494921, 0.8019527406474659, 0.7863022270174103, 0.8079343652410166, 0.3188790725668488, 0.3891512596216981, 0.2198860218690676, 0.4281043018233455, 0.1026197061319997, 0.2951485990020238, 0.2528058810692158, 0.3143722454666854, 0.4193776596330657, 0.1293181246676, 0.173941702270737, 0.3956797390158244, 0.1699702789740166, 0.4690607540389821, 0.2025583877259069, 0.2687911447997854, 0.1124541369598334, 0.1699312898646083, 0.08431998028459388],
  [8.618357061937919e-05, 5.052755818343298e-05, 0.0006751123086554942, 0.000109481025845113, 0.009007003506024675, 0.05928922442952342, 0.5175202008695043, 0.001976791128261671, 0.01615087236612358, 0.004393813856339236, 0.0009210870983025054, 0.8481670598345106, 0.001731010261236699, 0.002580827787091644, 0.001760906293254421, 0.05416029410018468, 6.527219429344431e-05, 0.03423615918738387, 0.005858483982967075, 0.0001484452362367627, 0.01795785034851605, 0.01221477440203316, 0.1014218918898203, 0.3461980884090975, 0.0002274731230301395, 0.001153186941415204, 0.001141969799443681, 0.09124545351792326, 0.372251796310288, 0.004186941968546374, 0.4310752719137618, 0.0007297645411756969, 0.06014758591900812, 0.01716438551716615, 0.01721576874914572, 0.8566834076867363, 0.01487611142192758, 0.0002826932307144648, 0.009907883661841199, 0.01251018713965669, 0.0001784106164622663, 0.003728991251993632, 0.0279750072177859, 0.0004799369791293173, 4.823684971564361e-05, 0.01336311136280597, 0.01087422182557901, 0.003358927000932933, 0.006459445602953457, 0.0535288567060934, 0.001502936688978202, 0.6217145656962461, 0.05498087217089221, 1.958435126434614e-06, 0.006889180472660268, 0.005974519521444822, 8.994217850078104e-05, 0.0001184072153141555, 9.373678865064688e-05, 0.0005757980615281306, 5.357414755362669e-05, 0.0001057214400726157, 0.976459483933951, 0.0008502118237831994, 0.1348281051698683, 0.0007008503990363107, 0.0002423355051438209, 0.009891176953148485, 0.1239818645185738, 0.06014758591900824, 0.06014758591900784, 5.329227450588962e-06, 0.0005887191652469755, 0.0007157931408772976, 0.001285083517953288, 0.0002965469304936337, 0.04478977773844294, 0.0002890787127918972, 2.203998218626491e-05, 0.009212094518247468, 0.00272413543620124, 0.0009845908974206391, 0.007340215771969597, 0.004871864606343786, 0.07917748118323792, 0.00833006416734096, 0.003710461903078817, 0.0007065409167188504, 2.28266041759637e-05, 0.1816029274401412, 0.01703981739766457, 0.004320265424840066, 0.001463232254932555, 0.004360494093036188, 0.04248739719299715, 0.0001066331673746071, 0.0001674025955474478, 1.181362450916322e-05, 0.004953034906683158, 0.0006353623499501528, 0.00552588129932053, 0.0006857387060125264, 0.02446868175895657, 0.001950276673875361, 0.004700405620983834, 0.008266977365391011, 0.001536020607510834, 0.03359233092056821, 0.00642504836635968, 0.001696150413215819, 0.02092787732075397, 0.0003836753459806027, 0.02299130565866598, 0.004104350845515773, 0.04416020872435026, 0.1011016352914515, 0.2282829492058033],
