{
 "Evidence Ratios":{
  },
 "Site Log Likelihood":{
   "unconstrained":    [
[-10.98275379195682, -4.870460115599183, -8.239263296794377, -8.636886763397623, -16.46392618224698, -19.90802460161632, -15.24214188771817, -19.17798173950743, -15.48433812181084, -11.91477695912033, -20.71738048259928, -8.931458787684738, -10.71953812818933, -11.02156738848604, -15.5980245106292, -17.98526845826288, -8.838511472437053, -19.1612250572695, -16.91528455696434, -18.13923473864922, -21.26514713390104, -15.80216348037777, -16.81268328789393, -17.44762982341296, -5.669528574763547, -7.379395611620298, -6.175358535150335, -11.56358368017489, -10.0650156256266, -5.87473076725522, -7.702047664795788, -20.83991672528845, -10.40193339291982, -12.97201175504736, -8.842734099814582, -7.875921221703375, -19.24462905840995, -9.23776009084167, -15.99951629619071, -12.10447544488028, -13.27683973861405, -18.14297935619067, -13.03147310574443, -20.07785902865687, -16.56200761019395, -15.27806242631579, -11.45346820093299, -8.467102694055161, -12.52084451869248, -22.18261305571653, -16.5924607597389, -12.00817654406463, -18.3656678786981, -18.89497109999748, -19.10586002463549, -5.044404508007617, -18.15825542458831, -17.6288053542687, -6.632529715912674, -12.44988293818046, -17.95656617128286, -10.24441073219656, -10.4687425877226, -16.97342562464719, -18.86582531998062, -7.568623119784832, -10.26618416199898, -16.02943173446209, -5.87473076725522, -23.54286324586917, -14.86686315717862, -17.83167775783021, -23.93240197223848, -16.87639856420857, -13.30039211506226, -12.37818940715295, -14.92586846248899, -6.534293938398142, -10.22307719765226, -19.69733330458368, -16.44825533005788, -12.36417163816177, -8.560563312652853, -7.81033861695678, -12.96974850220602, -17.85549149025478, -16.64642725225184, -14.51549053875557, -14.35350353638922, -7.379395611620298, -12.21722790276187, -16.15885078955345, -6.260781131252597, -4.244767091431052, -3.668187391443142] 
    ]
  },
 "Synonymous site-posteriors":  [
[0.5391324589682183, 0.424799909394189, 0.5391165432214825, 0.5391067317596724, 0.5391395481369518, 0.5391651551509101, 0.5391054099122582, 0.53913852766294, 0.5391377544315819, 0.5391099152489791, 0.5391723996886769, 0.5391085637574017, 0.5390959730986107, 0.5391142746421597, 0.5390486205931613, 0.5390849346342615, 0.539117937393247, 0.539102279802426, 0.5391468283566173, 0.5391054197007243, 0.5391568155636254, 0.5391479666260109, 0.5391321016192748, 0.5391181565220844, 0.257816977450004, 0.5390920932832056, 0.1782553841386227, 0.5390916727253349, 0.5391002584936325, 0.2483871813001785, 0.5390946569138538, 0.5391842321329394, 0.5390915089652001, 0.53912047850892, 0.5391187551396051, 0.5390868768111555, 0.5391189196333246, 0.5391164583665018, 0.5391282607965281, 0.5391191568307228, 0.5390895482369934, 0.5391678945812383, 0.539133841469813, 0.5390856250624763, 0.5391532745746536, 0.5391113353228274, 0.5390795727994686, 0.5391173957672043, 0.5391004393244678, 0.5391567390888454, 0.5391448646179615, 0.5391256643161521, 0.5391488072414312, 0.5391366436120359, 0.539133443242693, 0.4372308604230362, 0.539153338822821, 0.5391169629986359, 0.17000905172044, 0.5391137573885491, 0.5391165982585825, 0.5390778790568569, 0.5390978524646891, 0.5391224052290774, 0.5390751385056126, 0.01034705049562375, 0.5390564736916119, 0.5390844110516024, 0.2483871813001785, 0.5391574873890188, 0.5391069738578396, 0.5390991980220766, 0.5391670658958563, 0.5391024498825894, 0.5391158424989728, 0.5391253047173831, 0.5391349921443246, 0.03117453461311204, 0.539061808402175, 0.5391467746930912, 0.5391364678936377, 0.5391368682130261, 0.5391213065317081, 0.5390738349854254, 0.5391277129042193, 0.5391313931533153, 0.5391666138495536, 0.5390888001165769, 0.5390814568055848, 0.5390920932832056, 0.5390907946788199, 0.5390951322089512, 0.1990980583535587, 0.5048591319193865, 0.5048591319193865],
  [0, 0.2119965598392329, 0, 0, 0, 0, 0, 0, 0, 0, 0, 0, 0, 0, 0, 0, 0, 0, 0, 0, 0, 0, 0, 0, 0.5217297012714527, 0, 0.6693213677268196, 0, 0, 0.53922249384501, 0, 0, 0, 0, 0, 0, 0, 0, 0, 0, 0, 0, 0, 0, 0, 0, 0, 0, 0, 0, 0, 0, 0, 0, 0, 0.1889463853453974, 0, 0, 0.6846155761240741, 0, 0, 0, 0, 0, 0, 0.9808025664556068, 0, 0, 0.53922249384501, 0, 0, 0, 0, 0, 0, 0, 0, 0.9421649009649957, 0, 0, 0, 0, 0, 0, 0, 0, 0, 0, 0, 0, 0, 0, 0.6306486591954121, 0.06354074750397221, 0.06354074750397223],
  [0.4608675410317817, 0.363203530766578, 0.4608834567785174, 0.4608932682403275, 0.4608604518630482, 0.4608348448490898, 0.4608945900877418, 0.4608614723370601, 0.4608622455684183, 0.4608900847510209, 0.4608276003113232, 0.4608914362425983, 0.4609040269013895, 0.4608857253578403, 0.4609513794068387, 0.4609150653657384, 0.4608820626067531, 0.4608977201975741, 0.4608531716433827, 0.4608945802992757, 0.4608431844363747, 0.460852033373989, 0.4608678983807252, 0.4608818434779155, 0.2204533212785434, 0.4609079067167943, 0.1524232481345577, 0.4609083272746651, 0.4608997415063674, 0.2123903248548116, 0.4609053430861462, 0.4608157678670607, 0.4609084910348, 0.4608795214910799, 0.4608812448603948, 0.4609131231888445, 0.4608810803666756, 0.4608835416334983, 0.460871739203472, 0.4608808431692771, 0.4609104517630068, 0.4608321054187619, 0.460866158530187, 0.4609143749375238, 0.4608467254253465, 0.4608886646771726, 0.4609204272005315, 0.4608826042327957, 0.4608995606755321, 0.4608432609111545, 0.4608551353820384, 0.4608743356838479, 0.4608511927585688, 0.4608633563879642, 0.4608665567573071, 0.3738227542315664, 0.460846661177179, 0.4608830370013641, 0.145375372155486, 0.4608862426114508, 0.4608834017414175, 0.4609221209431431, 0.460902147535311, 0.4608775947709225, 0.4609248614943873, 0.008850383048769405, 0.460943526308388, 0.4609155889483975, 0.2123903248548116, 0.4608425126109813, 0.4608930261421604, 0.4609008019779233, 0.4608329341041437, 0.4608975501174107, 0.4608841575010271, 0.460874695282617, 0.4608650078556754, 0.02666056442189221, 0.4609381915978251, 0.4608532253069087, 0.4608635321063623, 0.4608631317869739, 0.4608786934682919, 0.4609261650145746, 0.4608722870957807, 0.4608686068466846, 0.4608333861504466, 0.460911199883423, 0.4609185431944152, 0.4609079067167943, 0.46090920532118, 0.4609048677910488, 0.1702532824510294, 0.4316001205766412, 0.4316001205766413] 
  ],
 "analysis":{
   "authors":"Sergei L Kosakovsky Pond",
   "citation":"*Gene-wide identification of episodic selection*, Mol Biol Evol. 32(5):1365-71",
   "contact":"spond@temple.edu",
   "info":"BUSTED (branch-site unrestricted statistical test of episodic diversification) uses a random effects branch-site model fitted \njointly to all or a subset of tree branches in order to test for alignment-wide evidence of episodic diversifying selection. \nAssuming there is evidence of positive selection (i.e. there is an omega > 1),  BUSTED will also perform a quick evidence-ratio \nstyle analysis to explore which individual sites may have been subject to selection. v2.0 adds support for synonymous rate variation, \nand relaxes the test statistic to 0.5 (chi^2_0 + chi^2_2). Version 2.1 adds a grid search for the initial starting point.\nVersion 2.2 changes the grid search to LHC, and adds an initial search phase to use adaptive Nedler-Mead. Version 3.0 implements the option\nfor branch-site variation in synonymous substitution rates. Version 3.1 adds HMM auto-correlation option for SRV, and binds SRV distributions for multiple branch sets\n",
   "requirements":"in-frame codon alignment and a phylogenetic tree (optionally annotated with {})",
   "version":"3.1"
  },
 "background":0,
 "branch attributes":{
   "0":{
     "ENSGACP00000015061":{
       "MG94xREV with separate rates for branch sets":0.1531282524204108,
       "Nucleotide GTR":0.1324911488691291,
       "original name":"ENSGACP00000015061",
       "unconstrained":0.1686275713631968
      },
     "ENSGALP00000003918":{
       "MG94xREV with separate rates for branch sets":0.5479770401815744,