{
 "Evidence Ratios":{
  },
 "Site Log Likelihood":{
   "unconstrained":    [
[-3.156131659010424, -3.051231188031948, -3.466993771190766, -3.051231188031948, -3.1405651027852, -3.87714590555623, -4.376669831306979, -3.87714590555623, -5.653476653013198, -3.87714590555623, -4.827561935488917, -3.409532528433693, -3.035664631806724, -4.753508945261721, -3.156131659010424, -5.243324518647734, -3.498866443186942, -3.861579349331005, -3.035664631806724, -3.861579349331005, -3.451427214965542, -4.007219790125955, -4.909952031816712, -3.393965972208467, -3.451427214965542, -4.734971171708722, -3.1405651027852, -4.432938480716643, -5.202584548831261, -3.87714590555623, -3.035664631806724, -3.607023763192362, -5.097684077852785, -3.393965972208467, -3.409532528433693, -3.92759422773744, -3.514432999412167, -4.737942389036497, -3.982046376534706, -3.051231188031948, -25.77506742053293, -13.47815932140636, -16.77753289485194, -27.94796394086044, -23.60334397774528, -29.14762460505282, -34.04571180727783, -17.41338987162827, -30.24291831092029, -28.95006498445952, -34.8678325312093, -23.66876440716304, -34.95693928501152, -24.94638225123713, -10.8724263458409, -17.64931085476126, -10.92861571073903, -34.91147104847735, -37.87288972333204, -21.12825770909284, -25.33642983626144, -29.37498086318376, -38.01117609623908, -46.05950534757001, -17.02749132668102, -12.11581543715725, -19.38243767430858, -15.89226878469312, -49.34973051158846, -23.13964461646422, -29.86615866970694, -15.47666386058467, -7.183329111493288, -22.15076808657881, -23.60929056979024, -41.19362805642749, -9.366159214439392, -18.51095675556786, -29.25358569826878, -34.80069128089107, -14.20097697340514] 
    ]
  },
 "Synonymous site-posteriors":  [
[0.3002969958491452, 0.3002969958491445, 0.3002969958491439, 0.3002969958491445, 0.300296995849145, 0.3002969958491443, 0.3002969958491448, 0.3002969958491443, 0.3002969958491445, 0.3002969958491443, 0.3002969958491448, 0.3002969958491451, 0.3002969958491451, 0.3002969958491451, 0.3002969958491452, 0.3002969958491444, 0.3002969958491447, 0.3002969958491445, 0.3002969958491451, 0.3002969958491445, 0.3002969958491444, 0.3002969958491445, 0.3002969958491445, 0.3002969958491447, 0.3002969958491444, 0.3002969958491451, 0.300296995849145, 0.3002969958491446, 0.3002969958491448, 0.3002969958491443, 0.3002969958491451, 0.3002969958491449, 0.3002969958491444, 0.3002969958491447, 0.3002969958491451, 0.3002969958491453, 0.3002969958491457, 0.3002969958491444, 0.3002969958491452, 0.3002969958491445, 0.1743635592323364, 0.4715731821759976, 0.3832150877612764, 0.2630352808564617, 0.4376691291212589, 0.2476494176102737, 0.05685961185210337, 0.3770607072069895, 0.109479119507889, 0.1042096618066948, 0.02070207507429794, 0.328714021448568, 0.1523616272497226, 0.3749296239053158, 0.4803408408959862, 0.4618312522785971, 0.4922777755905455, 0.4232221139652705, 0.1582326642411419, 0.3791833350860047, 0.2826594111783439, 0.3074727367347652, 0.01171072528724209, 0.01193850119676549, 0.4473882024937731, 0.4286164807649775, 0.4091749802796142, 0.4913727446389582, 0.01169408457369227, 0.304440034903593, 0.38687531740447, 0.4835114449569068, 0.4596243689581906, 0.3932467356941488, 0.2861319427015924, 0.02096511317913734, 0.4601117544799026, 0.4563055450645229, 0.2429926924413235, 0.09781357644123088, 0.4150114635605129],
  [0.3613597130196124, 0.3613597130196128, 0.3613597130196136, 0.3613597130196128, 0.3613597130196125, 0.3613597130196133, 0.3613597130196128, 0.3613597130196133, 0.3613597130196133, 0.3613597130196133, 0.3613597130196126, 0.3613597130196126, 0.3613597130196127, 0.3613597130196128, 0.3613597130196124, 0.3613597130196125, 0.3613597130196128, 0.3613597130196137, 0.3613597130196127, 0.3613597130196137, 0.3613597130196129, 0.3613597130196123, 0.3613597130196129, 0.3613597130196128, 0.3613597130196129, 0.3613597130196123, 0.3613597130196125, 0.3613597130196129, 0.3613597130196128, 0.3613597130196133, 0.3613597130196127, 0.3613597130196122, 0.3613597130196136, 0.3613597130196128, 0.3613597130196126, 0.3613597130196117, 0.3613597130196117, 0.3613597130196133, 0.3613597130196124, 0.3613597130196128, 0.6066370176341586, 0.03883093157151417, 0.1829877886556159, 0.4104612732179732, 0.07928916902140974, 0.4447681622228053, 0.8622628226212214, 0.1955909360564842, 0.7408583966166842, 0.754750712287122, 0.9481458034957122, 0.2789258803399762, 0.6444491985101101, 0.1933904306532152, 0.03851812144837925, 0.0438752606887283, 0.01972123878430271, 0.06761105395058802, 0.6276986546906802, 0.1838999801599842, 0.3703700539607328, 0.3170075141524771, 0.9700575942052861, 0.9694328216477092, 0.08042684525020521, 0.1101196482129735, 0.1297189283563891, 0.01782265161768504, 0.9696083904083671, 0.3261233103300779, 0.1607338974285923, 0.02612097974624628, 0.0674465479486344, 0.1513726081491602, 0.362407549982259, 0.9477710224856489, 0.06349659673670638, 0.05597242274984317, 0.4626275517440115, 0.7719333335843431, 0.1341944244875442],
  [0.3383432911312425, 0.3383432911312427, 0.3383432911312426, 0.3383432911312427, 0.3383432911312425, 0.3383432911312423, 0.3383432911312423, 0.3383432911312423, 0.3383432911312422, 0.3383432911312423, 0.3383432911312426, 0.3383432911312424, 0.3383432911312423, 0.3383432911312421, 0.3383432911312425, 0.3383432911312431, 0.3383432911312427, 0.3383432911312418, 0.3383432911312423, 0.3383432911312418, 0.3383432911312428, 0.3383432911312431, 0.3383432911312425, 0.3383432911312425, 0.3383432911312428, 0.3383432911312426, 0.3383432911312425, 0.3383432911312426, 0.3383432911312425, 0.3383432911312423, 0.3383432911312423, 0.3383432911312427, 0.3383432911312419, 0.3383432911312425, 0.3383432911312424, 0.3383432911312429, 0.3383432911312426, 0.3383432911312424, 0.3383432911312425, 0.3383432911312427, 0.2189994231335049, 0.4895958862524883, 0.4337971235831077, 0.3265034459255652, 0.4830417018573314, 0.3075824201669211, 0.08087756552667517, 0.4273483567365264, 0.1496624838754268, 0.1410396259061833, 0.0311521214299897, 0.3923600982114557, 0.2031891742401674, 0.4316799454414691, 0.4811410376556345, 0.4942934870326745, 0.4880009856251518, 0.5091668320841416, 0.2140686810681779, 0.4369166847540112, 0.3469705348609234, 0.3755197491127576, 0.01823168050747199, 0.0186286771555254, 0.4721849522560216, 0.461263871022049, 0.4611060913639967, 0.4908046037433569, 0.01869752501794065, 0.369436654766329, 0.4523907851669378, 0.4903675752968469, 0.472929083093175, 0.455380656156691, 0.3514605073161486, 0.03126386433521383, 0.4763916487833911, 0.487722032185634, 0.2943797558146648, 0.1302530899744259, 0.4507941119519429] 
  ],
 "analysis":{
   "authors":"Sergei L Kosakovsky Pond",
   "citation":"*Gene-wide identification of episodic selection*, Mol Biol Evol. 32(5):1365-71",
   "contact":"spond@temple.edu",
   "info":"BUSTED (branch-site unrestricted statistical test of episodic diversification) uses a random effects branch-site model fitted \njointly to all or a subset of tree branches in order to test for alignment-wide evidence of episodic diversifying selection. \nAssuming there is evidence of positive selection (i.e. there is an omega > 1),  BUSTED will also perform a quick evidence-ratio \nstyle analysis to explore which individual sites may have been subject to selection. v2.0 adds support for synonymous rate variation, \nand relaxes the test statistic to 0.5 (chi^2_0 + chi^2_2). Version 2.1 adds a grid search for the initial starting point.\nVersion 2.2 changes the grid search to LHC, and adds an initial search phase to use adaptive Nedler-Mead. Version 3.0 implements the option\nfor branch-site variation in synonymous substitution rates. Version 3.1 adds HMM auto-correlation option for SRV, and binds SRV distributions for multiple branch sets\n",
   "requirements":"in-frame codon alignment and a phylogenetic tree (optionally annotated with {})",
   "version":"3.1"
  },
 "background":0,