{
 "Evidence Ratios":{
   "constrained":    [
[0.6647699568081554, 1.136608941907505, 0.9447417684272063, 0.5844025963949243, 0.5997180415192024, 5.991368706104377, 0.6520475192407127, 2.507031872116958, 1.479577391915465, 1.151029910501316, 0.5290347367384965, 0.6013234310999863, 0.8691368301416056, 1.803026602429175, 1.323516648540931, 0.9826503346977827, 1.086499162687891, 0.5424335769013299, 0.6342441241836559, 1.181923582586184, 1.040170564713626, 0.5882824828789884, 1.469452212718659, 7.451880437257806, 0.6665216356650392, 1.236976290223033, 1.271762417673564, 12.18415201758049, 2.478493113871743, 0.6135950883158008, 1.309204955103901, 5.645173199052777, 0.6647699568081554, 3.110947496287165, 0.652104646259507, 2.783605537402774, 1.097209287916437, 1.419730638332661, 4.032754121010097, 0.6622007043903294, 1.500627853170567, 0.607489293176813, 0.6214284814128379] 
    ],
   "optimized null":    [
[1.057869599642618, 0.9561502228635881, 0.5166070355688098, 1.014801667705866, 1.023244149569323, 2.754840826623414, 1.049542836860698, 1.536840726104641, 1.042111718884991, 0.7313561766544321, 0.9673943788321359, 0.9455081279498819, 0.9366449571876603, 0.8481855018233651, 0.8978742732595248, 0.516698883000397, 0.9307914094047893, 0.7833363990148046, 1.026383235936457, 0.7209171769665176, 1.036435597017812, 0.9945036080780117, 0.7796861654718014, 3.412128785373209, 0.7441428276147206, 1.109912648777239, 0.9912973272835056, 4.407911457704022, 1.305206489573038, 0.7963151917718966, 1.345855888259382, 1.051480170773918, 1.057869599642618, 2.44516711608115, 1.02646074998049, 0.7143334651423157, 1.061352988510046, 1.234016066038398, 0.9138590909371663, 1.030654869543264, 0.7262980063326582, 0.7456977898622458, 1.026513030401292] 
    ]
  },
 "Site Log Likelihood":{
   "constrained":    [
[-3.659977101504587, -7.653493932337058, -13.20569226862225, -4.786955707114364, -4.484537367053234, -12.1290789129653, -4.199284678466642, -13.65830755686164, -14.77876266843667, -11.55285994304044, -8.306670260155313, -7.597485975021539, -12.62211885842054, -13.73256148319342, -8.504251987898645, -12.86168625382285, -12.97353440852336, -8.992370807570024, -4.871012539817245, -11.85058506156525, -9.73662674049409, -5.186169626419882, -15.71659890349856, -13.12552480275687, -7.270551537845718, -10.62097943161939, -9.052898437053241, -18.10650154372028, -12.74546781802314, -9.537663096527004, -8.902191743932345, -22.05038452464065, -3.659977101504587, -12.27366056040885, -4.655958956926855, -23.15813407411681, -6.375775487519081, -8.635000624581933, -19.11027156207282, -4.116708931456166, -17.93166121780468, -9.792597303521468, -6.655165942348552] 
    ],
   "optimized null":    [
[-4.124548403374543, -7.480604473856058, -12.60206313895092, -5.338814055516572, -5.018811150947839, -11.35211869318035, -4.675277191799052, -13.16893685722634, -14.42825532084423, -11.09934813497101, -8.910222415319566, -8.050075514849629, -12.69692258455166, -12.97843886958186, -8.116234438127613, -12.21889318286516, -12.81885358160353, -9.359867400641578, -5.352375085869234, -11.35621077487221, -9.733029552166222, -5.711206107142793, -15.08284542434318, -12.34439476828025, -7.38071192615, -10.51259082298514, -8.803754006018995, -17.08976643630591, -12.10417831570914, -9.798322928238258, -8.929801854279621, -20.36978250360365, -4.124548403374543, -12.03284669015843, -5.109625906463194, -21.79798164317838, -6.342550040832992, -8.494807407155971, -17.62574312793393, -4.559089917495533, -17.20598275715385, -9.997583163564702, -7.157068042562497] 
    ],
   "unconstrained":    [
[-4.068291329290116, -7.525444715244903, -13.26253591837681, -5.324120863391147, -4.995833032072638, -10.33875902842483, -4.626922515906878, -12.73920802451662, -14.38700616743974, -11.41220282710375, -8.943371444522905, -8.106108309313427, -12.76237356752243, -13.14309478454466, -8.223959666115613, -12.87918818835174, -12.89057365846012, -9.604060447525358, -5.326333884558953, -11.68344179561362, -9.69724203625575, -5.716717659805296, -15.33170921656617, -11.11705839452925, -7.676234216122996, -10.40830950555277, -8.812494768139116, -15.6063654513848, -11.83781705789357, -10.02608313018859, -8.632771695461209, -20.31958364565802, -4.068291329290116, -11.13873321943192, -5.083509186463133, -22.13438703083479, -6.283005542365654, -8.284533462277464, -17.71582201481175, -4.528895521613356, -17.52577762849162, -10.29101803184452, -7.130900391156188] 
    ]
  },
 "Synonymous site-posteriors":  [
[0.9462685948916355, 0.9411283782083883, 0.9089996758741922, 0.9468514415183799, 0.9473811821825161, 0.9269271793239039, 0.946546723255308, 0.9277329244710093, 0.9109015049906023, 0.8832828156719401, 0.9450898357955528, 0.9377415229906241, 0.7219257226410458, 0.9239424143591055, 0.9399591083898885, 0.9161904147776698, 0.899491511820084, 0.9443355715971989, 0.9476410772389025, 0.9381369870687107, 0.9083291652950137, 0.9478094364826496, 0.7635036548887965, 0.9296510242555992, 0.9314839559640555, 0.9319188636122245, 0.9443850444446664, 0.8653140664994167, 0.9144990144657488, 0.940563559279021, 0.9447869258172669, 0.2351058197619517, 0.9462685948916355, 0.9378024439186121, 0.9470946379290144, 0.1366207171669322, 0.9311246600903342, 0.9276812172232892, 0.4782531387569539, 0.9469063087546965, 0.7909052275994709, 0.9313263096336118, 0.9470373824013498],
  [0.05125240236661189, 0.05096362428653941, 0.04921429739743464, 0.05128521236984421, 0.05131536988947843, 0.05018197476386824, 0.05126791657303958, 0.05022492946070637, 0.04930910925906398, 0.04781412247808815, 0.05117799063129628, 0.05077578523398962, 0.03906892353261469, 0.05002263512699224, 0.05089805958077579, 0.0495995674320173, 0.04869329564831851, 0.05113659339605757, 0.05133031384369861, 0.0507962473968846, 0.04917249887126202, 0.05134015230023341, 0.04132139165576759, 0.05032788005591188, 0.05043514340656978, 0.05046074949621717, 0.05114121192589897, 0.04682830991168163, 0.04950670729377785, 0.0509296518185334, 0.05116182511687448, 0.01271651570902016, 0.05125240236661189, 0.05078048251191675, 0.05129855448903011, 0.007389496183401501, 0.05041818621995737, 0.05022928394732728, 0.02587588478966711, 0.0512880023852301, 0.04280528524730139, 0.05042535978451199, 0.0512955359537799],
  [0.002479002741752651, 0.007907997505071981, 0.04178602672837324, 0.001863346111776012, 0.001303447928005534, 0.02289084591222776, 0.002185360171652443, 0.02204214606828427, 0.03978938575033367, 0.06890306184997187, 0.003732173573150916, 0.01148269177538632, 0.2390053538263395, 0.02603495051390227, 0.009142832029335725, 0.0342100177903128, 0.05181519253159743, 0.004527835006743449, 0.001028608917398932, 0.01106676553440452, 0.04249833583372423, 0.0008504112171170906, 0.1951749534554361, 0.02002109568848892, 0.01808090062937466, 0.01762038689155821, 0.004473743629434542, 0.08785762358890176, 0.03599427824047337, 0.008506788902445652, 0.004051249065858581, 0.7521776645290281, 0.002479002741752651, 0.01141707356947109, 0.001606807581955413, 0.8559897866496663, 0.01845715368970846, 0.02208949882938355, 0.495870976453379, 0.001805688860073424, 0.1662894871532277, 0.01824833058187613, 0.001667081644870116] 
  ],
 "analysis":{
   "authors":"Sergei L Kosakovsky Pond",
   "citation":"*Gene-wide identification of episodic selection*, Mol Biol Evol. 32(5):1365-71",
   "contact":"spond@temple.edu",