{
 "Evidence Ratios":{
  },
 "Site Log Likelihood":{
   "unconstrained":    [
[-5.605572282807359, -7.977993549808781, -7.912238036632267, -8.151983825701167, -8.739579024854471, -8.613368759294033, -12.81754260949882, -9.695477981933291, -6.719536280019045, -8.598842716583702, -9.986501315078751, -8.718863772508598, -11.94125054928625, -5.057421649356816, -4.789216450961492, -6.079364844881431, -3.63574050068067, -4.395393626391757, -7.344831003929648, -5.247601199169078, -5.709579277513722, -5.247601199169078, -6.825976709044821, -6.565318148625336, -4.295917024038583, -11.76516466735601, -21.62095759645208, -12.3408707713387, -9.117056118374583, -8.262199634067903, -8.224544541406576, -21.7934939919306, -8.659238947466802, -21.90978057152811, -5.326371992199209, -10.54483362672442, -24.21994266902194, -11.83799465759395, -14.47897953637334, -11.4567455708783, -20.49957349970449, -14.71935285392959, -16.54271377093028, -12.36875663743566, -17.03248299557277, -14.58841734404406, -21.03073706839417, -19.1347895896637, -15.11562306341582, -19.48076377188909, -14.51638732213648, -13.65564667379305, -12.71618290101296, -14.76806003602843, -18.00847634917124, -3.63574050068067, -3.12458529570941, -13.59434497018276, -11.05405836754956, -17.57922956686726, -16.3872777941163, -9.821210046836995, -19.82765877359825, -17.08647394046957, -9.808464058061954, -12.24609097009626, -22.23547866725437, -6.651586026211514, -28.2147232255321, -18.80519801598621, -13.14912231895608, -13.12336647335832, -8.711349514745468, -11.29546301898749, -11.67634061359317, -13.41995494979709, -16.14218373026326, -25.83526700042136, -17.64583362709956, -16.34442203709591, -16.33981420323959, -6.651586026211514, -10.67368658342765, -5.226255281666305] 
    ]
  },
 "Synonymous site-posteriors":  [
[0.01691073786735833, 0.0569892202380633, 0.04908411058962298, 0.05718025467016755, 0.04969980144258573, 0.04234313971647543, 0.1824119826273597, 0.0643739011970567, 0.06766528857235661, 0.09353650835667376, 0.06874146393287596, 0.1055293035044402, 0.1192048333491949, 0.02147042795949573, 0.02168260705588509, 0.01495752508481921, 0.07167419629304546, 0.07167419629304539, 0.05497603977094493, 0.0190830960120672, 0.02000098485872238, 0.0190830960120672, 0.01271333079522278, 0.01469705484282491, 0.03025779932797996, 0.023317393043892, 0.07720454061924088, 0.04613943680748692, 0.0112489323153102, 0.02080031886146037, 0.01209536588288381, 0.228532505824118, 0.009827581414880729, 0.2146639401952639, 0.007906106961032383, 0.03734276667550321, 0.2438769557460615, 0.007958610519335387, 0.04688386433629195, 0.007841690382413441, 0.23542725470879, 0.04442222282029553, 0.1139341801341492, 0.02512915997583844, 0.1264767440154276, 0.02744436273694069, 0.1913660092619079, 0.02248713667131342, 0.06132566268846567, 0.2308953352702711, 0.03864094684369925, 0.01387265869337148, 0.007903483947077461, 0.04893454348309782, 0.1606971982014739, 0.07167419629304525, 0.07167419629304575, 0.05099639435058101, 0.04603819780663361, 0.04406343039412945, 0.1357057193718462, 0.03807000671520282, 0.1181962118856601, 0.1141184956719933, 0.01266488072872308, 0.01313593307145151, 0.2251360704722092, 0.004119218373784328, 0.147675780142088, 0.1206259846907218, 0.02740954037809364, 0.0148376318763782, 0.02573012308327701, 0.03380178649159336, 0.03070054137376198, 0.09445947756552479, 0.09778701559048023, 0.2795572048427934, 0.1646211456447385, 0.1111430298461883, 0.01382006098981568, 0.004119218373784328, 0.1657172126580761, 0.05528286118133469],
  [0.006850774031602917, 0.04471024667435688, 0.0343673585058635, 0.04496226396866018, 0.03681014658214306, 0.02586924884116469, 0.3394310169355659, 0.04167738407786157, 0.06301203577076356, 0.08646548271173346, 0.04764169238668476, 0.1149840415300907, 0.1565779736117598, 0.01024603051054624, 0.01128045465941668, 0.005396272965154396, 0.08881557878082014, 0.08881557878082008, 0.04238395208376948, 0.008448538553912572, 0.008637868241834223, 0.008448538553912572, 0.003927616580095604, 0.005108817479712672, 0.01790847821825697, 0.008309538640160447, 0.04588965602839533, 0.02475233577296327, 0.003136787116210026, 0.00729312650949604, 0.002582070921183826, 0.661950919476777, 0.001872524092967222, 0.2017304339150163, 0.001715497535649607, 0.01618122094862288, 0.2715225403420356, 0.000959880024292989, 0.01928283619625186, 0.001291841082856571, 0.3227905001081367, 0.0149590409049876, 0.109372905725543, 0.007901649768142657, 0.09268459067226047, 0.007157925768425306, 0.1850335353802177, 0.005407732729932347, 0.03452042608840158, 0.4291659622656132, 0.01216741487799921, 0.002717027920443623, 0.0009544111396571685, 0.02181928096594212, 0.1300450847826236, 0.08881557878082023, 0.08881557878082008, 0.02897415422989081, 0.02354395558599561, 0.01765280629648163, 0.1155280452016232, 0.01696539566827771, 0.08147088969114023, 0.08975651574976648, 0.003939870142075776, 0.00217159623096978, 0.5723992217058006, 0.0005126155678947984, 0.8370270736544793, 0.08928201349198145, 0.01170946572229191, 0.003341361903081616, 0.008813646091782245, 0.01570246485556743, 0.01159391287704483, 0.07313204224352018, 0.08708669609608499, 0.5139462816242675, 0.1681015250872384, 0.09871683231890571, 0.002674883426444835, 0.0005126155678947984, 0.3632724315996615, 0.05182292110284775],
  [0.9762384881010387, 0.8983005330875796, 0.9165485309045135, 0.8978574813611724, 0.9134900519752712, 0.9317876114423598, 0.4781570004370743, 0.8939487147250818, 0.8693226756568798, 0.8199980089315928, 0.8836168436804392, 0.7794866549654691, 0.7242171930390452, 0.9682835415299581, 0.9670369382846983, 0.9796462019500264, 0.8395102249261345, 0.8395102249261346, 0.9026400081452856, 0.9724683654340202, 0.9713611468994434, 0.9724683654340202, 0.9833590526246817, 0.9801941276774623, 0.9518337224537631, 0.9683730683159475, 0.8769058033523637, 0.9291082274195499, 0.9856142805684799, 0.9719065546290436, 0.9853225631959324, 0.109516574699105, 0.9882998944921521, 0.5836056258897199, 0.9903783955033181, 0.946476012375874, 0.4846005039119031, 0.9910815094563716, 0.9338332994674562, 0.9908664685347299, 0.4417822451830734, 0.9406187362747168, 0.7766929141403078, 0.9669691902560189, 0.7808386653123119, 0.9653977114946339, 0.6236004553578742, 0.9721051305987543, 0.9041539112231327, 0.339938702464116, 0.9491916382783016, 0.9834103133861849, 0.9911421049132653, 0.92924617555096, 0.7092577170159025, 0.8395102249261344, 0.8395102249261343, 0.9200294514195281, 0.9304178466073708, 0.9382837633093889, 0.7487662354265308, 0.9449645976165195, 0.8003328984231995, 0.7961249885782402, 0.9833952491292011, 0.9846924706975787, 0.2024647078219902, 0.9953681660583208, 0.01529714620343276, 0.7900920018172968, 0.9608809938996143, 0.9818210062205401, 0.9654562308249408, 0.9504957486528393, 0.9577055457491932, 0.8324084801909549, 0.8151262883134348, 0.2064965135329392, 0.6672773292680231, 0.7901401378349059, 0.9835050555837395, 0.9953681660583208, 0.4710103557422622, 0.8928942177158176] 
  ],
 "analysis":{
   "authors":"Sergei L Kosakovsky Pond",
   "citation":"*Gene-wide identification of episodic selection*, Mol Biol Evol. 32(5):1365-71",
   "contact":"spond@temple.edu",