{
 "Evidence Ratios":{
  },
 "Site Log Likelihood":{
   "unconstrained":    [
[-13.88255072622115, -13.81734326498611, -12.66655691826578, -4.944967885841975, -8.435235047496956, -12.84517182079063, -7.371594927568067, -10.58553260308445, -7.401560429979164, -15.01572251588036, -9.758934895177825, -4.657009447301833, -5.937785771272522, -7.529095629863011, -3.283253305804085, -10.24359084641568, -17.11039545290399, -7.485709867629416, -4.944967885841975, -7.908127975203772, -8.272832577390062, -14.12894932287383, -7.913697348038107, -15.17181116429855, -16.64425962639044, -9.648552970997411, -3.283253305804085, -16.0029012744815, -12.58643537712106, -15.20787350776797, -19.12985359670066, -8.683174506053023, -22.31118753546192, -11.82485417131151, -13.99070214918781, -20.23613005603681, -28.02927324383343, -16.85135913025901, -4.448760180432645, -5.097003052143918, -8.954493496105334, -13.19498664667198, -9.983074868009529, -17.99356655723013, -23.00993098882427, -11.77065971936763, -17.36609601988656, -16.6369156196092, -12.14924228443269, -7.777974173559993, -8.659883241777596, -15.82905928115493, -16.99797172774908, -22.21222749291647, -14.49790605062232, -27.16620877131246] 
    ]
  },
 "Synonymous site-posteriors":  [
[0.3337455965429055, 0.3992359697699043, 0.009792584091167428, 0.2102065702426772, 0.1903785214697942, 0.397655648238834, 0.2488503219422073, 0.1741965668105971, 0.3281426628107752, 0.4098564954490955, 0.3774461596634867, 0.2017841674568452, 0.1641829704090114, 0.378265806954213, 0.2946563042813847, 0.1754258453086822, 0.4555582888126986, 0.38558122943442, 0.2102065702426772, 0.2752935673433429, 0.3499719000965882, 0.3257879722508802, 0.3916577246224373, 0.4255695802610931, 0.3609364459368805, 0.3665274020252195, 0.2946563042813847, 0.4438020298465245, 0.3238076138792482, 0.4311013608613221, 0.4539784322751222, 0.3255550918419899, 0.4351538640578563, 0.3850265236838527, 0.3817476413197765, 0.4522599146868824, 0.4562190719499221, 0.4410658172595293, 0.2161765244376872, 0.184800325228311, 0.1619098277118662, 0.4256688855326916, 0.1061282140644445, 0.4351563949502611, 0.4560171795647779, 0.3256645380316806, 0.3892998460697853, 0.4538478915210074, 0.3971835516610762, 0.2576563707535116, 0.1623907023892728, 0.3994296588239068, 0.4438487381698614, 0.4534349496414852, 0.4195961426224586, 0.4540763878066441],
  [0.2692348665238191, 0.1261095467711647, 0.9785126677203436, 0.5396372280430245, 0.5830687498493601, 0.1296257945245612, 0.454966320819424, 0.6184055118225206, 0.2815634346275002, 0.1027879233651448, 0.1738307778953796, 0.5580740270079418, 0.6403619263954171, 0.1719055190256303, 0.354907772334575, 0.6156920066669596, 0.003859963631004681, 0.1559363513563722, 0.5396372280430245, 0.3970820847320746, 0.2338573738303382, 0.2865938418212222, 0.1428345062608352, 0.06847903746415178, 0.2095420365281868, 0.1976719310144683, 0.354907772334575, 0.02888942862606584, 0.2909101146735917, 0.05651730801707566, 0.007030461026031909, 0.2872079381260161, 0.04791240897737244, 0.1570405041307627, 0.1643476147252237, 0.01062773176348372, 0.002430694690245709, 0.03504151950325333, 0.5265830841181486, 0.5952373778470037, 0.6453332096220773, 0.06845833848679221, 0.7674026252594316, 0.04761835101467499, 0.002736770527766863, 0.2868064550038766, 0.1475089135769166, 0.007511768764343675, 0.1306150467726749, 0.4356658272123907, 0.644280033338361, 0.1254923774669675, 0.02891500738954902, 0.008159058980910865, 0.08145168124798448, 0.006853198739293162],
  [0.3970195369332755, 0.474654483458931, 0.01169474818848892, 0.2501562017142984, 0.2265527286808456, 0.4727185572366048, 0.2961833572383687, 0.2073979213668822, 0.3902939025617247, 0.4873555811857596, 0.4487230624411336, 0.2401418055352128, 0.1954551031955717, 0.4498286740201569, 0.3504359233840403, 0.2088821480243582, 0.5405817475562966, 0.4584824192092078, 0.2501562017142984, 0.3276243479245826, 0.4161707260730734, 0.3876181859278975, 0.4655077691167276, 0.505951382274755, 0.4295215175349328, 0.4358006669603123, 0.3504359233840403, 0.5273085415274098, 0.38528227144716, 0.5123813311216021, 0.5389911066988459, 0.3872369700319941, 0.5169337269647711, 0.4579329721853846, 0.4539047439549999, 0.5371123535496338, 0.541350233359832, 0.5238926632372174, 0.2572403914441642, 0.2199622969246852, 0.1927569626660566, 0.5058727759805163, 0.1264691606761238, 0.5172252540350638, 0.5412460499074552, 0.3875290069644428, 0.463191240353298, 0.538640339714649, 0.4722014015662489, 0.3066778020340976, 0.1933292642723664, 0.4750779637091257, 0.5272362544405896, 0.538405991377604, 0.4989521761295569, 0.5390704134540627] 
  ],
 "analysis":{
   "authors":"Sergei L Kosakovsky Pond",
   "citation":"*Gene-wide identification of episodic selection*, Mol Biol Evol. 32(5):1365-71",
   "contact":"spond@temple.edu",
   "info":"BUSTED (branch-site unrestricted statistical test of episodic diversification) uses a random effects branch-site model fitted \njointly to all or a subset of tree branches in order to test for alignment-wide evidence of episodic diversifying selection. \nAssuming there is evidence of positive selection (i.e. there is an omega > 1),  BUSTED will also perform a quick evidence-ratio \nstyle analysis to explore which individual sites may have been subject to selection. v2.0 adds support for synonymous rate variation, \nand relaxes the test statistic to 0.5 (chi^2_0 + chi^2_2). Version 2.1 adds a grid search for the initial starting point.\nVersion 2.2 changes the grid search to LHC, and adds an initial search phase to use adaptive Nedler-Mead. Version 3.0 implements the option\nfor branch-site variation in synonymous substitution rates. Version 3.1 adds HMM auto-correlation option for SRV, and binds SRV distributions for multiple branch sets\n",
   "requirements":"in-frame codon alignment and a phylogenetic tree (optionally annotated with {})",
   "version":"3.1"
  },
 "background":0,
 "branch attributes":{
   "0":{
     "AC087559_2_MOUSE":{
       "MG94xREV with separate rates for branch sets":0,
       "Nucleotide GTR":0,
       "original name":"AC087559.2_MOUSE",
       "unconstrained":0
      },
     "AL844494_2_MOUSE":{
       "MG94xREV with separate rates for branch sets":5.535448951189224e-18,
       "Nucleotide GTR":6.437096809621011e-18,
       "original name":"AL844494.2_MOUSE",
       "unconstrained":3.866875713641131e-18
      },
     "BX666061_1_MOUSE":{
       "MG94xREV with separate rates for branch sets":0,
       "Nucleotide GTR":0,
       "original name":"BX666061.1_MOUSE",
       "unconstrained":0
      },
     "ENSDNOP00000016166":{
       "MG94xREV with separate rates for branch sets":0.08909540668252054,
       "Nucleotide GTR":0.06095253604621888,
       "original name":"ENSDNOP00000016166",
       "unconstrained":0.099121723342128
      },
     "ENSDORP00000001622":{
       "MG94xREV with separate rates for branch sets":0.04211997132410999,
       "Nucleotide GTR":0.03728450837425488,
       "original name":"ENSDORP00000001622",
       "unconstrained":0.04522987873597767
      },
     "ENSFCAP00000016176":{
       "MG94xREV with separate rates for branch sets":0.05560984464589494,
       "Nucleotide GTR":0.04912529678933795,
       "original name":"ENSFCAP00000016176",
       "unconstrained":0.06103470013039507
      },
     "ENSMODP00000038286":{
       "MG94xREV with separate rates for branch sets":0.03739925184662674,
       "Nucleotide GTR":0.0612380751263772,
       "original name":"ENSMODP00000038286",
       "unconstrained":0.03414541064272379
      },
     "ENSOANP00000003304":{
       "MG94xREV with separate rates for branch sets":0.5030505866697667,
       "Nucleotide GTR":0.2258796230058254,
       "original name":"ENSOANP00000003304",
       "unconstrained":0.5639619978969774
      },
     "ENSPVAP00000013979":{
       "MG94xREV with separate rates for branch sets":0.02856409895259698,
       "Nucleotide GTR":0.01912319738566845,
       "original name":"ENSPVAP00000013979",