{
 "Evidence Ratios":{
   "constrained":    [
[1.000000004692877, 1.000000004681775, 1.000000004693077, 1.000000004681771, 1.000000004691925, 1.000000004695074, 1.000000004677958, 0.9693019479430813, 1.000000004681525, 0.9616281794604798, 1.000000004691751, 1.000000004694733, 1.00000000469775, 1.000000004694335, 1.000000004694705, 1.000000004697764, 1.000000004697499, 1.000000004694335, 1.000000004694705, 1.000000004691589, 1.000000004689523, 1.00000000469102, 1.000000004697764, 1.000000004691016, 1.000000004697765, 0.9863684571093758, 0.961055093243853, 0.9295123389044634, 0.9266359124281971, 0.9756382895700187, 2.652934428518527, 695683.7528035684, 398.9102943949652, 0.948844159023765, 0.961055093243853, 0.9882929984091934, 0.9939078590558329, 0.9837413467978687] 
    ],
   "optimized null":    [
[1.00000000464732, 1.000000004696477, 1.000000004677803, 1.000000004670474, 1.000000004646926, 1.000000004708637, 1.000000004662628, 1.724801006183237, 1.000000004670508, 0.9839431037804808, 1.000000004675076, 1.000000004676536, 1.000000004658776, 1.00000000466265, 1.000000004655109, 1.000000004655397, 1.000000004664388, 1.00000000466265, 1.000000004655109, 1.000000004675881, 1.000000004674961, 1.000000004694283, 1.000000004655397, 1.000000004675635, 1.000000004655291, 0.9703891881937396, 1.000361153463799, 1.005938535500819, 0.9729425405081392, 0.9729715526309436, 1.760332583149643, 1.136943407112982, 1.566555579755326, 1.082012941105477, 1.000361153463799, 0.9711121138268479, 0.9730503754757113, 1.089231157423779] 
    ]
  },
 "Site Log Likelihood":{
   "constrained":    [
[-3.539837961129793, -3.823081039567147, -3.741120047016618, -4.72641702778341, -5.644969083041718, -2.744293515823925, -5.928212161509215, -8.890551746404109, -4.610408606280713, -3.536618637315395, -5.365355898320527, -5.094656263146808, -3.741724049508558, -3.816368631640552, -4.818125592644478, -4.307328696481707, -4.788223967083981, -3.816368631640552, -4.818125592644478, -3.971059845296945, -4.222619320094209, -3.82069505896881, -4.307328696481707, -4.481856741462144, -5.210664684672656, -4.36783183542502, -2.958083703873005, -3.404395747490527, -3.996855453497401, -4.867815638538805, -10.77132033065076, -28.46238752538064, -16.57999337878926, -3.71838652126088, -2.958083703873005, -3.401378068980127, -3.653572093593095, -4.481629652481779] 
    ],
   "optimized null":    [
[-3.539837961084236, -3.823081039581848, -3.741120047001344, -4.726417027772112, -5.644969082996719, -2.744293515837488, -5.928212161493884, -9.466842539345341, -4.610408606269695, -3.559558843219668, -5.365355898303853, -5.094656263128611, -3.741724049469584, -3.816368631608868, -4.818125592604882, -4.30732869643934, -4.78822396705087, -3.816368631608868, -4.818125592604882, -3.971059845281236, -4.222619320079646, -3.820695058972072, -4.30732869643934, -4.481856741446763, -5.210664684630182, -4.351499077844958, -2.998168334713792, -3.483411916522373, -4.04561975055247, -4.865078570762432, -10.3611567306721, -15.13808050714334, -11.04013612424911, -3.849720371818858, -2.998168334713792, -3.383840781959935, -3.632363442562237, -4.583494015106246] 
    ],
   "unconstrained":    [
[-3.539837956436916, -3.823081034885371, -3.741120042323542, -4.726417023101638, -5.644969078349793, -2.744293511128852, -5.928212156831257, -8.921730854250704, -4.610408601599188, -3.575746048182571, -5.365355893628776, -5.094656258452075, -3.741724044810808, -3.816368626946217, -4.818125587949773, -4.307328691783943, -4.788223962386482, -3.816368626946217, -4.818125587949773, -3.971059840605356, -4.222619315404685, -3.820695054277789, -4.307328691783943, -4.481856736771128, -5.210664679974891, -4.381557140856871, -2.997807246450207, -3.47749094462309, -4.073050003040825, -4.892479004747587, -9.795653971775524, -15.00973706748091, -10.59125681325435, -3.770897231109829, -2.997807246450207, -3.413154137084434, -3.659682867342231, -4.498021927910385] 
    ]
  },
 "Synonymous site-posteriors":  [
[0.652975126518096, 0.652975126487521, 0.6529751264982171, 0.6529751265040543, 0.652975126518353, 0.6529751264795804, 0.6529751265093312, 0, 0.6529751265040328, 0.8518299583301006, 0.6529751265001635, 0.6529751264997942, 0.6529751265107717, 0.6529751265092282, 0.652975126513232, 0.6529751265131132, 0.6529751265080909, 0.6529751265092282, 0.652975126513232, 0.6529751264997083, 0.6529751265000941, 0.652975126488553, 0.6529751265131132, 0.6529751264997902, 0.6529751265131132, 0.9844039564761384, 0.841387885245432, 0.8136689550230364, 0.8384106410425025, 0.9845269828861343, 0, 0, 0, 0.8275166352621972, 0.841387885245432, 0.9666814234563702, 0.982851386221381, 0.8681172785088422],
  [0.3470248734819041, 0.347024873512479, 0.3470248735017828, 0.3470248734959457, 0.3470248734816469, 0.3470248735204196, 0.3470248734906688, 1, 0.3470248734959672, 0.1481700416698996, 0.3470248734998365, 0.3470248735002059, 0.3470248734892282, 0.3470248734907719, 0.3470248734867681, 0.347024873486887, 0.3470248734919092, 0.3470248734907719, 0.3470248734867681, 0.3470248735002915, 0.3470248734999057, 0.347024873511447, 0.347024873486887, 0.3470248735002099, 0.3470248734868868, 0.0155960435238616, 0.158612114754568, 0.1863310449769635, 0.1615893589574974, 0.01547301711386576, 1, 1, 0.9999999999999999, 0.1724833647378029, 0.158612114754568, 0.03331857654362978, 0.01714861377861898, 0.1318827214911577],
  [0, 0, 0, 0, 0, 0, 0, 0, 0, 0, 0, 0, 0, 0, 0, 0, 0, 0, 0, 0, 0, 0, 0, 0, 0, 0, 0, 0, 0, 0, 0, 0, 0, 0, 0, 0, 0, 0] 
  ],
 "analysis":{
   "authors":"Sergei L Kosakovsky Pond",
   "citation":"*Gene-wide identification of episodic selection*, Mol Biol Evol. 32(5):1365-71",
   "contact":"spond@temple.edu",
   "info":"BUSTED (branch-site unrestricted statistical test of episodic diversification) uses a random effects branch-site model fitted \njointly to all or a subset of tree branches in order to test for alignment-wide evidence of episodic diversifying selection. \nAssuming there is evidence of positive selection (i.e. there is an omega > 1),  BUSTED will also perform a quick evidence-ratio \nstyle analysis to explore which individual sites may have been subject to selection. v2.0 adds support for synonymous rate variation, \nand relaxes the test statistic to 0.5 (chi^2_0 + chi^2_2). Version 2.1 adds a grid search for the initial starting point.\nVersion 2.2 changes the grid search to LHC, and adds an initial search phase to use adaptive Nedler-Mead. Version 3.0 implements the option\nfor branch-site variation in synonymous substitution rates. Version 3.1 adds HMM auto-correlation option for SRV, and binds SRV distributions for multiple branch sets\n",
   "requirements":"in-frame codon alignment and a phylogenetic tree (optionally annotated with {})",
   "version":"3.1"
  },
 "background":0,
 "branch attributes":{
   "0":{
     "ENSACAP00000018771":{
       "MG94xREV with separate rates for branch sets":0,
       "Nucleotide GTR":0,
       "constrained":0,
       "original name":"ENSACAP00000018771",
       "unconstrained":0
      },
     "ENSMODP00000003318":{
       "MG94xREV with separate rates for branch sets":0.2606284379881218,
       "Nucleotide GTR":0.2982140928502629,
       "constrained":0.7874210433729154,
       "original name":"ENSMODP00000003318",
       "unconstrained":20005.9259566078
      },
     "ENSSHAP00000002593":{
       "MG94xREV with separate rates for branch sets":0.2543264574624348,
       "Nucleotide GTR":0.3030317722593701,
       "constrained":1149.667248822353,
       "original name":"ENSSHAP00000002593",
       "unconstrained":2296433.294027898
      },
     "NODE_13":{
       "MG94xREV with separate rates for branch sets":0.02692865167560583,
       "Nucleotide GTR":0.02551605432839342,
       "constrained":0.05654335499585198,
       "unconstrained":19.46408550740576
      },
     "NODE_14":{
       "MG94xREV with separate rates for branch sets":0.0008746637730255019,
       "Nucleotide GTR":0.00107309389853602,