{
 "Evidence Ratios":{
  },
 "Site Log Likelihood":{
   "unconstrained":    [
[-9.64516770147398, -7.983839152337212, -5.975396739018095, -9.568479115722731, -9.158362598525665, -17.36753374171856, -11.57296275014865, -12.37549846451575, -19.72260307729019, -9.215558069769628, -5.007244310484113, -14.8776358469136, -5.302855193845012, -13.59330105967098, -19.6043919029249, -18.09145202999774, -13.40053442671894, -17.32618412154745, -7.957607570578864, -18.3823075744638, -27.88243970052284, -13.31015575097174, -16.86492908762737, -9.034656855508526, -20.81297577288689, -18.68420490257138, -15.95633651720497, -12.83860067934405, -5.295891532048757, -9.195629033300387, -7.202571977703076, -24.75844898782636, -12.09600822861984, -7.681516109776077, -11.87832198034311, -5.67305516811864, -8.065635858098123, -7.204785317579618, -8.820165472745801, -17.22868051533056, -16.96415597810282, -9.138964250980141, -16.93206399646204, -5.295891532048757, -15.63216321304446, -10.50886798554602, -13.63425557060859, -19.80516071910652, -15.94753289357942, -26.62540636150868, -18.59499962651097, -20.44262448993868, -14.84847054183232, -16.15377442233754, -15.46690579373885, -8.677765931698932, -8.327676879223828, -13.06478801309734, -17.15066220743057, -8.056093165054348, -18.97691810922112, -14.50700098134002, -21.09415804479685, -5.014887748457967, -19.87823970816637, -10.50747696920683, -15.40666225326368, -4.359485997337947, -14.27023688469518, -8.640196932596597, -5.29944718823095, -4.525034939618833, -5.089374397700912, -6.213929269714266, -4.872952818031597, -4.775264803443445, -4.344754239686097, -5.397135202819119] 
    ]
  },
 "Synonymous site-posteriors":  [
[0.02032869469704513, 0.3033423965248302, 0.8598346152569648, 0.2363805441146039, 0.04664077312741729, 2.51824778319507e-07, 0.005407475836200717, 0.00214097089133266, 1.747207296946735e-06, 0.02127154020547793, 0.6275486828495388, 0.16889938707273, 0.6070209108761685, 0.07372110928569817, 7.100390942921119e-08, 3.231438304043256e-05, 0.01337275842198821, 0.0004625290794758653, 0.2489883958804313, 0.0002077339833368315, 2.124443536575096e-10, 0.0102692488762656, 0.0001281190633377662, 0.8554760144476846, 5.666417215245001e-05, 4.358965296099733e-05, 0.03335970392129677, 0.007751248739791687, 0.6327268824572576, 0.04240967398759578, 0.2209999552274099, 1.059159117445057e-09, 0.0187499041548499, 0.1204024899896764, 0.006186823303035056, 0.6531228179658563, 0.7534088310314773, 0.1804985320409629, 0.06235696441646336, 0.0001956520627625682, 0.0002368111618484732, 0.1672802278554957, 0.01024397951013331, 0.6327268824572576, 0.003281065806339209, 0.02826051903759122, 0.003530928749163625, 0.0001802640292140069, 0.002558085121699702, 9.332870166829669e-08, 0.000934752147951976, 1.865406272834168e-08, 0.03433890678668534, 0.005493378093998725, 0.007458121458637494, 0.7687883042651772, 0.8612650615416342, 0.6163739394777108, 0.0002699248520001394, 0.7118261430518353, 0.0002252752599498697, 0.03886527315301164, 0.001030038033001146, 0.5923976911872844, 1.555175235905372e-05, 0.02820322942746094, 0.08723560218260615, 0.3643473432892985, 0.7624896451707622, 0.8489200732415281, 0.1915242506576278, 0.191524250657633, 0.1915242506576336, 0.0999607057401337, 0.191524250657629, 0.1915242506576305, 0.1915242506576344, 0.19152425065763],
  [0.790159164328588, 0.5615710866000524, 0.120458836073081, 0.4914807024129114, 0.7848365700458991, 0.006694925752780362, 0.5244687125378494, 0.9530906284613569, 0.04501565101411622, 0.8833855565591211, 0.3645934915856897, 0.6980898463898323, 0.3825997413831193, 0.7149375346364122, 0.01982248675768477, 0.1869891373062496, 0.6646803236076798, 0.2062979875842153, 0.743108025492018, 0.3715576757163096, 0.002331017105323058, 0.9546027475705918, 0.114880178532912, 0.1365136292667165, 0.06242673755053182, 0.2030307056704723, 0.7856714406644609, 0.5599444966304996, 0.3587438874533708, 0.921622956582086, 0.762566025014847, 0.005592940983697504, 0.7544777193357416, 0.8523958154698887, 0.9472363791618087, 0.3428355262660842, 0.2426526014647213, 0.7759256066548388, 0.9089239720054093, 0.4642234182135656, 0.198441802205797, 0.766527931793936, 0.5865300897515848, 0.3587438874533708, 0.8610758595931535, 0.7288408037519747, 0.9514145591856542, 0.1161369502572028, 0.5980217388262165, 0.0360129397675799, 0.9191977615341049, 0.01292445497650859, 0.7758784724159916, 0.7349906557967393, 0.9155523280678265, 0.2264519604883229, 0.1384479715889817, 0.3752707323539608, 0.3681388506821605, 0.2864907925372229, 0.2064180298141507, 0.8573985753392419, 0.5292497540180796, 0.3908874929758799, 0.04357067470822761, 0.723706831557153, 0.6802653619471132, 0.5895895036480617, 0.2170459469022561, 0.1381187525574279, 0.4906425883699644, 0.490642588369971, 0.490642588369979, 0.6886142640458317, 0.4906425883699682, 0.4906425883699692, 0.4906425883699709, 0.4906425883699643],
  [0.1895121409743667, 0.1350865168751174, 0.01970654866995416, 0.2721387534724846, 0.1685226568266836, 0.9933048224224413, 0.47012381162595, 0.04476840064731037, 0.9549826017785868, 0.09534290323540111, 0.007857825564771641, 0.1330107665374376, 0.01037934774071226, 0.2113413560778896, 0.9801774422384059, 0.8129785483107099, 0.3219469179703319, 0.7932394833363089, 0.007903578627550532, 0.6282345903003536, 0.9976689826822327, 0.03512800355314258, 0.8849917024037504, 0.008010356285598883, 0.9375165982773158, 0.7969257046765668, 0.1809688554142423, 0.4323042546297087, 0.008529230089371594, 0.03596736943031799, 0.01643401975774298, 0.9944070579571433, 0.2267723765094086, 0.02720169454043509, 0.0465767975351561, 0.004041655768059537, 0.003938567503801488, 0.04357586130419823, 0.02871906357812746, 0.535580929723672, 0.8013213866323544, 0.06619184035056835, 0.4032259307382818, 0.008529230089371594, 0.1356430746005075, 0.2428986772104341, 0.04505451206518219, 0.8836827857135832, 0.3994201760520838, 0.9639869669037184, 0.07986748631794313, 0.9870755263694287, 0.189782620797323, 0.2595159661092619, 0.07698955047353616, 0.004759735246500022, 0.0002869668693842922, 0.008355328168328412, 0.6315912244658392, 0.001683064410941567, 0.7933566949258994, 0.1037361515077464, 0.4697202079489193, 0.0167148158368357, 0.9564137735394133, 0.2480899390153861, 0.2324990358702808, 0.04606315306263983, 0.02046440792698173, 0.01296117420104403, 0.3178331609724078, 0.3178331609723961, 0.3178331609723873, 0.2114250302140346, 0.3178331609724029, 0.3178331609724003, 0.3178331609723947, 0.3178331609724057] 
  ],
 "analysis":{
   "authors":"Sergei L Kosakovsky Pond",
   "citation":"*Gene-wide identification of episodic selection*, Mol Biol Evol. 32(5):1365-71",
   "contact":"spond@temple.edu",
   "info":"BUSTED (branch-site unrestricted statistical test of episodic diversification) uses a random effects branch-site model fitted \njointly to all or a subset of tree branches in order to test for alignment-wide evidence of episodic diversifying selection. \nAssuming there is evidence of positive selection (i.e. there is an omega > 1),  BUSTED will also perform a quick evidence-ratio \nstyle analysis to explore which individual sites may have been subject to selection. v2.0 adds support for synonymous rate variation, \nand relaxes the test statistic to 0.5 (chi^2_0 + chi^2_2). Version 2.1 adds a grid search for the initial starting point.\nVersion 2.2 changes the grid search to LHC, and adds an initial search phase to use adaptive Nedler-Mead. Version 3.0 implements the option\nfor branch-site variation in synonymous substitution rates. Version 3.1 adds HMM auto-correlation option for SRV, and binds SRV distributions for multiple branch sets\n",
   "requirements":"in-frame codon alignment and a phylogenetic tree (optionally annotated with {})",
   "version":"3.1"
  },
 "background":0,
 "branch attributes":{
   "0":{
     "ENSGACP00000006397":{
       "MG94xREV with separate rates for branch sets":0.08669235928935937,
       "Nucleotide GTR":0.04916122929471092,