{
 "Evidence Ratios":{
   "constrained":    [
[0.9166140935478663, 0.9425825093846439, 0.7236566274649442, 2.595840934392806, 0.7228813553305821, 21.45348613791329, 0.90794241656362, 0.7514629929372468, 0.7521834865924824, 0.9883583858628331, 0.7920216357652085, 0.8732202170505777, 0.8623335159762688, 0.695918607057647, 0.7622422295468182, 0.90794241656362, 0.7578485739960733, 0.8223298281896503, 0.7283964869672932, 0.8809532802120991, 1460.829575594441, 1.034656784836999, 0.8105578751763411, 0.8448251509871485, 21.23804237640497, 1973.248266322211, 0.8880780262900325, 0.8910069352854578] 
    ],
   "optimized null":    [
[0.9475146665400423, 1.023226983030479, 1.008474238993228, 1.076924054485178, 0.8991008269351636, 2.502095123029596, 1.042081788846532, 2.232323359344734, 1.345874437861888, 1.154130839103887, 0.2470400521976956, 0.9795058142580768, 1.085974460876155, 1.015121839949019, 1.396381722332815, 1.042081788846532, 1.15327253701232, 0.3820118995925901, 0.889324674304778, 1.047286768926492, 0.6563456470784347, 0.7311191597654298, 2.563017180713409, 0.9091082125631008, 1.441682618789883, 10.96432780091378, 0.8711716927838564, 1.234149194475647] 
    ]
  },
 "Site Log Likelihood":{
   "constrained":    [
[-4.625870851165353, -5.77171978939907, -6.73225299256117, -11.24391369692581, -8.423627888592064, -13.7859204811888, -4.303234852453332, -8.191882351287662, -6.019028040348713, -8.336458291962902, -14.63124070089673, -4.296113154560858, -4.997122731522415, -8.534717743479007, -5.562999861317798, -4.303234852453332, -6.128516937283713, -10.71732107664756, -9.385881031791394, -5.239040525994317, -29.94947961992232, -9.067471153881582, -10.36649886477702, -4.942366458193248, -15.2586840065456, -20.53724058007665, -5.314941226684348, -7.917317329475448] 
    ],
   "optimized null":    [
[-4.659026719345514, -5.853812951930033, -7.064129797319249, -10.36411205319718, -8.641777963137102, -11.63716175522714, -4.44102960515265, -9.280658574835318, -6.600846968494238, -8.491515740675281, -13.46620246969894, -4.41097355063568, -5.227713609732401, -8.912248957496127, -6.168375155612877, -4.44102960515265, -6.548392206472964, -9.950631270119318, -9.585497888675128, -5.411994001061286, -22.24165213635643, -8.720222567749875, -11.51771654909617, -5.015700906972149, -12.56870089796649, -15.34445132600301, -5.295720698986228, -8.243102218622958] 
    ],
   "unconstrained":    [
[-4.712939582292937, -5.830851609777035, -7.05569126311713, -10.29000317330764, -8.74813805939235, -10.72003332510831, -4.39980917272665, -8.477615666551122, -6.303803027015412, -8.348168200243395, -14.8644072705522, -4.431680656305891, -5.145235905185802, -8.897240312847885, -5.83449074858413, -4.39980917272665, -6.405788621033983, -10.91293479021411, -9.702790785876116, -5.36579121085268, -22.66271986412389, -9.033401391011765, -10.57653139837602, -5.110992053138204, -12.20288998125541, -12.94980425007856, -5.433636899090702, -8.032720397307239] 
    ]
  },
 "Synonymous site-posteriors":  [
[0.2282344465218832, 0.1438950595381207, 0.9749032257921156, 0.9749032248079109, 0.974903223309411, 0.9749032240295797, 0.3019573654579084, 0.9749032268667587, 0.9749032245536938, 0.9749032265257505, 0.9749032283278574, 0.4147000055123994, 0.4204371353189773, 0.9749032239739743, 0.9749032263494557, 0.3019573654579084, 0.9749032253420341, 0.9749032250485634, 0.9749032237561509, 0.3315120958798611, 0.9749032280733781, 0.9749032274368542, 0.974903229648036, 0.6512758994024267, 0.9749032273794426, 0.9749032276154256, 0.419684707402304, 0.9749032286847222],
  [0.7658901505491136, 0.8524006728312153, 0, 0, 0, 0, 0.690269394361905, 0, 0, 0, 0, 0.5746244388315229, 0.5687396187697715, 0, 0, 0.690269394361905, 0, 0, 0, 0.6599538414294139, 0, 0, 0, 0.3319584107499394, 0, 0, 0.5695114166849362, 0],
  [0.005875402929003072, 0.003704267630664091, 0.02509677420788443, 0.025096775192089, 0.02509677669058905, 0.0250967759704201, 0.007773240180186586, 0.02509677313324128, 0.02509677544630621, 0.02509677347424944, 0.02509677167214262, 0.01067555565607771, 0.01082324591125117, 0.02509677602602556, 0.02509677365054432, 0.007773240180186586, 0.02509677465796592, 0.0250967749514365, 0.02509677624384905, 0.008534062690724905, 0.02509677192662186, 0.02509677256314579, 0.02509677035196383, 0.01676568984763388, 0.02509677262055751, 0.02509677238457442, 0.01080387591275963, 0.02509677131527771] 
  ],
 "analysis":{
   "authors":"Sergei L Kosakovsky Pond",
   "citation":"*Gene-wide identification of episodic selection*, Mol Biol Evol. 32(5):1365-71",
   "contact":"spond@temple.edu",
   "info":"BUSTED (branch-site unrestricted statistical test of episodic diversification) uses a random effects branch-site model fitted \njointly to all or a subset of tree branches in order to test for alignment-wide evidence of episodic diversifying selection. \nAssuming there is evidence of positive selection (i.e. there is an omega > 1),  BUSTED will also perform a quick evidence-ratio \nstyle analysis to explore which individual sites may have been subject to selection. v2.0 adds support for synonymous rate variation, \nand relaxes the test statistic to 0.5 (chi^2_0 + chi^2_2). Version 2.1 adds a grid search for the initial starting point.\nVersion 2.2 changes the grid search to LHC, and adds an initial search phase to use adaptive Nedler-Mead. Version 3.0 implements the option\nfor branch-site variation in synonymous substitution rates. Version 3.1 adds HMM auto-correlation option for SRV, and binds SRV distributions for multiple branch sets\n",
   "requirements":"in-frame codon alignment and a phylogenetic tree (optionally annotated with {})",
   "version":"3.1"
  },
 "background":0,
 "branch attributes":{
   "0":{
     "MUCL1_FELCA":{
       "MG94xREV with separate rates for branch sets":0.1560846580929669,
       "Nucleotide GTR":0.1320962207809228,
       "constrained":0.3624758882901699,
       "original name":"MUCL1_FELCA",
       "unconstrained":3.452202380300091
      },
     "MUCL1_GGOR":{
       "MG94xREV with separate rates for branch sets":0.0503172936128647,
       "Nucleotide GTR":0.04934771259250784,
       "constrained":0.0529112202037091,
       "original name":"MUCL1_GGOR",
       "unconstrained":1.364726537901309
      },
     "MUCL1_HUMAN":{
       "MG94xREV with separate rates for branch sets":0,
       "Nucleotide GTR":0,
       "constrained":0,
       "original name":"MUCL1_HUMAN",
       "unconstrained":0
      },
     "MUCL1_LAMPA":{
       "MG94xREV with separate rates for branch sets":0.04084460504022628,
       "Nucleotide GTR":0.0596861232182628,
       "constrained":0,
       "original name":"MUCL1_LAMPA",
       "unconstrained":0.06671254709406547
      },
     "MUCL1_PANTR":{
       "MG94xREV with separate rates for branch sets":0,
       "Nucleotide GTR":0,
       "constrained":0,
       "original name":"MUCL1_PANTR",
       "unconstrained":0
      },
     "MUCL1_PONAB":{
       "MG94xREV with separate rates for branch sets":0.01947245790478479,
       "Nucleotide GTR":0.01899100569548867,
       "constrained":0.01777993804376445,
       "original name":"MUCL1_PONAB",
       "unconstrained":0.04472846547232855
      },
     "NODE_10":{
       "MG94xREV with separate rates for branch sets":0.3282440729316271,
       "Nucleotide GTR":0.2714670365119696,
       "constrained":0.7437194934341333,
       "unconstrained":20.04206829915634
      },
     "NODE_8":{
       "MG94xREV with separate rates for branch sets":0.03148481679860677,
       "Nucleotide GTR":0.03069585610318734,
       "constrained":0.03599151162780324,
       "unconstrained":0.04579853790668023
      }
    },
   "attributes":{
     "MG94xREV with separate rates for branch sets":{
       "attribute type":"branch length",
       "display order":1
      },
     "Nucleotide GTR":{
       "attribute type":"branch length",
       "display order":0
      },
     "constrained":{
       "attribute type":"branch length",