{
 "Evidence Ratios":{
  },
 "Site Log Likelihood":{
   "unconstrained":    [
[-4.218849959757121, -10.11084389009172, -4.661107324601642, -4.05235536989415, -8.203032046937327, -4.087264508422132, -9.082809796093825, -4.181077837471447, -4.172648898597116, -3.873980522001033, -4.297859774875272, -4.702611464391961, -5.105384731223329, -7.630972907921416, -13.58583876659555, -4.222646844101631, -4.702611464391961, -4.209664207989768, -4.766256158248272, -4.7576678786447, -3.824375696799671, -4.624705650251706, -4.172648898597116, -4.540970585422953, -3.873980522001033, -4.047129560060053, -8.584862824051861, -18.20579208681596, -7.427590977063417, -4.80114586062662, -4.721761378326678, -13.92272195844338, -4.366710800194139, -4.80114586062662, -4.047129560060053, -12.69299029669596, -3.68709781002003, -4.243380182137514, -4.494937893974031, -4.538761168239665, -3.994729789449487, -4.438089507434658, -11.45504084264067, -4.721761378326678, -4.047129560060053, -3.873980522001033, -3.961664272840407, -4.538761168239665, -4.284575833716611, -3.824375696799671, -3.873980522001033, -5.105384731223329, -10.06977197514077, -4.484084433296883, -4.366710800194139, -4.172648898597116, -4.999145058784777, -5.486645793245597, -4.181077837471447, -3.886747303394031, -8.612707021375488, -15.68426728790769, -13.18808466272849, -4.407128284878445, -4.047129560060053, -8.382510344807189, -4.297859774875272, -10.5736837256252, -8.433768682441178, -4.087264508422132, -10.80024333597444, -9.599426672027448, -10.99856059444265, -4.696550898360455, -10.70496453891399, -3.886747303394031, -3.68709781002003, -8.668239440400791, -4.366710800194139, -4.297859774875272, -4.222646844101631, -5.139401286195241, -4.209664207989768, -4.696550898360455, -8.866133089140146] 
    ]
  },
 "Synonymous site-posteriors":  [
[0.2462840971182547, 0.8127494350174396, 0.1547023278481057, 0.1959272785725646, 0.8144518131176178, 0.2229563279771634, 0.7447875371243612, 0.1790680180914094, 0.1852615084114379, 0.2069413631875955, 0.2593236611821839, 0.1807759311073019, 0.1581670751127506, 0.7970794003339757, 0.9808030026736788, 0.1972953914623838, 0.1807759311073019, 0.2375811510349342, 0.2160108063065976, 0.1608966032564344, 0.188354868451491, 0.1829638014009705, 0.1852615084114379, 0.1727722341592857, 0.2069413631875955, 0.2066679819758309, 0.7597943536124659, 0.9983894037497417, 0.7668348072816771, 0.1963876273355029, 0.2805291795237042, 0.9861503324692322, 0.17367405866786, 0.1963876273355029, 0.2066679819758309, 0.9763472052173927, 0.2131022050244123, 0.1917706862665565, 0.2190688200805117, 0.248660070503958, 0.1896851226991396, 0.1937467230696214, 0.7190675839680282, 0.2805291795237042, 0.2066679819758309, 0.2069413631875955, 0.2410480371124072, 0.248660070503958, 0.2416955852794217, 0.188354868451491, 0.2069413631875955, 0.1581670751127506, 0.767367197572382, 0.1585380681041517, 0.17367405866786, 0.1852615084114379, 0.1805284905454746, 0.1506056319833657, 0.1790680180914094, 0.2369341784229673, 0.7887573158979361, 0.9987692919659068, 0.9786129317606385, 0.2253616185104508, 0.2066679819758309, 0.821338420580672, 0.2593236611821839, 0.8329749255409417, 0.8050819171804986, 0.2229563279771634, 0.8493028933409117, 0.7784627440433227, 0.9821654020450259, 0.2088855743946228, 0.8128076883684834, 0.2369341784229673, 0.2131022050244123, 0.8274675077749825, 0.17367405866786, 0.2593236611821839, 0.1972953914623838, 0.2132517502614453, 0.2375811510349342, 0.2088855743946228, 0.7271274184885269],
  [0.7537159028817453, 0.1872505649825605, 0.8452976721518942, 0.8040727214274355, 0.1855481868823822, 0.7770436720228365, 0.2552124628756388, 0.8209319819085906, 0.8147384915885622, 0.7930586368124046, 0.7406763388178161, 0.8192240688926981, 0.8418329248872495, 0.2029205996660243, 0.01919699732632111, 0.8027046085376163, 0.8192240688926981, 0.7624188489650658, 0.7839891936934026, 0.8391033967435657, 0.8116451315485089, 0.8170361985990294, 0.8147384915885622, 0.8272277658407143, 0.7930586368124046, 0.7933320180241692, 0.2402056463875341, 0.001610596250258402, 0.2331651927183231, 0.8036123726644971, 0.719470820476296, 0.01384966753076775, 0.8263259413321401, 0.8036123726644971, 0.7933320180241692, 0.02365279478260732, 0.7868977949755875, 0.8082293137334433, 0.7809311799194883, 0.751339929496042, 0.8103148773008606, 0.8062532769303786, 0.2809324160319717, 0.719470820476296, 0.7933320180241692, 0.7930586368124046, 0.7589519628875928, 0.751339929496042, 0.7583044147205784, 0.8116451315485089, 0.7930586368124046, 0.8418329248872495, 0.2326328024276181, 0.8414619318958484, 0.8263259413321401, 0.8147384915885622, 0.8194715094545255, 0.8493943680166344, 0.8209319819085906, 0.7630658215770328, 0.2112426841020639, 0.001230708034093249, 0.02138706823936148, 0.7746383814895491, 0.7933320180241692, 0.1786615794193279, 0.7406763388178161, 0.1670250744590583, 0.1949180828195013, 0.7770436720228365, 0.1506971066590883, 0.2215372559566773, 0.01783459795497425, 0.7911144256053773, 0.1871923116315166, 0.7630658215770328, 0.7868977949755875, 0.1725324922250175, 0.8263259413321401, 0.7406763388178161, 0.8027046085376163, 0.7867482497385547, 0.7624188489650658, 0.7911144256053773, 0.2728725815114731],
  [0, 0, 0, 0, 0, 0, 0, 0, 0, 0, 0, 0, 0, 0, 0, 0, 0, 0, 0, 0, 0, 0, 0, 0, 0, 0, 0, 0, 0, 0, 0, 0, 0, 0, 0, 0, 0, 0, 0, 0, 0, 0, 0, 0, 0, 0, 0, 0, 0, 0, 0, 0, 0, 0, 0, 0, 0, 0, 0, 0, 0, 0, 0, 0, 0, 0, 0, 0, 0, 0, 0, 0, 0, 0, 0, 0, 0, 0, 0, 0, 0, 0, 0, 0, 0] 
  ],
 "analysis":{
   "authors":"Sergei L Kosakovsky Pond",
   "citation":"*Gene-wide identification of episodic selection*, Mol Biol Evol. 32(5):1365-71",
   "contact":"spond@temple.edu",
   "info":"BUSTED (branch-site unrestricted statistical test of episodic diversification) uses a random effects branch-site model fitted \njointly to all or a subset of tree branches in order to test for alignment-wide evidence of episodic diversifying selection. \nAssuming there is evidence of positive selection (i.e. there is an omega > 1),  BUSTED will also perform a quick evidence-ratio \nstyle analysis to explore which individual sites may have been subject to selection. v2.0 adds support for synonymous rate variation, \nand relaxes the test statistic to 0.5 (chi^2_0 + chi^2_2). Version 2.1 adds a grid search for the initial starting point.\nVersion 2.2 changes the grid search to LHC, and adds an initial search phase to use adaptive Nedler-Mead. Version 3.0 implements the option\nfor branch-site variation in synonymous substitution rates. Version 3.1 adds HMM auto-correlation option for SRV, and binds SRV distributions for multiple branch sets\n",
   "requirements":"in-frame codon alignment and a phylogenetic tree (optionally annotated with {})",
   "version":"3.1"
  },
 "background":0,
 "branch attributes":{
   "0":{
     "C13ORF44_GGOR":{
       "MG94xREV with separate rates for branch sets":0.004078825786855304,
       "Nucleotide GTR":0.003952597426666651,
       "original name":"C13ORF44_GGOR",
       "unconstrained":0.004223301488417789
      },
     "C13ORF44_HUMAN":{
       "MG94xREV with separate rates for branch sets":0.004061194744156658,
       "Nucleotide GTR":0.00395250098831177,
       "original name":"C13ORF44_HUMAN",
       "unconstrained":0.004198212247844319
      },
     "C13ORF44_NOMLE":{
       "MG94xREV with separate rates for branch sets":0.01425858669783592,
       "Nucleotide GTR":0.01398029664876622,
       "original name":"C13ORF44_NOMLE",
       "unconstrained":0.01480172896074297
      },
     "LOC100403554_CALJA":{
       "MG94xREV with separate rates for branch sets":0.04719034351197725,
       "Nucleotide GTR":0.04623792414562431,
       "original name":"LOC100403554_CALJA",
       "unconstrained":0.05205415848927722
      },
     "LOC100425736_MACMU":{
       "MG94xREV with separate rates for branch sets":0.03381816172462059,
       "Nucleotide GTR":0.03325274685670872,
       "original name":"LOC100425736_MACMU",