{
 "Evidence Ratios":{
  },
 "Site Log Likelihood":{
   "unconstrained":    [
[-5.484696980881032, -14.1415918054916, -9.226426651759857, -11.09232230729545, -11.92138040034679, -20.60238498101761, -18.57173154766254, -17.42416045524759, -16.32279785248676, -19.83601009646063, -21.51012628835043, -4.379413636584331, -3.700828425182258, -4.812393074993579, -4.812393074993579, -4.19711745817896, -4.38759125981053, -3.38208136080709, -3.700828425182258, -4.133807863591506, -4.381538228870646, -4.264205718621423, -13.62221543873848, -12.1514765842538, -12.65676038906853, -13.13033114206811, -15.35460370735007, -11.70444952264416, -24.43797471859284, -23.50083217720947, -15.68805283433537, -12.56898192234354, -8.392024490304067, -9.95602647650689, -20.43715510258631, -16.13155281394205, -23.08911034707731, -27.64931937046541, -19.01809510472834, -10.27560380379575, -7.779215568537315, -3.937010592692834, -3.335862101631781] 
    ]
  },
 "Synonymous site-posteriors":  [
[0.5883225848811261, 0.06740336446254472, 0.7268830231275986, 0.2930617614548625, 0.3932281157775732, 0.01378470614077742, 0.01437860051091506, 0.07287298132569055, 0.1485160127689469, 0.008410791482025524, 0.01145779853351752, 0.2057519059189503, 0.2057519059189492, 0.2057519059189499, 0.2057519059189499, 0.2057519059189493, 0.2057519059189502, 0.2057519059189499, 0.2057519059189492, 0.2057519059189492, 0.2057519059189506, 0.20575190591895, 0.3579987214429072, 0.2551724052233826, 0.2369665410577103, 0.07314142824457689, 0.0955102093068408, 0.1605385652417367, 0.0002563839477076897, 0.007933430121623319, 0.1037662605185629, 0.4495622993275711, 0.5810215271766793, 0.5129342945212344, 0.08007575040322906, 0.04012770160605141, 0.0001363115767080549, 3.366781489415105e-06, 0.02108832778648664, 0.3846818169150722, 0.4069851272761077, 0.2716196628195668, 0.2057519059189498],
  [0.4114460389605154, 0.9085543649187628, 0.2728308373532622, 0.6998116975947425, 0.6037132485501447, 0.8167003709703415, 0.8996594558861866, 0.8708175603208416, 0.8497675155889317, 0.8950615426037666, 0.8378850915484944, 0.6759725738850479, 0.6759725738850496, 0.6759725738850485, 0.6759725738850485, 0.6759725738850494, 0.6759725738850476, 0.6759725738850493, 0.6759725738850496, 0.6759725738850495, 0.6759725738850474, 0.6759725738850484, 0.6412279888752538, 0.7400809402613113, 0.7614693139033376, 0.9238179142624443, 0.8982343978899278, 0.8367172650350697, 0.1847039308519082, 0.8273102148529211, 0.8936384937471222, 0.549553595839208, 0.418277899892223, 0.4866655224347013, 0.8759565381013986, 0.9265868818462089, 0.113438461633089, 0.01722814189611489, 0.8950187052601626, 0.6144028532247338, 0.591954933675676, 0.6925343484579792, 0.6759725738850483],
  [0.0002313761583583236, 0.02404227061869244, 0.0002861395191392701, 0.007126540950395012, 0.003058635672282065, 0.169514922888881, 0.08596194360289831, 0.05630945835346807, 0.00171647164212125, 0.09652766591420779, 0.1506571099179881, 0.1182755201960018, 0.1182755201960012, 0.1182755201960017, 0.1182755201960017, 0.1182755201960013, 0.118275520196002, 0.1182755201960006, 0.1182755201960012, 0.1182755201960015, 0.1182755201960021, 0.1182755201960016, 0.0007732896818391647, 0.004746654515305948, 0.001564145038952075, 0.003040657492978904, 0.006255392803231466, 0.002744169723193636, 0.8150396852003842, 0.1647563550254556, 0.002595245734314906, 0.0008841048332210587, 0.0007005729310976228, 0.000400183044064296, 0.04396771149537247, 0.0332854165477398, 0.8864252267902029, 0.9827684913223956, 0.08389296695335076, 0.000915329860194035, 0.001059939048216347, 0.035845988722454, 0.1182755201960019] 
  ],
 "analysis":{
   "authors":"Sergei L Kosakovsky Pond",
   "citation":"*Gene-wide identification of episodic selection*, Mol Biol Evol. 32(5):1365-71",
   "contact":"spond@temple.edu",
   "info":"BUSTED (branch-site unrestricted statistical test of episodic diversification) uses a random effects branch-site model fitted \njointly to all or a subset of tree branches in order to test for alignment-wide evidence of episodic diversifying selection. \nAssuming there is evidence of positive selection (i.e. there is an omega > 1),  BUSTED will also perform a quick evidence-ratio \nstyle analysis to explore which individual sites may have been subject to selection. v2.0 adds support for synonymous rate variation, \nand relaxes the test statistic to 0.5 (chi^2_0 + chi^2_2). Version 2.1 adds a grid search for the initial starting point.\nVersion 2.2 changes the grid search to LHC, and adds an initial search phase to use adaptive Nedler-Mead. Version 3.0 implements the option\nfor branch-site variation in synonymous substitution rates. Version 3.1 adds HMM auto-correlation option for SRV, and binds SRV distributions for multiple branch sets\n",
   "requirements":"in-frame codon alignment and a phylogenetic tree (optionally annotated with {})",
   "version":"3.1"
  },
 "background":0,
 "branch attributes":{
   "0":{
     "BX323450_2_DANRE":{
       "MG94xREV with separate rates for branch sets":0.3902977189156192,
       "Nucleotide GTR":0.2734078181324255,
       "original name":"BX323450.2_DANRE",
       "unconstrained":0.5880188680331992
      },
     "BX323450_3_DANRE":{
       "MG94xREV with separate rates for branch sets":0.1522765902999288,
       "Nucleotide GTR":0.1401365700040061,
       "original name":"BX323450.3_DANRE",
       "unconstrained":0.242329771174135
      },
     "ENSGACP00000012178":{
       "MG94xREV with separate rates for branch sets":0.2681336903069051,
       "Nucleotide GTR":0.2070196436560318,
       "original name":"ENSGACP00000012178",
       "unconstrained":0.3493565544954184
      },
     "ENSONIP00000004520":{
       "MG94xREV with separate rates for branch sets":0.8691524500543437,
       "Nucleotide GTR":0.4620912312480963,
       "original name":"ENSONIP00000004520",
       "unconstrained":1.456908254110945
      },
     "ENSTRUP00000019323":{
       "MG94xREV with separate rates for branch sets":0.1133137948365138,
       "Nucleotide GTR":0.08682696508311424,
       "original name":"ENSTRUP00000019323",
       "unconstrained":0.1883415575718697
      },
     "NODE_10":{
       "MG94xREV with separate rates for branch sets":0.1092190259797105,
       "Nucleotide GTR":0.101237644566858,
       "unconstrained":0.1965650299562452
      },
     "NODE_6":{
       "MG94xREV with separate rates for branch sets":0.1003432717943664,
       "Nucleotide GTR":0.09785709837023786,
       "unconstrained":0.1436709057069664
      },
     "NODE_9":{
       "MG94xREV with separate rates for branch sets":0.2635676246338833,
       "Nucleotide GTR":0.1416588925850797,
       "unconstrained":0.3175499583424617
      },
     "SI_RP71_40N14_1_DANRE":{
       "MG94xREV with separate rates for branch sets":0.0968399866430948,
       "Nucleotide GTR":0.09325023017004838,
       "original name":"SI@RP71-40N14.1_DANRE",
       "unconstrained":0.08175726852139051
      }
    },
   "attributes":{
     "MG94xREV with separate rates for branch sets":{
       "attribute type":"branch length",
       "display order":1
      },
     "Nucleotide GTR":{
       "attribute type":"branch length",
       "display order":0
      },
     "original name":{
       "attribute type":"node label",
       "display order":0
      },
     "unconstrained":{
       "attribute type":"branch length",
       "display order":0
      }
    }
  },
 "data partitions":{
   "0":{
     "coverage":      [
[0, 1, 2, 3, 4, 5, 6, 7, 8, 9, 10, 11, 12, 13, 14, 15, 16, 17, 18, 19, 20, 21, 22, 23, 24, 25, 26, 27, 28, 29, 30, 31, 32, 33, 34, 35, 36, 37, 38, 39, 40, 41, 42] 
      ],
     "name":"busted.filter.default"
    }
  },
 "fits":{
   "MG94xREV with separate rates for branch sets":{
     "AIC-c":1110.222821348235,