{
 "Evidence Ratios":{
   "constrained":    [
[0.9999999999999991, 1, 1, 1, 1, 1.000000000000001, 0.9999999999999982, 0.9999999999999991, 0.9999999999999991, 1.000000000000001, 1.000000000000001, 1.000000000000001, 1, 1, 1, 1.000000000000001, 0.9999999999999991, 0.9999999999999982, 1.000000000000002, 1, 1.000000000000001, 1, 1.000000000000002, 1, 1, 1.000000000000001, 0.9999999999999991, 1, 1.000000000000001, 1, 0.9999999999999991, 0.9999999999999991, 1.000000000000001, 1.000000000000001, 1] 
    ],
   "optimized null":    [
[1, 1, 1, 0.9999999999999991, 1, 1.000000000000001, 0.9999999999999991, 1.000000000000001, 1, 1.000000000000001, 1.000000000000001, 1.000000000000001, 1, 0.9999999999999991, 1, 1.000000000000001, 1, 1, 1.000000000000002, 1, 1.000000000000002, 1, 1.000000000000002, 1.000000000000001, 1, 1, 0.9999999999999991, 1, 1.000000000000001, 1.000000000000001, 1, 1, 1.000000000000001, 1.000000000000002, 1] 
    ]
  },
 "Site Log Likelihood":{
   "constrained":    [
[-4.178663549569237, -5.526888545877185, -4.109405623944563, -2.876144911804638, -4.58350678932408, -2.540383376596988, -4.006555756634522, -4.7620339961, -4.36298377376531, -3.95976147715009, -5.267831924544404, -2.540383376596988, -3.588726710585356, -2.876144911804638, -4.58350678932408, -4.069844443761562, -4.36298377376531, -4.582595089460477, -2.540383376596988, -2.876144911804638, -4.001674439077971, -4.665574300165595, -2.540383376596988, -3.486473997230797, -3.309484886739531, -4.246833554252827, -3.53516345533571, -3.199401920128061, -2.540383376596988, -4.979848147578064, -4.762033996100001, -3.232572928935427, -4.534817331219166, -3.636504468826669, -4.247745254116428] 
    ],
   "optimized null":    [
[-4.178663549569237, -5.526888545877185, -4.109405623944563, -2.876144911804637, -4.58350678932408, -2.540383376596989, -4.006555756634523, -4.762033996100002, -4.362983773765311, -3.95976147715009, -5.267831924544404, -2.540383376596989, -3.588726710585356, -2.876144911804637, -4.58350678932408, -4.069844443761562, -4.362983773765311, -4.582595089460479, -2.540383376596988, -2.876144911804637, -4.001674439077972, -4.665574300165595, -2.540383376596988, -3.486473997230798, -3.309484886739532, -4.246833554252826, -3.53516345533571, -3.19940192012806, -2.540383376596988, -4.979848147578065, -4.762033996100002, -3.232572928935428, -4.534817331219166, -3.636504468826669, -4.247745254116428] 
    ],
   "unconstrained":    [
[-4.178663549569237, -5.526888545877185, -4.109405623944563, -2.876144911804638, -4.58350678932408, -2.540383376596987, -4.006555756634524, -4.762033996100001, -4.362983773765311, -3.959761477150089, -5.267831924544403, -2.540383376596987, -3.588726710585355, -2.876144911804638, -4.58350678932408, -4.069844443761562, -4.362983773765311, -4.582595089460479, -2.540383376596986, -2.876144911804637, -4.00167443907797, -4.665574300165595, -2.540383376596986, -3.486473997230797, -3.309484886739531, -4.246833554252826, -3.535163455335711, -3.19940192012806, -2.540383376596987, -4.979848147578064, -4.762033996100002, -3.232572928935428, -4.534817331219165, -3.636504468826667, -4.247745254116428] 
    ]
  },
 "Synonymous site-posteriors":  [
[0.6963876632715845, 0.6963876632715846, 0.6963876632715846, 0.6963876632715849, 0.6963876632715843, 0.696387663271585, 0.6963876632715846, 0.6963876632715851, 0.6963876632715846, 0.6963876632715851, 0.6963876632715846, 0.696387663271585, 0.6963876632715852, 0.6963876632715849, 0.6963876632715843, 0.696387663271585, 0.6963876632715846, 0.6963876632715849, 0.696387663271585, 0.6963876632715851, 0.6963876632715851, 0.6963876632715845, 0.696387663271585, 0.6963876632715847, 0.6963876632715847, 0.6963876632715846, 0.6963876632715847, 0.6963876632715849, 0.6963876632715847, 0.6963876632715844, 0.6963876632715844, 0.6963876632715846, 0.6963876632715851, 0.6963876632715846, 0.6963876632715844],
  [0.2327421349299061, 0.2327421349299061, 0.2327421349299062, 0.2327421349299059, 0.2327421349299064, 0.232742134929906, 0.2327421349299063, 0.2327421349299061, 0.2327421349299061, 0.2327421349299059, 0.2327421349299062, 0.232742134929906, 0.2327421349299058, 0.2327421349299059, 0.2327421349299064, 0.232742134929906, 0.2327421349299061, 0.2327421349299059, 0.2327421349299058, 0.2327421349299056, 0.2327421349299058, 0.2327421349299064, 0.2327421349299058, 0.2327421349299061, 0.2327421349299059, 0.2327421349299062, 0.2327421349299062, 0.2327421349299059, 0.232742134929906, 0.2327421349299064, 0.2327421349299065, 0.2327421349299061, 0.2327421349299059, 0.2327421349299059, 0.2327421349299063],
  [0.07087020179850929, 0.07087020179850924, 0.07087020179850929, 0.07087020179850922, 0.0708702017985092, 0.07087020179850922, 0.07087020179850914, 0.07087020179850911, 0.07087020179850925, 0.0708702017985092, 0.07087020179850914, 0.07087020179850922, 0.07087020179850916, 0.07087020179850922, 0.0708702017985092, 0.07087020179850916, 0.07087020179850925, 0.07087020179850928, 0.0708702017985092, 0.07087020179850921, 0.07087020179850922, 0.07087020179850916, 0.0708702017985092, 0.07087020179850925, 0.07087020179850931, 0.07087020179850921, 0.07087020179850921, 0.07087020179850932, 0.07087020179850916, 0.07087020179850924, 0.07087020179850918, 0.07087020179850924, 0.07087020179850914, 0.07087020179850928, 0.07087020179850925] 
  ],
 "analysis":{
   "authors":"Sergei L Kosakovsky Pond",
   "citation":"*Gene-wide identification of episodic selection*, Mol Biol Evol. 32(5):1365-71",
   "contact":"spond@temple.edu",
   "info":"BUSTED (branch-site unrestricted statistical test of episodic diversification) uses a random effects branch-site model fitted \njointly to all or a subset of tree branches in order to test for alignment-wide evidence of episodic diversifying selection. \nAssuming there is evidence of positive selection (i.e. there is an omega > 1),  BUSTED will also perform a quick evidence-ratio \nstyle analysis to explore which individual sites may have been subject to selection. v2.0 adds support for synonymous rate variation, \nand relaxes the test statistic to 0.5 (chi^2_0 + chi^2_2). Version 2.1 adds a grid search for the initial starting point.\nVersion 2.2 changes the grid search to LHC, and adds an initial search phase to use adaptive Nedler-Mead. Version 3.0 implements the option\nfor branch-site variation in synonymous substitution rates. Version 3.1 adds HMM auto-correlation option for SRV, and binds SRV distributions for multiple branch sets\n",
   "requirements":"in-frame codon alignment and a phylogenetic tree (optionally annotated with {})",
   "version":"3.1"
  },
 "background":0,
 "branch attributes":{
   "0":{
     "ENSDNOP00000011315":{
       "MG94xREV with separate rates for branch sets":0.0003753151135397514,
       "Nucleotide GTR":0.0002882126012840582,
       "constrained":0.0006330684716921545,
       "original name":"ENSDNOP00000011315",
       "unconstrained":0.0001893786128589605
      },
     "ENSGALP00000032772":{
       "MG94xREV with separate rates for branch sets":0.00035950908738693,
       "Nucleotide GTR":0.0005167183935942608,
       "constrained":0.0006881262114887281,
       "original name":"ENSGALP00000032772",
       "unconstrained":0.0001281213088631409
      },
     "ENSMGAP00000013686":{
       "MG94xREV with separate rates for branch sets":0.0003755189783062193,
       "Nucleotide GTR":0.0002884330747347226,
       "constrained":0.0001803894334838175,
       "original name":"ENSMGAP00000013686",
       "unconstrained":7.354797525638377e-05
      },
     "ENSPSIP00000002624":{
       "MG94xREV with separate rates for branch sets":0.0003505476156328009,
       "Nucleotide GTR":0.0005165207481332121,
       "constrained":0.0006242954339620589,
       "original name":"ENSPSIP00000002624",
       "unconstrained":0.0001804799115019116
      },
     "ENSPSIP00000006474":{
       "MG94xREV with separate rates for branch sets":0.0003755189783062193,
       "Nucleotide GTR":0.0002884330747347226,