{
 "Evidence Ratios":{
   "constrained":    [
[0.9671856760299072, 1.026918371643822, 0.9432234410746614, 0.9686167030566266, 0.9419383843146204, 0.948180415612761, 0.9390141612941183, 0.9468018711598393, 0.9739901232933328, 0.944198489439085, 0.9417097394907249, 4.419301015139796, 0.9372743202835425, 0.9380347255855137, 2.494087405361521, 0.9453605739124818, 0.9388028510168205, 0.9544455144682432, 0.9371628034045401, 0.9380511819108561, 0.9556560424389812, 418.7582138121156, 0.9395044194448439, 0.941081666941695, 0.9431150515879636, 0.9460563065139285, 0.9493660298040091, 0.9349030786794454, 0.9760675183067978, 0.9423164706349728, 0.9390013566085056, 0.9491268326473358, 0.9413170802747767, 0.9458932661127974, 0.9401298759946455, 0.9380347255855137, 0.9388609033298941, 0.9428568627397007, 0.9367740984678513, 0.9417097394907249, 0.9462233661439974, 0.9512224689162231, 0.9538123002480349, 0.939973326818243, 0.9437372268514601, 0.9450418353703427, 0.9392569879305817, 0.9449340634258704, 1.077539650346431, 0.9369942720660854, 0.9516669208977996, 0.9375720277849573, 0.9772135233575776, 1.000548304049875, 0.946281519258904] 
    ],
   "optimized null":    [
[0.7264857391991002, 1.351337564570095, 0.9443324500500063, 0.9862234821072321, 0.9966681566339816, 1.07838156711948, 1.148427620375536, 1.102684566261458, 0.6554018162902513, 0.9630279201057363, 0.9908884409093698, 0.6454447409054075, 1.184606043860314, 1.000125434361304, 0.4386784477243004, 1.147109265058969, 0.988920179300912, 1.178354285991975, 1.007754511334718, 1.16465835491951, 1.094298976907152, 18.52228572795275, 1.036845050671408, 1.072334887699465, 0.9792827101547684, 0.7803928641604427, 1.147009780369744, 0.8635063801139725, 1.236294075368404, 1.110608331293466, 0.9545872271055766, 1.063935467441689, 1.059588362545602, 1.102315925638553, 1.210653155866705, 1.000125434361304, 0.962318454582384, 1.149711796463875, 0.9381035668281965, 0.9908884409093698, 1.135926553583732, 1.011956818431539, 1.210713659893057, 0.9776848081779367, 1.034059086030148, 1.144897327279653, 0.9313954083589601, 1.164427696739659, 1.067214639506983, 0.905995388898682, 1.046591347198369, 1.091207947062768, 1.123082421121918, 0.5764174891335303, 1.051336872298832] 
    ]
  },
 "Site Log Likelihood":{
   "constrained":    [
[-10.54094668895351, -11.11567499124471, -5.609323548152604, -11.18074954402686, -9.490785599699555, -7.894911183441692, -7.380055813129634, -10.22657670513058, -15.04905979031116, -4.706354568473976, -3.90216118886527, -22.58704546318132, -9.25035300610959, -5.122434903679419, -20.41041036425287, -12.60847558458907, -5.646094162925879, -10.43139183283097, -5.456234838183392, -8.351415892232527, -8.920694276330304, -23.9082416896223, -7.859524481654902, -7.671185938381122, -4.785045168466792, -8.368104204530184, -8.706938729074931, -6.259970740878932, -8.353061578610189, -6.749707434085109, -5.235931333644513, -7.990807904228287, -6.600324624633897, -9.692881350605058, -7.662684464848105, -5.122434903679419, -4.423004570047508, -8.805564448309774, -5.28043728112071, -3.90216118886527, -8.198878200333519, -3.613303394062755, -10.27666892901498, -8.62867683482005, -10.76050295783145, -8.026098734765398, -4.343169834646408, -7.542035843190662, -15.33087798486278, -4.870293133952118, -8.16796299611012, -7.474409761009706, -9.557521523538034, -18.4830687817028, -7.975855949888737] 
    ],
   "optimized null":    [
[-10.25477505285195, -11.3902074363041, -5.61049862234052, -11.19876355387277, -9.547263609360932, -8.023583034673184, -7.581374251922753, -10.37898985154364, -14.65290713460667, -4.726100564413272, -3.953066049699292, -20.66324824195544, -9.484542548130948, -5.186528639955581, -18.67249887174226, -12.80190954437053, -5.698102281953245, -10.64213534520368, -5.528857700034384, -8.567794445189536, -9.056165449756886, -20.78992263264007, -7.958109735077907, -7.801749703250914, -4.822677262610462, -8.175599581505795, -8.896057948303719, -6.180529162356054, -8.589403350770096, -6.914029450235507, -5.25239343381918, -8.104995482977433, -6.718680355297541, -9.845920246947234, -7.915581724365413, -5.186528639955581, -4.44768266433651, -9.003916544623246, -5.281855473472969, -3.953066049699292, -8.381603486376971, -3.675196606715273, -10.5151672934794, -8.668012671748027, -10.85190238842022, -8.217939779487967, -4.334764611024148, -7.750905690148246, -15.32124975784279, -4.836650181303077, -8.263041721914517, -7.626156746407216, -9.696648691108493, -17.93159755460779, -8.081133681057134] 
    ],
   "unconstrained":    [
[-10.57431147847394, -11.08911254579036, -5.667775625511899, -11.21263584865353, -9.550601015677081, -7.948121666447999, -7.442980531766837, -10.2812421301759, -15.07541390605809, -4.76377343917672, -3.962219372928968, -21.10106392096847, -9.31513228125697, -5.186403213460509, -19.49648747135351, -12.66466444915711, -5.709243941062281, -10.47801655307571, -5.521133100388513, -8.415366658760105, -8.966051495244102, -17.87094799160169, -7.921927237755367, -7.731911294145499, -4.843612166331859, -8.423557395603893, -8.758899583279375, -6.327283155111733, -8.377285094978932, -6.809121538823412, -5.298869688681938, -8.043020744797989, -6.660799859817121, -9.748506893419949, -7.724421712158478, -5.186403213460509, -4.486092513563141, -8.864405245427008, -5.345750397147083, -3.962219372928968, -8.254154821703588, -3.663310706294423, -10.32395730617082, -8.690580614666009, -10.81841047080398, -8.082624817000523, -4.405835989297344, -7.598675971265903, -15.2561976440787, -4.93537124377099, -8.217503174527245, -7.538871455461235, -9.580571624348206, -18.48252062791666, -8.031071115021231] 
    ]
  },