{
 "Evidence Ratios":{
  },
 "Site Log Likelihood":{
   "unconstrained":    [
[-3.586492768455698, -4.730471722503313, -3.966555359870242, -4.620606790274766, -4.346216564336658, -4.284606805541832, -3.759249603265217, -4.346216564336657, -3.722520461247625, -4.620606790274771, -4.271786918809917, -3.840639754114516, -4.34353366871111, -4.099442154750261, -3.586492768455679, -4.084724402484206, -3.840639754114516, -3.966555359870241, -4.18120526494103, -3.505102617606457, -4.720828321555217, -4.656923861542446, -4.730471722503319, -4.284606805541832, -3.759249603265215, -4.720828321555217, -3.835565402796532, -4.16879744895903, -4.346216564336657, -4.720828321555217, -3.966555359870241, -3.586492768455679, -4.730471722503319, -3.581418417137708, -3.976667446906461, -4.346216564336657, -3.759249603265215, -3.505102617606457, -4.018052003900985, -4.553052607125657, -3.722520461247625, -4.620606790274771, -4.365996956391112, -3.653165167038915, -3.840639754114516, -3.840639754114516, -3.825922001848428, -4.099442154750261, -4.620606790274771, -3.505102617606457, -3.581418417137708, -4.16879744895903, -4.343533668711114, -4.343533668711114, -4.543409206177595, -4.018052003900962, -4.551251496066, -4.412888962919822, -3.58141841713771, -4.09944215475026, -4.551251496066009, -4.624799357026895, -3.759249603265219, -3.909995048323246, -4.040103220831107, -3.505102617606463, -3.966555359870236, -4.620606790274767, -4.647280460594374, -4.624799357026895, -3.722520461247625, -4.620606790274767, -4.099442154750267, -3.586492768455703, -19.21528724206841, -24.70820145451809, -23.41545826763576, -24.6506655053599, -55.44983159124471, -32.45307433658615, -44.75605568197395, -28.81437624602353, -35.3125227921909, -48.22254547402802, -19.17106413888636, -10.82328192464759, -27.97022669766091, -29.65106479037835, -19.52998487752005, -27.6130713951186, -35.98311751802084, -39.31071729686492, -20.55555265185276, -33.90142682698338, -23.09134801926476, -27.2430272124156, -31.95028734420199, -13.33579820383534, -22.59459701327635, -53.59063791964586] 
    ]
  },
 "Synonymous site-posteriors":  [
[0.6343715059885137, 0.6343715059884995, 0.6343715059885063, 0.63437150598853, 0.6343715059885352, 0.6343715059885066, 0.6343715059885071, 0.6343715059885343, 0.6343715059885136, 0.634371505988532, 0.6343715059885028, 0.6343715059885241, 0.634371505988512, 0.634371505988506, 0.6343715059885014, 0.6343715059885041, 0.6343715059885241, 0.6343715059885059, 0.6343715059885122, 0.634371505988528, 0.6343715059884892, 0.6343715059885028, 0.6343715059885027, 0.6343715059885046, 0.6343715059885066, 0.6343715059884892, 0.6343715059885228, 0.6343715059885325, 0.6343715059885343, 0.6343715059884892, 0.6343715059885059, 0.6343715059885014, 0.6343715059885027, 0.6343715059885066, 0.6343715059885324, 0.6343715059885343, 0.6343715059885066, 0.634371505988528, 0.6343715059884931, 0.6343715059884866, 0.6343715059885136, 0.634371505988532, 0.6343715059885126, 0.6343715059885217, 0.6343715059885241, 0.6343715059885241, 0.6343715059885053, 0.634371505988506, 0.634371505988532, 0.634371505988528, 0.6343715059885066, 0.6343715059885325, 0.6343715059885141, 0.6343715059885141, 0.6343715059884986, 0.6343715059884786, 0.6343715059885048, 0.6343715059885034, 0.6343715059885073, 0.6343715059885054, 0.634371505988511, 0.6343715059885183, 0.6343715059885083, 0.6343715059885302, 0.634371505988502, 0.6343715059885301, 0.634371505988502, 0.6343715059885292, 0.6343715059885092, 0.6343715059885183, 0.6343715059885142, 0.6343715059885292, 0.6343715059885106, 0.6343715059885169, 0.9970878566378981, 0.8717523307712601, 0.9960432454536288, 0.99446733502889, 2.954285316597556e-06, 0.03038016597387106, 0.0003265753071306789, 0.9820791100355041, 0.0368264411320469, 8.294080527142741e-06, 0.9990113300111917, 0.9996138627512597, 0.9677084834957528, 0.2497213017530869, 0.9993904733712374, 0.9620768633431626, 0.01078250980927547, 0.001841112434880017, 0.9999896587695024, 0.336467024007084, 0.9843911646441851, 0.9910886251667002, 0.8483194194017937, 0.9987810829532865, 0.9987551796891406, 5.205468807670852e-07],
  [0, 0, 0, 0, 0, 0, 0, 0, 0, 0, 0, 0, 0, 0, 0, 0, 0, 0, 0, 0, 0, 0, 0, 0, 0, 0, 0, 0, 0, 0, 0, 0, 0, 0, 0, 0, 0, 0, 0, 0, 0, 0, 0, 0, 0, 0, 0, 0, 0, 0, 0, 0, 0, 0, 0, 0, 0, 0, 0, 0, 0, 0, 0, 0, 0, 0, 0, 0, 0, 0, 0, 0, 0, 0, 0, 0, 0, 0, 0, 0, 0, 0, 0, 0, 0, 0, 0, 0, 0, 0, 0, 0, 0, 0, 0, 0, 0, 0, 0, 0],
  [0.3656284940114863, 0.3656284940115005, 0.3656284940114937, 0.3656284940114701, 0.3656284940114648, 0.3656284940114935, 0.3656284940114929, 0.3656284940114658, 0.3656284940114865, 0.365628494011468, 0.3656284940114972, 0.3656284940114759, 0.3656284940114879, 0.3656284940114941, 0.3656284940114987, 0.365628494011496, 0.3656284940114759, 0.3656284940114941, 0.3656284940114879, 0.365628494011472, 0.3656284940115108, 0.3656284940114972, 0.3656284940114973, 0.3656284940114953, 0.3656284940114936, 0.3656284940115108, 0.3656284940114771, 0.3656284940114675, 0.3656284940114658, 0.3656284940115108, 0.3656284940114941, 0.3656284940114987, 0.3656284940114973, 0.3656284940114933, 0.3656284940114676, 0.3656284940114658, 0.3656284940114936, 0.365628494011472, 0.3656284940115069, 0.3656284940115133, 0.3656284940114865, 0.365628494011468, 0.3656284940114876, 0.3656284940114782, 0.3656284940114759, 0.3656284940114759, 0.3656284940114947, 0.3656284940114941, 0.365628494011468, 0.365628494011472, 0.3656284940114933, 0.3656284940114675, 0.3656284940114859, 0.3656284940114859, 0.3656284940115014, 0.3656284940115214, 0.3656284940114952, 0.3656284940114965, 0.3656284940114928, 0.3656284940114944, 0.3656284940114889, 0.3656284940114816, 0.3656284940114917, 0.36562849401147, 0.365628494011498, 0.36562849401147, 0.3656284940114981, 0.3656284940114707, 0.3656284940114908, 0.3656284940114816, 0.3656284940114859, 0.3656284940114707, 0.3656284940114895, 0.3656284940114832, 0.00291214336210187, 0.12824766922874, 0.003956754546371281, 0.005532664971110007, 0.9999970457146834, 0.9696198340261289, 0.9996734246928694, 0.01792088996449602, 0.9631735588679532, 0.9999917059194728, 0.0009886699888083219, 0.000386137248740245, 0.03229151650424734, 0.7502786982469131, 0.0006095266287626127, 0.03792313665683742, 0.9892174901907245, 0.9981588875651199, 1.034123049774095e-05, 0.6635329759929159, 0.0156088353558148, 0.008911374833299823, 0.1516805805982064, 0.001218917046713486, 0.001244820310859368, 0.9999994794531193] 
  ],
 "analysis":{
   "authors":"Sergei L Kosakovsky Pond",
   "citation":"*Gene-wide identification of episodic selection*, Mol Biol Evol. 32(5):1365-71",
   "contact":"spond@temple.edu",
   "info":"BUSTED (branch-site unrestricted statistical test of episodic diversification) uses a random effects branch-site model fitted \njointly to all or a subset of tree branches in order to test for alignment-wide evidence of episodic diversifying selection. \nAssuming there is evidence of positive selection (i.e. there is an omega > 1),  BUSTED will also perform a quick evidence-ratio \nstyle analysis to explore which individual sites may have been subject to selection. v2.0 adds support for synonymous rate variation, \nand relaxes the test statistic to 0.5 (chi^2_0 + chi^2_2). Version 2.1 adds a grid search for the initial starting point.\nVersion 2.2 changes the grid search to LHC, and adds an initial search phase to use adaptive Nedler-Mead. Version 3.0 implements the option\nfor branch-site variation in synonymous substitution rates. Version 3.1 adds HMM auto-correlation option for SRV, and binds SRV distributions for multiple branch sets\n",
   "requirements":"in-frame codon alignment and a phylogenetic tree (optionally annotated with {})",
   "version":"3.1"
  },
 "background":0,
 "branch attributes":{
   "0":{
     "CU638714_2_DANRE":{
       "MG94xREV with separate rates for branch sets":0.3749773116444257,
       "Nucleotide GTR":0.2798485632709882,
       "original name":"CU638714.2_DANRE",
       "unconstrained":1.969540466065911
      },