{
 "Evidence Ratios":{
  },
 "Site Log Likelihood":{
   "unconstrained":    [
[-32.50349617188022, -31.97743413488095, -38.9652168364707, -16.91624493479065, -9.489672287139001, -38.67742076129361, -34.84752569479847, -12.58294327996983, -21.11165870543577, -29.58880047883461, -20.18038061811432, -26.9540829523354, -14.82828882453652, -22.14576171286508, -23.64831715724505, -48.16860062656549, -19.19379103381713, -22.41422530813181, -7.895156736671743, -7.785641172946082, -27.04464375958902, -52.26153119993582, -30.42738568687444, -21.59471760044621, -38.86110104138466, -36.38665890331336, -41.25336874135947, -19.40551298592269, -21.31939904164053, -31.0154706418708, -35.68189104081619, -42.31932664746459, -25.21832147655191, -21.32317062187348, -38.8484414596368, -31.91353729374563, -27.40506772427724, -15.94897899181474, -33.66134842354372] 
    ]
  },
 "Synonymous site-posteriors":  [
[0.7403536515214642, 0.7445032619744463, 0.5050408606213714, 0.05233333414534925, 0.1461573557578626, 0.4581907872483115, 0.7727101454000737, 0.01215429606599491, 0.7006429745398849, 0.7874811025891026, 0.2326165256694781, 0.3454701676690681, 0.1042330347600051, 0.4262812868351075, 0.432990404260103, 0.07920766834111204, 0.1602789217223746, 0.1099447479838257, 0.4892621671179573, 0.4798164718884801, 0.6807213483519399, 0.180679496770763, 0.8065521920794759, 0.4083519679118645, 0.1630330247977427, 0.5071356664478671, 0.1353003270056546, 0.5038139100801202, 0.4180433143287099, 0.7276452433339849, 0.7853298330177483, 0.1553438184582656, 0.7642531678324429, 0.6956842389303506, 0.6958652042931629, 0.4368860780900256, 0.6607098926559782, 0.06561327807460297, 0.7585722778990086],
  [0.1699346045953614, 0.2193942970978706, 0.4880081088619909, 0.0002343502654711729, 0.003927730535689374, 0.5370779747325753, 0.1965122737403402, 1.815226775755051e-05, 0.07316037884593142, 0.1037692686596346, 0.005245867136569167, 0.00509891852412651, 0.001282125651602219, 0.01645290161044026, 0.01767618985196535, 0.9207831935479427, 0.00224209033469846, 0.000708554725992239, 0.3240856309298215, 0.3522371214550107, 0.0360530442523613, 0.8192574220763994, 0.09171938622035108, 0.01497878949457181, 0.836803151011547, 0.4864397924702671, 0.864571647135611, 0.0411872299932958, 0.01509386609584853, 0.2360306502944587, 0.1841637984122831, 0.8445815806529023, 0.08875997104993891, 0.2227376428213815, 0.2928189766947012, 0.5608960303318908, 0.3245135193768994, 0.0004359833494191975, 0.1862774132143442],
  [0.08971174388317461, 0.03610244092768305, 0.00695103051663776, 0.9474323155891796, 0.849914913706448, 0.004731238019113081, 0.03077758085958609, 0.9878275516662475, 0.2261966466141836, 0.1087496287512629, 0.7621376071939527, 0.6494309138068054, 0.8944848395883928, 0.5572658115544523, 0.5493334058879316, 9.138110945271456e-06, 0.8374789879429269, 0.8893466972901821, 0.1866522019522212, 0.1679464066565093, 0.2832256073956988, 6.308115283760931e-05, 0.1017284217001729, 0.5766692425935637, 0.0001638241907103471, 0.00642454108186576, 0.0001280258587344779, 0.4549988599265841, 0.5668628195754417, 0.03632410637155643, 0.03050636856996862, 7.460088883217218e-05, 0.1469868611176181, 0.08157811824826798, 0.0113158190121358, 0.002217891578083405, 0.01477658796712239, 0.9339507385759779, 0.05515030888664715] 
  ],
 "analysis":{
   "authors":"Sergei L Kosakovsky Pond",
   "citation":"*Gene-wide identification of episodic selection*, Mol Biol Evol. 32(5):1365-71",
   "contact":"spond@temple.edu",
   "info":"BUSTED (branch-site unrestricted statistical test of episodic diversification) uses a random effects branch-site model fitted \njointly to all or a subset of tree branches in order to test for alignment-wide evidence of episodic diversifying selection. \nAssuming there is evidence of positive selection (i.e. there is an omega > 1),  BUSTED will also perform a quick evidence-ratio \nstyle analysis to explore which individual sites may have been subject to selection. v2.0 adds support for synonymous rate variation, \nand relaxes the test statistic to 0.5 (chi^2_0 + chi^2_2). Version 2.1 adds a grid search for the initial starting point.\nVersion 2.2 changes the grid search to LHC, and adds an initial search phase to use adaptive Nedler-Mead. Version 3.0 implements the option\nfor branch-site variation in synonymous substitution rates. Version 3.1 adds HMM auto-correlation option for SRV, and binds SRV distributions for multiple branch sets\n",
   "requirements":"in-frame codon alignment and a phylogenetic tree (optionally annotated with {})",
   "version":"3.1"
  },
 "background":0,
 "branch attributes":{
   "0":{
     "C1ORF162_AILME":{
       "MG94xREV with separate rates for branch sets":0.06257082352073048,
       "Nucleotide GTR":0.06142133465987783,
       "original name":"C1ORF162_AILME",
       "unconstrained":0.06555942292605305
      },
     "C1ORF162_CALJA":{
       "MG94xREV with separate rates for branch sets":0.06852188137210864,
       "Nucleotide GTR":0.06831570414385452,
       "original name":"C1ORF162_CALJA",
       "unconstrained":0.07405666377904543
      },
     "C1ORF162_CANFA":{
       "MG94xREV with separate rates for branch sets":0.08173926385216609,
       "Nucleotide GTR":0.08144335027401541,
       "original name":"C1ORF162_CANFA",
       "unconstrained":0.08629160990841031
      },
     "C1ORF162_DASNO":{
       "MG94xREV with separate rates for branch sets":0.1757909233242527,
       "Nucleotide GTR":0.179475328061999,
       "original name":"C1ORF162_DASNO",
       "unconstrained":0.1890022959027028
      },
     "C1ORF162_ERIEU":{
       "MG94xREV with separate rates for branch sets":0.1756329132504237,
       "Nucleotide GTR":0.1752679230343778,
       "original name":"C1ORF162_ERIEU",
       "unconstrained":0.1929931547815963
      },
     "C1ORF162_FELCA":{
       "MG94xREV with separate rates for branch sets":0.1393710412467455,
       "Nucleotide GTR":0.1363291898420776,
       "original name":"C1ORF162_FELCA",
       "unconstrained":0.1493182406953373
      },
     "C1ORF162_GGOR":{
       "MG94xREV with separate rates for branch sets":0.008988291560995528,
       "Nucleotide GTR":0.009075235309029126,
       "original name":"C1ORF162_GGOR",
       "unconstrained":0.009378762850155696
      },
     "C1ORF162_HUMAN":{
       "MG94xREV with separate rates for branch sets":0,
       "Nucleotide GTR":0,
       "original name":"C1ORF162_HUMAN",
       "unconstrained":0
      },
     "C1ORF162_MICMU":{
       "MG94xREV with separate rates for branch sets":0.08705386482232157,
       "Nucleotide GTR":0.09133702014551268,
       "original name":"C1ORF162_MICMU",
       "unconstrained":0.09341018290326339
      },
     "C1ORF162_OCHPR":{
       "MG94xREV with separate rates for branch sets":0.2473322461243949,
       "Nucleotide GTR":0.2434735581443655,
       "original name":"C1ORF162_OCHPR",
       "unconstrained":0.2892459518325635
      },
     "C1ORF162_OTOGA":{
       "MG94xREV with separate rates for branch sets":0.1021255194243198,
       "Nucleotide GTR":0.09822209296022849,
       "original name":"C1ORF162_OTOGA",
       "unconstrained":0.1142703173689527
      },
     "C1ORF162_PANTR":{
       "MG94xREV with separate rates for branch sets":0,
       "Nucleotide GTR":0,
       "original name":"C1ORF162_PANTR",
       "unconstrained":0
      },
     "C1ORF162_PTEVA":{
       "MG94xREV with separate rates for branch sets":0.11881883280463,
       "Nucleotide GTR":0.1205262906832368,
       "original name":"C1ORF162_PTEVA",
       "unconstrained":0.1327779554595348
      },
     "C1ORF162_RABIT":{
       "MG94xREV with separate rates for branch sets":0.1446185837367558,
       "Nucleotide GTR":0.1393508795726105,
       "original name":"C1ORF162_RABIT",
       "unconstrained":0.1582129440561361
      },
     "C1ORF162_SPETR":{
       "MG94xREV with separate rates for branch sets":0.1358929340622476,
       "Nucleotide GTR":0.1342377592090701,