{
 "Evidence Ratios":{
  },
 "Site Log Likelihood":{
   "unconstrained":    [
[-3.439238722120761, -4.339240008143151, -4.339240008143137, -5.722008126522093, -3.373125913269063, -3.696753694379039, -3.696753694379039, -4.617443340207744, -5.014100669848094, -4.597002386407387, -4.597002386407387, -4.179934444819063, -13.04186578185478, -15.98286135724634, -25.85197701040944, -23.19393467727938, -14.27721319423083, -16.78960531320735, -21.61258193060208, -13.025344481006, -14.17717792923616, -25.38931330328993, -23.82283855529242, -17.05149498880815, -13.5735400473535, -19.2425523715983, -9.03944499842439, -21.53835495399958, -21.34743968290123, -16.11818878514429, -21.2767632961902, -11.60687934115164, -29.55446229085716, -10.47348556111594, -11.98690490619556, -26.05752035758415, -21.97723484680375, -25.52728593563571, -27.0242895499392, -8.036904214629528, -15.68732044151682, -14.4845017427527, -3.809719139750251, -4.032037799243653, -4.911184213382188, -11.44711750166107, -5.955815882786109, -23.626710084015, -14.75069027529, -11.95795009022384, -4.06748151801439, -4.617443340207751, -5.135820403412063, -5.135820403412063, -4.179934444819074, -4.924645549107332, -5.394364963822128, -3.595444572763119, -3.809719139750251, -4.808177240712146] 
    ]
  },
 "Synonymous site-posteriors":  [
[0.4191049358974184, 0.4191049358974048, 0.4191049358974071, 0.4191049358973219, 0.4191049358974064, 0.4191049358971327, 0.4191049358971327, 0.4191049358969625, 0.4191049358969724, 0.4191049358973581, 0.4191049358973581, 0.4191049358973692, 0.4222531936396277, 0.4283790658995127, 0.478780892873725, 0.4683769662840725, 0.4196253308798408, 0.4599972650814718, 0.4497680197509618, 0.3612153811761628, 0.3604094960863414, 0.476142840145119, 0.4742384819924812, 0.4021410313517269, 0.4027572812939151, 0.4555703659686815, 0.3950372779391169, 0.4382155535976621, 0.4195229633795959, 0.4408993371276687, 0.3786676676897213, 0.3609392787915841, 0.4687304194689969, 0.3498992933933722, 0.3731084995352933, 0.457665160071486, 0.4410210678416714, 0.4686739288210994, 0.4604620822928187, 0.3366704135060046, 0.4269425385890907, 0.3314039483977964, 0.4191049358968237, 0.4191049358969592, 0.4191049358973853, 0.4100839407043214, 0.369674840260206, 0.4611706524940692, 0.4398462869566508, 0.380886179907769, 0.4191049358968505, 0.4191049358969665, 0.4191049358969614, 0.4191049358969614, 0.4191049358973672, 0.4191049358973186, 0.4191049358973751, 0.4191049358973434, 0.4191049358968237, 0.4191049358969873],
  [0.1408930769882369, 0.1408930769882391, 0.1408930769882371, 0.1408930769882603, 0.1408930769882371, 0.1408930769882518, 0.1408930769882518, 0.1408930769882885, 0.1408930769882933, 0.1408930769882509, 0.1408930769882509, 0.1408930769882436, 0.1344878326652416, 0.1219229329581967, 0.01785432999787152, 0.03950490693832365, 0.1399112877060085, 0.0568055806525938, 0.07792071732747591, 0.2599272744798193, 0.2615254862195496, 0.02335060094860688, 0.02737406098133647, 0.1758599304904705, 0.1746058494871446, 0.06598409845302083, 0.1904016814307516, 0.1017573383313915, 0.1401475836071953, 0.09614852311836218, 0.2240900911912184, 0.2604292552941578, 0.03884186576078085, 0.2830833749163834, 0.2354406902777515, 0.06169910749303145, 0.09598456245429182, 0.03887878492578661, 0.05592326621925452, 0.3102040425678476, 0.1248965951672399, 0.3210441765605968, 0.1408930769883389, 0.1408930769882843, 0.1408930769882519, 0.1594997602859511, 0.2424527210640513, 0.05445131596377294, 0.09833901377659041, 0.219472634305249, 0.1408930769883348, 0.1408930769882892, 0.1408930769882909, 0.1408930769882909, 0.1408930769882452, 0.1408930769882592, 0.1408930769882491, 0.14089307698825, 0.1408930769883389, 0.1408930769882873],
  [0.4400019871143448, 0.4400019871143561, 0.4400019871143558, 0.4400019871144176, 0.4400019871143563, 0.4400019871146155, 0.4400019871146155, 0.4400019871147489, 0.4400019871147343, 0.440001987114391, 0.440001987114391, 0.4400019871143873, 0.4432589736951308, 0.4496980011422906, 0.5033647771284034, 0.4921181267776037, 0.4404633814141508, 0.4831971542659345, 0.4723112629215623, 0.378857344344018, 0.378065017694109, 0.5005065589062742, 0.4983874570261824, 0.4219990381578027, 0.4226368692189402, 0.4784455355782976, 0.4145610406301316, 0.4600271080709464, 0.4403294530132087, 0.4629521397539691, 0.3972422411190601, 0.3786314659142582, 0.4924277147702223, 0.3670173316902445, 0.3914508101869553, 0.4806357324354825, 0.4629943697040367, 0.492447286253114, 0.4836146514879268, 0.3531255439261479, 0.4481608662436694, 0.3475518750416068, 0.4400019871148375, 0.4400019871147564, 0.4400019871143627, 0.4304162990097275, 0.3878724386757427, 0.484378031542158, 0.4618146992667588, 0.3996411857869821, 0.4400019871148146, 0.4400019871147444, 0.4400019871147477, 0.4400019871147477, 0.4400019871143874, 0.4400019871144222, 0.4400019871143757, 0.4400019871144066, 0.4400019871148375, 0.4400019871147255] 
  ],
 "analysis":{
   "authors":"Sergei L Kosakovsky Pond",
   "citation":"*Gene-wide identification of episodic selection*, Mol Biol Evol. 32(5):1365-71",
   "contact":"spond@temple.edu",
   "info":"BUSTED (branch-site unrestricted statistical test of episodic diversification) uses a random effects branch-site model fitted \njointly to all or a subset of tree branches in order to test for alignment-wide evidence of episodic diversifying selection. \nAssuming there is evidence of positive selection (i.e. there is an omega > 1),  BUSTED will also perform a quick evidence-ratio \nstyle analysis to explore which individual sites may have been subject to selection. v2.0 adds support for synonymous rate variation, \nand relaxes the test statistic to 0.5 (chi^2_0 + chi^2_2). Version 2.1 adds a grid search for the initial starting point.\nVersion 2.2 changes the grid search to LHC, and adds an initial search phase to use adaptive Nedler-Mead. Version 3.0 implements the option\nfor branch-site variation in synonymous substitution rates. Version 3.1 adds HMM auto-correlation option for SRV, and binds SRV distributions for multiple branch sets\n",
   "requirements":"in-frame codon alignment and a phylogenetic tree (optionally annotated with {})",
   "version":"3.1"
  },
 "background":0,
 "branch attributes":{
   "0":{
     "ENSGACP00000002323":{
       "MG94xREV with separate rates for branch sets":0.2112698537210367,
       "Nucleotide GTR":0.1468473708817559,
       "original name":"ENSGACP00000002323",
       "unconstrained":0.2025442164117043
      },
     "ENSGMOP00000018189":{
       "MG94xREV with separate rates for branch sets":0.166965300220792,
       "Nucleotide GTR":0.1218946490174267,
       "original name":"ENSGMOP00000018189",
       "unconstrained":0.2182964805410492
      },
     "ENSLACP00000018066":{
       "MG94xREV with separate rates for branch sets":0.4442397170618452,
       "Nucleotide GTR":0.3198638061353574,
       "original name":"ENSLACP00000018066",
       "unconstrained":0.4307509832116075
      },
     "ENSONIP00000013517":{
       "MG94xREV with separate rates for branch sets":0.8577811561302218,
       "Nucleotide GTR":0.5217177298281779,
       "original name":"ENSONIP00000013517",
       "unconstrained":1517.700042777122
      },
     "ENSONIP00000014417":{
       "MG94xREV with separate rates for branch sets":0.02966460309586926,
       "Nucleotide GTR":0.02713801918370971,
       "original name":"ENSONIP00000014417",
       "unconstrained":0.02720788685101228
      },
     "ENSONIP00000014419":{
       "MG94xREV with separate rates for branch sets":0.01951724019872012,
       "Nucleotide GTR":0.02211784105438386,
       "original name":"ENSONIP00000014419",
       "unconstrained":0.0219389191194241
      },
     "ENSTRUP00000009334":{
       "MG94xREV with separate rates for branch sets":0.2396396584698894,
       "Nucleotide GTR":0.1970105091712582,
       "original name":"ENSTRUP00000009334",
       "unconstrained":0.2256313229604336
      },