{
 "Evidence Ratios":{
   "constrained":    [
[0.7546380237850787, 0.7800234002374503, 0.7694590653991359, 21.81515820266035, 0.7546380237850787, 1.258044872862885, 2.087437308658524, 0.9293893327697083, 0.7516007623621667, 0.7694590653991359, 0.7539330519592307, 6.799558991683406, 205.7574706535723, 40.33281580642933, 0.7900113542312039, 0.7753832154084418, 0.7766522388796175, 0.6868433380949419, 0.7753832154084418, 0.7147676847175507, 0.738201136726739, 0.7793895057299922, 1.322760828850995, 0.7905472035413802, 0.7694590653991359, 1.263480809071184, 0.7147676847175507, 2.31952380666182, 0.7694590653991359, 0.7905472035413802, 0.8587497289619276, 1404.51339665027, 123.3056575233717, 0.7560458883302688, 1.078973841914989] 
    ],
   "optimized null":    [
[0.9824619807853768, 1.082286371761218, 1.040497696401878, 2.363863591059332, 0.9824619807853768, 0.7846364944814339, 0.9664543966299998, 0.8576126195395793, 1.220563926514433, 1.040497696401878, 1.147803478033953, 2.155958482702026, 1.368639035746155, 2.270372548293774, 1.141836908048318, 0.9498489621274757, 1.031307661725221, 0.843969646966748, 0.9498489621274757, 1.045209006479123, 0.9961181796586688, 0.695374709283118, 0.8661999003672988, 0.9972515455001284, 1.040497696401878, 0.8478122821812579, 1.045209006479123, 1.478586851663733, 1.040497696401878, 0.9972515455001284, 0.9987751824404457, 0.2457804788075236, 5.070748702054519, 0.8566338758080003, 1.517561100356608] 
    ]
  },
 "Site Log Likelihood":{
   "constrained":    [
[-3.387238850763187, -9.482779178799181, -3.114144037772117, -12.45855759691661, -3.387238850763187, -11.27109873653635, -8.432915763590993, -6.01365024366918, -8.40021168870391, -3.114144037772117, -4.951218608815086, -11.79771440662116, -16.03798783773031, -12.29308876702544, -4.353945514054133, -4.097950015641735, -3.324037055095082, -6.102262347306537, -4.097950015641735, -4.344097722999984, -5.009863815209085, -9.368606599564298, -7.955912827989124, -3.071450595885147, -3.114144037772117, -6.262810023510902, -4.344097722999984, -7.48994035283124, -3.114144037772117, -3.071450595885147, -3.178728613893934, -21.37969664664377, -18.01468168313425, -3.671310987498267, -11.49378356263449] 
    ],
   "optimized null":    [
[-3.651062301769941, -9.810286352559462, -3.415910714167992, -10.2362499336359, -3.651062301769941, -10.79900517608997, -7.662857452597298, -5.933275009785613, -8.885074672623686, -3.415910714167992, -5.371520411098116, -10.64909204693605, -11.02510653098077, -9.415867277643166, -4.722291763701909, -4.300895621724909, -3.607627224411794, -6.308272649435969, -4.300895621724909, -4.724112300182178, -5.309513389573054, -9.254546521623277, -7.532552173376629, -3.303728268039859, -3.415910714167992, -5.863843531437728, -4.724112300182178, -7.039665245648664, -3.415910714167992, -3.303728268039859, -3.329780796697234, -12.7289339577548, -14.8235038694939, -3.79621952553291, -11.83487762651595] 
    ],
   "unconstrained":    [
[-3.668755934159039, -9.731210538243257, -3.376211561252693, -9.375952538354483, -3.668755934159039, -11.04153990889197, -7.69697861807943, -6.086877783611273, -8.685761685828243, -3.376211561252693, -5.233670314236377, -9.880856650706429, -10.71128968945893, -8.595923341424681, -4.589653475233924, -4.352347915986506, -3.576799652907978, -6.477911397778384, -4.352347915986506, -4.679895428563859, -5.313402763733682, -9.617850950282138, -7.676191738600991, -3.306480506475707, -3.376211561252693, -6.028939564485178, -4.679895428563859, -6.648578443970082, -3.376211561252693, -3.306480506475707, -3.33100636495886, -14.13225046176813, -13.20001538980434, -3.95096419329341, -11.41777311954857] 
    ]
  },
 "Synonymous site-posteriors":  [
[0.5350507605510391, 0.7704904118591733, 0.528298731773135, 0.5271913688722755, 0.5350507605510391, 0.7296616099344015, 0.6028840160709348, 0.68896729668759, 0.6600734234431667, 0.528298731773135, 0.6756375663395758, 0.6725457789464578, 0.7533447186206189, 0.6047986826962187, 0.6787319407775781, 0.5261145897805215, 0.5280682229527854, 0.5017919054327984, 0.5261145897805215, 0.5603081325861069, 0.5259455649761559, 0.651463685761266, 0.5719422912511772, 0.5289028059739731, 0.528298731773135, 0.5887671828346976, 0.5603081325861069, 0.6050410182701553, 0.528298731773135, 0.5289028059739731, 0.5543249511018712, 0.8521235849717124, 0.8143121647780052, 0.5756816312115615, 0.6953930083402573],
  [0, 0, 0, 0, 0, 0, 0, 0, 0, 0, 0, 0, 0, 0, 0, 0, 0, 0, 0, 0, 0, 0, 0, 0, 0, 0, 0, 0, 0, 0, 0, 0, 0, 0, 0],
  [0.4649492394489609, 0.2295095881408266, 0.4717012682268651, 0.4728086311277244, 0.4649492394489609, 0.2703383900655983, 0.3971159839290653, 0.31103270331241, 0.3399265765568334, 0.4717012682268651, 0.3243624336604241, 0.3274542210535422, 0.2466552813793811, 0.3952013173037813, 0.3212680592224219, 0.4738854102194784, 0.4719317770472147, 0.4982080945672016, 0.4738854102194784, 0.4396918674138931, 0.4740544350238441, 0.3485363142387341, 0.4280577087488227, 0.4710971940260269, 0.4717012682268651, 0.4112328171653022, 0.4396918674138931, 0.3949589817298446, 0.4717012682268651, 0.4710971940260269, 0.4456750488981288, 0.1478764150282876, 0.1856878352219947, 0.4243183687884385, 0.3046069916597426] 
  ],
 "analysis":{
   "authors":"Sergei L Kosakovsky Pond",
   "citation":"*Gene-wide identification of episodic selection*, Mol Biol Evol. 32(5):1365-71",
   "contact":"spond@temple.edu",
   "info":"BUSTED (branch-site unrestricted statistical test of episodic diversification) uses a random effects branch-site model fitted \njointly to all or a subset of tree branches in order to test for alignment-wide evidence of episodic diversifying selection. \nAssuming there is evidence of positive selection (i.e. there is an omega > 1),  BUSTED will also perform a quick evidence-ratio \nstyle analysis to explore which individual sites may have been subject to selection. v2.0 adds support for synonymous rate variation, \nand relaxes the test statistic to 0.5 (chi^2_0 + chi^2_2). Version 2.1 adds a grid search for the initial starting point.\nVersion 2.2 changes the grid search to LHC, and adds an initial search phase to use adaptive Nedler-Mead. Version 3.0 implements the option\nfor branch-site variation in synonymous substitution rates. Version 3.1 adds HMM auto-correlation option for SRV, and binds SRV distributions for multiple branch sets\n",
   "requirements":"in-frame codon alignment and a phylogenetic tree (optionally annotated with {})",
   "version":"3.1"
  },
 "background":0,
 "branch attributes":{
   "0":{
     "KRTAP20_3_CALJA":{
       "MG94xREV with separate rates for branch sets":0.1663212808643683,
       "Nucleotide GTR":0.167979389541435,
       "constrained":0.389331004269373,
       "original name":"KRTAP20-3_CALJA",
       "unconstrained":0.4246631042029173
      },
     "KRTAP20_3_GGOR":{
       "MG94xREV with separate rates for branch sets":0,
       "Nucleotide GTR":0,
       "constrained":0,
       "original name":"KRTAP20-3_GGOR",
       "unconstrained":0
      },
     "KRTAP20_3_HUMAN":{
       "MG94xREV with separate rates for branch sets":0,
       "Nucleotide GTR":6.733848377637255e-18,
       "constrained":0,
       "original name":"KRTAP20-3_HUMAN",
       "unconstrained":0
      },
     "KRTAP20_3_NOMLE":{
       "MG94xREV with separate rates for branch sets":0.0099066780273102,
       "Nucleotide GTR":0.009952557329338356,
       "constrained":0.01919449033444802,
       "original name":"KRTAP20-3_NOMLE",
       "unconstrained":0.01187360888446185
      },
     "KRTAP20_3_TURTR":{
       "MG94xREV with separate rates for branch sets":0.1456413233646216,
       "Nucleotide GTR":0.1392424689552476,
       "constrained":0.278693568184217,
       "original name":"KRTAP20-3_TURTR",
       "unconstrained":0.179290584720479
      },
     "LOC100614889_PANTR":{
       "MG94xREV with separate rates for branch sets":1.456479157798535e-17,
       "Nucleotide GTR":7.901396146900432e-18,