{
 "Evidence Ratios":{
   "constrained":    [
[1.424052182310493, 1.480893947452775, 0.9721363308864361, 0.9683747787029311, 0.9710242639185082, 0.9764800904923664, 1.494886098267115, 0.9669101251973593, 0.9669101251973593, 0.9776686013568818, 0.9757017051858128, 0.9735867796743973, 0.9866121240651511, 0.9669101251973593, 1.098145512154858, 1.307895993212963, 0.8381851269499034, 0.9169848492614988, 0.7973161082305839, 1.151047090763484, 0.9008285132991501, 0.8313882751433475, 1.278519975776834, 2.437975296791139, 0.9099482563236343, 0.8521014594819478, 0.9018538752921881, 0.8607697793129808, 0.8835182172538951, 0.9925473454421653, 1.256834253246867, 0.9381886355217741, 1.061366044016743, 0.8457202419915517, 0.8782755506451296, 0.8699916798289432, 0.8317256732187049, 0.9092917714473232, 0.8483296869352017, 0.9192468463023241, 0.8570645204531109, 1.086399850530617, 0.8139834159741883, 1.249815175824026, 1.187688282020221, 1.79475530220438, 0.8505869771314294, 1.103100117140459, 1.219630854422228, 0.9092917714473232] 
    ],
   "optimized null":    [
[1.038729549667963, 0.9477562700498594, 0.9996738474317942, 1.000993870856919, 1.001232917657136, 1.000760625184775, 0.9932510078321521, 0.9969992587226602, 0.9969992587226602, 0.8455102948129515, 1.000747645227305, 1.000041952795615, 1.004854086572477, 0.9969992587226602, 1.026363001940481, 1.011045778717997, 1.006991119991194, 1.024836226366027, 1.020996085645567, 1.049261298587287, 1.019385156786305, 1.037550343612156, 0.9953585061985489, 1.398061426421662, 1.021195251369261, 1.018046559474588, 1.027276366351173, 0.9833022482980638, 1.000661910228329, 0.9190916826058423, 1.055956427118865, 1.033578680611017, 0.9650770368376627, 0.8176332762245191, 0.9844836317475015, 0.9967348493805807, 1.007751130509599, 1.01469584246881, 1.017871406574941, 0.73740507347745, 1.013272659565646, 1.150946278320563, 0.9490026076076116, 1.149052146721221, 0.9325944499031767, 1.166247863358558, 1.05601570956253, 1.021377484699999, 0.823843463032375, 1.01469584246881] 
    ]
  },
 "Site Log Likelihood":{
   "constrained":    [
[-7.252316655781662, -13.47983671399068, -4.886369556321339, -4.471933641993464, -3.512300841761872, -4.839537169498603, -9.361915751454434, -3.092137309647975, -3.092137309647975, -10.19785508177776, -3.170122330187462, -4.053393999466921, -5.212890681955138, -3.092137309647975, -7.881471523571599, -9.818259721726164, -4.364041955347716, -5.106881995013801, -9.097325128897047, -6.950644787085822, -4.628465916626808, -6.990053418564915, -8.49184003297634, -16.14337878967148, -4.152731524989488, -5.086683602569524, -4.206663867211088, -5.830993259911746, -4.208343046589387, -10.51150282088615, -11.92919110886522, -5.010848133652991, -12.23875617760825, -11.98058772389678, -5.116978463743307, -4.208346154495318, -4.133276527811143, -4.312585438853887, -4.655307170279513, -10.83365141334891, -4.520671904903518, -14.4509771630138, -9.9497004080145, -9.005752025332312, -9.070729548835452, -16.60884791680599, -8.694344033900544, -7.531279444423953, -10.87761203666103, -4.312585438853887] 
    ],
   "optimized null":    [
[-6.936808578132444, -13.03353288112498, -4.914302576797147, -4.505063117841982, -3.542936822415645, -4.864098423068589, -8.953093866357669, -3.122781786852584, -3.122781786852584, -10.05262466685542, -3.19546806528326, -4.080204267589638, -5.231211326959197, -3.122781786852584, -7.813870151769618, -9.560825207389197, -4.547525038447964, -5.21807914461553, -9.344607890431329, -6.858059136693962, -4.752105943499615, -7.211574269282837, -8.241484593982262, -15.58729747286655, -4.268072823584902, -5.264618931218314, -4.336877635418253, -5.96408272706177, -4.332848105870881, -10.4346139870708, -11.75504196917814, -5.107679607369464, -12.14365202849202, -11.94681302070787, -5.231135352327954, -4.344347292433886, -4.325250384860653, -4.422263599465341, -4.837506697740932, -10.6132340899032, -4.688099331240833, -14.50869227750643, -10.10317196206422, -8.921693726567632, -8.828935905362965, -16.17777086716661, -8.910675702048072, -7.454307131659492, -10.48528906287664, -4.422263599465341] 
    ],
   "unconstrained":    [
[-6.898810198582321, -13.08719079001126, -4.91462878256467, -4.504069740547705, -3.541704664177347, -4.863338087012547, -8.959865735964362, -3.125787039381022, -3.125787039381022, -10.22043960156719, -3.194720699403422, -4.080162315674016, -5.226368983478954, -3.125787039381022, -7.787848664533686, -9.549839987744944, -4.540558243031261, -5.193546323946303, -9.323829185099864, -6.809972745269447, -4.732906285417247, -7.174711773373846, -8.246136892963817, -15.25221089123504, -4.247099067260207, -5.24673327791327, -4.309966640038859, -5.980921457778092, -4.332186414608509, -10.51898338522842, -11.70059504694342, -5.07465237987982, -12.17919937840163, -12.14815438118556, -5.246773359323922, -4.347617785289563, -4.317529140030616, -4.407674694471702, -4.819793107262584, -10.91785200288459, -4.674913981712057, -14.36810782277379, -10.15551569469772, -8.782756344291151, -8.89872075119685, -16.02397922605013, -8.856172640394988, -7.433154940238702, -10.67906380204437, -4.407674694471702] 
    ]
  },