{
 "Evidence Ratios":{
   "constrained":    [
[1.033554562052519, 1.104773025081468, 1.258095381011624, 0.8192864900492546, 2.167147590212173, 0.7542815589389678, 1.183567632733782, 3.491641362151495, 0.7192915716250695, 0.784037994781443, 0.8184356413621111, 0.8184356413621111, 0.7365740958258402, 2.997504283750146, 1.231396083338251, 2.095532995007293, 0.8003581635546289, 0.6921026760790271, 0.8208694378290921, 0.7542555702298509, 1.22915360479589, 1.203371032940543, 1.874818892887527, 0.7988348712504239, 0.8369190448175016, 0.8331066281112679, 2.190535133624321, 1.215052795190701, 1.214080086994283, 2.068733658990562, 0.7565124845493262, 0.7543855864551374, 2.042312268495321, 1.741396735655577, 2.889212848296105, 1.943519312910474, 1.101981438424843, 0.8192864900492546, 1.26585983052922, 0.7297737623792309, 1.276051321327575, 0.8021908636204935, 0.7582771347566557, 0.7575086905892305, 2.073050975212635, 0.7656167554774896, 1.873746475761156, 0.7821306964210878, 0.784037994781443, 0.7677494413021574, 1.228644795852855, 0.7456434939074884, 0.8478191612999314, 0.8129250759588401, 0.8003581635546289, 0.7417640292259966, 0.8096353109806109, 0.7723437115888195, 0.7895788671184001] 
    ],
   "optimized null":    [
[0.9819450495062043, 0.9938991375314359, 1.05215955913284, 0.9987568105134119, 1.482484934803564, 0.8770648880403659, 1.031399689021118, 0.8261106779532283, 0.9777001149784533, 1.000978216709497, 1.002961878655135, 1.002961878655135, 1.037294886050175, 0.8804357322606277, 1.0102828874146, 1.492910203008796, 0.9981584099272092, 1.03754844649224, 1.001050020512384, 0.9799653713591566, 1.054116413360372, 0.9980552636038363, 0.8991682814276097, 0.9949974890181443, 1.011059135731719, 1.006738726399644, 1.580303012899956, 1.038043818921082, 0.9845317516412342, 1.027104416594392, 1.003775483656564, 1.002305840782544, 0.8755604965330606, 0.8868513263845647, 0.8422363294250093, 0.9528388954035337, 0.9155103860926297, 0.9987568105134119, 0.9992093322309106, 0.9580018462532507, 1.056755394828097, 1.000166106676739, 0.9938134339544519, 0.9302416320761066, 0.9851116750335894, 0.9973505295667326, 0.9636415570160505, 0.9985397244917538, 1.000978216709497, 0.9991134222517986, 1.067056764234161, 0.9993615254028015, 1.005208736265566, 0.9962978831103135, 0.9981584099272092, 0.9984329334960796, 1.00051030512056, 0.9971960502211099, 1.001277968558956] 
    ]
  },
 "Site Log Likelihood":{
   "constrained":    [
[-8.786392890224516, -9.863285196932059, -11.59779765428502, -4.53396633065242, -11.71270347244666, -15.37636386424209, -9.079481986358024, -20.7939020109639, -8.280930405203248, -4.355198181133176, -4.459317122620514, -4.459317122620514, -8.072865822173434, -16.27245245078172, -8.932209306291352, -13.08838443773409, -5.079979670058288, -8.042702901812564, -4.829446356532404, -7.982275802831492, -9.458301842286737, -9.160270002298509, -16.2967716809728, -5.54009572722189, -4.873769353959555, -4.373389195121845, -13.56328477757284, -9.119857199155623, -8.650018710800566, -16.48179048970108, -8.241067715433845, -7.978460549867201, -18.62675010081862, -11.74191918865571, -18.5072703925296, -12.65630791028887, -12.22349681738225, -4.53396633065242, -12.51255797674277, -8.659624790675851, -9.363445080040583, -5.375037231078482, -5.689500006574493, -11.42604983344823, -14.12150810297308, -4.425107359424699, -13.16658532674591, -5.020341241677091, -4.355198181133176, -4.431410418284306, -9.888913712044012, -5.89529235416234, -5.287224034160681, -4.905983285193781, -5.079979670058288, -5.594480577882826, -5.454644767677185, -4.056869758931347, -4.598098644078368] 
    ],
   "optimized null":    [
[-8.73516906808077, -9.757525741456911, -11.4190434543108, -4.732043819361249, -11.33301133394729, -15.52717912387337, -8.941865492768038, -19.35250355920867, -8.587866597979437, -4.599473716775077, -4.66263513879666, -4.66263513879666, -8.415227518367717, -15.0473340699954, -8.734291131644383, -12.74930387523535, -5.300832329234385, -8.447584527793619, -5.027887036557669, -8.244061775388003, -9.304678929080733, -8.973196559947876, -15.56197454199764, -5.759681685643768, -5.062795718422072, -4.562698957866542, -13.23675551930852, -8.962407669088179, -8.4404429209387, -15.78159742580948, -8.523872332690749, -8.262615390095338, -17.77977643966627, -11.06715375107838, -17.27459167049143, -11.9434980622852, -12.03811338011769, -4.732043819361249, -12.27601539702015, -8.931739924280315, -9.174877941015319, -5.595612038826284, -5.960000571458336, -11.63145919524221, -13.377486411185, -4.689527926595765, -12.50160955482237, -5.264613320355854, -4.599473716775077, -4.694815294663113, -9.747906112817365, -6.188161358862168, -5.457507170998175, -5.109390629682221, -5.300832329234385, -5.891636388550803, -5.66632630869476, -4.31238747649552, -4.835631351986042] 
    ],
   "unconstrained":    [
[-8.753388998007123, -9.763645290227377, -11.36819867931684, -4.733287782248943, -10.93929164413039, -15.65835342457683, -8.910948691644785, -19.54353008096659, -8.610418884849, -4.598495978207753, -4.659677637862055, -4.659677637862055, -8.378611264982862, -15.17467241375557, -8.724060753459021, -12.34857650382616, -5.302675617118943, -8.410723860346893, -5.026837566931229, -8.26429981867763, -9.251976035952104, -8.975143189799111, -15.66825961667557, -5.764696751070352, -5.051797287778107, -4.555982835193577, -12.77913891034071, -8.925069670475306, -8.456032050821621, -15.75485382856641, -8.520103958284318, -8.260312203684062, -17.91266746990021, -11.18723167579684, -17.44628629833673, -11.99180750184751, -12.126386950328, -4.733287782248943, -12.27680637753186, -8.974645498097988, -9.11967467545065, -5.595445945943732, -5.966206353599024, -11.70377010238759, -13.39248667975297, -4.692180913087656, -12.53864543716096, -5.266074663105484, -4.598495978207753, -4.69570226565381, -9.683001942068236, -6.188800037371072, -5.452311953276651, -5.113099616367071, -5.302675617118943, -5.893204684187694, -5.665816133735579, -4.315195364705422, -4.834354199333844] 
    ]
  },
 "Synonymous site-posteriors":  [
[0, 0, 0, 0.3109913239138525, 0, 0, 0, 0, 0, 0.2995297560852743, 0.3189250109371529, 0.3189250109371529, 0, 0, 0, 0, 0.3335348908158818, 0, 0.3183419230026686, 0, 0, 0, 0, 0.3133153259910735, 0.2682316621847362, 0.2720498124912701, 0, 0, 0, 0, 0, 0, 0, 0, 0, 0, 0, 0.3109913239138525, 0, 0, 0, 0.3411523134135658, 0.3198059612105221, 0, 0, 0.2980012169853981, 0, 0.3222016000767389, 0.2995297560852743, 0.3090802001049859, 0, 0.3389445259455208, 0.2855945081149716, 0.3507000616353632, 0.3335348908158818, 0.3304415746229729, 0.3310461922718563, 0.2984405757592152, 0.292022278820336],
  [1, 1, 1, 0.6890086760861477, 1, 1, 1, 0.9999999999999999, 1, 0.7004702439147258, 0.681074989062847, 0.681074989062847, 1, 1, 1, 1, 0.6664651091841182, 1, 0.6816580769973314, 1, 1, 1, 1, 0.6866846740089265, 0.7317683378152637, 0.72795018750873, 0.9999999999999999, 1, 1, 1, 1, 1, 1, 1, 1, 1, 1, 0.6890086760861477, 1, 1, 1, 0.6588476865864343, 0.6801940387894779, 1, 1, 0.7019987830146019, 1, 0.677798399923261, 0.7004702439147258, 0.6909197998950141, 1, 0.6610554740544792, 0.7144054918850283, 0.6492999383646367, 0.6664651091841182, 0.6695584253770271, 0.6689538077281438, 0.7015594242407848, 0.7079777211796638],
  [0, 0, 0, 0, 0, 0, 0, 0, 0, 0, 0, 0, 0, 0, 0, 0, 0, 0, 0, 0, 0, 0, 0, 0, 0, 0, 0, 0, 0, 0, 0, 0, 0, 0, 0, 0, 0, 0, 0, 0, 0, 0, 0, 0, 0, 0, 0, 0, 0, 0, 0, 0, 0, 0, 0, 0, 0, 0, 0] 
  ],
 "analysis":{
   "authors":"Sergei L Kosakovsky Pond",
   "citation":"*Gene-wide identification of episodic selection*, Mol Biol Evol. 32(5):1365-71",
   "contact":"spond@temple.edu",