{
 "Evidence Ratios":{
  },
 "Site Log Likelihood":{
   "unconstrained":    [
[-5.990354391333296, -10.1926367256561, -26.75870424293522, -11.18512678241069, -20.57141755242098, -18.98291918959215, -14.45894924071759, -15.63348492714055, -22.03537421122769, -12.95972002570033, -22.64241221976504, -9.295844456543957, -25.00860732142448, -19.11741082334955, -6.147583304278627, -22.69031531639898, -12.92754557037716, -22.36131281534789, -28.70363009788989, -11.86965213844818, -11.71615681284883, -33.39544482553947, -24.92589374310873, -13.35363986269325, -25.7772143293694, -11.4953405477768, -17.74655877444649, -9.733403714447638, -15.64974694958651, -17.33184646007065, -9.840174704152524, -18.10051950957165, -20.43348079426638, -25.45286393813207, -11.11122652784559, -14.23625931089166, -15.31535551059127, -9.932692485767678, -17.45270546581283, -13.02610404526577, -32.24839119299134, -12.96729853282881, -15.73822582791685, -17.97392300528578, -8.335069256930705, -18.80322671826858, -11.71992928878081, -25.67631137146459, -15.12485005759282, -23.91969999182509, -21.30467323441551, -9.27826101799883, -25.29112257194202, -24.20485957676553, -28.16550528939094, -11.57573025789303, -35.71156432134332, -15.84689878664208, -10.88138996862537, -10.11198009599638, -6.502127176049235, -12.26411208406989, -22.64108474180059, -16.96635501659354, -19.49235558189232, -10.91338919196681, -24.67176145444421, -14.77060474789249, -18.74592076047069, -4.780088877485735, -5.380701900738349, -4.078936073944741, -4.842463365408847] 
    ]
  },
 "Synonymous site-posteriors":  [
[0.04933386830427204, 0.01616026150322212, 1.530925224486868e-07, 0.01070893680941178, 0.005081031281998537, 5.836460917327639e-06, 0.016741498359931, 0.01410557521468506, 4.047273621838855e-05, 0.8460112971277898, 8.390278974701368e-06, 0.08152305576586812, 8.928357581862162e-08, 1.789531749146961e-05, 0.1238291922528076, 6.228739394486922e-05, 0.07168644830766922, 1.054559268904195e-06, 2.470889004955693e-08, 0.002622299078955265, 0.009300291911066325, 1.266480343916731e-08, 3.280503907952186e-06, 0.005379943845063104, 3.820175850270429e-08, 0.001467231364759072, 0.0005420120554746534, 0.0175536954336513, 0.000640698376016303, 2.458826959271797e-05, 0.0007088685696161522, 1.439982516242123e-05, 0.0003409824793365096, 7.228885488820436e-07, 0.01547788588378253, 0.0002311443084959751, 0.0006063031973333914, 0.07795524384164783, 0.0009286732618753128, 0.003701845137653485, 1.278380275408653e-11, 0.0517421144637542, 0.001031966521305208, 0.001029733178666549, 0.103394776284418, 1.91177368696832e-05, 0.02367463358493618, 2.099872558772537e-06, 0.0001681203930936317, 2.256333882145603e-05, 2.991743673048587e-06, 0.01881748705195778, 6.700077130387031e-07, 3.165585652269283e-06, 1.629897534810586e-08, 0.001532980277955387, 1.00024256257298e-07, 0.0002173050633890189, 0.006792519416759705, 0.01451755398593659, 0.3117264824296949, 0.002156672899694228, 1.519857059025975e-08, 0.001127223342002442, 0.0002055671158210495, 0.06162089341318759, 2.480153569993165e-07, 0.001306116042155378, 0.004689368087333725, 0.02872943662941599, 0.02872943662941602, 0.02872943662941604, 0.02872943662941583],
  [0.1799032234556636, 0.03375083397833, 0.7861482953030567, 0.07553803131265832, 0.07415088003064682, 0.6309347716416217, 0.03235020275997123, 0.0366781181495481, 0.1386882781326687, 0.0005089394679803319, 0.4660482045485494, 0.02114409753444342, 0.9083086943927586, 0.2693870913528533, 0.03549692786304206, 0.3661572141707335, 0.02795170844361613, 0.8354566927673409, 0.8832028404888851, 0.04719719321829215, 0.08418624560560611, 0.9338231938633078, 0.7019633119813854, 0.1778192708539532, 0.9285491459547547, 0.1363485430878709, 0.1137655176973087, 0.02634806994531368, 0.3164945097464501, 0.5589388179044418, 0.1789557983609588, 0.325270341002859, 0.07519706714391552, 0.7920141884588007, 0.05379200403147193, 0.1605000498091236, 0.1632747383316084, 0.0243064322859286, 0.05471423272461323, 0.2422254547816191, 0.9876964802504145, 0.01152386754178368, 0.04393136779257517, 0.1281006848330883, 0.01212667971781959, 0.3445609444106154, 0.06741387066313903, 0.7020406722813431, 0.1319255351324606, 0.5069920657618465, 0.6622477638884564, 0.03962711217733252, 0.6948528985305459, 0.6585063323813127, 0.920671929870666, 0.2401665343107642, 0.8919089020803367, 0.2083985864716227, 0.1110466071454704, 0.03913201377324015, 0.0122478827483073, 0.08183356833799182, 0.9295493787866663, 0.2329796589386179, 0.1918033944161185, 0.04287391378421779, 0.7406706971311561, 0.1909488187238504, 0.03770446220961496, 0.3149688001570711, 0.314968800157071, 0.3149688001570711, 0.3149688001570692],
  [0.7707629082400644, 0.9500889045184479, 0.2138515516044207, 0.9137530318779299, 0.9207680886873547, 0.3690593918974608, 0.9509082988800979, 0.9492163066357669, 0.861271249131113, 0.1534797634042297, 0.5339434051724758, 0.8973328466996885, 0.09169121632366553, 0.7305950133296554, 0.8406738798841504, 0.6337804984353215, 0.9003618432487147, 0.1645422526733901, 0.1167971348022248, 0.9501805077027526, 0.9065134624833274, 0.0661767934718888, 0.2980334075147066, 0.8168007853009837, 0.07145081584348677, 0.8621842255473701, 0.8856924702472166, 0.956098234621035, 0.6828647918775335, 0.4410365938259654, 0.8203353330694252, 0.6747152591719786, 0.9244619503767481, 0.2079850886526504, 0.9307301100847455, 0.8392688058823803, 0.8361189584710582, 0.8977383238724235, 0.9443570940135114, 0.7540727000807275, 0.01230351973680177, 0.936734017994462, 0.9550366656861197, 0.870869581988245, 0.8844785439977625, 0.6554199378525148, 0.9089114957519249, 0.2979572278460982, 0.8679063444744457, 0.4929853708993321, 0.3377492443678705, 0.9415554007707096, 0.3051464314617411, 0.3414905020330351, 0.07932805383035847, 0.7583004854112804, 0.1080909978954071, 0.7913841084649883, 0.8821608734377697, 0.9463504322408234, 0.6760256348219977, 0.9160097587623138, 0.07045060601476294, 0.7658931177193796, 0.8079910384680605, 0.8955051928025946, 0.2593290548534869, 0.8077450652339941, 0.9576061697030511, 0.656301763213513, 0.6563017632135129, 0.6563017632135129, 0.656301763213515] 
  ],
 "analysis":{
   "authors":"Sergei L Kosakovsky Pond",
   "citation":"*Gene-wide identification of episodic selection*, Mol Biol Evol. 32(5):1365-71",
   "contact":"spond@temple.edu",
   "info":"BUSTED (branch-site unrestricted statistical test of episodic diversification) uses a random effects branch-site model fitted \njointly to all or a subset of tree branches in order to test for alignment-wide evidence of episodic diversifying selection. \nAssuming there is evidence of positive selection (i.e. there is an omega > 1),  BUSTED will also perform a quick evidence-ratio \nstyle analysis to explore which individual sites may have been subject to selection. v2.0 adds support for synonymous rate variation, \nand relaxes the test statistic to 0.5 (chi^2_0 + chi^2_2). Version 2.1 adds a grid search for the initial starting point.\nVersion 2.2 changes the grid search to LHC, and adds an initial search phase to use adaptive Nedler-Mead. Version 3.0 implements the option\nfor branch-site variation in synonymous substitution rates. Version 3.1 adds HMM auto-correlation option for SRV, and binds SRV distributions for multiple branch sets\n",
   "requirements":"in-frame codon alignment and a phylogenetic tree (optionally annotated with {})",
   "version":"3.1"
  },
 "background":0,
 "branch attributes":{
   "0":{
     "ENSACAP00000002756":{
       "MG94xREV with separate rates for branch sets":0.2123176018209502,
       "Nucleotide GTR":0.1621535735020181,
       "original name":"ENSACAP00000002756",
       "unconstrained":0.2518418898462004
      },
     "ENSGACP00000005276":{
       "MG94xREV with separate rates for branch sets":0.03215276954920495,
       "Nucleotide GTR":0.02418092206122154,
       "original name":"ENSGACP00000005276",
       "unconstrained":0.03433398062140636
      },