{
 "Evidence Ratios":{
  },
 "Site Log Likelihood":{
   "unconstrained":    [
[-3.909977544383154, -9.505705229066102, -15.97740324336636, -6.23546553582278, -8.832349779220973, -9.266665176430353, -10.06527676296546, -9.829884486881932, -6.487603593041447, -7.910504011180235, -9.635581274422325, -5.417711467697475, -6.451520523315351, -11.10280683769501, -16.44120682344472, -8.326413668701054, -7.214074355974096, -6.758846304460982, -8.514051399956172, -10.46006273857851, -8.136009387617651, -5.107567839018763, -10.52286324475431, -5.712873122618834, -7.849596511298578, -5.685453772529781, -8.150996213008487, -6.75031455232736, -14.91089064344901, -4.198948124000342, -6.451520523315351, -17.1752546593832, -6.119805228581379, -7.019607461014555, -9.012594333374139, -7.28086050200409, -15.03153847574165, -16.04615332355889, -8.206928925026974, -9.136718611816361, -5.170644529203521, -4.942398767367645, -6.943464542222078, -9.095912334231421, -8.3143150102819, -4.83897193401029, -8.440551205934659, -12.57883224857116, -11.9934357102282, -5.352409826647311, -8.934142377733473, -7.769446430581104, -5.685453772529781, -5.8423939349977, -9.021391392641004, -6.032846999193525, -8.21118041184069, -8.495474158196711, -9.136718611816361, -4.525064884289967, -7.354158840746124, -4.525064884289967, -3.909977544383154, -7.28973485348475, -10.78617124896203, -7.793900949364633, -8.33413928328833, -6.032846999193525, -11.76637699626092, -5.646044348000439, -6.128107879306206] 
    ]
  },
 "Synonymous site-posteriors":  [
[0.1360341251796067, 0, 0, 0, 0, 0, 0, 0, 0, 0, 0, 0, 0.6818404071341797, 0, 0, 0, 0, 0.6973254262854912, 0, 0, 0, 0.2832811444251372, 0, 0.4239538260239477, 0, 0.5762074474872247, 0, 0.4860723702661768, 0, 0.2806526692297244, 0.6818404071341797, 0, 0.4321124769430664, 0, 0, 0, 0, 0, 0, 0, 0.2911995362208955, 0, 0, 0, 0, 0.4064770069147515, 0, 0, 0, 0.4120214897368696, 0, 0, 0.5762074474872247, 0, 0, 0, 0, 0, 0, 0.1234402003548488, 0, 0.1234402003548488, 0.1360341251796067, 0, 0, 0, 0, 0, 0, 0.328148622755474, 0],
  [0.8639658748203933, 1, 1, 1, 0.9999999999999999, 1, 0.9999999999999999, 1, 0.9999999999999999, 1, 1, 1, 0.3181595928658203, 0.9999999999999999, 1, 1, 0.9999999999999999, 0.3026745737145088, 1, 1, 1, 0.7167188555748629, 0.9999999999999999, 0.5760461739760524, 1, 0.4237925525127752, 1, 0.5139276297338231, 1, 0.7193473307702757, 0.3181595928658203, 1, 0.5678875230569335, 1, 0.9999999999999999, 1, 1, 1, 1, 1, 0.7088004637791046, 1, 1, 1, 1, 0.5935229930852485, 1, 1, 0.9999999999999999, 0.5879785102631304, 1, 1, 0.4237925525127752, 1, 1, 1, 1, 1, 1, 0.8765597996451511, 1, 0.8765597996451511, 0.8639658748203933, 1, 1, 1, 1, 1, 1, 0.6718513772445259, 1],
  [0, 0, 0, 0, 0, 0, 0, 0, 0, 0, 0, 0, 0, 0, 0, 0, 0, 0, 0, 0, 0, 0, 0, 0, 0, 0, 0, 0, 0, 0, 0, 0, 0, 0, 0, 0, 0, 0, 0, 0, 0, 0, 0, 0, 0, 0, 0, 0, 0, 0, 0, 0, 0, 0, 0, 0, 0, 0, 0, 0, 0, 0, 0, 0, 0, 0, 0, 0, 0, 0, 0] 
  ],
 "analysis":{
   "authors":"Sergei L Kosakovsky Pond",
   "citation":"*Gene-wide identification of episodic selection*, Mol Biol Evol. 32(5):1365-71",
   "contact":"spond@temple.edu",
   "info":"BUSTED (branch-site unrestricted statistical test of episodic diversification) uses a random effects branch-site model fitted \njointly to all or a subset of tree branches in order to test for alignment-wide evidence of episodic diversifying selection. \nAssuming there is evidence of positive selection (i.e. there is an omega > 1),  BUSTED will also perform a quick evidence-ratio \nstyle analysis to explore which individual sites may have been subject to selection. v2.0 adds support for synonymous rate variation, \nand relaxes the test statistic to 0.5 (chi^2_0 + chi^2_2). Version 2.1 adds a grid search for the initial starting point.\nVersion 2.2 changes the grid search to LHC, and adds an initial search phase to use adaptive Nedler-Mead. Version 3.0 implements the option\nfor branch-site variation in synonymous substitution rates. Version 3.1 adds HMM auto-correlation option for SRV, and binds SRV distributions for multiple branch sets\n",
   "requirements":"in-frame codon alignment and a phylogenetic tree (optionally annotated with {})",
   "version":"3.1"
  },
 "background":0,
 "branch attributes":{
   "0":{
     "ENSMLUP00000019222":{
       "MG94xREV with separate rates for branch sets":0.08229195784576497,
       "Nucleotide GTR":0.05402472849237428,
       "original name":"ENSMLUP00000019222",
       "unconstrained":0.09447770953262583
      },
     "ENSNLEP00000022457":{
       "MG94xREV with separate rates for branch sets":0.004725765165226688,
       "Nucleotide GTR":0.004721695106160864,
       "original name":"ENSNLEP00000022457",
       "unconstrained":0.004800293250757069
      },
     "ENSOGAP00000022340":{
       "MG94xREV with separate rates for branch sets":0.04637776209197297,
       "Nucleotide GTR":0.04190804752173523,
       "original name":"ENSOGAP00000022340",
       "unconstrained":0.04987152807044681
      },
     "ENSSTOP00000016780":{
       "MG94xREV with separate rates for branch sets":0.113644458316782,
       "Nucleotide GTR":0.09030201401553443,
       "original name":"ENSSTOP00000016780",
       "unconstrained":0.1311064763005975
      },
     "NODE_10":{
       "MG94xREV with separate rates for branch sets":0.01293389531873922,
       "Nucleotide GTR":0.02419107778857353,
       "unconstrained":0.007125836162581424
      },
     "NODE_3":{
       "MG94xREV with separate rates for branch sets":0,
       "Nucleotide GTR":0.01282705342962627,
       "unconstrained":0
      },
     "NODE_8":{
       "MG94xREV with separate rates for branch sets":0.02551140852909822,
       "Nucleotide GTR":0.02690438032250808,
       "unconstrained":0.02480653470095558
      },
     "PIGYL_MOUSE":{
       "MG94xREV with separate rates for branch sets":0.4339865545655586,
       "Nucleotide GTR":0.2309324193762486,
       "original name":"PIGYL_MOUSE",
       "unconstrained":0.5950289584819881
      },
     "PIGY_PANTR":{
       "MG94xREV with separate rates for branch sets":3.186233638868129e-19,
       "Nucleotide GTR":1.338522998345706e-19,
       "original name":"PIGY_PANTR",
       "unconstrained":2.620886743440606e-19
      },
     "RP11_466G12_4_HUMAN":{
       "MG94xREV with separate rates for branch sets":1.274493455547252e-18,
       "Nucleotide GTR":6.752743954544766e-19,
       "original name":"RP11-466G12.4_HUMAN",
       "unconstrained":1.048354697376242e-18
      }
    },
   "attributes":{
     "MG94xREV with separate rates for branch sets":{
       "attribute type":"branch length",
       "display order":1
      },
     "Nucleotide GTR":{
       "attribute type":"branch length",
       "display order":0
      },
     "original name":{
       "attribute type":"node label",
       "display order":0
      },
     "unconstrained":{
       "attribute type":"branch length",
       "display order":0
      }
    }
  },
 "data partitions":{
   "0":{
     "coverage":      [
[0, 1, 2, 3, 4, 5, 6, 7, 8, 9, 10, 11, 12, 13, 14, 15, 16, 17, 18, 19, 20, 21, 22, 23, 24, 25, 26, 27, 28, 29, 30, 31, 32, 33, 34, 35, 36, 37, 38, 39, 40, 41, 42, 43, 44, 45, 46, 47, 48, 49, 50, 51, 52, 53, 54, 55, 56, 57, 58, 59, 60, 61, 62, 63, 64, 65, 66, 67, 68, 69, 70] 
      ],
     "name":"busted.filter.default"
    }
  },
 "fits":{
   "MG94xREV with separate rates for branch sets":{
     "AIC-c":1248.633873393201,