{
 "Evidence Ratios":{
  },
 "Site Log Likelihood":{
   "unconstrained":    [
[-8.281512192939385, -17.35971436182914, -15.72536979973239, -6.148363713466889, -8.869722186820084, -5.738732927722637, -8.08272103994393, -9.161918778532568, -11.84190453935221, -10.25049371858613, -9.187936919873216, -8.545780831460778, -17.32603463110549, -21.56110675274085, -13.33401958562409, -16.33895322009142, -16.05009625280971, -11.33564326930554, -20.78609530525301, -23.05457362833301, -27.14710035481893, -12.4237495613154, -5.535455135171934, -10.00147843351862, -12.50416578112208, -20.93026842321082, -16.28163866627781, -9.093441610805421, -14.25611751886205, -20.388906815726, -5.463469109079887, -14.97009339835287, -18.05538197884573, -21.04383482184054, -5.371219245374577, -14.49415968956119, -22.0736895611538, -9.029707568791943, -16.33473429660641, -11.31867286395501, -5.597721769016463, -11.99259382485761, -10.57771771510557, -15.81257287148795, -16.71830475535669, -15.28544899433296, -15.23925452888648, -20.44413291006818, -14.44148187447181, -18.68921195550745, -9.283582423788106, -17.22381759532296, -16.43267495033426, -12.72374194645768, -8.814934025590571, -8.485983651474022, -15.9085011056048, -9.972410583828998, -10.38115854530423, -15.80332967652054, -7.244644125610178, -12.00582334905369, -4.804649862031119, -5.805081499142989, -8.138379295980267, -5.985212651543073, -5.463469109079887, -5.96113590375442, -9.496581554721532, -5.226425264504424, -9.14008342273403, -13.5133261724209, -11.969452221695, -8.663763917783182, -14.02885615541691, -9.828235646316356, -19.21144386365841, -5.961915701528764, -5.840711607588639, -5.080175192077983, -7.906005085628043, -15.18460418371971, -9.782420218879857, -5.660517486579728, -9.096285590039747, -7.767735092537833, -9.520430770901957, -8.675067324020111, -9.355547735045416, -5.527828938631583] 
    ]
  },
 "Synonymous site-posteriors":  [
[0.05168200272898583, 0.1537054509024281, 0.1574768347495739, 0.01099299050609522, 0.05966985089559785, 0.01545110260285964, 0.04737221522856281, 0.05196866390765331, 0.1081935046628328, 0.04960486019038129, 0.05084723275989766, 0.03825015112972504, 0.1630916120423546, 0.1849653011101411, 0.05916729314399218, 0.1856748400120744, 0.1647729688973483, 0.1053133434581551, 0.1813457971909246, 0.1892261992664085, 0.189099443079262, 0.1186735086370834, 0.01664266839529571, 0.04251753990962148, 0.1121062156467431, 0.1900817306697681, 0.1637171386089142, 0.0616037042086534, 0.1579968991670835, 0.1843369620916912, 0.02089398142171896, 0.1552864211203329, 0.1906350343194304, 0.1891194902313224, 0.01645826213726312, 0.1109226455022413, 0.1869081766432936, 0.0454281463222142, 0.1840972041983908, 0.1429907278526289, 0.02523065438819403, 0.1361478477252493, 0.06231424002081225, 0.1687576392146976, 0.1592401007931936, 0.1501768914957679, 0.1728745563345208, 0.1903991595920385, 0.1312603662141048, 0.1758701161396578, 0.03786216871927196, 0.1840084069574642, 0.1678559020310476, 0.1414180921836841, 0.1404358024100026, 0.07659395810153326, 0.1564358969566323, 0.05348216021757936, 0.05386378438678016, 0.1824741994740103, 0.1035051149242018, 0.1838269518786074, 0.05071390738693322, 0.0166100445638754, 0.05796570570696204, 0.01060702523787708, 0.02089398142171896, 0.01154186245166328, 0.03666517895922038, 0.01936716284818542, 0.04971349221639099, 0.1623056103074267, 0.03750185086087156, 0.04200095785867949, 0.09892899242043038, 0.05411251860251449, 0.1694429783450004, 0.01489938118300573, 0.01622550820390002, 0.01808533813135232, 0.06325492679046191, 0.1248587216802192, 0.06710177515382562, 0.01314541420721557, 0.04582777043824639, 0.07155317313925906, 0.06957087064392464, 0.04020687388299651, 0.04032269566506481, 0.02169576416913655],
  [0.2181365669266559, 0.6481644414948143, 0.6640242975934477, 0.04644095197121123, 0.2518181338783765, 0.0652567365011593, 0.1999657164050059, 0.2193508873011492, 0.4564307078884775, 0.2093803094980362, 0.2146182961714643, 0.1614907946393142, 0.6875383403415528, 0.7792269581395542, 0.2496994357913115, 0.7821806362810828, 0.6946255420771674, 0.4443006125483851, 0.764221470744766, 0.7969564165526182, 0.7964183155301554, 0.5005710156077895, 0.07028526310974501, 0.1794892494779671, 0.4729185630372467, 0.800340829862454, 0.690195171962762, 0.2599702231771115, 0.6662023507480951, 0.7766172511252583, 0.08822427279976831, 0.6548078815922168, 0.8024813480095344, 0.7964962851333669, 0.06950701313485069, 0.4679258290600208, 0.7872170155751528, 0.1917707506849832, 0.7756394586794939, 0.6028870067654143, 0.1065190491440656, 0.5741087058049603, 0.2629638463732375, 0.7113290107837498, 0.6714006181883569, 0.6333287757086992, 0.72855149134223, 0.8015977740113248, 0.553536213677597, 0.741113279647998, 0.1598509500485672, 0.7752767311576931, 0.7075611192441092, 0.5962569374202782, 0.5919066987839902, 0.3231564976303297, 0.6596308866772439, 0.2257328490530017, 0.2273400942900606, 0.7689143177598378, 0.4365090067759447, 0.7742316104112933, 0.213968117489144, 0.07014766180092799, 0.2446358155957015, 0.04481099876655911, 0.08822427279976831, 0.0487574375417287, 0.1548035912648935, 0.08177913210476878, 0.2098422130085177, 0.6842709087769667, 0.1583346623431341, 0.1773144945944576, 0.4174114248301584, 0.2283864912013749, 0.714200300673197, 0.06292908771812213, 0.06852565566629325, 0.07637292878252991, 0.2669331299335082, 0.5266070202336313, 0.2831438225453508, 0.05552567503210845, 0.1934556368506842, 0.3019096113976038, 0.2935559294025691, 0.1697466499261608, 0.1702317159201162, 0.09160679542622913],
  [0.7301814303443582, 0.1981301076027575, 0.1784988676569785, 0.9425660575226936, 0.6885120152260258, 0.9192921608959811, 0.7526620683664313, 0.7286804487911976, 0.4353757874486898, 0.7410148303115826, 0.734534471068638, 0.8002590542309608, 0.1493700476160926, 0.03580774075030466, 0.6911332710646965, 0.03214452370684278, 0.1406014890254843, 0.4503860439934598, 0.05443273206430943, 0.01381738418097318, 0.01448224139058264, 0.3807554757551271, 0.9130720684949594, 0.7779932106124113, 0.4149752213160104, 0.009577439467777935, 0.1460876894283238, 0.678426072614235, 0.1758007500848213, 0.03904578678305049, 0.8908817457785128, 0.1899056972874501, 0.006883617671035205, 0.01438422463531063, 0.9140347247278863, 0.4211515254377378, 0.02587480778155354, 0.7628011029928027, 0.04026333712211534, 0.2541222653819568, 0.8682502964677404, 0.2897434464697903, 0.6747219136059501, 0.1199133500015527, 0.1693592810184494, 0.2164943327955331, 0.09857395232324918, 0.008003066396636624, 0.3152034201082982, 0.08301660421234419, 0.8022868812321609, 0.04071486188484283, 0.124582978724843, 0.2623249703960377, 0.2676574988060073, 0.600249544268137, 0.1839332163661236, 0.720784990729419, 0.7187961213231592, 0.04861148276615199, 0.4599858782998535, 0.04194143771009911, 0.7353179751239227, 0.9132422936351965, 0.6973984786973366, 0.9445819759955637, 0.8908817457785128, 0.939700700006608, 0.8085312297758861, 0.898853705047046, 0.7404442947750914, 0.1534234809156066, 0.8041634867959944, 0.7806845475468629, 0.4836595827494113, 0.7175009901961107, 0.1163567209818027, 0.9221715310988722, 0.9152488361298067, 0.9055417330861179, 0.6698119432760299, 0.3485342580861496, 0.6497544023008237, 0.9313289107606759, 0.7607165927110694, 0.6265372154631372, 0.6368731999535062, 0.7900464761908427, 0.789445588414819, 0.8866974404046343] 
  ],
 "analysis":{
   "authors":"Sergei L Kosakovsky Pond",
   "citation":"*Gene-wide identification of episodic selection*, Mol Biol Evol. 32(5):1365-71",
   "contact":"spond@temple.edu",