{
 "Evidence Ratios":{
   "constrained":    [
[1, 1.093207920482544, 1.661474834219434, 0.8170846199336502, 0.9345159723338468, 0.9016828066073168, 0.8348803848138996, 1.757413582061868, 0.9263363871250729, 0.870878213782514, 0.8700401011135473, 1.238678905114649, 0.8833968268252703, 1.017959714547749, 0.8651194461047498, 1.421335885167018, 1.000000000000001, 1, 0.9999999999999996, 1, 1, 1, 1, 0.9999999999999991, 1.682414607686099, 1.171024722682601, 0.9817723996899047, 0.9805251702822233, 1.153843613076105, 0.8929553757433737, 0.9240311034773772, 0.8190141467075684, 1.994587383581504, 0.8224383443543527, 1.096392080630523, 0.8258235304920688, 1.546511612990113, 0.8078767468204385, 1.125657238910304, 0.9999999999999996, 1, 1, 1, 1.000000000000001, 0.9999999999999991, 1.097780467251626, 1.076156188586559, 0.9505615719433631, 1.221513476259967, 1.041182105927898, 0.8621500684345705, 0.822812789463009, 0.8214730763489816, 0.8796152792899746, 0.8170846199336502, 0.9124090353443928, 1.290850958526478, 0.8309876929980952, 0.9213553023557001, 1.000000000000001, 1, 1, 1] 
    ],
   "optimized null":    [
[0.9999999999999991, 1.005104960916081, 0.9893989469477952, 0.9828873727405257, 0.9940652637783516, 0.9351021207641599, 0.917131717267293, 1.15602358621068, 0.9340938147846372, 1.004624265436818, 1.010208804580189, 1.044265964335501, 1.010488794467852, 0.8938236850592487, 0.9499290366097696, 1.127883000521483, 0.9999999999999987, 0.9999999999999969, 0.9999999999999956, 1, 0.9999999999999996, 0.9999999999999969, 0.9999999999999973, 0.9999999999999969, 1.282582875656336, 1.23640106023107, 0.9913428484363508, 0.9833855736608899, 0.8972689460050889, 0.9461530472063016, 1.038662838208647, 0.9176078780951562, 1.381818036699626, 1.05665911623365, 0.9212366441201916, 1.112847349799448, 0.8602490192726463, 0.9811258289677403, 0.9067319933105057, 0.9999999999999956, 1, 0.9999999999999982, 0.9999999999999996, 1.000000000000001, 0.9999999999999964, 1.006526955683885, 1.060355976840597, 0.8516933337425321, 0.9391605542150869, 1.030544985758142, 0.8985089492702311, 1.006800038303207, 1.016087898258865, 0.9760948691557575, 0.9828873727405257, 0.8843303683568219, 1.222087112224435, 1.006145037674421, 1.018396060599458, 0.9999999999999973, 1, 1, 1.000000000000001] 
    ]
  },
 "Site Log Likelihood":{
   "constrained":    [
[-4.45341170372386, -21.31758289528856, -20.93632670230005, -6.03533836011877, -17.57921166951369, -14.42822302507103, -16.13150082755461, -17.19226545593061, -16.32016518807743, -8.017857501732509, -8.505698290438957, -12.02803573147526, -8.063342795869659, -14.34301164903017, -7.570616274709365, -11.07810921760152, -3.909079092321186, -3.687491645175769, -3.909801579636627, -4.675721638184718, -3.809448159925209, -3.61432127321327, -4.295038056404927, -3.529117997856833, -18.05024264857322, -18.91963980920167, -16.52874201308324, -16.70902662204411, -18.01694326168127, -12.61687602851597, -15.90770200258908, -10.60819230362415, -22.54443465634671, -9.489464735804836, -16.64682655443587, -11.9933509303503, -24.44321079791129, -14.34651753778864, -20.21771042085606, -3.909801579636627, -4.675721638184718, -4.123367201433116, -3.809448159925209, -4.267516159433421, -3.528395510541395, -15.08288773390191, -21.22367642406974, -16.98086574487504, -20.06612170665753, -13.08848005909996, -10.94790757418884, -8.451805579083182, -9.476343664865553, -16.69454084729169, -6.03533836011877, -15.91200763229974, -24.22494400430539, -10.43001117332587, -15.31781003414836, -4.509709803609711, -5.034158705296952, -5.034158705296952, -4.675721638184717] 
    ],
   "optimized null":    [
[-4.453411703723859, -21.23355844979584, -20.41796339550125, -6.220090235199859, -17.64098581314001, -14.46461596589297, -16.2254634659583, -16.77340845672164, -16.32850462764349, -8.160724243448794, -8.655071312294847, -11.85730453102696, -8.197757736401426, -14.21296456126992, -7.664135972827407, -10.84685444878185, -3.909079092321184, -3.687491645175766, -3.909801579636623, -4.675721638184718, -3.809448159925208, -3.614321273213267, -4.295038056404924, -3.52911799785683, -17.77888853692687, -18.97396540114591, -16.53844294039609, -16.71193959088459, -17.76544498650314, -12.67474375954262, -16.02464570212243, -10.72186109809533, -22.17739750270245, -9.740058649903832, -16.47276335893482, -12.2916470129737, -23.85667560123411, -14.54080874932908, -20.00143498391019, -3.909801579636623, -4.675721638184718, -4.123367201433114, -3.809448159925208, -4.267516159433421, -3.528395510541392, -14.99610309689834, -21.20888549514015, -16.87103933168113, -19.80326223231722, -13.07821112581541, -10.98921489177405, -8.653609178901231, -9.68895964012466, -16.79861600172979, -6.220090235199859, -15.88074995178845, -24.17020249044591, -10.62127770135641, -15.41794847240927, -4.509709803609708, -5.034158705296952, -5.034158705296952, -4.675721638184718] 
    ],
   "unconstrained":    [
[-4.45341170372386, -21.22846647501567, -20.4286210400245, -6.237350975634121, -17.64693822989625, -14.53171550148187, -16.31196764366728, -16.62842228338316, -16.39668302934605, -8.156110637079783, -8.644914265600763, -11.81399031890045, -8.187323567698005, -14.32521130482069, -7.715503968310521, -10.72651202402753, -3.909079092321185, -3.687491645175769, -3.909801579636627, -4.675721638184718, -3.809448159925209, -3.61432127321327, -4.295038056404927, -3.529117997856833, -17.53001262055709, -18.76176061235584, -16.54713778278412, -16.72869358485526, -17.87384462004373, -12.73009469904224, -15.98671154872402, -10.80784622575518, -21.85399745266861, -9.684946496228486, -16.55480169208139, -12.18472510210855, -24.00720897558854, -14.55986331094907, -20.09934334342057, -3.909801579636627, -4.675721638184718, -4.123367201433116, -3.809448159925209, -4.26751615943342, -3.528395510541396, -14.98959734955579, -21.1502808161854, -17.03156808554871, -19.86603106245261, -13.04812335111792, -11.0962335043482, -8.646832156577704, -9.672999780676177, -16.82281149701879, -6.237350975634121, -16.00367451808816, -23.9696423456379, -10.61515146743215, -15.39971957238089, -4.50970980360971, -5.034158705296952, -5.034158705296952, -4.675721638184717] 
    ]
  },