{
 "Evidence Ratios":{
   "constrained":    [
[0.9531681428649459, 2.380139322529887, 0.951367725570607, 0.9584397719714278, 0.9769382020847972, 0.9805116672489127, 0.9805116672489127, 0.9839279583265071, 0.977229823147603, 0.9847516354089841, 0.957344461930748, 0.9449396032926596, 0.8366116805888218, 1.468911020536061, 0.9613084376194755, 0.9083647147985734, 1.880379176671474, 0.9080307535442491, 0.9548991405870948, 0.9999999999985878, 0.9999999999985718, 0.9999999999985869, 0.9999999999985194, 0.9999999999985669, 0.9999999999985381, 0.9999999999985461, 0.9999999999985181, 0.9999999999985505, 0.9999999999986469] 
    ],
   "optimized null":    [
[0.9790114173920242, 2.93808117495453, 0.9961582308495864, 1.010726050642597, 0.9967691461619339, 0.9929664976962819, 0.9929664976962819, 1.02404747928118, 0.9969788906800481, 1.02757467228754, 0.9818667048917052, 1.071398415089594, 0.8704813451986385, 0.8425403559174606, 1.08008969142195, 1.046653860108651, 0.3197224970228332, 1.061205518625739, 0.8634584233428361, 1.000000000071304, 1.000000000020384, 1.000000000020532, 0.9999999999954516, 0.9999999999812634, 0.9999999999703353, 0.9999999999818323, 0.9999999999716129, 1.000000000011804, 1.000000000068488] 
    ]
  },
 "Site Log Likelihood":{
   "constrained":    [
[-3.089960427030272, -7.422482861423836, -4.220554895192716, -3.27346277208984, -2.874820321021156, -2.796317649100928, -2.796317649100928, -4.705047057088766, -2.814647728748677, -2.980367795665894, -3.033328329678914, -3.217561011484367, -9.552894685370861, -8.575124004611499, -3.188294027698516, -6.886659840932167, -15.1658126521449, -5.422008328458829, -6.38386628628053, -5.583386950221438, -4.446052809701369, -3.878063295624345, -7.020670046504653, -3.993967603376505, -2.782140839503473, -4.007639825409313, -2.795813061536244, -4.83045453289798, -2.967083742750247] 
    ],
   "optimized null":    [
[-3.116712408376557, -7.633080543269895, -4.266560346143111, -3.326580260889083, -2.89491611837369, -2.808940029253341, -2.808940029253341, -4.745012546809628, -2.834655467749655, -3.022934950570004, -3.058620624408691, -3.3431600020493, -9.592580993478874, -8.019268963002899, -3.304798079647161, -7.028367429291967, -13.39403734969613, -5.577890903502527, -6.283206310760376, -5.583386950294154, -4.446052809723181, -3.878063295646291, -7.020670046501585, -3.993967603359202, -2.782140839475271, -4.007639825392599, -2.795813061509338, -4.830454532911233, -2.967083742820088] 
    ],
   "unconstrained":    [
[-3.137924382595857, -6.555323836575682, -4.27040951384372, -3.315911326271084, -2.898152202688994, -2.81599838323249, -2.81599838323249, -4.721249654781676, -2.837681149832568, -2.995733612063199, -3.076920342649138, -3.27419527687483, -9.731289943466725, -8.190602680706931, -3.227753994346378, -6.982769153679753, -14.53433920592081, -5.518485359871108, -6.430015842309958, -5.583386950222851, -4.446052809702797, -3.878063295625758, -7.020670046506133, -3.993967603377938, -2.782140839504935, -4.007639825410767, -2.795813061537725, -4.830454532899429, -2.9670837427516] 
    ]
  },
 "Synonymous site-posteriors":  [
[0.674118039959245, 0.6494390038475943, 0.6936930185915812, 0.695745249690788, 0.6710091049621206, 0.6666045593610258, 0.6666045593610258, 0.6896641055915718, 0.6708909834826161, 0.6889281585253723, 0.6745367138761682, 0.6873848704435116, 0.699970790808387, 0.6796455617778864, 0.6900257025568807, 0.6913596010631317, 0.00549626969444357, 0.6916887118295819, 0.7112334831987924, 0.6469064635183145, 0.6469064635175273, 0.646906463517565, 0.6469064635175253, 0.6469064635174172, 0.6469064635172663, 0.6469064635173593, 0.6469064635173256, 0.6469064635175465, 0.6469064635182444],
  [0.05261834872913416, 0.0875771972577854, 0.02509912229552472, 0.02221657645046089, 0.05700256321650858, 0.06319296724317228, 0.06319296724317228, 0.03077867307916457, 0.05716853089214908, 0.03181298964215912, 0.05203034861910304, 0.033972368733058, 0.01620436694308275, 0.04493975050698763, 0.0302604033674814, 0.02833734839994948, 0.9922811935038358, 0.02786875231205373, 0.0005251187508347304, 0.09087679256899846, 0.0908767925700391, 0.0908767925700303, 0.09087679257008068, 0.09087679257024565, 0.09087679257043184, 0.09087679257027785, 0.09087679257037051, 0.09087679257005342, 0.09087679256909702],
  [0.2732636113116208, 0.2629837988946204, 0.2812078591128941, 0.282038173858751, 0.2719883318213709, 0.2702024733958019, 0.2702024733958019, 0.2795572213292637, 0.2719404856252347, 0.2792588518324687, 0.2734329375047286, 0.2786427608234305, 0.2838248422485304, 0.2754146877151259, 0.2797138940756378, 0.280303050536919, 0.002222536801720617, 0.2804425358583644, 0.2882413980503729, 0.2622167439126869, 0.2622167439124336, 0.2622167439124049, 0.2622167439123941, 0.2622167439123372, 0.2622167439123019, 0.2622167439123628, 0.2622167439123039, 0.2622167439124001, 0.2622167439126585] 
  ],
 "analysis":{
   "authors":"Sergei L Kosakovsky Pond",
   "citation":"*Gene-wide identification of episodic selection*, Mol Biol Evol. 32(5):1365-71",
   "contact":"spond@temple.edu",
   "info":"BUSTED (branch-site unrestricted statistical test of episodic diversification) uses a random effects branch-site model fitted \njointly to all or a subset of tree branches in order to test for alignment-wide evidence of episodic diversifying selection. \nAssuming there is evidence of positive selection (i.e. there is an omega > 1),  BUSTED will also perform a quick evidence-ratio \nstyle analysis to explore which individual sites may have been subject to selection. v2.0 adds support for synonymous rate variation, \nand relaxes the test statistic to 0.5 (chi^2_0 + chi^2_2). Version 2.1 adds a grid search for the initial starting point.\nVersion 2.2 changes the grid search to LHC, and adds an initial search phase to use adaptive Nedler-Mead. Version 3.0 implements the option\nfor branch-site variation in synonymous substitution rates. Version 3.1 adds HMM auto-correlation option for SRV, and binds SRV distributions for multiple branch sets\n",
   "requirements":"in-frame codon alignment and a phylogenetic tree (optionally annotated with {})",
   "version":"3.1"
  },
 "background":0,
 "branch attributes":{
   "0":{
     "CABZ01074982_1_DANRE":{
       "MG94xREV with separate rates for branch sets":0,
       "Nucleotide GTR":1.723532006052452e-18,
       "constrained":0,
       "original name":"CABZ01074982.1_DANRE",
       "unconstrained":0
      },
     "CR382372_1_DANRE":{
       "MG94xREV with separate rates for branch sets":0,
       "Nucleotide GTR":0,
       "constrained":0,
       "original name":"CR382372.1_DANRE",
       "unconstrained":0
      },
     "ENSXETP00000033069":{
       "MG94xREV with separate rates for branch sets":0.4555184863725049,
       "Nucleotide GTR":0.3608079519412686,
       "constrained":15355.77277332883,
       "original name":"ENSXETP00000033069",
       "unconstrained":374.6469646697809
      },
     "NODE_5":{
       "MG94xREV with separate rates for branch sets":0.01943831035066861,
       "Nucleotide GTR":0.01798733289492359,
       "constrained":0.256838619175813,
       "unconstrained":0.08096647405639447
      },
     "NODE_7":{
       "MG94xREV with separate rates for branch sets":0.01927198707214541,
       "Nucleotide GTR":0.01776892989406679,
       "constrained":0.04532815016652875,
       "unconstrained":0.04167983631747944
      },
     "SI_CH211_271G18_4_DANRE":{
       "MG94xREV with separate rates for branch sets":0.01921149181645932,
       "Nucleotide GTR":0.01815790204188807,
       "constrained":0.0259536766170728,
       "original name":"SI@CH211-271G18.4_DANRE",
       "unconstrained":0.209090471135582
      },
     "SI_CH73_155E10_1_DANRE":{
       "MG94xREV with separate rates for branch sets":0,
       "Nucleotide GTR":0,
       "constrained":0,
       "original name":"SI@CH73-155E10.1_DANRE",
       "unconstrained":0
      },