{
 "Evidence Ratios":{
   "constrained":    [
[3.080896738476519, 0.5651097185317743, 1.145449657799528, 0.6263225031473977, 0.7092787402131239, 2.542230373103453, 1.673133961732836, 0.8234119084530318, 1.887914185731991, 3.514403240985074, 0.6522488562244894, 5.131747911329084, 0.7044824153598807, 0.5761779097124144, 1.905132110322181, 0.5863065902350674, 0.6019749229016396, 0.7330914566837546, 3.267212986313642, 1.007119207562157, 1.107940092638314, 1.4528362517646, 1.974932073075775, 1.249354019653714, 0.6527837250571101, 0.7874208248034535, 0.692011815689952, 3.136363561335654, 0.9802015197265005, 1.052404415879183, 0.7330914566837546, 0.8234119084530318, 0.7679859532963161, 1.011581225803455, 3.892115195730631, 1.053278078875697, 0.715367089787657, 1.798020721245281] 
    ],
   "optimized null":    [
[1.70026292995638, 1.008609131918805, 1.113518059570353, 0.9837075974376235, 0.9818226628904657, 1.04935274415691, 1.551184176508896, 1.011788015003773, 0.6314173466039598, 0.8601395646163297, 0.9576342612071579, 0.7920447327398158, 1.003134529287174, 1.004847131987893, 1.034132473285057, 0.8468557526217263, 0.9757063156006842, 0.9749677578414131, 1.403961756540733, 0.936889337801153, 1.109031706380268, 0.9723796413778443, 1.562829360433331, 1.051500704069386, 0.8261719546866899, 0.5324699028390389, 0.9867123782122121, 1.044823447263029, 0.9302336337718855, 1.064665717248588, 0.9749677578414131, 1.011788015003773, 1.000927103474461, 1.002094002726463, 1.675538512569778, 1.119068270708504, 0.9766335965878651, 1.034720366426954] 
    ]
  },
 "Site Log Likelihood":{
   "constrained":    [
[-16.02180615600074, -8.875467152790506, -9.39625042774059, -4.352290183028304, -5.635737183024052, -20.67844803243855, -10.98329291860969, -6.204129374817132, -15.82553922973373, -22.18712062589092, -7.835437618028297, -24.35973130048464, -4.04439685669297, -7.399456576475335, -15.05506623047099, -11.17244628396614, -7.491909272904533, -3.696536518903768, -15.68568842590312, -10.44969249071088, -8.887640023720243, -14.30340879145755, -15.51991284326731, -7.801683426642675, -11.85267919338407, -20.97126600851086, -4.476265645464858, -23.15226619963287, -12.24322526434542, -9.769628834671746, -3.696536518903768, -6.204129374817132, -4.509365640933348, -8.250338891760467, -17.96652682285202, -13.64205713419284, -5.039632111036185, -12.81726852849995] 
    ],
   "optimized null":    [
[-15.42736835631789, -9.454774812060851, -9.367977579917827, -4.803753459658359, -5.960899292536393, -19.79357977702455, -10.90761305113519, -6.410147159613909, -14.7302783855206, -20.77959027154669, -8.21947737940423, -22.49114756784846, -4.397818391994325, -7.95563079389071, -14.44407776022326, -11.54013381595693, -7.974855119757843, -3.981670455997279, -14.84104916847115, -10.37740839868565, -8.888624802895745, -13.90188213664415, -15.28587670997756, -7.629275178930626, -12.08823625046547, -20.58002955829384, -4.83104120214246, -22.05305009347148, -12.19090285515288, -9.781212237861034, -3.981670455997279, -6.410147159613909, -4.774276150893304, -8.240916028390748, -17.12370867453406, -13.70264629133371, -5.350947840423537, -12.26471328075647] 
    ],
   "unconstrained":    [
[-14.89658545253485, -9.44620252738741, -9.260453153591044, -4.820180042823741, -5.979243867159901, -19.74540623706503, -10.46859442704746, -6.398428082030966, -15.19006661551588, -20.93025089001038, -8.262766726579665, -22.72428497587906, -4.394688765102281, -7.950795371423919, -14.41051487504638, -11.70635871866081, -7.999448763755066, -4.007021333408958, -14.50175110216962, -10.44259850507089, -8.785137504872841, -13.92989110987218, -14.83937883888505, -7.579056793184511, -12.27918860000578, -21.21025846177981, -4.844417894278634, -22.0092021723159, -12.2632223604284, -9.718551368488203, -4.007021333408958, -6.398428082030966, -4.773349476913832, -8.238824215032166, -16.60757406088544, -13.59014985340162, -5.374591566784882, -12.23058206790888] 
    ]
  },
 "Synonymous site-posteriors":  [
[0.9940797382539034, 0.6216340206249328, 0.6682522704090423, 0.3934549228859716, 0.2605579132701708, 0.9955307818622317, 0.8970672712596554, 0.190150820491541, 0.9637119816404148, 0.995693004125598, 0.7035527857416974, 0.9941369773100686, 0.3680216154810387, 0.7125912703225337, 0.8627160746088379, 0.9870528922886079, 0.6929338021498916, 0.5366107181466861, 0.9740357076732953, 0.5727337668739926, 0.6338942875308635, 0.9593014059832939, 0.9825645171707711, 0.832980899365982, 0.7064341631172103, 0.998106949316606, 0.3255290579570726, 0.9945937070684967, 0.9162505955528536, 0.5972408427856812, 0.5366107181466861, 0.190150820491541, 0.3626595416478262, 0.5953446255641596, 0.9772702839472476, 0.9112047938303202, 0.2940243473669584, 0.9037164756960555],
  [0.005711973408994046, 0.3651053616321271, 0.3201200600447637, 0.5853106975755831, 0.7135595446733483, 0.004311966933949304, 0.09932040570242305, 0.7815046071488091, 0.03501308059185812, 0.004155451572990783, 0.286055955520532, 0.005656744716169375, 0.6098535903981254, 0.2773344890140096, 0.1324665536377204, 0.01249206582889896, 0.2963031204133392, 0.4471624052213478, 0.02505195073685046, 0.4122926265291113, 0.353274257774323, 0.03926874355348361, 0.01682274438548599, 0.1611630752133993, 0.2832755376243566, 0.001826408147557105, 0.6508602582555398, 0.005216085031233181, 0.08081010788418269, 0.3886437694740034, 0.4471624052213478, 0.7815046071488091, 0.6150275175095093, 0.3904734893456432, 0.02193099732687152, 0.08567890962783671, 0.6812631320233964, 0.09290450751453407],
  [0.0002082883371025811, 0.01326061774294033, 0.01162766954619402, 0.02123437953844527, 0.02588254205648098, 0.0001572512038190537, 0.003612323037921447, 0.02834457235964984, 0.001274937767727066, 0.0001515443014111718, 0.01039125873777062, 0.0002062779737622116, 0.02212479412083596, 0.01007424066345675, 0.00481737175344162, 0.0004550418824930386, 0.01076307743676901, 0.01622687663196588, 0.0009123415898543584, 0.01497360659689608, 0.01283145469481349, 0.001429850463222415, 0.0006127384437429377, 0.005856025420618851, 0.01029029925843295, 6.664253583685663e-05, 0.02361068378738749, 0.0001902079002701462, 0.002939296562963766, 0.01411538774031561, 0.01622687663196588, 0.02834457235964984, 0.02231294084266457, 0.01418188509019727, 0.0007987187258809747, 0.003116296541843237, 0.0247125206096453, 0.00337901678941039] 
  ],
 "analysis":{
   "authors":"Sergei L Kosakovsky Pond",
   "citation":"*Gene-wide identification of episodic selection*, Mol Biol Evol. 32(5):1365-71",
   "contact":"spond@temple.edu",
   "info":"BUSTED (branch-site unrestricted statistical test of episodic diversification) uses a random effects branch-site model fitted \njointly to all or a subset of tree branches in order to test for alignment-wide evidence of episodic diversifying selection. \nAssuming there is evidence of positive selection (i.e. there is an omega > 1),  BUSTED will also perform a quick evidence-ratio \nstyle analysis to explore which individual sites may have been subject to selection. v2.0 adds support for synonymous rate variation, \nand relaxes the test statistic to 0.5 (chi^2_0 + chi^2_2). Version 2.1 adds a grid search for the initial starting point.\nVersion 2.2 changes the grid search to LHC, and adds an initial search phase to use adaptive Nedler-Mead. Version 3.0 implements the option\nfor branch-site variation in synonymous substitution rates. Version 3.1 adds HMM auto-correlation option for SRV, and binds SRV distributions for multiple branch sets\n",
   "requirements":"in-frame codon alignment and a phylogenetic tree (optionally annotated with {})",
   "version":"3.1"
  },
 "background":0,
 "branch attributes":{
   "0":{
     "ENSCHOP00000007563":{
       "MG94xREV with separate rates for branch sets":0.09903239868443081,
       "Nucleotide GTR":0.09444661761646868,
       "constrained":0.1074482512179246,
       "original name":"ENSCHOP00000007563",
       "unconstrained":0.1141655329758469
      },