{
 "Evidence Ratios":{
  },
 "Site Log Likelihood":{
   "unconstrained":    [
[-6.585546400819077, -7.893020579227538, -19.5968474420744, -10.57954109717194, -18.21859380409197, -9.477193698492909, -17.45268183875767, -8.887424138508313, -3.408860380248873, -5.038729831362851, -4.697859258533109, -4.25221271554109, -3.217025716408553, -4.145245223732402, -3.526519813340622, -4.365779216336428, -4.388365161601041, -3.960330393776065, -4.438429197531274, -3.75780378865255, -4.931762339554317, -5.669291204311316, -2.913149801326702, -4.525152931597804, -4.252212715541096, -4.24659453369097, -3.222643898258787, -3.942718618609027, -3.336210399054096, -4.145245223732387, -3.217025716408545, -5.342605746444816, -2.728234971370136, -3.960330393776038, -4.438429197531289, -3.757803788652569, -4.877155906639332, -4.258811724527864, -3.222643898258787, -3.336210399054096] 
    ]
  },
 "Synonymous site-posteriors":  [
[0.1652729509403122, 0.8501373175412599, 0.9999821447538897, 0.9972869311943754, 0.9988816453299476, 0.04240042590433509, 0.9997454087840912, 0.2295758378385693, 0.6282996425251202, 0.6282996425251555, 0.6282996425251299, 0.628299642525138, 0.6282996425251358, 0.6282996425251471, 0.6282996425251364, 0.6282996425251556, 0.6282996425251302, 0.6282996425251102, 0.6282996425251209, 0.628299642525152, 0.6282996425251062, 0.628299642525142, 0.628299642525106, 0.4847458162698473, 0.6282996425251358, 0.6282996425251309, 0.6282996425250988, 0.6282996425251364, 0.6282996425251288, 0.6282996425251532, 0.6282996425251399, 0.6282996425251435, 0.6282996425251541, 0.6282996425251198, 0.6282996425251147, 0.6282996425251447, 0.6282996425251565, 0.6282996425251183, 0.6282996425250988, 0.6282996425251288],
  [0, 0, 0, 0, 0, 0, 0, 0, 0, 0, 0, 0, 0, 0, 0, 0, 0, 0, 0, 0, 0, 0, 0, 0, 0, 0, 0, 0, 0, 0, 0, 0, 0, 0, 0, 0, 0, 0, 0, 0],
  [0.8347270490596879, 0.1498626824587402, 1.785524611026702e-05, 0.002713068805624756, 0.001118354670052515, 0.9575995740956649, 0.0002545912159087026, 0.7704241621614307, 0.3717003574748798, 0.3717003574748446, 0.37170035747487, 0.371700357474862, 0.3717003574748641, 0.3717003574748528, 0.3717003574748636, 0.3717003574748444, 0.3717003574748698, 0.3717003574748898, 0.3717003574748792, 0.371700357474848, 0.3717003574748937, 0.371700357474858, 0.3717003574748942, 0.5152541837301526, 0.3717003574748641, 0.3717003574748691, 0.3717003574749012, 0.3717003574748637, 0.3717003574748713, 0.3717003574748468, 0.37170035747486, 0.3717003574748564, 0.3717003574748459, 0.3717003574748801, 0.3717003574748852, 0.3717003574748553, 0.3717003574748436, 0.3717003574748819, 0.3717003574749012, 0.3717003574748713] 
  ],
 "analysis":{
   "authors":"Sergei L Kosakovsky Pond",
   "citation":"*Gene-wide identification of episodic selection*, Mol Biol Evol. 32(5):1365-71",
   "contact":"spond@temple.edu",
   "info":"BUSTED (branch-site unrestricted statistical test of episodic diversification) uses a random effects branch-site model fitted \njointly to all or a subset of tree branches in order to test for alignment-wide evidence of episodic diversifying selection. \nAssuming there is evidence of positive selection (i.e. there is an omega > 1),  BUSTED will also perform a quick evidence-ratio \nstyle analysis to explore which individual sites may have been subject to selection. v2.0 adds support for synonymous rate variation, \nand relaxes the test statistic to 0.5 (chi^2_0 + chi^2_2). Version 2.1 adds a grid search for the initial starting point.\nVersion 2.2 changes the grid search to LHC, and adds an initial search phase to use adaptive Nedler-Mead. Version 3.0 implements the option\nfor branch-site variation in synonymous substitution rates. Version 3.1 adds HMM auto-correlation option for SRV, and binds SRV distributions for multiple branch sets\n",
   "requirements":"in-frame codon alignment and a phylogenetic tree (optionally annotated with {})",
   "version":"3.1"
  },
 "background":0,
 "branch attributes":{
   "0":{
     "ENSDNOP00000013108":{
       "MG94xREV with separate rates for branch sets":0,
       "Nucleotide GTR":0,
       "original name":"ENSDNOP00000013108",
       "unconstrained":0.1958612641801593
      },
     "ENSDNOP00000017658":{
       "MG94xREV with separate rates for branch sets":0.2904850996705269,
       "Nucleotide GTR":0.1832215881776931,
       "original name":"ENSDNOP00000017658",
       "unconstrained":0.7606775737271452
      },
     "ENSDORP00000006699":{
       "MG94xREV with separate rates for branch sets":0.1947873536020057,
       "Nucleotide GTR":0.08639883968536723,
       "original name":"ENSDORP00000006699",
       "unconstrained":0.09025806256539144
      },
     "ENSECAP00000001763":{
       "MG94xREV with separate rates for branch sets":0.9393380911473163,
       "Nucleotide GTR":0.8670752669331503,
       "original name":"ENSECAP00000001763",
       "unconstrained":18.67350612027033
      },
     "ENSMEUP00000000296":{
       "MG94xREV with separate rates for branch sets":1.317408094506943,
       "Nucleotide GTR":0.4007732674932659,
       "original name":"ENSMEUP00000000296",
       "unconstrained":13.80499870658898
      },
     "ENSMICP00000012405":{
       "MG94xREV with separate rates for branch sets":0.511724477950103,
       "Nucleotide GTR":0.1348832200742535,
       "original name":"ENSMICP00000012405",
       "unconstrained":2.431469026394594
      },
     "NODE_3":{
       "MG94xREV with separate rates for branch sets":1.170814856639155,
       "Nucleotide GTR":0.5942646914258621,
       "unconstrained":14.30232446759546
      }
    },
   "attributes":{
     "MG94xREV with separate rates for branch sets":{
       "attribute type":"branch length",
       "display order":1
      },
     "Nucleotide GTR":{
       "attribute type":"branch length",
       "display order":0
      },
     "original name":{
       "attribute type":"node label",
       "display order":0
      },
     "unconstrained":{
       "attribute type":"branch length",
       "display order":0
      }
    }
  },
 "data partitions":{
   "0":{
     "coverage":      [
[0, 1, 2, 3, 4, 5, 6, 7, 8, 9, 10, 11, 12, 13, 14, 15, 16, 17, 18, 19, 20, 21, 22, 23, 24, 25, 26, 27, 28, 29, 30, 31, 32, 33, 34, 35, 36, 37, 38, 39] 
      ],
     "name":"busted.filter.default"
    }
  },
 "fits":{
   "MG94xREV with separate rates for branch sets":{
     "AIC-c":527.9629477475589,