{
 "Evidence Ratios":{
  },
 "Site Log Likelihood":{
   "unconstrained":    [
[-2.615837307549749, -5.818941169887847, -4.435411475057249, -3.022505646904369, -3.047751814931826, -4.10784716302333, -3.551583818804301, -5.643892618547007, -12.06486952617909, -16.90700319516702, -4.270361140255391, -14.68501218597366, -10.84755290243855, -8.513667146851951, -13.34750627187355, -19.07159889174102, -4.270361140255391, -15.87453957787531, -3.49799830164209, -9.324052373671147, -5.382647974287066, -26.10652661853491, -10.00723544081061, -17.41801872833942, -3.774565029873256, -11.68938279822791, -7.728461962173131, -4.156735790502678, -27.31417580023788, -4.749517610369921, -8.59240894826659, -5.297877512944116, -22.04494459989137, -7.168338810845245, -22.86830794885916, -22.62508183320901, -11.78077171159991, -12.14226371521839, -4.096486153051269, -13.108693036546, -7.735075049270123, -12.23077305717429, -20.07773120368669, -11.86197304085276, -14.25236457899472, -4.491862938907704, -8.583841968384963, -4.096486153051269, -4.801631792563811, -12.08648372292962, -5.466370196129369, -6.938777147867682, -5.105658011168605, -5.105658011168605, -3.022505646904369] 
    ]
  },
 "Synonymous site-posteriors":  [
[0.04943775371368853, 0.04943775371368903, 0.04943775371368844, 0.04943775371368822, 0.04943775371368854, 0.04943775371368849, 0.04943775371368889, 3.076405183684761e-06, 2.711147737770023e-08, 0.0007866377292187588, 7.715415833635278e-06, 0.003146300154945151, 0.005724989254212205, 9.337645473131063e-06, 0.001398156356695232, 0.1953673735509436, 7.715415833635278e-06, 0.0003954230902469812, 0.0002876509679255807, 0.004962298280204159, 1.865807698842118e-07, 0.9958926033221713, 7.050126356081745e-05, 0.003429727063661477, 6.401879449849455e-05, 3.153135013982811e-06, 3.248867350171827e-05, 6.739493085706436e-05, 6.336876698872349e-05, 6.533169137177141e-07, 0.002133286036225226, 6.161631962950911e-06, 0.04816460069285509, 0.0001212542900677539, 0.004266099521383397, 0.9343491669539309, 1.395073137922339e-05, 4.822404532451057e-07, 8.904002872022241e-06, 1.234915518249199e-05, 4.609334115598975e-05, 1.511587437642705e-05, 0.02591391143840811, 0.0003279576281676175, 0.01366367404934186, 2.703601849867714e-06, 3.66248124082917e-06, 8.904002872022241e-06, 2.445898802661933e-05, 0.0001597997795259161, 2.308799675520326e-05, 0.0001430652882537244, 0.04943775371368848, 0.04943775371368848, 0.04943775371368845],
  [0.4822111343520036, 0.4822111343520041, 0.4822111343520042, 0.4822111343520044, 0.4822111343520028, 0.4822111343520037, 0.482211134352004, 0.8445098661437246, 0.7240271810168014, 0.1140667210313238, 0.8567819201051471, 0.2785810687181903, 0.2499633210987126, 0.6264245706285534, 0.3153968525902904, 0.04769597980216794, 0.8567819201051471, 0.1108033976028268, 0.7185623046269841, 0.4196163223703127, 0.8743368406439873, 2.530335541657745e-06, 0.5181258200860144, 0.09440011692581605, 0.7897377031807703, 0.6740329934367527, 0.6811066036006527, 0.7634283399667557, 0.03538778363357128, 0.8460408968043366, 0.3941092320807322, 0.7800149923952868, 0.01732853199948715, 0.5740991348368104, 0.1028700075320119, 0.0001531018413746839, 0.414693600659902, 0.6819186222811133, 0.7882579971835385, 0.1904782525094168, 0.6038959121711627, 0.3767372708631881, 0.014833659178575, 0.2713978936462155, 0.1060175645677497, 0.8609628079587849, 0.6587518092817753, 0.7882579971835385, 0.7873389385833769, 0.5188595196833726, 0.7246045831403193, 0.5933180442002418, 0.4822111343520031, 0.4822111343520031, 0.4822111343520042],
  [0.4683511119343079, 0.468351111934307, 0.4683511119343073, 0.4683511119343075, 0.4683511119343087, 0.4683511119343077, 0.4683511119343071, 0.1554870574510915, 0.2759727918717212, 0.8851466412394574, 0.1432103644790192, 0.7182726311268646, 0.7443116896470752, 0.3735660917259734, 0.6832049910530146, 0.7569366466468885, 0.1432103644790192, 0.8888011793069263, 0.2811500444050903, 0.5754213793494832, 0.1256629727752429, 0.004104866342286908, 0.4818036786504248, 0.9021701560105223, 0.2101982780247312, 0.3259638534282333, 0.3188609077258457, 0.2365042651023871, 0.96454884759944, 0.1539584498787497, 0.6037574818830425, 0.2199788459727503, 0.9345068673076579, 0.4257796108731217, 0.8928638929466047, 0.06549773120469464, 0.5852924486087188, 0.3180808954784334, 0.2117330988135895, 0.8095093983354008, 0.3960579944876813, 0.6232476132624355, 0.9592524293830169, 0.7282741487256169, 0.8803187613829084, 0.1390344884393653, 0.3412445282369839, 0.2117330988135895, 0.2126366024285965, 0.4809806805371013, 0.2753723288629256, 0.4065388905115044, 0.4683511119343085, 0.4683511119343085, 0.4683511119343074] 
  ],
 "analysis":{
   "authors":"Sergei L Kosakovsky Pond",
   "citation":"*Gene-wide identification of episodic selection*, Mol Biol Evol. 32(5):1365-71",
   "contact":"spond@temple.edu",
   "info":"BUSTED (branch-site unrestricted statistical test of episodic diversification) uses a random effects branch-site model fitted \njointly to all or a subset of tree branches in order to test for alignment-wide evidence of episodic diversifying selection. \nAssuming there is evidence of positive selection (i.e. there is an omega > 1),  BUSTED will also perform a quick evidence-ratio \nstyle analysis to explore which individual sites may have been subject to selection. v2.0 adds support for synonymous rate variation, \nand relaxes the test statistic to 0.5 (chi^2_0 + chi^2_2). Version 2.1 adds a grid search for the initial starting point.\nVersion 2.2 changes the grid search to LHC, and adds an initial search phase to use adaptive Nedler-Mead. Version 3.0 implements the option\nfor branch-site variation in synonymous substitution rates. Version 3.1 adds HMM auto-correlation option for SRV, and binds SRV distributions for multiple branch sets\n",
   "requirements":"in-frame codon alignment and a phylogenetic tree (optionally annotated with {})",
   "version":"3.1"
  },
 "background":0,
 "branch attributes":{
   "0":{
     "2310039H08RIK_MOUSE":{
       "MG94xREV with separate rates for branch sets":0.129149263060031,
       "Nucleotide GTR":0.1126894885397204,
       "original name":"2310039H08RIK_MOUSE",
       "unconstrained":0.2031881057939149
      },
     "C6ORF226_GGOR":{
       "MG94xREV with separate rates for branch sets":0.007392089643965029,
       "Nucleotide GTR":0.007503054488901242,
       "original name":"C6ORF226_GGOR",
       "unconstrained":0.009550679533021017
      },
     "C6ORF226_HUMAN":{
       "MG94xREV with separate rates for branch sets":0,
       "Nucleotide GTR":1.702015361500063e-17,
       "original name":"C6ORF226_HUMAN",
       "unconstrained":0
      },
     "C6ORF226_LAMPA":{
       "MG94xREV with separate rates for branch sets":0.06436096740069862,
       "Nucleotide GTR":0.05079037684359744,
       "original name":"C6ORF226_LAMPA",
       "unconstrained":0.08585080089046759
      },
     "C6ORF226_LOXAF":{
       "MG94xREV with separate rates for branch sets":0.1227528749405084,
       "Nucleotide GTR":0.09019672687903485,
       "original name":"C6ORF226_LOXAF",
       "unconstrained":0.1937202973288149
      },
     "C6ORF226_MACMU":{
       "MG94xREV with separate rates for branch sets":0.02309662104112538,
       "Nucleotide GTR":0.02310174194526101,
       "original name":"C6ORF226_MACMU",
       "unconstrained":0.01977703542577865
      },
     "C6ORF226_MICMU":{
       "MG94xREV with separate rates for branch sets":0.03629310247358148,
       "Nucleotide GTR":0.03173313989645311,
       "original name":"C6ORF226_MICMU",
       "unconstrained":0.02277754471901433
      },
     "C6ORF226_NOMLE":{
       "MG94xREV with separate rates for branch sets":0.006259781928030909,
       "Nucleotide GTR":0.007497197097547054,
       "original name":"C6ORF226_NOMLE",
       "unconstrained":0
      },
     "C6ORF226_SORAR":{
       "MG94xREV with separate rates for branch sets":0.154252608815713,
       "Nucleotide GTR":0.1209829397567914,