{
 "Evidence Ratios":{
   "constrained":    [
[0.8963005172183486, 0.7557719549083933, 0.7203585988734791, 0.7688829171207755, 0.7402282003176683, 0.7533944783932217, 0.7245474849609224, 12.18376530947461, 2.503616501770612, 0.8068306272983301, 0.7580732890768154, 13.64779597843779, 7.331396079950409, 2.321637880812654, 0.7174379069291297, 0.7749792871812559, 0.7778248328243116, 0.7506490599165081, 1.425450974292524, 1.962465090827419, 0.9268847076110617, 0.9684110869864693, 0.9268847076110617, 7.426973710085934, 5.786251534559083] 
    ],
   "optimized null":    [
[1.634492955962927, 1.367028706663384, 1.057155206320132, 0.6348550578792626, 4.107782341322617, 0.8761558446527704, 2.510437416044784, 2.414218171531898, 0.4058807532192607, 1.188075737381479, 2.226741692118886, 0.8669704369775982, 3.307758601717467, 0.7902465330032969, 0.623322574215303, 2.012296289632014, 0.9089790912465063, 0.5458107424678582, 0.4020656159714859, 2.127994721038647, 0.9667725609862847, 1.064308440926826, 0.9667725609862847, 0.643799801035989, 0.2213120627417052] 
    ]
  },
 "Site Log Likelihood":{
   "constrained":    [
[-8.997789921696597, -16.03066931358735, -12.55357555853249, -20.26828054669713, -18.72242419721066, -16.80533860418758, -21.78329229658238, -21.58145486424844, -40.67701652706303, -23.67922947198286, -17.67478977936977, -34.10202787943582, -39.9847776968474, -38.97191484194729, -11.58720857487729, -19.47980734472814, -7.210517865137244, -21.97537083690273, -26.87048420398479, -48.4715231623849, -4.383851714856633, -6.487889220183146, -4.383851714856633, -35.17620774761924, -30.63043931726676] 
    ],
   "optimized null":    [
[-9.598602082831542, -16.62332446611619, -12.93716322824207, -20.07673855973247, -20.43610426528982, -16.95629361784239, -23.02595728155366, -19.9627260072251, -38.85758436599483, -24.06620595506787, -18.75230438232521, -31.34569943677513, -39.1888825383832, -37.89423160713792, -11.44658633226811, -20.43400282357596, -7.366338608904376, -21.65670488154413, -25.60485598727051, -48.5525018707435, -4.425985795689287, -6.582313062398534, -4.425985795689287, -32.73072180955026, -27.36677311383305] 
    ],
   "unconstrained":    [
[-9.107269445256176, -16.31068490884112, -12.88158169550131, -20.53109712118437, -19.02322095872589, -17.08850491685657, -22.10550027425255, -19.0813505110313, -39.75928023979945, -23.89387098415488, -17.95176498994703, -31.48844983762313, -37.99261173797233, -38.12964192224901, -11.91927745083585, -19.73472632093182, -7.461771795902618, -22.26218787038661, -26.51599596714352, -47.7973217799821, -4.459777807516796, -6.519987825399393, -4.459777807516796, -33.17108927871404, -28.87495463869557] 
    ]
  },
 "Synonymous site-posteriors":  [
[0.1849437120115062, 2.164960209239078e-09, 3.314671497036959e-08, 2.316181163014045e-11, 9.169875411185292e-14, 5.414258298809527e-11, 1.229801243664946e-19, 2.815714425706325e-13, 2.051414523247964e-25, 1.651053863127357e-12, 6.609010333513265e-13, 7.947807039990558e-26, 3.029542007782026e-31, 2.967722167995246e-22, 5.029750091435234e-06, 5.637403614925601e-17, 0.24370885144174, 1.606005638031409e-08, 2.713160601931816e-08, 3.001873182145529e-41, 0.8312592413064209, 0.9999999996443589, 0.8312592413064209, 2.339804070895189e-18, 0.0001321909753678025],
  [0.8150562879884938, 0.9999999978349797, 0.9999999668006609, 0.9999999995242322, 0.9999999999999083, 0.9999999998560587, 0.9999999999995761, 0.9999999998769679, 0.9947141594469951, 0.9999999904918248, 0.9999999999993382, 0.9999999999731011, 0.9999831693438446, 0.9999984165542259, 0.9999949701596764, 0.9999999998257889, 0.756291148138624, 0.9999999839399272, 0.9999999728586747, 3.673827583729189e-06, 0.1687407586000282, 3.556410077428748e-10, 0.1687407586000282, 0.9999999952427733, 0.9998678090227194],
  [3.29996134160717e-19, 6.004533271927372e-14, 5.262393865115976e-11, 4.526060322440141e-10, 3.254367856114222e-18, 8.979872688120728e-11, 4.237879406920396e-13, 1.22750602480711e-10, 0.005285840553004881, 9.506524088478272e-09, 1.008785201662731e-15, 2.689890900270034e-11, 1.683065615534914e-05, 1.583445774075844e-06, 9.023206858040253e-11, 1.742111292051174e-10, 4.1963590195993e-10, 1.641172484692032e-14, 9.71927500308453e-12, 0.9999963261724163, 9.355076155350993e-11, 4.687608084115694e-22, 9.355076155350993e-11, 4.757226583996444e-09, 1.912704976538592e-12] 
  ],
 "analysis":{
   "authors":"Sergei L Kosakovsky Pond",
   "citation":"*Gene-wide identification of episodic selection*, Mol Biol Evol. 32(5):1365-71",
   "contact":"spond@temple.edu",
   "info":"BUSTED (branch-site unrestricted statistical test of episodic diversification) uses a random effects branch-site model fitted \njointly to all or a subset of tree branches in order to test for alignment-wide evidence of episodic diversifying selection. \nAssuming there is evidence of positive selection (i.e. there is an omega > 1),  BUSTED will also perform a quick evidence-ratio \nstyle analysis to explore which individual sites may have been subject to selection. v2.0 adds support for synonymous rate variation, \nand relaxes the test statistic to 0.5 (chi^2_0 + chi^2_2). Version 2.1 adds a grid search for the initial starting point.\nVersion 2.2 changes the grid search to LHC, and adds an initial search phase to use adaptive Nedler-Mead. Version 3.0 implements the option\nfor branch-site variation in synonymous substitution rates. Version 3.1 adds HMM auto-correlation option for SRV, and binds SRV distributions for multiple branch sets\n",
   "requirements":"in-frame codon alignment and a phylogenetic tree (optionally annotated with {})",
   "version":"3.1"
  },
 "background":0,
 "branch attributes":{
   "0":{
     "ATP8_AILME":{
       "MG94xREV with separate rates for branch sets":0.1099824666871792,
       "Nucleotide GTR":0.09747044441609801,
       "constrained":0.5173379249987413,
       "original name":"ATP8_AILME",
       "unconstrained":0.255818312086053
      },
     "ATP8_BOVIN":{
       "MG94xREV with separate rates for branch sets":0.1341728826424345,
       "Nucleotide GTR":0.1135442061704174,
       "constrained":4.302991838960355,
       "original name":"ATP8_BOVIN",
       "unconstrained":8.0333339242004
      },
     "ATP8_CANFA":{
       "MG94xREV with separate rates for branch sets":0.1523272686361343,
       "Nucleotide GTR":0.1170962920829583,
       "constrained":3.593255508279205,
       "original name":"ATP8_CANFA",
       "unconstrained":6.085791301502683
      },
     "ATP8_CAVPO":{
       "MG94xREV with separate rates for branch sets":0.2790177129825652,
       "Nucleotide GTR":0.2202549798121688,
       "constrained":3.433295919965293,
       "original name":"ATP8_CAVPO",
       "unconstrained":7.557130265908705
      },
     "ATP8_GGOR":{
       "MG94xREV with separate rates for branch sets":0.08609308449247592,
       "Nucleotide GTR":0.07674071538832324,
       "constrained":0.7904971026393942,
       "original name":"ATP8_GGOR",
       "unconstrained":1.300796418081313
      },
     "ATP8_MONDO":{
       "MG94xREV with separate rates for branch sets":0.1306941053045608,
       "Nucleotide GTR":0.1152972130817927,
       "constrained":2.979773290113845,
       "original name":"ATP8_MONDO",
       "unconstrained":22.83633449227911
      },
     "ATP8_PONAB":{
       "MG94xREV with separate rates for branch sets":0.06830833791652385,
       "Nucleotide GTR":0.05278644696796075,
       "constrained":0.3643215334375769,
       "original name":"ATP8_PONAB",
       "unconstrained":0.1467122270438642
      },
     "ATP8_RAT":{
       "MG94xREV with separate rates for branch sets":0.04801746486861985,
       "Nucleotide GTR":0.04883218402572511,
       "constrained":0.2351550118945876,
       "original name":"ATP8_RAT",
       "unconstrained":0.1554776671217872
      },
     "ENSOANP00000024993":{
       "MG94xREV with separate rates for branch sets":0.3506600070554265,
       "Nucleotide GTR":0.2362790445646426,