{
 "Evidence Ratios":{
   "constrained":    [
[0.9166715912442258, 0.8998598756396549, 0.9476507021224964, 0.9146204023152337, 1.212271504103704, 0.9146204023152337, 0.942460223730163, 0.9290299021189081, 1.019253350730748, 1.005263607825712, 0.9973638638854837, 0.9037272879596328, 1.003716896294135, 0.9659019407669849, 1.262899358148335, 1.004512599659513, 1.058424263575791, 0.9217959895924902, 0.9232375970941296, 1.077447895548609, 1.160047281925401, 1.124910648168518, 1.060525202516475, 1.022737559969905, 0.9524082378569914, 1.079327482444997, 0.9938605987935298, 1.020378262579606] 
    ],
   "optimized null":    [
[1.001579242548884, 1.009708556784325, 1.011014131852451, 0.9941772977372367, 1.09665405533803, 0.9941772977372367, 0.9962988707501867, 0.9530322964351582, 1.017243177767832, 0.9937444937612182, 0.9956300417118314, 0.9997808011904851, 1.000282745972457, 1.003210716895213, 1.032336905860126, 0.9930058438029825, 1.003109455237971, 1.000006131979129, 1.042501683292847, 0.9133694855203359, 1.064473114251496, 0.9643919859683938, 0.992964908455929, 1.001237857606827, 1.014327494006215, 0.9624652216015978, 1.015869088460033, 0.960014059336218] 
    ]
  },
 "Site Log Likelihood":{
   "constrained":    [
[-4.330302801553746, -11.19092743296741, -11.55000860961445, -4.218110071745378, -11.53214421177328, -4.218110071745378, -3.175278577992468, -23.95124134653108, -17.66438404113325, -13.18470850331927, -6.598910161004452, -10.98103319405999, -6.416833616950131, -7.720063615746106, -22.85370117918707, -12.94094010362213, -19.76429601869253, -5.85218254449361, -16.58035962434004, -28.60619349639054, -24.49348638334246, -16.457689431828, -15.62973984856086, -7.288488182294206, -9.894627272274356, -30.43985436252002, -6.115878484809436, -25.74866794202604] 
    ],
   "optimized null":    [
[-4.418886803148076, -11.3061053860536, -11.61473182994953, -4.301516512101908, -11.43191211227779, -4.301516512101908, -3.230832146106304, -23.97674921311797, -17.66240989230694, -13.17318354595975, -6.597170243379832, -11.08204160793622, -6.413406317253247, -7.757962149811457, -22.65211609670351, -12.92941892525659, -19.71061939124762, -5.933620025785634, -16.70185157300115, -28.44098352499843, -24.40750556711491, -16.3037283806037, -15.5639156345936, -7.267242359948261, -9.957614612521695, -30.32525886990881, -6.137781300545877, -25.68768718832424] 
    ],
   "unconstrained":    [
[-4.417308806291378, -11.29644365448048, -11.60377791191547, -4.307356232388235, -11.33964833592651, -4.307356232388235, -3.234540141481827, -24.02485569979122, -17.64531369097404, -13.17945869985791, -6.601549777844231, -11.08226083077331, -6.413123611245899, -7.754756576261458, -22.62029102375354, -12.9364376552129, -19.70751476036742, -5.933613893825306, -16.66022828364224, -28.53159831136343, -24.34502561877434, -16.33998582317607, -15.57097558907149, -7.266005267855495, -9.943388787104343, -30.36351621678277, -6.122036809632365, -25.72849453780984] 
    ]
  },
 "Synonymous site-posteriors":  [
[0.4739982673788216, 0.4639238786965173, 0.5002111589619118, 0.491969771352771, 0.2566592912185952, 0.491969771352771, 0.4702867386040971, 0.03741479291332323, 0.04745832791762592, 0.4716391280623328, 0.3829599482162172, 0.456453566129171, 0.3902718602357934, 0.4300773980645695, 0.08941524695962384, 0.2779736982365688, 0.3860451034679571, 0.4886052940467148, 0.2146566354721509, 0.003083183207326557, 0.0119691655762342, 0.09179272835660195, 0.3161439344906717, 0.3718820244604328, 0.3428545073333315, 0.00295695318585372, 0.3959557693139436, 0.08641781685946459],
  [0.4422423766384767, 0.432936119601679, 0.4667090913558908, 0.4589681807777644, 0.2396406582714402, 0.4589681807777644, 0.4387849109072339, 0.03496777661392462, 0.04434335281693542, 0.4402025411788293, 0.3574415367295537, 0.4259694032750989, 0.3642633218908252, 0.4013888906154007, 0.0835687946970811, 0.2595355002675667, 0.360453556764908, 0.4558430118691742, 0.2004686244145357, 0.002884171880759968, 0.01118828414741812, 0.08574187225895694, 0.2951604718930932, 0.3471090703662728, 0.3200873414719891, 0.002765627655493958, 0.3695647766581923, 0.08073703797218848],
  [0.0837593559827019, 0.1031400017018038, 0.03307974968219744, 0.04906204786946469, 0.5037000505099647, 0.04906204786946469, 0.09092835048866882, 0.9276174304727521, 0.9081983192654386, 0.08815833075883774, 0.2595985150542292, 0.1175770305957302, 0.2454648178733814, 0.1685337113200299, 0.827015958343295, 0.4624908014958645, 0.2535013397671347, 0.05555169408411098, 0.5848747401133134, 0.9940326449119135, 0.9768425502763478, 0.8224653993844412, 0.388695593616235, 0.2810089051732945, 0.3370581511946794, 0.9942774191586524, 0.2344794540278642, 0.832845145168347] 
  ],
 "analysis":{
   "authors":"Sergei L Kosakovsky Pond",
   "citation":"*Gene-wide identification of episodic selection*, Mol Biol Evol. 32(5):1365-71",
   "contact":"spond@temple.edu",
   "info":"BUSTED (branch-site unrestricted statistical test of episodic diversification) uses a random effects branch-site model fitted \njointly to all or a subset of tree branches in order to test for alignment-wide evidence of episodic diversifying selection. \nAssuming there is evidence of positive selection (i.e. there is an omega > 1),  BUSTED will also perform a quick evidence-ratio \nstyle analysis to explore which individual sites may have been subject to selection. v2.0 adds support for synonymous rate variation, \nand relaxes the test statistic to 0.5 (chi^2_0 + chi^2_2). Version 2.1 adds a grid search for the initial starting point.\nVersion 2.2 changes the grid search to LHC, and adds an initial search phase to use adaptive Nedler-Mead. Version 3.0 implements the option\nfor branch-site variation in synonymous substitution rates. Version 3.1 adds HMM auto-correlation option for SRV, and binds SRV distributions for multiple branch sets\n",
   "requirements":"in-frame codon alignment and a phylogenetic tree (optionally annotated with {})",
   "version":"3.1"
  },
 "background":0,
 "branch attributes":{
   "0":{
     "CD52_AILME":{
       "MG94xREV with separate rates for branch sets":0.06541971952803242,
       "Nucleotide GTR":0.0591725975750494,
       "constrained":0.06787193357850073,
       "original name":"CD52_AILME",
       "unconstrained":0.06840662246877841
      },
     "CD52_BOVIN":{
       "MG94xREV with separate rates for branch sets":0.03160580819201714,
       "Nucleotide GTR":0.02735943937903694,
       "constrained":0.03308668856810193,
       "original name":"CD52_BOVIN",
       "unconstrained":0.03322960130682658
      },
     "CD52_CANFA":{
       "MG94xREV with separate rates for branch sets":0.02410511189018266,
       "Nucleotide GTR":0.02750902771768859,
       "constrained":0.02316371894654294,
       "original name":"CD52_CANFA",
       "unconstrained":0.02351894119493428
      },
     "CD52_ERIEU":{
       "MG94xREV with separate rates for branch sets":0.1418743704780106,
       "Nucleotide GTR":0.1243594524719872,
       "constrained":0.1501368912339252,
       "original name":"CD52_ERIEU",
       "unconstrained":0.1539247652770918
      },
     "CD52_FELCA":{
       "MG94xREV with separate rates for branch sets":0.03939327267311519,
       "Nucleotide GTR":0.03335840257493444,
       "constrained":0.04021837859867393,
       "original name":"CD52_FELCA",
       "unconstrained":0.04030544891346921
      },
     "CD52_GGOR":{
       "MG94xREV with separate rates for branch sets":5.007706418063894e-17,
       "Nucleotide GTR":6.043884993296184e-17,
       "constrained":0,
       "original name":"CD52_GGOR",
       "unconstrained":0
      },
     "CD52_HORSE":{
       "MG94xREV with separate rates for branch sets":0.03988809600902544,
       "Nucleotide GTR":0.03649446937658357,
       "constrained":0.03900977505445785,
       "original name":"CD52_HORSE",
       "unconstrained":0.03924854059192827
      },
     "CD52_HUMAN":{
       "MG94xREV with separate rates for branch sets":0,