{
 "Evidence Ratios":{
   "constrained":    [
[0.9196146149299519, 0.9453686802229913, 0.9595557152867971, 0.9595557152867971, 1.374273448857136, 0.9595557152867971, 0.9180348434389599, 0.9754249598719772, 1.363643006706514, 0.98235334079166, 0.9180348434389599, 0.938924181647143, 1.291724253369479, 1.365708794112895, 0.934455863902832, 0.9196146149299519, 1.26251867210547, 1.906591118561843, 0.9180348434389599, 0.9429568780539073, 0.9506594258530021, 0.9270767487246169, 1.32540957402632, 0.9453686802229913, 0.9261796751394893, 0.9270767487246169, 0.9270767487246169, 0.9227275223006207, 0.9538071810058804, 1.294640252897706, 0.9261796751394893, 0.9388911034298668, 2.01419276169185, 0.9270767487246169, 0.9392057649318708, 0.9453686802229913, 0.9270767487246169, 0.9270767487246169, 0.9506594258530021, 0.9270767487246169, 0.9473504557547109, 0.9880182607617206, 0.9671681822521299, 0.9880182607617206, 0.9861050978371616, 0.9506594258530021, 0.9426092395726637, 0.9538071810058804, 0.9303927961910009, 0.9538071810058804, 0.9343688730909602, 0.8814651358952046] 
    ],
   "optimized null":    [
[0.98027751497584, 1.014485738905794, 0.9923036772423599, 0.9923036772423599, 0.8602720692820929, 0.9923036772423599, 0.9865573323070641, 1.024706910747135, 1.140638489599781, 1.034568309897452, 0.9865573323070641, 1.019405226257413, 1.044868142023515, 1.028415955978104, 1.019194640195429, 0.98027751497584, 1.096241871161479, 1.189009820905193, 0.9865573323070641, 0.9943989093015955, 1.005144692120058, 0.9872788193296738, 1.048456262453767, 1.014485738905794, 1.009312046880937, 0.9872788193296738, 0.9872788193296738, 1.006269140750989, 0.994165577558537, 1.083687938809245, 1.009312046880937, 1.005358736587977, 1.387951756724619, 0.9872788193296738, 1.004508435794233, 1.014485738905794, 0.9872788193296738, 0.9872788193296738, 1.005144692120058, 0.9872788193296738, 1.023520688341977, 0.9975653961400723, 0.9971222803694475, 0.9975653961400723, 0.9980328354622223, 1.005144692120058, 0.9952962894071899, 0.994165577558537, 0.7697128378480281, 0.994165577558537, 1.012921958793674, 0.740469588846735] 
    ]
  },
 "Site Log Likelihood":{
   "constrained":    [
[-4.346627860850653, -3.836183858574244, -3.255887808356031, -3.255887808356031, -12.70016400933798, -3.255887808356031, -4.557589819832705, -3.688660732543553, -9.764161604648478, -4.073668355529894, -4.557589819832705, -5.33713384293996, -8.965746099846678, -9.0853297247917, -5.312103296493302, -4.346627860850653, -8.595360846032447, -15.93163172398748, -4.557589819832705, -3.444151456307598, -4.236016134717733, -3.374823271576528, -10.44412162827321, -3.836183858574244, -4.904505242822442, -3.374823271576528, -3.374823271576528, -5.71250193687221, -2.746451258170235, -9.018452227561383, -4.904505242822442, -3.451536388871003, -14.44593528368989, -3.374823271576528, -3.875400868502127, -3.836183858574244, -3.374823271576528, -3.374823271576528, -4.236016134717733, -3.374823271576528, -5.185654777128855, -3.174691355833144, -4.706732965742362, -3.174691355833144, -2.65534215972703, -4.236016134717733, -3.020333108614664, -2.746451258170235, -9.002280500309851, -2.746451258170235, -4.899158595256378, -8.267546828262946] 
    ],
   "optimized null":    [
[-4.410508885508533, -3.906745971265543, -3.289446614283961, -3.289446614283961, -12.23173223856813, -3.289446614283961, -4.629575914775619, -3.737949410173671, -9.585589988988954, -4.125456821193375, -4.629575914775619, -5.419373735401749, -8.75365884102311, -8.801675879470448, -5.398906926320659, -4.410508885508533, -8.454140023732629, -15.45943570865785, -4.629575914775619, -3.497269346543721, -4.291747040833755, -3.437739408116868, -10.20971896021958, -3.906745971265543, -4.990461229421254, -3.437739408116868, -3.437739408116868, -5.799172805143301, -2.787893493301071, -8.840589350237783, -4.990461229421254, -3.519936595805947, -14.07354588718122, -3.437739408116868, -3.942619863539892, -3.906745971265543, -3.437739408116868, -3.437739408116868, -4.291747040833755, -3.437739408116868, -5.262989301192637, -3.184307882358953, -4.737233974500081, -3.184307882358953, -2.667365397741156, -4.291747040833755, -3.074721763083096, -2.787893493301071, -8.812691149265767, -2.787893493301071, -4.979881757516514, -8.093245942552185] 
    ],
   "unconstrained":    [
[-4.430428454366754, -3.892364148344495, -3.297172706575927, -3.297172706575927, -12.38223881870353, -3.297172706575927, -4.643109753098795, -3.713542779206649, -9.454001804771728, -4.091472573369578, -4.643109753098795, -5.400154389693546, -8.709768143449491, -8.773656167838832, -5.379894179333665, -4.430428454366754, -8.362252174187926, -15.2863148311808, -4.643109753098795, -3.502886182170671, -4.286615537426963, -3.450542195836737, -10.16240010412775, -3.892364148344495, -4.981192272352531, -3.450542195836737, -3.450542195836737, -5.792923233709241, -2.793745002478384, -8.760219367992802, -4.981192272352531, -3.514592166158223, -13.74571678310367, -3.450542195836737, -3.938121560299084, -3.892364148344495, -3.450542195836737, -3.450542195836737, -4.286615537426963, -3.450542195836737, -5.239740961948965, -3.186745454685865, -4.740115842726679, -3.186745454685865, -2.669334499688312, -4.286615537426963, -3.079436570935115, -2.793745002478384, -9.074428920818496, -2.793745002478384, -4.967042574908029, -8.393716657073938] 
    ]
  },