{
 "Evidence Ratios":{
  },
 "Site Log Likelihood":{
   "unconstrained":    [
[-11.09888302843167, -18.95306203342083, -18.21997407415438, -12.54664563951998, -14.40694760198834, -24.86880611767344, -25.92125113728862, -17.35398115916209, -20.6229518973919, -14.25000327841313, -22.50217369082883, -11.88776366986517, -18.52412157797681, -10.57614461500811, -4.896076507461834, -20.56050758186641, -19.45765322786264, -14.40005019003816, -8.849768524741922, -17.65354297785228, -19.18611082258964, -25.66899602533557, -10.20151030889861, -20.56403093477924, -23.73222544838038, -13.35465787290917, -16.14172693097959, -16.11184312572009, -16.35698836521659, -8.355281706282872, -14.18210877327413, -8.661422277001128, -16.99403313800639, -10.05787899552242, -4.652741460835649, -4.934992378461726, -30.84551244827209, -16.39361123787011, -22.77289258788633, -19.37995553724399, -29.94080047430259, -5.146059062508137, -9.027414017430477, -12.23761337274744, -12.87158122986542, -11.56676557562703, -5.612095997670879, -7.97526023700906, -11.13316330232706, -5.34708074938153, -13.55228806506264, -9.670466875759903, -4.658005572818236, -15.27575622161376, -4.372417249705724, -5.412755446618177, -22.92192062515608, -15.21603952610567, -18.74409501309489, -4.372417249705724, -8.922918086930439, -15.51502661588396, -5.396302588027681, -11.9118579636604, -7.914917772117857, -15.019361534948, -16.46133852152732, -14.45760836310313, -5.34708074938153, -13.15251152427478, -13.7943888693184, -12.87576551251062, -17.38441688687796, -9.356845642420494, -9.490331985293249, -5.146059062508137, -5.396302588027681, -5.849519505171847, -4.934992378461726, -8.853487649412084, -11.32967594353836, -8.919274807207916, -13.0694120406202, -4.372417249705724, -5.146059062508137, -5.849519505171847, -8.121469107220625, -12.54928920311685, -7.075268020606136, -4.822343817173134, -5.647729839354084, -12.874247969455, -6.457323549543568, -5.918434887459865, -15.03929323896836, -15.93622223536886, -4.649999225543414, -15.52038164127035, -8.136463419969777, -9.203090475428974, -14.18911510477333, -6.040049814329834, -20.4323980930914, -5.298779767763705] 
    ]
  },
 "Synonymous site-posteriors":  [
[0.2903822577742327, 0.0005866552134901086, 0.004300489430748314, 0.06852460378985609, 0.03628771431013629, 9.209483740181548e-06, 0.0005204258914033503, 0.004066602238037267, 6.408560890882207e-05, 0.08251776886697676, 7.960437234210424e-07, 0.3973885312632338, 0.01044414903585369, 0.0583183037242279, 0.8562631951767027, 7.920573564691179e-05, 0.0005636761022981272, 0.02093497711204486, 0.3602432563613129, 0.01827412209407819, 2.346863679176213e-05, 4.731176321737657e-07, 0.8192387235179412, 0.003609327040749164, 1.046660542150954e-05, 0.05166118048352618, 0.004615200729539855, 0.0003921324109721687, 0.01073761811032685, 0.4199676802515529, 0.01165431115251758, 0.3723445072665557, 0.03321329713212161, 0.7661674415231694, 0.7917825248628423, 0.8829103372712529, 1.265858519691302e-08, 0.01961436678813297, 5.88487840895603e-05, 0.0002347660565037572, 2.239086760391348e-08, 0.8357902364316843, 0.3469879304313321, 0.04994307328330369, 0.04322205884231909, 0.0506200795986951, 0.7932439430277446, 0.2474332037269144, 0.08237720603812936, 0.8793265966563513, 0.0640407770745625, 0.2245562964720245, 0.8545066481508473, 0.0009119036264011086, 0.8151386605329921, 0.8517048168878475, 1.028664149627603e-05, 0.002076962131032682, 0.0007119247824053043, 0.8151386605329921, 0.3224050542781883, 0.001629713002116822, 0.5951519638590081, 0.0424152841401327, 0.4464728827257121, 0.004036416868547175, 0.01104842339789594, 0.001719413521696921, 0.8793265966563513, 0.01710035040333, 0.01165360976808738, 0.2385293769270798, 0.005934785390030786, 0.6890064117781137, 0.4872333260106139, 0.8357902364316843, 0.5951519638590081, 0.9062422912055877, 0.8829103372712529, 0.3260241348330132, 0.0477108230849353, 0.4437633311934011, 0.09500022027760611, 0.8151386605329921, 0.8357902364316843, 0.9062422912055877, 0.6197712990541933, 0.07659032753068613, 0.291291875966104, 0.6884317453884682, 0.8703106255005175, 0.03365212489013094, 0.8512837386603995, 0.7921925181317782, 0.004258872492330136, 0.03308311664209856, 0.7040196128192623, 0.006255088713014987, 0.228357871825827, 0.2399865829580184, 0.0008741114310800103, 0.8822141416396169, 5.674300028213744e-05, 0.7337399829975871],
  [0.01470742748925727, 0.3138193132834711, 0.03184290894731059, 0.04508018369731845, 0.01559171782989187, 0.7205298938940284, 0.06215363456185233, 0.03109941096093111, 0.1538670945023414, 0.01828266488146124, 0.7354026326052311, 0.006462297562581745, 0.05169093796671603, 0.05590028024678984, 0.0007449978274661257, 0.3995143675061175, 0.2973054740089697, 0.03806923752337532, 0.01308060849148873, 0.0221088558098809, 0.3328200583332408, 0.688954019294115, 0.0001595138184227867, 0.04118973880228712, 0.503647828981188, 0.06520253738905016, 0.1604906486766246, 0.2640176415753905, 0.03472331838544868, 0.004422664869701857, 0.06182724416329051, 0.007984774637464264, 0.0269294724769806, 0.0004027645030262135, 0.001587764748653458, 0.0004721419872342774, 0.9392885585823851, 0.02071452652320517, 0.4109796717251811, 0.414572177183143, 0.912848936887339, 0.0006962197165743872, 0.009559517379203943, 0.05281293568394992, 0.08251200503158727, 0.04201674163338501, 0.001335975743413066, 0.02971161606636805, 0.01808263862257033, 0.0003086542577899197, 0.03502740019775158, 0.01679969717234445, 0.000775905888941374, 0.1524324847225577, 0.001572901536027454, 0.0005444454581620526, 0.5263382514846391, 0.091439202944724, 0.2361917220972597, 0.001572901536027454, 0.01337920998399209, 0.1343351362523125, 0.009684139049076222, 0.07816582889947665, 0.006714116434934553, 0.03213194255005444, 0.05562447658772846, 0.07134609153932318, 0.0003086542577899197, 0.02638185038877421, 0.03648097493372318, 0.003726455892553414, 0.1185648902803346, 0.0006540970446589702, 0.002673573151118365, 0.0006962197165743872, 0.009684139049076222, 0.0001502509902079296, 0.0004721419872342774, 0.01719287723037307, 0.05023399691292221, 0.006611850416321351, 0.01533874073787687, 0.001572901536027454, 0.0006962197165743872, 0.0001502509902079296, 0.001152622420581804, 0.0219471333913763, 0.01324337151215836, 0.004118522175744569, 0.0003695124957187983, 0.0685879785167756, 0.0004940724248352639, 0.001039545732333071, 0.1774783834975757, 0.05286657450532872, 0.003636259049092696, 0.0974804881419388, 0.02344119306208377, 0.02491738592289178, 0.2487306474997595, 0.0002663903866016864, 0.4276891356144415, 0.002472978539553989],
