{
 "Evidence Ratios":{
  },
 "Site Log Likelihood":{
   "unconstrained":    [
[-6.389100800060858, -14.1150955901298, -16.25020613321186, -25.88307695596862, -24.08536756834537, -6.590639534279901, -11.1045171210067, -7.55210985846859, -25.56934464486249, -31.35246118218641, -25.73004164039247, -31.29008370650964, -9.739474795445659, -15.38141258008965, -12.75737462349466, -5.098467629348112, -6.729956975259078, -4.309098888582777, -6.729956975259078, -4.310374166912129, -3.629450674927289, -9.822355652659891, -9.707605647335862, -22.06134903002143, -15.65893907701542, -20.74852797234586, -33.26289099176751, -12.37164242879918, -15.36140318232692, -20.89034187919306, -16.51319203370167, -27.75936286422417, -23.21567694066351, -19.43449137847866, -33.95223268828079, -40.34199144265603, -22.0315082881415, -27.25870114550165, -13.31224530350039, -23.64218648997831, -29.06429566902084, -32.97080881912405, -35.51567799221411, -4.835521181987158, -4.108622408285775, -6.752553702182746, -7.685945184105682, -4.072917316660784, -4.505758129934026, -5.421673651903869, -3.865031126702074, -3.426356065089332, -3.397268308219374, -4.835521181987158, -4.402806751610805, -4.557297355639227, -3.089216708694456, -3.118304465564413, -4.505758129934026, -4.505758129934026, -4.835521181987158, -3.127549145054928, -4.405662711164247, -3.27230320175599, -7.549855845975993, -4.424424840095964, -5.818582516467877, -5.098467629348112, -3.233762337191461, -3.582524952158664, -3.127549145054928, -5.122866731869466, -4.557297355639227, -4.757933624153076] 
    ]
  },
 "Synonymous site-posteriors":  [
[0.01113681568712739, 0.126898732843632, 0.8444952254936186, 0.999305144084061, 0.9954621418432339, 0.07868209459504738, 0.01710172767815522, 0.003577738037313083, 0.9971766544428777, 0.9999739290341071, 0.9932650371973759, 0.9997008312419933, 0.06250535390187002, 0.9247424174629153, 0.006518650590277173, 0.6003870630528541, 0.9014153736918894, 0.6069030198217228, 0.9014153736918897, 0.6092274128649855, 0.6176272569741899, 0.04531686168913009, 0.1236008115367533, 0.9493037851756096, 0.1023116169791501, 0.9744897999872228, 0.9974312525666331, 0.0147618361342719, 0.561921461023281, 0.3442410759182657, 0.7648115434090534, 0.9991260759666251, 0.9951508981066022, 0.9851140030553026, 0.9999539567459398, 0.9999995537363952, 0.9873294057373223, 0.9752130943828833, 0.3308857872239874, 0.9988110119751233, 0.9721203684998379, 0.9999673520665985, 0.9998226412957252, 0.6654886691983205, 0.5986285423796459, 0.8988347168973476, 0.897849897843811, 0.6117930316527972, 0.6654886691983201, 0.6654886691983202, 0.6654886691983199, 0.6654886691983206, 0.6654886691983202, 0.6654886691983207, 0.6654886691983205, 0.6654886691983198, 0.6654886691983193, 0.6654886691983196, 0.6654886691983201, 0.6654886691983201, 0.6654886691983207, 0.6654886691983202, 0.6166072697732355, 0.6268964461183497, 0.9095034477816131, 0.5963123148840381, 0.5833301672617555, 0.6003870630528541, 0.6269542910453804, 0.6226722448902787, 0.6654886691983203, 0.6654886691983203, 0.6654886691983195, 0.6654886691983194],
  [0.9888631843128727, 0.873101267156368, 0.1555047745063814, 0.0006948559159389877, 0.004537858156766116, 0.9213179054049526, 0.9828982723218449, 0.9964222619626868, 0.00282334555712218, 2.607096589290395e-05, 0.00673496280262399, 0.0002991687580068027, 0.9374946460981299, 0.07525758253708466, 0.9934813494097228, 0.399612936947146, 0.09858462630811053, 0.3930969801782771, 0.09858462630811042, 0.3907725871350144, 0.3823727430258101, 0.9546831383108699, 0.8763991884632466, 0.05069621482439027, 0.89768838302085, 0.02551020001277706, 0.002568747433366925, 0.9852381638657282, 0.4380785389767189, 0.6557589240817342, 0.2351884565909466, 0.0008739240333748503, 0.004849101893397778, 0.01488599694469747, 4.604325406011898e-05, 4.462636047773848e-07, 0.01267059426267775, 0.02478690561711674, 0.6691142127760127, 0.001188988024876717, 0.02787963150016215, 3.264793340144001e-05, 0.0001773587042746912, 0.3345113308016796, 0.401371457620354, 0.1011652831026524, 0.1021501021561891, 0.3882069683472029, 0.3345113308016799, 0.3345113308016798, 0.3345113308016801, 0.3345113308016793, 0.3345113308016797, 0.3345113308016792, 0.3345113308016794, 0.3345113308016801, 0.3345113308016807, 0.3345113308016803, 0.3345113308016799, 0.3345113308016799, 0.3345113308016792, 0.3345113308016798, 0.3833927302267643, 0.3731035538816503, 0.09049655221838693, 0.4036876851159619, 0.4166698327382446, 0.399612936947146, 0.3730457089546196, 0.3773277551097214, 0.3345113308016796, 0.3345113308016798, 0.3345113308016805, 0.3345113308016806],
  [0, 0, 0, 0, 0, 0, 0, 0, 0, 0, 0, 0, 0, 0, 0, 0, 0, 0, 0, 0, 0, 0, 0, 0, 0, 0, 0, 0, 0, 0, 0, 0, 0, 0, 0, 0, 0, 0, 0, 0, 0, 0, 0, 0, 0, 0, 0, 0, 0, 0, 0, 0, 0, 0, 0, 0, 0, 0, 0, 0, 0, 0, 0, 0, 0, 0, 0, 0, 0, 0, 0, 0, 0, 0] 
  ],
 "analysis":{
   "authors":"Sergei L Kosakovsky Pond",
   "citation":"*Gene-wide identification of episodic selection*, Mol Biol Evol. 32(5):1365-71",
   "contact":"spond@temple.edu",
   "info":"BUSTED (branch-site unrestricted statistical test of episodic diversification) uses a random effects branch-site model fitted \njointly to all or a subset of tree branches in order to test for alignment-wide evidence of episodic diversifying selection. \nAssuming there is evidence of positive selection (i.e. there is an omega > 1),  BUSTED will also perform a quick evidence-ratio \nstyle analysis to explore which individual sites may have been subject to selection. v2.0 adds support for synonymous rate variation, \nand relaxes the test statistic to 0.5 (chi^2_0 + chi^2_2). Version 2.1 adds a grid search for the initial starting point.\nVersion 2.2 changes the grid search to LHC, and adds an initial search phase to use adaptive Nedler-Mead. Version 3.0 implements the option\nfor branch-site variation in synonymous substitution rates. Version 3.1 adds HMM auto-correlation option for SRV, and binds SRV distributions for multiple branch sets\n",
   "requirements":"in-frame codon alignment and a phylogenetic tree (optionally annotated with {})",
   "version":"3.1"
  },
 "background":0,
 "branch attributes":{
   "0":{
     "4930432K09RIK_MOUSE":{
       "MG94xREV with separate rates for branch sets":0.04973505425880741,
       "Nucleotide GTR":0.04885734081072055,
       "original name":"4930432K09RIK_MOUSE",
       "unconstrained":0.05225535155430731
      },
     "C4ORF40_AILME":{
       "MG94xREV with separate rates for branch sets":0.07370722992302896,
       "Nucleotide GTR":0.07445837172534918,
       "original name":"C4ORF40_AILME",
       "unconstrained":0.08189024677829444
      },
     "C4ORF40_CANFA":{
       "MG94xREV with separate rates for branch sets":0.1399946344833097,
       "Nucleotide GTR":0.1367702600366113,
       "original name":"C4ORF40_CANFA",
       "unconstrained":0.1572585648186245
      },
     "C4ORF40_DASNO":{
       "MG94xREV with separate rates for branch sets":0.10585409065153,
       "Nucleotide GTR":0.1001707631104089,
       "original name":"C4ORF40_DASNO",
       "unconstrained":0.1143596651212137
      },
     "C4ORF40_ERIEU":{
       "MG94xREV with separate rates for branch sets":0.1580077559226138,
       "Nucleotide GTR":0.1521745435001124,
       "original name":"C4ORF40_ERIEU",
       "unconstrained":0.1779578244496002
      },
     "C4ORF40_GGOR":{
       "MG94xREV with separate rates for branch sets":0,
       "Nucleotide GTR":0,
       "original name":"C4ORF40_GGOR",
       "unconstrained":0
      },
     "C4ORF40_HUMAN":{
       "MG94xREV with separate rates for branch sets":0.009568030676355989,
       "Nucleotide GTR":0.009150314882004792,
       "original name":"C4ORF40_HUMAN",
       "unconstrained":0.0103050652001148
      },
     "C4ORF40_LAMPA":{
       "MG94xREV with separate rates for branch sets":0.0587010734187483,
       "Nucleotide GTR":0.0574733860315543,
       "original name":"C4ORF40_LAMPA",
       "unconstrained":0.06448171682349838
      },