{
 "Evidence Ratios":{
  },
 "Site Log Likelihood":{
   "unconstrained":    [
[-16.94788247386136, -8.939650877389518, -19.31928998134742, -5.747078516834892, -22.39672349877214, -14.38552081695555, -19.63346798669118, -26.02756274254067, -21.16418998276113, -12.54089417844166, -29.55594927979839, -12.0511267051785, -16.38098642667988, -20.72065499415111, -9.193703714989045, -31.40826502838129, -27.70115998557149, -28.82058100111638, -10.49487456294053, -10.51879399959028, -9.358656530547202, -16.92457394234469, -20.08622256981539, -11.51308207328043, -12.50866265426041, -23.91456125157283, -26.17841470887492, -10.2825852082322, -11.3619943584586, -27.90245545931528, -15.98468177212809, -12.68186631435742, -14.09568762244557, -7.651456570393771, -12.20456273585714, -14.17024088014165, -16.2581226335603, -9.832786425244429, -11.15359288013168, -6.467668084576613, -15.93004738462617, -7.140427933078701, -9.899780097148929, -23.57618327940716, -21.33003477008972, -6.428505525346027, -15.74842881504204, -29.24137135124509, -12.37333244973668, -11.66675341541871, -25.31018082072417, -17.58199875347935, -15.52030224313434, -10.2524763137875, -22.85010557488639] 
    ]
  },
 "Synonymous site-posteriors":  [
[0.4441562674986334, 0.7064971462168823, 0.008534353175277369, 0.7157446986644677, 0.31003873639761, 0.7206265893714097, 0.4929597290700226, 0.0001565405190769055, 0.7057831445509927, 0.5951801250595694, 0.006482431562539121, 0.6393018520028153, 0.7002863605789842, 0.6584944002223151, 0.731099950047586, 0.01162055342399488, 6.634470416545297e-05, 0.001295447511926104, 0.7253753348696009, 0.6099831107564875, 0.7341822586100148, 0.6757574863685712, 0.6575631800449481, 0.7280354850609735, 0.7156094964065822, 0.003913081041417013, 0.04422421559494413, 0.7169836765294409, 0.7330970635340682, 0.01171687822449374, 0.6265961121516992, 0.7111401139004977, 0.4299234460789912, 0.7347655597357918, 0.6501550673972277, 0.6721632274687721, 0.7185818836551282, 0.6538914332885908, 0.718098865420651, 0.728259921129555, 0.7039939927731867, 0.7229400059995987, 0.7182927453561324, 0.003733308275737732, 0.06411689326993954, 0.7118194933378219, 0.7138106313526056, 0.003331782825969324, 0.6105552997077422, 0.6838958426758533, 0.1227501590862553, 0.4476393571086802, 0.6863682595741062, 0.7306708794417733, 0.0005100778954696423],
  [0.1846064056707233, 0.2751101945218211, 0.004023547357052994, 0.2704048011690054, 0.1396284496617104, 0.278103862810432, 0.2170430753084005, 8.218526160353117e-05, 0.2797417988680505, 0.2436832625787972, 0.002994493788677849, 0.2564877130054767, 0.2866689707012685, 0.2530691022267376, 0.2674697569033225, 0.005434855580996065, 3.415979059339225e-05, 0.0006510067100664835, 0.2704308312798558, 0.249619665619764, 0.2649271532143343, 0.2613002271040218, 0.2676829799688312, 0.271308605308533, 0.2805219631950271, 0.001731899011147346, 0.01972488691493532, 0.2776400031852748, 0.2657210472231682, 0.005531348648209641, 0.2597560082240979, 0.2786950975005328, 0.1817883122878347, 0.2638568687212171, 0.2628288393727777, 0.2776472137447243, 0.2761598264157196, 0.2614701484482068, 0.2789915033713492, 0.2683495422774893, 0.2733999097549423, 0.2688673568955193, 0.2750757965735994, 0.001800616902170906, 0.02788550601288718, 0.2745295899468965, 0.2811672692819408, 0.00152237399043426, 0.2529307971236609, 0.2772767715148435, 0.05531440013507801, 0.1936786202283086, 0.2772158657835508, 0.2685468110541889, 0.0002418563035511308],
  [0.3712373268306433, 0.01839265926129662, 0.9874420994676697, 0.01385050016652688, 0.5503328139406795, 0.001269547818158393, 0.2899971956215769, 0.9997612742193195, 0.01447505658095703, 0.1611366123616334, 0.990523074648783, 0.1042104349917082, 0.01304466871974725, 0.08843649755094739, 0.001430293049091587, 0.982944590995009, 0.9998994955052413, 0.9980535457780074, 0.004193833850543336, 0.1403972236237485, 0.0008905881756508994, 0.06294228652740698, 0.0747538399862208, 0.0006559096304935787, 0.003868540398390707, 0.9943550199474357, 0.9360508974901205, 0.00537632028528431, 0.001181889242763425, 0.9827517731272967, 0.113647879624203, 0.01016478859896958, 0.3882882416331741, 0.001377571542991073, 0.08701609322999469, 0.05018955878650348, 0.005258289929152332, 0.08463841826320223, 0.002909631207999627, 0.003390536592955826, 0.02260609747187087, 0.008192637104882125, 0.006631458070268185, 0.9944660748220915, 0.9079976007171733, 0.01365091671528161, 0.005022099365453558, 0.9951458431835963, 0.1365139031685967, 0.03882738580930323, 0.8219354407786668, 0.3586820226630112, 0.03641587464234296, 0.0007823095040376507, 0.9992480658009791] 
  ],
 "analysis":{
   "authors":"Sergei L Kosakovsky Pond",
   "citation":"*Gene-wide identification of episodic selection*, Mol Biol Evol. 32(5):1365-71",
   "contact":"spond@temple.edu",
   "info":"BUSTED (branch-site unrestricted statistical test of episodic diversification) uses a random effects branch-site model fitted \njointly to all or a subset of tree branches in order to test for alignment-wide evidence of episodic diversifying selection. \nAssuming there is evidence of positive selection (i.e. there is an omega > 1),  BUSTED will also perform a quick evidence-ratio \nstyle analysis to explore which individual sites may have been subject to selection. v2.0 adds support for synonymous rate variation, \nand relaxes the test statistic to 0.5 (chi^2_0 + chi^2_2). Version 2.1 adds a grid search for the initial starting point.\nVersion 2.2 changes the grid search to LHC, and adds an initial search phase to use adaptive Nedler-Mead. Version 3.0 implements the option\nfor branch-site variation in synonymous substitution rates. Version 3.1 adds HMM auto-correlation option for SRV, and binds SRV distributions for multiple branch sets\n",
   "requirements":"in-frame codon alignment and a phylogenetic tree (optionally annotated with {})",
   "version":"3.1"
  },
 "background":0,
 "branch attributes":{
   "0":{
     "ENSCPOP00000016475":{
       "MG94xREV with separate rates for branch sets":0.1510266478452005,
       "Nucleotide GTR":0.1067826794041776,
       "original name":"ENSCPOP00000016475",
       "unconstrained":0.4112739071311644
      },
     "ENSLAFP00000018989":{
       "MG94xREV with separate rates for branch sets":0.1159442619811006,
       "Nucleotide GTR":0.09662459404401344,
       "original name":"ENSLAFP00000018989",
       "unconstrained":0.4277674472191099
      },
     "ENSMODP00000038464":{
       "MG94xREV with separate rates for branch sets":0.2468016572551694,
       "Nucleotide GTR":0.1862883178429007,
       "original name":"ENSMODP00000038464",
       "unconstrained":0.7222073034819437
      },
     "ENSORLP00000020548":{
       "MG94xREV with separate rates for branch sets":0.250997251557314,
       "Nucleotide GTR":0.1462026390867337,
       "original name":"ENSORLP00000020548",
       "unconstrained":1.705759078532108
      },
     "ENSPPYP00000010513":{
       "MG94xREV with separate rates for branch sets":0.06873935449777406,
       "Nucleotide GTR":0.04547786740286318,
       "original name":"ENSPPYP00000010513",
       "unconstrained":0.1596307696937996
      },
     "ENSPVAP00000003865":{
       "MG94xREV with separate rates for branch sets":0.06802814179624268,
       "Nucleotide GTR":0.05590539321301136,
       "original name":"ENSPVAP00000003865",
       "unconstrained":0.07854515917258803
      },
     "ENSTNIP00000009002":{
       "MG94xREV with separate rates for branch sets":0.2660640497014918,
       "Nucleotide GTR":0.2063543179270033,
       "original name":"ENSTNIP00000009002",
       "unconstrained":0.8422568452335547
      },
     "ENSTTRP00000009166":{
       "MG94xREV with separate rates for branch sets":0.06372724562879013,
       "Nucleotide GTR":0.053941258817838,
       "original name":"ENSTTRP00000009166",
       "unconstrained":0.202586294364805
      },
     "NODE_11":{
       "MG94xREV with separate rates for branch sets":0.03466966070277738,