{
 "Evidence Ratios":{
  },
 "Site Log Likelihood":{
   "unconstrained":    [
[-4.785136419198655, -8.137849676828772, -13.39771790399945, -16.48979433271225, -5.01973766005835, -16.29892964703329, -15.53917853450065, -4.160969451650481, -13.68096985164702, -5.448576992006075, -5.366428478456364, -9.154324667803971, -15.61753555987494, -13.31326886543631, -33.82852982408197, -22.43409792154896, -11.10604076021174, -6.187852807199323, -17.54923272690253, -9.52733936340603, -8.48704421366188, -15.33173859630804, -5.185535298037085, -9.882785774646486, -4.267398826546917, -10.58125691422422, -6.068637646742146, -17.78353589307651, -18.47925111988835, -15.22345746587902, -8.482513489170358, -5.081182932200732, -6.148528275947091, -5.712678371373073, -5.081182932200732, -4.970635558464847, -4.160969451650481, -5.803074806588203, -8.680267278647033, -5.591017026362877, -16.30925142151784, -5.081182932200732, -12.19431313505403, -4.970635558464847, -4.363142335194205, -24.8564300104238, -4.254896110317618, -13.1028450913942, -8.504753879176514, -20.51439823049795, -5.081182932200732, -4.160969451650481, -4.363142335194205, -4.916094606199398, -23.1088691696601, -9.457030310664326, -19.05507880760677, -13.79530302404943, -24.45938405470532, -10.18614525665918, -11.84118836309719, -18.91523492449451, -4.934979615715182, -5.198285232917909, -28.74865369208955, -11.72263965163679, -8.755714026188086, -10.83667342867621, -7.782697259793137, -13.615455173189, -29.07460606896304, -21.00662034397355, -23.0580091160657, -4.458176820123035, -4.223558782792354, -3.622947893718766, -4.458176820123035] 
    ]
  },
 "Synonymous site-posteriors":  [
[0.7516222701330412, 0.01968286165322833, 0.0002275260367510919, 1.556243864148512e-06, 0.8193568208030122, 1.169556911912288e-06, 2.795867644155216e-06, 0.7061245063292232, 0.00015467959991472, 0.8141166380062832, 0.8607848639006299, 0.0179447977867827, 0.0004349828787639677, 0.0002604666517959844, 1.01767757021562e-21, 1.986977130804767e-08, 0.0001289199253443233, 0.93069754224386, 0.0003330682886721655, 0.05394809217067875, 0.02344816725634059, 1.791730766091417e-06, 0.8415335819858324, 0.03418013633434241, 0.6918363899227931, 0.0002016830968388488, 0.8770417977411796, 1.043308203051874e-08, 3.128851584340107e-08, 1.804501414593624e-06, 0.02102646496772711, 0.8430497670642296, 0.8977537930612445, 0.903633296971356, 0.8430497670642296, 0.6886469003746213, 0.7061245063292232, 0.9194956334189494, 0.01962279790853228, 0.8846341707494932, 0.0002147907629807209, 0.8430497670642296, 0.0003159338643592511, 0.6886469003746213, 0.7171839703080988, 1.605403439818395e-10, 0.6982651837735193, 0.0001785068364627484, 0.01695711775913736, 8.534817412235814e-09, 0.8430497670642296, 0.7061245063292232, 0.7171839703080988, 0.7542971900569808, 1.982203213986178e-08, 0.04689267271399812, 6.191266849608075e-07, 0.0002549033184373166, 2.13575877658933e-10, 0.04639444798292167, 0.01357070836034017, 3.645587466057847e-06, 0.853341770472834, 0.8670627455213958, 8.351750673108557e-13, 0.0001785695526484474, 0.02390917249275924, 0.04588336999133997, 0.02280364816863491, 0.0001583160613355561, 4.674338043340958e-11, 3.092640168589532e-06, 1.535325194201354e-06, 0.3025125201237657, 0.3025125201237653, 0.3025125201237656, 0.3025125201237657],
  [0.2483681981306932, 0.9802113997932935, 0.9996238359541059, 0.9989443194399703, 0.1806423646591666, 0.9965728107026277, 0.9998173593536042, 0.2938623985456417, 0.9990993857014789, 0.1858817922318285, 0.1392148660786745, 0.9818193230466226, 0.9995248095133017, 0.9994796307705364, 0.006448074133790024, 0.9988094507086697, 0.9986195646577759, 0.06930245091425542, 0.9995320541136141, 0.9460484042089397, 0.9764577864113543, 0.9992383593066564, 0.1584658964747147, 0.9658001898820412, 0.3081485676038938, 0.9995375751771441, 0.122958041250745, 0.9876847148557304, 0.9997850756180213, 0.999344935061374, 0.9788686303875633, 0.1569497806722533, 0.102246150377671, 0.09636664122434595, 0.1569497806722533, 0.3113283010379462, 0.2938623985456417, 0.08050435281389862, 0.9802554829737732, 0.1153657216649579, 0.9994695301368919, 0.1569497806722533, 0.9995807549469226, 0.3113283010379462, 0.2828060988980219, 0.9916184156583641, 0.3017209019322275, 0.999485015659006, 0.9827687036311289, 0.9741249389190785, 0.1569497806722533, 0.2938623985456417, 0.2828060988980219, 0.2456973172206147, 0.998386169813164, 0.9530942004853893, 0.9980799810060516, 0.9996097699670892, 0.9981888784790021, 0.9535965429439558, 0.9861381934298644, 0.9997709293547815, 0.1466578663429485, 0.1329370358938075, 0.8662229125607195, 0.9995556707075383, 0.975977553577821, 0.9541074620828929, 0.9771119381125343, 0.9986043810203032, 0.8181974146691199, 0.9996336600280467, 0.9982578278446933, 0.6786112622006253, 0.678611262200626, 0.6786112622006254, 0.6786112622006253],
  [9.531736265643063e-06, 0.0001057385534781496, 0.000148638009143183, 0.001054124316165464, 8.145378212610023e-07, 0.003426019740460424, 0.000179844778751634, 1.309512513512296e-05, 0.000745934698606281, 1.569761888342517e-06, 2.700206953759367e-07, 0.0002358791665947599, 4.02076079343832e-05, 0.0002599025776677211, 0.9935519258662099, 0.001190529421558979, 0.001251515416879736, 6.841884671758615e-09, 0.000134877597713804, 3.503620381758631e-06, 9.404633230507002e-05, 0.0007598489625774916, 5.215394529720449e-07, 1.967378361635621e-05, 1.504247331325742e-05, 0.0002607417260170957, 1.610080753477827e-07, 0.01231527471118765, 0.0002148930934628238, 0.0006532604372115255, 0.0001049046447096569, 4.522635170655791e-07, 5.656108446597082e-08, 6.180429801136341e-08, 4.522635170655791e-07, 2.479858743239072e-05, 1.309512513512296e-05, 1.376715206499787e-08, 0.0001217191176946126, 1.075855488609496e-07, 0.0003156791001273469, 4.522635170655791e-07, 0.0001033111887181325, 2.479858743239072e-05, 9.930793879252802e-06, 0.008381584181095499, 1.391429425307031e-05, 0.0003364775045311656, 0.0002741786097337766, 0.02587505254610391, 4.522635170655791e-07, 1.309512513512296e-05, 9.930793879252802e-06, 5.492722404600851e-06, 0.001613810364803752, 1.312680061251133e-05, 0.001919399867263564, 0.0001353267144735347, 0.001811121307422117, 9.009073122454189e-06, 0.000291098209795366, 0.0002254250577524188, 3.631842174897776e-07, 2.185847967057901e-07, 0.1337770874384454, 0.0002657597398133819, 0.0001132739294197263, 9.167925767188717e-06, 8.441371883081966e-05, 0.001237302918361288, 0.1818025852841368, 0.000363247331784681, 0.001740636830112393, 0.01887621767560893, 0.01887621767560894, 0.01887621767560889, 0.01887621767560893] 
  ],
 "analysis":{
   "authors":"Sergei L Kosakovsky Pond",
   "citation":"*Gene-wide identification of episodic selection*, Mol Biol Evol. 32(5):1365-71",
   "contact":"spond@temple.edu",
   "info":"BUSTED (branch-site unrestricted statistical test of episodic diversification) uses a random effects branch-site model fitted \njointly to all or a subset of tree branches in order to test for alignment-wide evidence of episodic diversifying selection. \nAssuming there is evidence of positive selection (i.e. there is an omega > 1),  BUSTED will also perform a quick evidence-ratio \nstyle analysis to explore which individual sites may have been subject to selection. v2.0 adds support for synonymous rate variation, \nand relaxes the test statistic to 0.5 (chi^2_0 + chi^2_2). Version 2.1 adds a grid search for the initial starting point.\nVersion 2.2 changes the grid search to LHC, and adds an initial search phase to use adaptive Nedler-Mead. Version 3.0 implements the option\nfor branch-site variation in synonymous substitution rates. Version 3.1 adds HMM auto-correlation option for SRV, and binds SRV distributions for multiple branch sets\n",
   "requirements":"in-frame codon alignment and a phylogenetic tree (optionally annotated with {})",
   "version":"3.1"
  },
 "background":0,