{
 "Evidence Ratios":{
  },
 "Site Log Likelihood":{
   "unconstrained":    [
[-29.07046493501322, -7.835805214361812, -33.85252878054516, -26.85314902363975, -21.01303888305703, -31.61233066726501, -15.94399352961219, -40.80807509701101, -14.82477989189047, -20.66354332132855, -6.512539901360187, -40.66674914518849, -15.03203694853784, -19.4075259714748, -25.39571035557215, -40.64337925353319, -15.38205264179567, -20.00753236503646, -18.60055050288781, -17.5393103336892, -40.38754224925132, -27.7771913075707, -35.50872174293228, -18.72589601607445, -22.12407528121051, -21.09904245579335, -6.400969694517729, -18.92919817421229, -21.76103499214586, -18.69831702380291, -13.25546317782204, -13.34689160429496, -8.749244407853542, -30.9489836567844, -40.81876818563835, -14.55213927707803, -24.72962051489758, -25.88224130700032, -8.912851657756704, -19.14035736696035, -19.81293811618871, -14.68530019625583, -32.12097486972998, -34.42481178225928, -12.08954898922089, -24.18692464664498, -12.15750516558315, -26.73098139693393, -21.88561395793826, -5.081934151413007, -31.11543042554546, -26.44451856375092, -28.4284900561783, -22.26912663639978, -22.03269980925846, -12.73147309437059, -8.62738915663758, -9.126859224577997, -28.56806186855621, -20.00422050690003, -21.14296301168882, -7.493570769234508, -30.38629719262012, -34.02145719292391, -42.18729004202554, -46.14930938425772, -24.48966267271304, -48.81262893082494, -29.56453611261081] 
    ]
  },
 "Synonymous site-posteriors":  [
[0.8231495907244147, 0.9263204672218963, 0.147724069732064, 0.3318781372512852, 0.58764250869045, 0.9414846104233467, 0.9144650660274787, 0.01638950188180992, 0.7048463012934209, 0.731785233406018, 0.9529040690255344, 0.1731174263074878, 0.8499453105445333, 0.9833010633244313, 0.8250089002734148, 0.01129495840981596, 0.4688608767433667, 0.7102768595412801, 0.7347013687373997, 0.5415874680600561, 0.01387895547068037, 0.3850151849695518, 0.06946717407255183, 0.7203386343454377, 0.9945445100874934, 0.5631658096026032, 0.9537474930536335, 0.7604172904709177, 0.5796626601225697, 0.1756271653125934, 0.9018868746640556, 0.8809955347874115, 0.8333766952286259, 0.1224564163180999, 0.002572960812645519, 0.9983663108059332, 0.2217476927222158, 0.6625252298361275, 0.8711661830823506, 0.6128321413712112, 0.4368727793676251, 0.9287066727247417, 0.07297249790504305, 0.1743998860086642, 0.6692728296148814, 0.2477407754519229, 0.9233158062211757, 0.3499055769111593, 0.7750535162668908, 0.594921971866022, 0.1336195173323361, 0.139802497618783, 0.1208751224157828, 0.7185203482427699, 0.7046728261784396, 0.6361395166401718, 0.8549665824666949, 0.8127312813343175, 0.06249047250359236, 0.3963736062165245, 0.5148644968908503, 0.970289166067514, 0.02484519222437753, 0.1337149626239692, 0.004670848952752459, 0.05456122498660116, 0.06446489789517851, 0.001528882565680711, 0.2614341164606999],
  [0, 0, 0, 0, 0, 0, 0, 0, 0, 0, 0, 0, 0, 0, 0, 0, 0, 0, 0, 0, 0, 0, 0, 0, 0, 0, 0, 0, 0, 0, 0, 0, 0, 0, 0, 0, 0, 0, 0, 0, 0, 0, 0, 0, 0, 0, 0, 0, 0, 0, 0, 0, 0, 0, 0, 0, 0, 0, 0, 0, 0, 0, 0, 0, 0, 0, 0, 0, 0],
  [0.1768504092755852, 0.07367953277810368, 0.8522759302679359, 0.6681218627487147, 0.4123574913095501, 0.05851538957665325, 0.08553493397252133, 0.9836104981181901, 0.295153698706579, 0.2682147665939821, 0.0470959309744657, 0.8268825736925121, 0.1500546894554668, 0.01669893667556874, 0.1749910997265851, 0.988705041590184, 0.5311391232566333, 0.2897231404587199, 0.2652986312626003, 0.4584125319399439, 0.9861210445293196, 0.6149848150304483, 0.9305328259274481, 0.2796613656545623, 0.005455489912506568, 0.4368341903973966, 0.04625250694636654, 0.2395827095290824, 0.4203373398774302, 0.8243728346874065, 0.09811312533594432, 0.1190044652125884, 0.1666233047713742, 0.8775435836819001, 0.9974270391873545, 0.001633689194066931, 0.7782523072777842, 0.3374747701638726, 0.1288338169176495, 0.3871678586287888, 0.5631272206323749, 0.07129332727525826, 0.927027502094957, 0.8256001139913357, 0.3307271703851186, 0.7522592245480771, 0.07668419377882425, 0.6500944230888408, 0.2249464837331092, 0.4050780281339779, 0.8663804826676638, 0.8601975023812169, 0.8791248775842173, 0.2814796517572301, 0.2953271738215605, 0.3638604833598283, 0.1450334175333051, 0.1872687186656824, 0.9375095274964077, 0.6036263937834757, 0.4851355031091495, 0.02971083393248598, 0.9751548077756226, 0.8662850373760309, 0.9953291510472475, 0.9454387750133987, 0.9355351021048216, 0.9984711174343193, 0.7385658835393001] 
  ],
 "analysis":{
   "authors":"Sergei L Kosakovsky Pond",
   "citation":"*Gene-wide identification of episodic selection*, Mol Biol Evol. 32(5):1365-71",
   "contact":"spond@temple.edu",
   "info":"BUSTED (branch-site unrestricted statistical test of episodic diversification) uses a random effects branch-site model fitted \njointly to all or a subset of tree branches in order to test for alignment-wide evidence of episodic diversifying selection. \nAssuming there is evidence of positive selection (i.e. there is an omega > 1),  BUSTED will also perform a quick evidence-ratio \nstyle analysis to explore which individual sites may have been subject to selection. v2.0 adds support for synonymous rate variation, \nand relaxes the test statistic to 0.5 (chi^2_0 + chi^2_2). Version 2.1 adds a grid search for the initial starting point.\nVersion 2.2 changes the grid search to LHC, and adds an initial search phase to use adaptive Nedler-Mead. Version 3.0 implements the option\nfor branch-site variation in synonymous substitution rates. Version 3.1 adds HMM auto-correlation option for SRV, and binds SRV distributions for multiple branch sets\n",
   "requirements":"in-frame codon alignment and a phylogenetic tree (optionally annotated with {})",
   "version":"3.1"
  },
 "background":0,
 "branch attributes":{
   "0":{
     "LOC100391326_CALJA":{
       "MG94xREV with separate rates for branch sets":0.09296344343334302,
       "Nucleotide GTR":0.08881893984114912,
       "original name":"LOC100391326_CALJA",
       "unconstrained":0.09628085741693218
      },
     "NODE_12":{
       "MG94xREV with separate rates for branch sets":0.02634630496852117,
       "Nucleotide GTR":0.01443751046073638,
       "unconstrained":0.03073684211629003
      },
     "NODE_15":{
       "MG94xREV with separate rates for branch sets":0.006805678855741365,
       "Nucleotide GTR":0.005179517263822906,
       "unconstrained":0.007389139987941143
      },
     "NODE_18":{
       "MG94xREV with separate rates for branch sets":0.004914356567207468,
       "Nucleotide GTR":0.004945692314347165,
       "unconstrained":0.004905496013446163
      },
     "NODE_23":{
       "MG94xREV with separate rates for branch sets":0.04354161817456742,
       "Nucleotide GTR":0.05958035225739834,
       "unconstrained":0.04233843560974974
      },
     "NODE_24":{
       "MG94xREV with separate rates for branch sets":0.01095107426039554,
       "Nucleotide GTR":0.01058215789416925,
       "unconstrained":0.009056047524196214
      },
     "NODE_27":{
       "MG94xREV with separate rates for branch sets":0.198881643025505,
       "Nucleotide GTR":0.1506864202953648,
       "unconstrained":0.2384152437248372
      },
     "NODE_29":{
       "MG94xREV with separate rates for branch sets":0.01374390529865197,
       "Nucleotide GTR":0.01792976463343385,
       "unconstrained":0.02225934577893679
      },
     "NODE_3":{
       "MG94xREV with separate rates for branch sets":0.009669956905036954,
       "Nucleotide GTR":0.0003138228765284488,
       "unconstrained":0.01025782205261749
      },
     "NODE_30":{
       "MG94xREV with separate rates for branch sets":0.03262384751729968,
       "Nucleotide GTR":0.03852981433277518,
       "unconstrained":0.03136001936838527
      },
     "NODE_31":{
       "MG94xREV with separate rates for branch sets":0.1299997724705331,
       "Nucleotide GTR":0.08616768064315801,
       "unconstrained":0.1393917887089622
      },