{
 "Evidence Ratios":{
  },
 "Site Log Likelihood":{
   "unconstrained":    [
[-6.331633404705835, -13.05605849026306, -17.63541781201436, -14.89273023750446, -15.79238634689182, -7.247317817919287, -17.61186677497676, -18.58047414999219, -16.10932507685947, -17.13685825529275, -31.56620162887449, -21.56916838413675, -12.37838600526069, -9.769967265424363, -13.32267935481097, -7.017316241242916, -14.02796896673525, -31.20836720873711, -9.394560826687528, -27.05694200081436, -22.12969039325143, -24.50856980308364, -32.00519372725311, -16.13758618940828, -21.21989215717096, -5.370602094958443, -16.48021994323614, -30.49778117266344, -33.03100328333884, -9.291010867984372, -35.23272379508493, -21.30548751098553, -18.51338779003111, -19.42970798786751, -35.04571934286842, -30.0597025135409, -11.97203155989998, -29.17318217965421, -9.062900189764662, -14.74082828913029, -4.231924959945498, -4.087003394078989, -4.270878116083763] 
    ]
  },
 "Synonymous site-posteriors":  [
[0.9980409191474787, 0.9925773388277451, 0.7707915157144157, 0.9938207470583922, 0.9280881983528846, 0.9997134180623319, 0.9024327089276925, 0.9545954439381377, 0.9935328977153295, 0.9394639250489836, 0.01586032658244512, 0.9168109323732641, 0.9702873882401735, 0.8691650506330365, 0.9943955806055468, 0.9992855366381906, 0.9884474311724694, 0.02461269795961879, 0.9985292540711277, 0.05661034962018089, 0.3965104760249928, 0.2017906931936793, 0.4058702711544427, 0.9804263543811863, 0.321813420252816, 0.9965981722162474, 0.9159992615759084, 0.03853249419525276, 0.0118537225813763, 0.9874525749337789, 7.321979553569505e-05, 0.6214166901493303, 0.9261218236395924, 0.8939068185623928, 0.002459152830897699, 0.009062264112693612, 0.9619224293020534, 0.01129022006577208, 0.9851494960725049, 0.9487190429960698, 0.6729882666650474, 0.6729882666650475, 0.6729882666650476],
  [0.001959080852521207, 0.007422661172254958, 0.2292084842855844, 0.006179252941607819, 0.07191180164711539, 0.0002865819376681149, 0.09756729107230749, 0.04540455606186228, 0.006467102284670526, 0.06053607495101652, 0.9841396734175549, 0.08318906762673615, 0.02971261175982646, 0.1308349493669634, 0.005604419394453179, 0.0007144633618094494, 0.01155256882753053, 0.9753873020403813, 0.001470745928872229, 0.9433896503798191, 0.6034895239750071, 0.7982093068063207, 0.5941297288455573, 0.01957364561881362, 0.6781865797471841, 0.003401827783752791, 0.08400073842409153, 0.9614675058047473, 0.9881462774186238, 0.01254742506622116, 0.9999267802044643, 0.3785833098506696, 0.07387817636040764, 0.1060931814376072, 0.9975408471691024, 0.9909377358873064, 0.0380775706979467, 0.9887097799342279, 0.0148505039274951, 0.05128095700393012, 0.3270117333349526, 0.3270117333349524, 0.3270117333349523],
  [0, 0, 0, 0, 0, 0, 0, 0, 0, 0, 0, 0, 0, 0, 0, 0, 0, 0, 0, 0, 0, 0, 0, 0, 0, 0, 0, 0, 0, 0, 0, 0, 0, 0, 0, 0, 0, 0, 0, 0, 0, 0, 0] 
  ],
 "analysis":{
   "authors":"Sergei L Kosakovsky Pond",
   "citation":"*Gene-wide identification of episodic selection*, Mol Biol Evol. 32(5):1365-71",
   "contact":"spond@temple.edu",
   "info":"BUSTED (branch-site unrestricted statistical test of episodic diversification) uses a random effects branch-site model fitted \njointly to all or a subset of tree branches in order to test for alignment-wide evidence of episodic diversifying selection. \nAssuming there is evidence of positive selection (i.e. there is an omega > 1),  BUSTED will also perform a quick evidence-ratio \nstyle analysis to explore which individual sites may have been subject to selection. v2.0 adds support for synonymous rate variation, \nand relaxes the test statistic to 0.5 (chi^2_0 + chi^2_2). Version 2.1 adds a grid search for the initial starting point.\nVersion 2.2 changes the grid search to LHC, and adds an initial search phase to use adaptive Nedler-Mead. Version 3.0 implements the option\nfor branch-site variation in synonymous substitution rates. Version 3.1 adds HMM auto-correlation option for SRV, and binds SRV distributions for multiple branch sets\n",
   "requirements":"in-frame codon alignment and a phylogenetic tree (optionally annotated with {})",
   "version":"3.1"
  },
 "background":0,
 "branch attributes":{
   "0":{
     "DEFB132_AILME":{
       "MG94xREV with separate rates for branch sets":0.1588232489736998,
       "Nucleotide GTR":0.1552624098550836,
       "original name":"DEFB132_AILME",
       "unconstrained":0.1731024245339774
      },
     "DEFB132_CALJA":{
       "MG94xREV with separate rates for branch sets":0.06543396817244782,
       "Nucleotide GTR":0.06505828645935963,
       "original name":"DEFB132_CALJA",
       "unconstrained":0.07437967658655531
      },
     "DEFB132_ERIEU":{
       "MG94xREV with separate rates for branch sets":0.2344624372458409,
       "Nucleotide GTR":0.2392375406354756,
       "original name":"DEFB132_ERIEU",
       "unconstrained":0.2705760763856643
      },
     "DEFB132_FELCA":{
       "MG94xREV with separate rates for branch sets":0.06988304598664631,
       "Nucleotide GTR":0.06745067750285304,
       "original name":"DEFB132_FELCA",
       "unconstrained":0.07236367596548562
      },
     "DEFB132_GGOR":{
       "MG94xREV with separate rates for branch sets":0.01687988283543473,
       "Nucleotide GTR":0.01696716642766358,
       "original name":"DEFB132_GGOR",
       "unconstrained":0.01675108199420076
      },
     "DEFB132_HUMAN":{
       "MG94xREV with separate rates for branch sets":0.008351066669444625,
       "Nucleotide GTR":0.008380142929611414,
       "original name":"DEFB132_HUMAN",
       "unconstrained":0.00828742982543265
      },
     "DEFB132_LAMPA":{
       "MG94xREV with separate rates for branch sets":0.03061153366060046,
       "Nucleotide GTR":0.03374840866181173,
       "original name":"DEFB132_LAMPA",
       "unconstrained":0.03232212954569596
      },
     "DEFB132_NOMLE":{
       "MG94xREV with separate rates for branch sets":0.01729633024739321,
       "Nucleotide GTR":0.01730204621614915,
       "original name":"DEFB132_NOMLE",
       "unconstrained":0.0175227718958851
      },
     "DEFB132_PANTR":{
       "MG94xREV with separate rates for branch sets":0.00838577265737247,
       "Nucleotide GTR":0.008407052596169647,
       "original name":"DEFB132_PANTR",
       "unconstrained":0.008308956043906305
      },
     "DEFB132_PTEVA":{
       "MG94xREV with separate rates for branch sets":0.087888918356618,
       "Nucleotide GTR":0.08908710709014266,
       "original name":"DEFB132_PTEVA",
       "unconstrained":0.0914919975733616
      },
     "DEFB132_TARSY":{
       "MG94xREV with separate rates for branch sets":0.1450624826818498,
       "Nucleotide GTR":0.162012293671549,
       "original name":"DEFB132_TARSY",
       "unconstrained":0.1709769351815235
      },
     "DEFB132_TUPBE":{
       "MG94xREV with separate rates for branch sets":0.08681812561299125,
       "Nucleotide GTR":0.07942882172909278,
       "original name":"DEFB132_TUPBE",
       "unconstrained":0.09829240555954574
      },
     "LOC100441655_PONAB":{
       "MG94xREV with separate rates for branch sets":0.01673880061958719,
       "Nucleotide GTR":0.01681565611701811,
       "original name":"LOC100441655_PONAB",
       "unconstrained":0.01665710575790096
      },
     "LOC716522_MACMU":{
       "MG94xREV with separate rates for branch sets":0.03612237166047262,
       "Nucleotide GTR":0.03831808432748188,
       "original name":"LOC716522_MACMU",
       "unconstrained":0.03818552739662507
      },
     "NODE_11":{
       "MG94xREV with separate rates for branch sets":0.03723982634423959,
       "Nucleotide GTR":0.03847603167627671,
       "unconstrained":0.03441091110761199
      },
     "NODE_13":{
       "MG94xREV with separate rates for branch sets":0.1116493705604556,
       "Nucleotide GTR":0.1056033314013502,
       "unconstrained":0.1298495199478244
      },
     "NODE_15":{
       "MG94xREV with separate rates for branch sets":0.1120080637414118,