{
 "Evidence Ratios":{
  },
 "Site Log Likelihood":{
   "unconstrained":    [
[-21.51174005631745, -10.05344955050771, -15.54401778060429, -9.505830574153606, -13.48265883830191, -22.75187639182563, -16.06577058937728, -32.34724237404377, -14.44895513187422, -15.81396699320074, -9.169694639295201, -13.33274366548564, -23.07505190524733, -18.26523052443417, -23.77718919839035, -23.95353141142045, -4.642891412441172, -25.35987769644676, -8.463194709893525, -19.49459312048725, -6.302048047006817, -9.575712675748949, -12.73227512783534, -15.55224177457779, -28.88540654238657, -5.066488015839033, -8.951615364676023, -18.98000124861473, -15.34217331174694, -4.585232090238343, -11.08389996016053, -13.98433166571893, -3.391906563814646, -3.979312231420322, -5.773388201012079, -6.26528046348633] 
    ]
  },
 "Synonymous site-posteriors":  [
[0.004480789556939366, 0.5559737103597504, 0.06506812227671571, 0.6264433871951115, 0.1438325064670055, 0.01611631762567133, 0.0364167333373264, 5.551350255318829e-05, 0.07193595389180117, 0.06008400295445048, 0.644422878527419, 0.2016270610654662, 0.01380307699900663, 0.01504387922363947, 0.001137070080347, 0.01588238581036627, 0.6572008470657877, 0.0001894834719369336, 0.4727819807586178, 0.01306206686091621, 0.6621916960879098, 0.4873985351391001, 0.1804219135956354, 0.4950799033313699, 0.005891753227351865, 0.6815814657210834, 0.5820027749522811, 0.004443105527550069, 0.07621953973024911, 0.6181792363133397, 0.5365171339566366, 0.167227873999767, 0.2534605904100874, 0.2534605904100881, 0.2534605904100891, 0.2534605904100879],
  [0.9940474362896988, 0.2617254433540881, 0.9135764728188518, 0.1681614783270197, 0.808970850792336, 0.9785921592736457, 0.951628784020684, 0.9999262280322379, 0.9044551790144916, 0.9201969484307215, 0.1442933845109725, 0.7322281904908567, 0.9816646410142429, 0.9800164858413971, 0.9984892792256362, 0.9789029489220394, 0.1273923990735239, 0.9997482094240305, 0.3721929284557035, 0.9826480766997228, 0.1207587100079013, 0.3527844499747346, 0.7603886785116298, 0.3424889286415607, 0.9921717075939193, 0.09503059506983171, 0.227184187247059, 0.9940971497724314, 0.898765593010999, 0.1791931515124162, 0.2875597510413938, 0.77789978839212, 0.66343129328823, 0.6634312932882297, 0.663431293288228, 0.6634312932882298],
  [0.001471774153361882, 0.1823008462861615, 0.02135540490443246, 0.2053951344778689, 0.04719664274065845, 0.005291523100682837, 0.01195448264198956, 1.825846520893946e-05, 0.02360886709370733, 0.01971904861482806, 0.2112837369616084, 0.06614474844367704, 0.004532281986750551, 0.004939634934963403, 0.0003736506940168341, 0.005214665267594159, 0.2154067538606883, 6.230710403262439e-05, 0.1550250907856787, 0.004289856439360935, 0.217049593904189, 0.1598170148861653, 0.05918940789273483, 0.1624311680270694, 0.001936539178728907, 0.2233879392090849, 0.1908130378006599, 0.00145974470001869, 0.02501486725875184, 0.2026276121742443, 0.1759231150019697, 0.05487233760811296, 0.0831081163016824, 0.08310811630168223, 0.0831081163016827, 0.08310811630168233] 
  ],
 "analysis":{
   "authors":"Sergei L Kosakovsky Pond",
   "citation":"*Gene-wide identification of episodic selection*, Mol Biol Evol. 32(5):1365-71",
   "contact":"spond@temple.edu",
   "info":"BUSTED (branch-site unrestricted statistical test of episodic diversification) uses a random effects branch-site model fitted \njointly to all or a subset of tree branches in order to test for alignment-wide evidence of episodic diversifying selection. \nAssuming there is evidence of positive selection (i.e. there is an omega > 1),  BUSTED will also perform a quick evidence-ratio \nstyle analysis to explore which individual sites may have been subject to selection. v2.0 adds support for synonymous rate variation, \nand relaxes the test statistic to 0.5 (chi^2_0 + chi^2_2). Version 2.1 adds a grid search for the initial starting point.\nVersion 2.2 changes the grid search to LHC, and adds an initial search phase to use adaptive Nedler-Mead. Version 3.0 implements the option\nfor branch-site variation in synonymous substitution rates. Version 3.1 adds HMM auto-correlation option for SRV, and binds SRV distributions for multiple branch sets\n",
   "requirements":"in-frame codon alignment and a phylogenetic tree (optionally annotated with {})",
   "version":"3.1"
  },
 "background":0,
 "branch attributes":{
   "0":{
     "1500011B03RIK_MOUSE":{
       "MG94xREV with separate rates for branch sets":0.04335472911731025,
       "Nucleotide GTR":0.04425678305945969,
       "original name":"1500011B03RIK_MOUSE",
       "unconstrained":0.04607435488925158
      },
     "ENSBTAP00000042852":{
       "MG94xREV with separate rates for branch sets":0.08496385271618044,
       "Nucleotide GTR":0.08940904122835963,
       "original name":"ENSBTAP00000042852",
       "unconstrained":0.08268019101157702
      },
     "ENSCPOP00000017929":{
       "MG94xREV with separate rates for branch sets":0.0926324913317987,
       "Nucleotide GTR":0.05593977964973966,
       "original name":"ENSCPOP00000017929",
       "unconstrained":0.0979591165121695
      },
     "ENSLAFP00000018656":{
       "MG94xREV with separate rates for branch sets":0.1073722694781884,
       "Nucleotide GTR":0.09070769250083863,
       "original name":"ENSLAFP00000018656",
       "unconstrained":0.1081045679435851
      },
     "ENSMLUP00000020060":{
       "MG94xREV with separate rates for branch sets":0.2279869802548046,
       "Nucleotide GTR":0.1288982577388867,
       "original name":"ENSMLUP00000020060",
       "unconstrained":0.2441867194552275
      },
     "ENSOCUP00000016009":{
       "MG94xREV with separate rates for branch sets":0.2999607271443634,
       "Nucleotide GTR":0.1604579686806535,
       "original name":"ENSOCUP00000016009",
       "unconstrained":0.3303208138681078
      },
     "ENSOGAP00000007198":{
       "MG94xREV with separate rates for branch sets":0.1465739472085889,
       "Nucleotide GTR":0.1137418869794067,
       "original name":"ENSOGAP00000007198",
       "unconstrained":0.1465703397282695
      },
     "ENSSTOP00000016488":{
       "MG94xREV with separate rates for branch sets":0.08572803444935173,
       "Nucleotide GTR":0.07776353923896442,
       "original name":"ENSSTOP00000016488",
       "unconstrained":0.08681438103464362
      },
     "GM20499_MOUSE":{
       "MG94xREV with separate rates for branch sets":0.06708782334797943,
       "Nucleotide GTR":0.04822560047497539,
       "original name":"GM20499_MOUSE",
       "unconstrained":0.06404751551354657
      },
     "LOC100613590_PANTR":{
       "MG94xREV with separate rates for branch sets":0.1125426380337725,
       "Nucleotide GTR":0.07806214650375139,
       "original name":"LOC100613590_PANTR",
       "unconstrained":0.1068609111870135
      },
     "NODE_10":{
       "MG94xREV with separate rates for branch sets":0.02612380040076267,
       "Nucleotide GTR":0.01031716738557114,
       "unconstrained":0.02574660011972786
      },
     "NODE_3":{
       "MG94xREV with separate rates for branch sets":0.03044496875256304,
       "Nucleotide GTR":0.02111436000092945,
       "unconstrained":0.03457465913974962
      },
     "NODE_6":{
       "MG94xREV with separate rates for branch sets":0.07706060283639855,
       "Nucleotide GTR":0.05345802647993431,
       "unconstrained":0.07489839602775913
      },
     "NODE_8":{
       "MG94xREV with separate rates for branch sets":0.2117467001307297,
       "Nucleotide GTR":0.1366529479939412,
       "unconstrained":0.2279310348333275
      },
     "RGD1560398_RAT":{
       "MG94xREV with separate rates for branch sets":0.01591124651616658,
       "Nucleotide GTR":0.01640861041481441,
       "original name":"RGD1560398_RAT",
       "unconstrained":0.01363057212515272
      }
    },
   "attributes":{
     "MG94xREV with separate rates for branch sets":{
       "attribute type":"branch length",
       "display order":1
      },