{
 "Evidence Ratios":{
   "constrained":    [
[0.8588454123902381, 0.8458614183095594, 0.9095216398290059, 0.8506633872469647, 1.443998894095021, 0.8495235463095417, 1.186552895172445, 0.8785475028750878, 0.8456443909406099, 0.8244995480875965, 0.8664629437557542, 0.8498246155977754, 0.8662517103463927, 0.8669618512333358, 0.847413977203506, 1.249234852626964, 0.8122718002593535, 0.8466943392499541, 0.9999999999999982, 0.8498246155977754, 0.8413496789544431, 1.515523835883009, 1.206149755795759, 0.9999999999999973, 0.9999999999999969, 14.73057527561916, 11.0394068058941, 0.8509336159691467, 0.8563119675899671, 30.67297109124904, 0.8968288404572021, 1.21652148787978, 0.8437235682373289, 0.8483962065137872, 0.8507707379183905, 0.8580660213843447] 
    ],
   "optimized null":    [
[0.6318155344854766, 1.117599379765814, 0.6597555319373697, 1.755876547574893, 1.202517788863614, 1.169100412936898, 0.4362422692106099, 0.6709982719514086, 1.165825325907847, 2.379475723999453, 0.7454900790205656, 1.124790511336891, 0.9882804181670124, 0.6699413025229218, 1.126654744023336, 0.9815435131448011, 2.368931993119107, 1.120703422212241, 0.9999999999999991, 1.124790511336891, 1.144485454071694, 0.57364743133157, 0.5743194476646651, 1, 1, 1.333315830107163, 5.151459698474046, 0.8129489094695751, 0.8832262435167774, 4.192897381704617, 0.8310217534465055, 0.5734095467161665, 1.220222441321343, 1.261480867338348, 0.7983239867067883, 1.205819048936511] 
    ]
  },
 "Site Log Likelihood":{
   "constrained":    [
[-8.902990438528164, -4.712023091044157, -19.2334790804283, -17.03308975315312, -14.65421184552482, -4.397521122648302, -13.71227748764229, -8.171733528480049, -4.902494237575397, -11.72924121091959, -12.11086392819735, -4.540279375759058, -4.95727586019679, -10.35420024564281, -8.10514824566339, -11.36771308548489, -16.2553209643873, -4.480394828302101, -4.033144430240251, -4.540279375759058, -5.140940999785213, -11.15278286673339, -18.98204039394473, -4.552699106733623, -3.957364389225591, -22.23827957184865, -15.58135331230983, -7.974260438201163, -10.26205840594375, -14.45109121182314, -11.15729546987654, -15.08451609616472, -5.671499880476039, -5.333883815788401, -7.349770240746112, -12.59111905199614] 
    ],
   "optimized null":    [
[-8.595998970760855, -4.990605805973536, -18.91242964989583, -17.7577967210015, -14.47121308703879, -4.716835318297126, -12.71166758426771, -7.902230111240654, -5.223579857449636, -12.78910007539047, -11.96048641168193, -4.82060146730936, -5.089066816801897, -10.09639537108705, -8.38996703091037, -11.1265529065525, -17.32568044759919, -4.760766896029694, -4.033144430240252, -4.82060146730936, -5.448644066641038, -10.18128141876656, -18.24003761929562, -4.552699106733626, -3.957364389225594, -19.83602323239031, -14.81916211536661, -7.928594585349612, -10.29300503728614, -12.46110135968036, -11.08108641128452, -14.33236547303024, -6.040463415372842, -5.730577665818934, -7.286142065053615, -12.93135233115658] 
    ],
   "unconstrained":    [
[-9.055156774014289, -4.879422831982819, -19.3283155686303, -17.19482853146333, -14.28679557091665, -4.560600743057333, -13.54122511089743, -8.301218828587647, -5.070150586997404, -11.92221989600702, -12.25419986436732, -4.703004661137596, -5.100855614250913, -10.49696054969674, -8.270714192367352, -11.14518183948975, -16.4632412298337, -4.646810352320392, -4.033144430240253, -4.703004661137596, -5.313688915728799, -10.73702172127602, -18.79460712773052, -4.552699106733626, -3.957364389225594, -19.54835428744432, -13.17988200425463, -8.135681598739421, -10.41717892706011, -11.02770936550822, -11.26618571832122, -14.88852054938855, -5.841430244295659, -5.498291343431606, -7.51138283060155, -12.74419328645026] 
    ]
  },
 "Synonymous site-posteriors":  [
[0.8494320719294319, 0.9735306745108672, 0.02161697374022591, 0.002613148513277411, 0.4585240326276846, 0.9516638744202203, 0.4102535599858644, 0.7596721547007456, 0.9678346703206634, 0.04290574371394697, 0.7437265141156614, 0.9724199078601939, 0.8866489505499966, 0.8825841791486544, 0.9622036564447691, 0.9035668646330458, 0.01065786661909634, 0.9653383039624045, 0.6339308530952235, 0.9724199078601939, 0.959522563857129, 0.6796115021670965, 0.03860855187027681, 0.6339308530952223, 0.6339308530952228, 0.05245917827762722, 0.9758244699731189, 0.782146483556201, 0.2092560148981945, 0.9507735186969807, 0.2754443577583124, 0.4218486542535952, 0.9949916470579031, 0.9889608582864213, 0.8247364888022769, 0.02784649706253202],
  [0, 0, 0, 0, 0, 0, 0, 0, 0, 0, 0, 0, 0, 0, 0, 0, 0, 0, 0, 0, 0, 0, 0, 0, 0, 0, 0, 0, 0, 0, 0, 0, 0, 0, 0, 0],
  [0.150567928070568, 0.02646932548913291, 0.978383026259774, 0.9973868514867227, 0.5414759673723154, 0.04833612557977974, 0.5897464400141357, 0.2403278452992544, 0.03216532967933662, 0.957094256286053, 0.2562734858843387, 0.02758009213980601, 0.1133510494500034, 0.1174158208513456, 0.03779634355523084, 0.09643313536695412, 0.9893421333809037, 0.03466169603759552, 0.3660691469047765, 0.02758009213980601, 0.04047743614287096, 0.3203884978329036, 0.9613914481297231, 0.3660691469047775, 0.3660691469047772, 0.9475408217223728, 0.02417553002688118, 0.2178535164437992, 0.7907439851018055, 0.04922648130301942, 0.7245556422416877, 0.5781513457464047, 0.005008352942096918, 0.01103914171357859, 0.1752635111977231, 0.9721535029374681] 
  ],
 "analysis":{
   "authors":"Sergei L Kosakovsky Pond",
   "citation":"*Gene-wide identification of episodic selection*, Mol Biol Evol. 32(5):1365-71",
   "contact":"spond@temple.edu",
   "info":"BUSTED (branch-site unrestricted statistical test of episodic diversification) uses a random effects branch-site model fitted \njointly to all or a subset of tree branches in order to test for alignment-wide evidence of episodic diversifying selection. \nAssuming there is evidence of positive selection (i.e. there is an omega > 1),  BUSTED will also perform a quick evidence-ratio \nstyle analysis to explore which individual sites may have been subject to selection. v2.0 adds support for synonymous rate variation, \nand relaxes the test statistic to 0.5 (chi^2_0 + chi^2_2). Version 2.1 adds a grid search for the initial starting point.\nVersion 2.2 changes the grid search to LHC, and adds an initial search phase to use adaptive Nedler-Mead. Version 3.0 implements the option\nfor branch-site variation in synonymous substitution rates. Version 3.1 adds HMM auto-correlation option for SRV, and binds SRV distributions for multiple branch sets\n",
   "requirements":"in-frame codon alignment and a phylogenetic tree (optionally annotated with {})",
   "version":"3.1"
  },
 "background":0,
 "branch attributes":{
   "0":{
     "ENSEEUP00000000916":{
       "MG94xREV with separate rates for branch sets":0.1681110025669394,
       "Nucleotide GTR":0.1706601069978939,
       "constrained":0.2137127001689201,
       "original name":"ENSEEUP00000000916",
       "unconstrained":0.7358522449780002
      },
     "ENSFCAP00000010667":{
       "MG94xREV with separate rates for branch sets":0.08567018382239934,
       "Nucleotide GTR":0.08020301478117585,
       "constrained":0.08715310455982844,
       "original name":"ENSFCAP00000010667",
       "unconstrained":0.4146750184891255
      },
     "ENSMICP00000003939":{
       "MG94xREV with separate rates for branch sets":0.09811902108792769,
       "Nucleotide GTR":0.08974754486017505,
       "constrained":0.1202192336926922,
       "original name":"ENSMICP00000003939",
       "unconstrained":0.5680079468900108
      },
     "ENSPPYP00000021901":{
       "MG94xREV with separate rates for branch sets":0.06861229623152426,
       "Nucleotide GTR":0.07027791375250134,
       "constrained":0.07566340717389301,
       "original name":"ENSPPYP00000021901",
       "unconstrained":0.3701202802790428
      },
     "ENSSARP00000006901":{
       "MG94xREV with separate rates for branch sets":0.09522144939742198,
       "Nucleotide GTR":0.08832738351403001,