{
 "Evidence Ratios":{
  },
 "Site Log Likelihood":{
   "unconstrained":    [
[-4.608389896049989, -4.011680675478947, -5.184985800755575, -5.51877002285042, -4.43760063912213, -4.089641171970211, -4.625978497865676, -3.314000954502788, -4.548018001374409, -5.350411554452386, -4.152469686896337, -3.689529878635351, -3.966534687888457, -4.257999640368246, -5.028260757608789, -4.180039143876982, -4.859902289210753, -3.342256010336766, -21.80895453110356, -11.58295657105389, -8.424404173991658, -17.78592416084847, -15.84533585655182, -6.089486132287607, -31.60300660790656, -24.07675151271143, -11.76254569307116, -23.08794577319001, -17.90060538637903, -11.85640018787198, -6.96402012067784, -4.551515371516401, -15.9919344814822, -39.1651107339603, -14.03581701794534, -13.35030787777273, -30.68197355953384, -22.28520332316474, -5.276540758709227, -19.06834416136593, -14.20988334116642, -13.89813777935584, -22.20670978603798, -15.05055060677761, -36.7822877560105, -21.16307437611549, -5.65696753931027, -27.55123406888366, -24.02055141565945, -10.66970137168757, -28.55726764332329, -17.5719364609621, -19.27634995169985, -7.558884703512902, -21.79923672381663, -22.36932470198145, -6.198475641848166, -5.42848525922754, -11.34911341636022, -21.78890921841666, -17.89225232337165, -15.62976525261764, -8.99412429234922, -5.478817295776707, -16.64437089567905, -23.61140323924533, -20.31100155079443, -17.55558027851862, -12.97452944401534, -19.99889863203495, -4.551515371516401, -26.77580055672098, -38.8174142628908, -24.50010080961419, -8.453152057793552, -29.51845805700176, -13.89211255180379, -20.11103493743195, -11.12537396492498, -19.69137954954762, -29.40906479467687, -20.71355568660718, -16.22617623857823, -10.8220352796341] 
    ]
  },
 "Synonymous site-posteriors":  [
[0.06002570034069821, 0.06002570034069841, 0.06002570034069839, 0.06002570034069821, 0.0600257003406981, 0.06002570034069837, 0.0600257003406984, 0.06002570034069829, 0.06002570034069834, 0.06002570034069846, 0.06002570034069804, 0.06002570034069819, 0.0600257003406983, 0.06002570034069819, 0.06002570034069813, 0.06002570034069825, 0.06002570034069829, 0.06002570034069809, 0, 0, 0, 0, 0, 0, 0, 0, 0, 0, 0, 0, 0.8985598273642008, 0.2236869932368573, 0, 0, 0, 0, 0, 0, 0.1664609120400734, 0, 0, 0, 0, 0, 0, 0, 0.6249923404180943, 0, 0, 0, 0, 0, 0, 0, 0, 0, 0.8731235253999893, 0.4834761850785382, 0, 0, 0, 0, 0, 0.4644881855008018, 0, 0, 0, 0, 0, 0, 0.2236869932368573, 0, 0, 0, 0, 0, 0, 0, 0, 0, 0, 0, 0, 0],
  [0.2356824455519494, 0.2356824455519476, 0.2356824455519479, 0.2356824455519493, 0.2356824455519507, 0.235682445551948, 0.2356824455519494, 0.2356824455519487, 0.2356824455519491, 0.2356824455519476, 0.2356824455519503, 0.235682445551951, 0.23568244555195, 0.2356824455519492, 0.2356824455519504, 0.2356824455519496, 0.2356824455519497, 0.2356824455519506, 0.1183880178965376, 0.02335932028698919, 0.02766987516339543, 0.1243275168937055, 0.007517219431354577, 0.198188475627299, 0.987387400435001, 0.6087321791674668, 0.03179483310448054, 0.0660401991965533, 0.1917898349763944, 0.07312291422781961, 5.295557152292546e-05, 0.01127780515568431, 0.1412232380973672, 0.9759330409742556, 0.06395940525070196, 0.001710675623817418, 0.8762376738103206, 0.156062650132071, 0.02750855495620617, 0.122522312488471, 0.01992008433790958, 0.001861120281379905, 0.3584191254645303, 0.003805461541094941, 0.8125898135600209, 0.05815478643491632, 0.001452150655522393, 0.8650472281381507, 0.04571795834912766, 0.03329030061559312, 0.9030881989291383, 0.03663860198306773, 0.0601168518413266, 0.01673469764771501, 0.01204569417348106, 0.07243498010447964, 0.0001199476777914324, 0.003340198912509445, 0.06719703238072695, 0.5095061731341923, 0.000494890157071374, 0.01111347167132058, 0.03875117094794381, 0.006706219465545435, 0.2614777630449119, 0.9030431419868565, 0.06296321591188114, 0.000304609209674512, 0.05523567022539486, 0.2098713888553141, 0.01127780515568431, 0.5591348963187527, 0.9973362589283175, 0.2503649072363314, 0.01074606202492557, 0.9648688887408474, 0.001800250977684532, 0.6221298554347727, 0.005837209963122299, 0.04257704586322909, 0.931579668070448, 0.8503804601588413, 0.01566400499794651, 0.04568888405461035],
  [0.7042918541073526, 0.7042918541073541, 0.7042918541073536, 0.7042918541073524, 0.7042918541073511, 0.7042918541073537, 0.7042918541073521, 0.704291854107353, 0.7042918541073526, 0.7042918541073541, 0.7042918541073517, 0.7042918541073508, 0.7042918541073517, 0.7042918541073527, 0.7042918541073514, 0.7042918541073521, 0.7042918541073521, 0.7042918541073513, 0.8816119821034625, 0.9766406797130107, 0.9723301248366045, 0.8756724831062945, 0.9924827805686456, 0.801811524372701, 0.01261259956499911, 0.3912678208325333, 0.9682051668955195, 0.9339598008034466, 0.8082101650236055, 0.9268770857721805, 0.1013872170642763, 0.7650352016074583, 0.8587767619026327, 0.02406695902574431, 0.9360405947492981, 0.9982893243761826, 0.1237623261896793, 0.843937349867929, 0.8060305330037203, 0.877477687511529, 0.9800799156620904, 0.99813887971862, 0.6415808745354697, 0.9961945384589052, 0.1874101864399792, 0.9418452135650837, 0.3735555089263833, 0.1349527718618492, 0.9542820416508724, 0.9667096993844068, 0.09691180107086171, 0.9633613980169322, 0.9398831481586736, 0.983265302352285, 0.9879543058265189, 0.9275650198955203, 0.1267565269222194, 0.5131836160089523, 0.9328029676192731, 0.4904938268658078, 0.9995051098429286, 0.9888865283286794, 0.9612488290520561, 0.5288055950336528, 0.738522236955088, 0.09695685801314351, 0.9370367840881189, 0.9996953907903255, 0.9447643297746051, 0.790128611144686, 0.7650352016074583, 0.4408651036812472, 0.002663741071682619, 0.7496350927636687, 0.9892539379750744, 0.03513111125915254, 0.9981997490223155, 0.3778701445652274, 0.9941627900368777, 0.9574229541367708, 0.06842033192955203, 0.1496195398411587, 0.9843359950020535, 0.9543111159453896] 
  ],
 "analysis":{
   "authors":"Sergei L Kosakovsky Pond",
   "citation":"*Gene-wide identification of episodic selection*, Mol Biol Evol. 32(5):1365-71",
   "contact":"spond@temple.edu",
   "info":"BUSTED (branch-site unrestricted statistical test of episodic diversification) uses a random effects branch-site model fitted \njointly to all or a subset of tree branches in order to test for alignment-wide evidence of episodic diversifying selection. \nAssuming there is evidence of positive selection (i.e. there is an omega > 1),  BUSTED will also perform a quick evidence-ratio \nstyle analysis to explore which individual sites may have been subject to selection. v2.0 adds support for synonymous rate variation, \nand relaxes the test statistic to 0.5 (chi^2_0 + chi^2_2). Version 2.1 adds a grid search for the initial starting point.\nVersion 2.2 changes the grid search to LHC, and adds an initial search phase to use adaptive Nedler-Mead. Version 3.0 implements the option\nfor branch-site variation in synonymous substitution rates. Version 3.1 adds HMM auto-correlation option for SRV, and binds SRV distributions for multiple branch sets\n",
   "requirements":"in-frame codon alignment and a phylogenetic tree (optionally annotated with {})",
   "version":"3.1"
  },
 "background":0,
 "branch attributes":{
   "0":{
     "ENSECAP00000009033":{
       "MG94xREV with separate rates for branch sets":0.0263917527507422,
       "Nucleotide GTR":0.02602512141174931,
       "original name":"ENSECAP00000009033",
       "unconstrained":0.02533008724341486
      },
     "ENSGACP00000016349":{
       "MG94xREV with separate rates for branch sets":0.1213026180828342,
       "Nucleotide GTR":0.08792522456992158,
       "original name":"ENSGACP00000016349",
       "unconstrained":0.1184391356377493
      },
     "ENSGALP00000037383":{
       "MG94xREV with separate rates for branch sets":0.1645044853001588,
       "Nucleotide GTR":0.08018581677067915,
       "original name":"ENSGALP00000037383",
       "unconstrained":0.2604694226104379
      },