{
 "Evidence Ratios":{
  },
 "Site Log Likelihood":{
   "unconstrained":    [
[-3.161648491981613, -4.445534642607988, -4.596349326550246, -4.029840633462871, -4.386589012716447, -4.08720281474208, -3.571463226133811, -3.667719175996702, -3.545000497192162, -4.088786263354412, -4.777060958638176, -3.08764795414846, -3.7304544354885, -4.566096968008326, -3.933584683599982, -3.545000497192162, -3.667719175996702, -4.555321564655847, -3.838353598022447, -3.571463226133811, -3.545000497192162, -5.554876425249473, -5.198128045995889, -3.933584683599982, -4.088786263354412, -3.449769411614629, -5.198128045995889, -3.545000497192162, -4.028257184850539, -4.028257184850539, -5.554876425249473, -3.808101239480533, -3.808101239480533, -3.445979782014365, -4.777060958638176, -5.133809337891761, -4.445534642607988, -4.088786263354412, -4.088786263354412, -3.476232140556277, -4.475787001149905, -4.119038621896329, -3.7304544354885, -4.08720281474208, -3.6039461270837, -8.63968379561344, -16.46699404756573, -10.8907906129093, -8.643242025314995, -19.32804463807303, -5.275778458267555, -28.01172918286842, -13.19707772978053, -13.63874040597111, -22.78474022552266, -19.53625346873433, -3.80023108808623, -6.088969541754076, -14.08926387330988, -19.85958202256896, -11.54118319121072, -11.60472175254389, -16.27168528610811, -15.10970239886736, -18.18682045319787, -6.950872929314668, -4.735707902580615, -12.52901557878367, -9.453646100372255, -6.98860167487917, -18.65880928155432, -6.283692835816193, -5.216914891881074, -18.33961482086818, -14.247644948139, -11.09262162458902, -16.10395540012966, -18.54748580797056, -26.75746024821787, -17.32404215409445, -12.32400501402229] 
    ]
  },
 "Synonymous site-posteriors":  [
[0.2033994587656387, 0.1892726739667155, 0.1892726739667142, 0.1892726739667161, 0.1892726739667155, 0.1892726739667147, 0.189272673966714, 0.1892726739667161, 0.1892726739667159, 0.1892726739667155, 0.1892726739667135, 0.1892726739667157, 0.1892726739667142, 0.1892726739667147, 0.1892726739667145, 0.1892726739667159, 0.1892726739667161, 0.1892726739667154, 0.1892726739667144, 0.189272673966714, 0.1892726739667159, 0.1892726739667148, 0.1892726739667138, 0.1892726739667145, 0.1892726739667155, 0.1892726739667162, 0.1892726739667138, 0.1892726739667159, 0.189272673966715, 0.189272673966715, 0.1892726739667148, 0.1892726739667162, 0.1892726739667162, 0.1892726739667156, 0.1892726739667135, 0.1892726739667151, 0.1892726739667155, 0.1892726739667155, 0.1892726739667155, 0.189272673966714, 0.1892726739667141, 0.1892726739667143, 0.1892726739667142, 0.1892726739667147, 0.1892726739667151, 0.2271858142607451, 4.401108516406082e-05, 0.03561585482768544, 0.0004538928681747618, 2.018612011611487e-09, 0.9462879909859638, 3.440267369838731e-08, 0.007707818485888646, 1.052183267695742e-05, 3.789559050047012e-10, 6.084990729118751e-06, 0.2289192793241021, 0.9897927778775027, 0.0001109476996215815, 2.647262110524248e-07, 0.0001370984610312444, 1.01501480432192e-05, 0.000115783275225255, 0.0003366497647355687, 6.186402223372713e-07, 0.9621502656396596, 0.7874531749694568, 9.066779551589077e-06, 0.2774363565066321, 0.5099115227146807, 4.868303489422141e-09, 0.9011772384396334, 0.905355440972389, 4.478628781551594e-06, 0.0009106199397707689, 0.0003598438493299836, 1.468091315257471e-07, 6.664131292463256e-08, 8.461704052582286e-11, 0.01384724037290445, 0.0001555964152761891],
  [0, 0, 0, 0, 0, 0, 0, 0, 0, 0, 0, 0, 0, 0, 0, 0, 0, 0, 0, 0, 0, 0, 0, 0, 0, 0, 0, 0, 0, 0, 0, 0, 0, 0, 0, 0, 0, 0, 0, 0, 0, 0, 0, 0, 0, 0, 0, 0, 0, 0, 0, 0, 0, 0, 0, 0, 0, 0, 0, 0, 0, 0, 0, 0, 0, 0, 0, 0, 0, 0, 0, 0, 0, 0, 0, 0, 0, 0, 0, 0, 0],
  [0.7966005412343614, 0.8107273260332845, 0.8107273260332859, 0.8107273260332839, 0.8107273260332845, 0.8107273260332852, 0.8107273260332859, 0.810727326033284, 0.810727326033284, 0.8107273260332845, 0.8107273260332863, 0.8107273260332842, 0.8107273260332858, 0.8107273260332852, 0.8107273260332856, 0.810727326033284, 0.810727326033284, 0.8107273260332847, 0.8107273260332856, 0.8107273260332859, 0.810727326033284, 0.8107273260332852, 0.8107273260332862, 0.8107273260332856, 0.8107273260332845, 0.8107273260332839, 0.8107273260332862, 0.810727326033284, 0.810727326033285, 0.810727326033285, 0.8107273260332852, 0.8107273260332839, 0.8107273260332839, 0.8107273260332843, 0.8107273260332863, 0.8107273260332849, 0.8107273260332845, 0.8107273260332845, 0.8107273260332845, 0.8107273260332861, 0.8107273260332859, 0.8107273260332858, 0.8107273260332858, 0.8107273260332852, 0.810727326033285, 0.7728141857392549, 0.9999559889148359, 0.9643841451723146, 0.9995461071318252, 0.9999999979813881, 0.05371200901403617, 0.9999999655973263, 0.9922921815141114, 0.999989478167323, 0.9999999996210441, 0.9999939150092709, 0.7710807206758978, 0.01020722212249714, 0.9998890523003784, 0.9999997352737888, 0.9998629015389687, 0.9999898498519567, 0.9998842167247747, 0.9996633502352644, 0.9999993813597776, 0.03784973436034041, 0.2125468250305433, 0.9999909332204485, 0.722563643493368, 0.4900884772853194, 0.9999999951316964, 0.09882276156036664, 0.09464455902761104, 0.9999955213712184, 0.9990893800602292, 0.99964015615067, 0.9999998531908685, 0.9999999333586872, 0.9999999999153829, 0.9861527596270957, 0.9998444035847238] 
  ],
 "analysis":{
   "authors":"Sergei L Kosakovsky Pond",
   "citation":"*Gene-wide identification of episodic selection*, Mol Biol Evol. 32(5):1365-71",
   "contact":"spond@temple.edu",
   "info":"BUSTED (branch-site unrestricted statistical test of episodic diversification) uses a random effects branch-site model fitted \njointly to all or a subset of tree branches in order to test for alignment-wide evidence of episodic diversifying selection. \nAssuming there is evidence of positive selection (i.e. there is an omega > 1),  BUSTED will also perform a quick evidence-ratio \nstyle analysis to explore which individual sites may have been subject to selection. v2.0 adds support for synonymous rate variation, \nand relaxes the test statistic to 0.5 (chi^2_0 + chi^2_2). Version 2.1 adds a grid search for the initial starting point.\nVersion 2.2 changes the grid search to LHC, and adds an initial search phase to use adaptive Nedler-Mead. Version 3.0 implements the option\nfor branch-site variation in synonymous substitution rates. Version 3.1 adds HMM auto-correlation option for SRV, and binds SRV distributions for multiple branch sets\n",
   "requirements":"in-frame codon alignment and a phylogenetic tree (optionally annotated with {})",
   "version":"3.1"
  },
 "background":0,
 "branch attributes":{
   "0":{
     "LOC100360291_RAT":{
       "MG94xREV with separate rates for branch sets":0,
       "Nucleotide GTR":0,
       "original name":"LOC100360291_RAT",
       "unconstrained":0
      },
     "NODE_14":{
       "MG94xREV with separate rates for branch sets":0.01082873269642334,
       "Nucleotide GTR":0.009522298265005939,
       "unconstrained":0.01097144853996514
      },
     "NODE_16":{
       "MG94xREV with separate rates for branch sets":0.009646913113638687,
       "Nucleotide GTR":0.009161271995478296,
       "unconstrained":0.009431488554145509
      },
     "NODE_18":{
       "MG94xREV with separate rates for branch sets":0.05577643478555893,
       "Nucleotide GTR":0.0400971507203145,
       "unconstrained":0.0568840942133791
      },
     "NODE_20":{
       "MG94xREV with separate rates for branch sets":0,
       "Nucleotide GTR":0.008349874039171213,
       "unconstrained":0
      },
     "NODE_24":{
       "MG94xREV with separate rates for branch sets":0.005336049034249953,
       "Nucleotide GTR":0.01139567725413709,
       "unconstrained":0
      },
     "NODE_28":{
       "MG94xREV with separate rates for branch sets":0.0108567504494022,
       "Nucleotide GTR":0.009700478003919131,
       "unconstrained":0.01090177131172882
      },
     "NODE_3":{
       "MG94xREV with separate rates for branch sets":0.04436328122358199,