{
 "Evidence Ratios":{
  },
 "Site Log Likelihood":{
   "unconstrained":    [
[-11.45545367945625, -12.42120233732831, -25.24282228037278, -22.0480705572753, -4.952291597633302, -21.57206456940593, -7.676877198408128, -9.071598499456364, -15.38714686068463, -23.36800466822981, -12.5358241476286, -18.95679799283197, -10.21872556182827, -12.89787606130705, -11.51663286490075, -8.815578455986156, -7.964367544679524, -11.13864234670196, -3.604651452852414, -10.386153775387, -15.56988030502591, -11.68155146986881, -12.89696775638117, -4.952291597633302, -13.44214692795336, -14.45305885440189, -13.75117344172212, -25.86040347670083, -14.57118123273056, -14.25135353465679, -11.88940414373208, -16.73009814440544, -12.07399845840975, -19.93625919096191, -14.54668396237, -12.12986213309051, -6.211466645506196, -14.72512449483881, -13.60229874757242, -24.19870195535123, -8.757978758743162, -4.952291597633302, -14.36814589207018, -12.0806237652151, -20.40749773536018, -17.63610166752112, -18.56368919964336, -18.05110983505508, -7.839684620092759, -13.77335212528792, -11.36153014556287, -18.02899161259085, -10.61025502328985, -16.67271974402893, -9.968312298407794, -14.74338582135872] 
    ]
  },
 "Synonymous site-posteriors":  [
[0.6990244906078841, 0.6981178515061711, 0.04336960750015746, 0.5458952083009582, 0.6971273393021721, 0.1014172003150929, 0.6956826898930154, 0.698733891011052, 0.6894937058659569, 0.4242148067422198, 0.6945428237822395, 0.612526207267505, 0.6972333476358481, 0.6981528200078185, 0.6976748438195266, 0.6972090611649928, 0.6964354320930214, 0.6983963605697994, 0.6521863022580859, 0.6955973297437595, 0.599576388992235, 0.6981701338251985, 0.695102824436168, 0.6971273393021721, 0.6990183475384463, 0.6950906094057443, 0.6965596359346454, 0.4493264228656219, 0.697904899766785, 0.6912219544798185, 0.697673690381616, 0.6408921293687629, 0.6921642467493743, 0.64776650257359, 0.6853463768318426, 0.6964434727892669, 0.6989141458971049, 0.6925398200371751, 0.6970893792587188, 0.6645447172925307, 0.6973546215844613, 0.6971273393021721, 0.6958245302998527, 0.6982420254752879, 0.6715697909999659, 0.6933039497355737, 0.5632449771751148, 0.6963009244666122, 0.6991693634360664, 0.6927453991898215, 0.6989941561587439, 0.6700686998828467, 0.6972458805553498, 0.685142625339946, 0.6989429875657946, 0.6873502436260071],
  [0.0002357722060663115, 0.001460674298348584, 0.9378982720028373, 0.2188825262209349, 0.002828203659248252, 0.8547679518496887, 0.004714847926642447, 0.0008195645518657947, 0.013442044436196, 0.3928519188978956, 0.006270925732073892, 0.1234851860665907, 0.002655183831390721, 0.001302511807637592, 0.002085697343836476, 0.002601740733156345, 0.00364090586961818, 0.001039949612738437, 0.06697397262412294, 0.004946905472232812, 0.1419997018753646, 0.001166024695640511, 0.005562301515309383, 0.002828203659248252, 0.0005038973027668057, 0.005379579260002606, 0.003414609591699622, 0.3568967566344129, 0.001561775582375457, 0.01115687501591417, 0.002044167691269809, 0.08274939551353776, 0.009698159181518855, 0.07336196242398424, 0.01960366448793985, 0.003810804492599381, 0.0004128363860597787, 0.009123017400270727, 0.002667371633199687, 0.04902443183032947, 0.002460544786473108, 0.002828203659248252, 0.004358543730731355, 0.001396201080540624, 0.03901464941761328, 0.008082297711993307, 0.1937341047170673, 0.004132809473129078, 0.0001502909159772636, 0.008837467562336304, 0.000299946465596523, 0.04099308222379979, 0.002563488013816524, 0.01948054462446952, 0.0002946458298867372, 0.01649243822991925],
  [0.3007397371860496, 0.3004214741954803, 0.01873212049700533, 0.2352222654781069, 0.3000444570385797, 0.0438148478352185, 0.2996024621803423, 0.3004465444370821, 0.297064249697847, 0.1829332743598846, 0.2991862504856866, 0.2639886066659042, 0.3001114685327613, 0.3005446681845438, 0.3002394588366369, 0.3001891981018509, 0.2999236620373603, 0.3005636898174622, 0.280839725117791, 0.2994557647840077, 0.2584239091324003, 0.3006638414791609, 0.2993348740485227, 0.3000444570385797, 0.3004777551587871, 0.2995298113342531, 0.3000257544736549, 0.1937768204999652, 0.3005333246508397, 0.2976211705042673, 0.3002821419271142, 0.2763584751176992, 0.2981375940691071, 0.2788715350024258, 0.2950499586802175, 0.2997457227181338, 0.3006730177168354, 0.2983371625625542, 0.3002432491080815, 0.2864308508771398, 0.3001848336290657, 0.3000444570385797, 0.2998169259694158, 0.3003617734441715, 0.2894155595824207, 0.2986137525524329, 0.243020918107818, 0.2995662660602588, 0.3006803456479563, 0.2984171332478421, 0.3007058973756596, 0.2889382178933536, 0.3001906314308336, 0.2953768300355845, 0.3007623666043187, 0.2961573181440737] 
  ],
 "analysis":{
   "authors":"Sergei L Kosakovsky Pond",
   "citation":"*Gene-wide identification of episodic selection*, Mol Biol Evol. 32(5):1365-71",
   "contact":"spond@temple.edu",
   "info":"BUSTED (branch-site unrestricted statistical test of episodic diversification) uses a random effects branch-site model fitted \njointly to all or a subset of tree branches in order to test for alignment-wide evidence of episodic diversifying selection. \nAssuming there is evidence of positive selection (i.e. there is an omega > 1),  BUSTED will also perform a quick evidence-ratio \nstyle analysis to explore which individual sites may have been subject to selection. v2.0 adds support for synonymous rate variation, \nand relaxes the test statistic to 0.5 (chi^2_0 + chi^2_2). Version 2.1 adds a grid search for the initial starting point.\nVersion 2.2 changes the grid search to LHC, and adds an initial search phase to use adaptive Nedler-Mead. Version 3.0 implements the option\nfor branch-site variation in synonymous substitution rates. Version 3.1 adds HMM auto-correlation option for SRV, and binds SRV distributions for multiple branch sets\n",
   "requirements":"in-frame codon alignment and a phylogenetic tree (optionally annotated with {})",
   "version":"3.1"
  },
 "background":0,
 "branch attributes":{
   "0":{
     "D3ZDW7_RAT":{
       "MG94xREV with separate rates for branch sets":0.03763808713099909,
       "Nucleotide GTR":0.03169344626839871,
       "original name":"D3ZDW7_RAT",
       "unconstrained":0.03300652813638798
      },
     "ENSACAP00000018547":{
       "MG94xREV with separate rates for branch sets":0.1644131165852307,
       "Nucleotide GTR":0.1281079453466335,
       "original name":"ENSACAP00000018547",
       "unconstrained":0.2580216977035188
      },
     "ENSCJAP00000040815":{
       "MG94xREV with separate rates for branch sets":0.04035836475071538,
       "Nucleotide GTR":0.03906692590200404,
       "original name":"ENSCJAP00000040815",
       "unconstrained":0.04578401869219552
      },
     "ENSMODP00000008788":{
       "MG94xREV with separate rates for branch sets":0.9766993723020291,
       "Nucleotide GTR":0.419728979777589,
       "original name":"ENSMODP00000008788",
       "unconstrained":6.373037158784141
      },
     "ENSOGAP00000016988":{
       "MG94xREV with separate rates for branch sets":0,
       "Nucleotide GTR":0,
       "original name":"ENSOGAP00000016988",
       "unconstrained":0
      },
     "ENSORLP00000005720":{
       "MG94xREV with separate rates for branch sets":0.2360198246808632,
       "Nucleotide GTR":0.1795009133774261,
       "original name":"ENSORLP00000005720",
       "unconstrained":0.3227910254105305
      },
     "ENSSSCP00000022479":{
       "MG94xREV with separate rates for branch sets":1.14900649160498,
       "Nucleotide GTR":0.5261425552425613,
       "original name":"ENSSSCP00000022479",
       "unconstrained":4.040613212057297
      },
     "NODE_3":{
       "MG94xREV with separate rates for branch sets":0.03274804917655052,
       "Nucleotide GTR":0.0362957921843791,
       "unconstrained":0.05547077508142823
      },
     "NODE_5":{
       "MG94xREV with separate rates for branch sets":0.03517247481732263,
       "Nucleotide GTR":0.02873979937597662,