{
 "Evidence Ratios":{
  },
 "Site Log Likelihood":{
   "unconstrained":    [
[-11.96922344021708, -6.2259537902812, -22.73652606601251, -11.54882806388668, -13.91158876019705, -25.93938743742363, -17.58708636672865, -13.24359056786125, -12.11044870850876, -12.86293603228951, -14.66051759955609, -4.086775962226113, -4.658793757249859, -11.37479707002985, -11.23929301597443, -10.23259551104179, -13.12722309563644, -14.02925776031314, -5.916722242241979, -10.66732499659489, -9.058571305536187, -11.74046087655255, -12.03402376917261, -25.16930702113952, -12.56693700597892, -4.137855698924878, -17.28973982900874, -15.12798434642518, -15.36078872693565, -9.655221344906938, -5.357211165687996, -14.83627779253537, -11.80109426288593, -7.385326447373093, -7.26551529517222, -7.494916314025462, -14.94368591384817, -8.453586510796658, -3.716726174414264, -18.68622843472897, -5.135779115668211, -7.404397038036066, -12.10077817596173, -8.872524802813174, -18.92777957993535, -6.06419061583055, -7.842023536598394, -3.716726174414264, -10.23908727382217, -4.086775962226113, -8.968993152406865, -9.437803261310554, -9.700974843016573, -12.23541075836267, -9.989937242743274, -6.569960673927783, -9.292941206274016, -5.630104925510804, -8.948898714148157, -11.64865273177028, -13.41930763130431, -7.64208433753008, -10.06240177096077, -13.50143431855608, -16.03765474851931, -5.571174999616279, -3.716726174414264, -6.739910897859884, -12.21192794922952, -7.64208433753008, -4.704069240555516, -11.92822419439973, -6.363563179329438, -9.133305255756111, -6.06419061583055, -13.50557024255777, -16.17953566639142, -9.614901552183577, -3.834099157179333, -16.43797983054929, -7.691180252221451, -13.81377198253929, -9.775528734143245, -13.47918816724663, -6.852961996254693] 
    ]
  },
 "Synonymous site-posteriors":  [
[0.05514639043756588, 0.001809212327188738, 0.3750206191004382, 0.03936204929101226, 0.08621649844960863, 0.2698046060024705, 0.1238509634849739, 0.04757330206204229, 0.01660939958275732, 0.05282679436614666, 0.03247564286180547, 0.01245838687528031, 0.009288338261358817, 0.03699501981268367, 0.01542426908509351, 0.02686546010663893, 0.08065179222459892, 0.01579546542784274, 0.002291169919085239, 0.05174218825834671, 0.006771954899019494, 0.01763917464684235, 0.03354210898669549, 0.5256995181258292, 0.03211281755837821, 0.009888193832752655, 0.03071769895311658, 0.06858018047024708, 0.03805938802585618, 0.01115383636845762, 0.004762826649485031, 0.08726156115250021, 0.02061270160773423, 0.0003830173294059466, 0.02376451126500151, 0.0008943530241359866, 0.0349977392105197, 0.03278337618594172, 0.0120362147415961, 0.1492710040261315, 0.006211335206460345, 0.01697759074246485, 0.01387464791363766, 0.01535020992003615, 0.1342255591885636, 0.01621269940327249, 0.008386621589298321, 0.0120362147415961, 0.0524545876242835, 0.01245838687528031, 0.02245042375829556, 0.0121588185544502, 0.01800742240599476, 0.0534106158338276, 0.02004061130256233, 0.004741674855538212, 0.008361580007025363, 0.003441923940038027, 0.02073527725649993, 0.03735187345257915, 0.05950131898957758, 0.00698984078580512, 0.01797296626839582, 0.01125866265336611, 0.205820207438987, 0.005482062914714439, 0.0120362147415961, 0.01636635545470215, 0.01831442961711302, 0.00698984078580512, 0.00714158478194055, 0.004766769265629592, 0.01239628731934548, 0.009357271301054407, 0.01621269940327249, 0.02053415563153107, 0.1226416461603172, 0.03556464828803118, 0.01723924325154656, 0.02291706034720587, 0.02292896693639515, 0.1188524133841257, 0.09319195787209157, 0.100213065370418, 0.02209873853308137],
  [0, 0.2890366017972263, 0, 0, 0, 0, 0, 0, 0, 0, 0, 0.1112042045800919, 0.1368668153088672, 0, 0, 0, 0, 0, 0.2798620191256203, 0, 0, 0, 0, 0, 0, 0.1259382724611437, 0, 0, 0, 0, 0.1976088949239234, 0, 0, 0.5001771932621307, 0, 0.4049319439892806, 0, 0, 0.115099649735491, 0, 0.178482307309189, 0, 0, 0, 0, 0.09270227080154061, 0, 0.115099649735491, 0, 0.1112042045800919, 0, 0, 0, 0, 0, 0.2110688078412332, 0, 0.2131069452787794, 0, 0, 0, 0, 0, 0, 0, 0.1916187414768609, 0.115099649735491, 0, 0, 0, 0.1540953867776929, 0, 0, 0, 0.09270227080154061, 0, 0, 0, 0.08637440444116799, 0, 0, 0, 0, 0, 0],
  [0.944853609562434, 0.709154185875585, 0.6249793808995618, 0.9606379507089878, 0.9137835015503913, 0.7301953939975294, 0.8761490365150262, 0.9524266979379578, 0.9833906004172428, 0.9471732056338533, 0.9675243571381945, 0.8763374085446278, 0.853844846429774, 0.9630049801873164, 0.9845757309149065, 0.9731345398933612, 0.9193482077754009, 0.9842045345721573, 0.7178468109552945, 0.9482578117416532, 0.9932280451009805, 0.9823608253531576, 0.9664578910133045, 0.4743004818741707, 0.9678871824416218, 0.8641735337061036, 0.9692823010468834, 0.9314198195297528, 0.9619406119741438, 0.9888461636315424, 0.7976282784265917, 0.9127384388474998, 0.9793872983922658, 0.4994397894084634, 0.9762354887349984, 0.5941737029865833, 0.9650022607894803, 0.9672166238140583, 0.8728641355229128, 0.8507289959738685, 0.8153063574843507, 0.9830224092575351, 0.9861253520863624, 0.9846497900799639, 0.8657744408114364, 0.8910850297951869, 0.9916133784107017, 0.8728641355229128, 0.9475454123757167, 0.8763374085446278, 0.9775495762417044, 0.9878411814455498, 0.9819925775940053, 0.9465893841661726, 0.9799593886974376, 0.7841895173032286, 0.9916384199929746, 0.7834511307811827, 0.9792647227435001, 0.9626481265474209, 0.9404986810104223, 0.9930101592141949, 0.9820270337316042, 0.9887413373466339, 0.794179792561013, 0.8028991956084247, 0.8728641355229128, 0.9836336445452979, 0.981685570382887, 0.9930101592141949, 0.8387630284403665, 0.9952332307343704, 0.9876037126806545, 0.9906427286989458, 0.8910850297951869, 0.979465844368469, 0.8773583538396827, 0.9644353517119689, 0.8963863523072856, 0.9770829396527941, 0.9770710330636048, 0.8811475866158743, 0.9068080421279084, 0.899786934629582, 0.9779012614669186] 
  ],
 "analysis":{
   "authors":"Sergei L Kosakovsky Pond",
   "citation":"*Gene-wide identification of episodic selection*, Mol Biol Evol. 32(5):1365-71",
   "contact":"spond@temple.edu",
   "info":"BUSTED (branch-site unrestricted statistical test of episodic diversification) uses a random effects branch-site model fitted \njointly to all or a subset of tree branches in order to test for alignment-wide evidence of episodic diversifying selection. \nAssuming there is evidence of positive selection (i.e. there is an omega > 1),  BUSTED will also perform a quick evidence-ratio \nstyle analysis to explore which individual sites may have been subject to selection. v2.0 adds support for synonymous rate variation, \nand relaxes the test statistic to 0.5 (chi^2_0 + chi^2_2). Version 2.1 adds a grid search for the initial starting point.\nVersion 2.2 changes the grid search to LHC, and adds an initial search phase to use adaptive Nedler-Mead. Version 3.0 implements the option\nfor branch-site variation in synonymous substitution rates. Version 3.1 adds HMM auto-correlation option for SRV, and binds SRV distributions for multiple branch sets\n",
   "requirements":"in-frame codon alignment and a phylogenetic tree (optionally annotated with {})",
   "version":"3.1"
  },
 "background":0,
 "branch attributes":{
   "0":{
     "ENSECAP00000004844":{
       "MG94xREV with separate rates for branch sets":0.03554758052529426,
       "Nucleotide GTR":0.03475893464494854,
       "original name":"ENSECAP00000004844",
       "unconstrained":0.03635746354985811
      },
     "ENSECAP00000006264":{
       "MG94xREV with separate rates for branch sets":0.1721689886173233,
       "Nucleotide GTR":0.1520207861897345,
       "original name":"ENSECAP00000006264",
       "unconstrained":0.1954828932637454
      },
     "ENSECAP00000007731":{
       "MG94xREV with separate rates for branch sets":0.02195891566977119,
       "Nucleotide GTR":0.02072979647131279,
       "original name":"ENSECAP00000007731",
       "unconstrained":0.02224892778314491
      },