{
 "Evidence Ratios":{
  },
 "Site Log Likelihood":{
   "unconstrained":    [
[-4.131114138756801, -4.137198841373234, -5.045692502459675, -4.660050204132038, -6.786559068011405, -4.720997592273361, -12.33644778335366, -4.613295691447875, -4.474878399622802, -4.958829814276625, -4.747645604697659, -9.489558711577553, -5.183614600330383, -5.110822723434874, -8.407220125549225, -4.137198841373234, -10.65316765508237, -12.16288537617632, -6.40236988979702, -4.638502788338154, -4.594306548299457, -7.590783207868193, -4.660050204132038, -7.777181476005026, -4.660050204132038, -8.000407648456104, -7.411169124431505, -8.58004062791321, -11.51709740283789, -4.859349239370735, -5.110822723434874, -9.3346603261281, -4.851301882339426, -6.888406431941694, -4.46366671255068, -7.768911425793939, -4.969688030062446, -4.746197432403554, -7.465506460742016, -4.969688030062446, -4.239305763287844, -3.910652975000017, -4.581802664934798, -4.004134463986967, -3.910652975000017, -10.09394037928524, -8.599364977336673, -4.551360916661993, -7.690019532062476, -4.557595052833983, -6.89587574250432, -5.045692502459675, -4.969688030062446, -6.478602073583405, -14.78975309064427, -4.629095436203611, -4.646351413620009, -4.613295691447875, -4.8148633463265, -7.83647389230068, -6.817804202871717, -6.647049116718297, -4.474878399622802, -5.073440228618355, -7.104268036893401, -4.46366671255068, -4.991427337980109, -4.859349239370735, -15.13226244682189, -6.678367875363337, -4.885992966492164, -7.22536842353644, -9.421827703099373, -4.594306548299457, -10.3438940590602, -7.108904488223041, -7.237913384133035, -6.983858194476279, -4.936030648586608, -7.451562253367344] 
    ]
  },
 "Synonymous site-posteriors":  [
[0.02995037018000873, 0.02865406901043181, 0.0241142180271639, 0.02542792019572839, 0.0348280428000864, 0.02526421070512724, 0.03481791744913743, 0.02669194926139197, 0.02675338467885165, 0.02522036505450822, 0.02557930292952988, 0.03481560438101539, 0.02540034643536233, 0.02510068248558226, 0.03481663958689289, 0.02865406901043181, 0.03482760451697133, 0.03481732115237952, 0.03482659678781876, 0.02653480412147011, 0.02578426498570259, 0.03482711213467959, 0.02542792019572839, 0.03482604843804375, 0.02542792019572839, 0.03482539134828424, 0.03482653401796595, 0.03481826977107791, 0.03481101098443133, 0.02519298976033961, 0.02510068248558226, 0.03481608739678065, 0.02526926818375345, 0.03482847016705873, 0.0265507081022157, 0.03482663604618773, 0.02445140786108378, 0.02494645020305862, 0.03482604821128624, 0.02445140786108378, 0.02964298790439348, 0.02971586368560694, 0.02966166813970514, 0.02978337737988957, 0.02971586368560694, 0.03482040913686017, 0.03482029209807166, 0.02959995952609266, 0.03482587752805529, 0.02658153789058955, 0.03482669076149428, 0.0241142180271639, 0.02445140786108378, 0.03482626944725028, 0.0348075330390712, 0.02608994793134534, 0.02621558398456353, 0.02669194926139197, 0.02588493809000232, 0.034825259014048, 0.03482657770790783, 0.03482757494291355, 0.02675338467885165, 0.02520354192695008, 0.03482704543408178, 0.0265507081022157, 0.0263988610188353, 0.02519298976033961, 0.03481569996830277, 0.03482728499410996, 0.02618204983070627, 0.03482771374029539, 0.03481664394778847, 0.02578426498570259, 0.0348276213891629, 0.03482709091948657, 0.03482622455102367, 0.03482670123345794, 0.02452282187413555, 0.03482779625567418],
  [0.8299586424761425, 0.7939744422942127, 0.6680495641166203, 0.7044793427360553, 0.9651719571999137, 0.699941343838373, 0.9651820825508625, 0.7395377897459662, 0.7412428827105926, 0.698722960654737, 0.7086766161553401, 0.9651843956189846, 0.7037138850354346, 0.6954037542137467, 0.9651833604131071, 0.7939744422942127, 0.9651723954830287, 0.9651826788476205, 0.9651734032121813, 0.7351771495520083, 0.7143627860095343, 0.9651728878653205, 0.7044793427360553, 0.9651739515619562, 0.7044793427360553, 0.9651746086517158, 0.9651734659820341, 0.9651817302289221, 0.9651889890155687, 0.6979631152375199, 0.6954037542137467, 0.9651839126032193, 0.7000812350744903, 0.9651715298329413, 0.7356197239028757, 0.9651733639538123, 0.67739875530286, 0.6911268273935461, 0.9651739517887137, 0.67739875530286, 0.8214235551704375, 0.8234469839194195, 0.8219421979943174, 0.8253215961674061, 0.8234469839194195, 0.9651795908631398, 0.9651797079019283, 0.8202288600274744, 0.9651741224719447, 0.7364775862508126, 0.9651733092385059, 0.6680495641166203, 0.67739875530286, 0.9651737305527497, 0.9651924669609288, 0.7228399124146421, 0.7263250295435795, 0.7395377897459662, 0.717153503267145, 0.965174740985952, 0.9651734222920922, 0.9651724250570864, 0.7412428827105926, 0.698256658358275, 0.9651729545659182, 0.7356197239028757, 0.7314071228597414, 0.6979631152375199, 0.9651843000316972, 0.9651727150058901, 0.7253940249527371, 0.9651722862597045, 0.9651833560522115, 0.7143627860095343, 0.965172378610837, 0.9651729090805135, 0.9651737754489763, 0.9651732987665421, 0.679379434551714, 0.9651722037443259],
  [0.1400909873438486, 0.1773714886953556, 0.3078362178562157, 0.2700927370682163, 0, 0.2747944454564998, 0, 0.2337702609926417, 0.2320037326105558, 0.2760566742907546, 0.26574408091513, 0, 0.2708857685292031, 0.279495563300671, 0, 0.1773714886953556, 0, 0, 0, 0.2382880463265216, 0.2598529490047631, 0, 0.2700927370682163, 0, 0.2700927370682163, 0, 0, 0, 0, 0.2768438950021405, 0.279495563300671, 0, 0.2746494967417564, 0, 0.2378295679949087, 0, 0.2981498368360562, 0.2839267224033953, 0, 0.2981498368360562, 0.1489334569251691, 0.1468371523949735, 0.1483961338659774, 0.1448950264527042, 0.1468371523949735, 0, 0, 0.1501711804464328, 0, 0.2369408758585978, 0, 0.3078362178562157, 0.2981498368360562, 0, 0, 0.2510701396540127, 0.247459386471857, 0.2337702609926417, 0.2569615586428527, 0, 0, 0, 0.2320037326105558, 0.2765397997147749, 0, 0.2378295679949087, 0.2421940161214232, 0.2768438950021405, 0, 0, 0.2484239252165566, 0, 0, 0.2598529490047631, 0, 0, 0, 0, 0.2960977435741504, 0] 
  ],
 "analysis":{
   "authors":"Sergei L Kosakovsky Pond",
   "citation":"*Gene-wide identification of episodic selection*, Mol Biol Evol. 32(5):1365-71",
   "contact":"spond@temple.edu",
   "info":"BUSTED (branch-site unrestricted statistical test of episodic diversification) uses a random effects branch-site model fitted \njointly to all or a subset of tree branches in order to test for alignment-wide evidence of episodic diversifying selection. \nAssuming there is evidence of positive selection (i.e. there is an omega > 1),  BUSTED will also perform a quick evidence-ratio \nstyle analysis to explore which individual sites may have been subject to selection. v2.0 adds support for synonymous rate variation, \nand relaxes the test statistic to 0.5 (chi^2_0 + chi^2_2). Version 2.1 adds a grid search for the initial starting point.\nVersion 2.2 changes the grid search to LHC, and adds an initial search phase to use adaptive Nedler-Mead. Version 3.0 implements the option\nfor branch-site variation in synonymous substitution rates. Version 3.1 adds HMM auto-correlation option for SRV, and binds SRV distributions for multiple branch sets\n",
   "requirements":"in-frame codon alignment and a phylogenetic tree (optionally annotated with {})",
   "version":"3.1"
  },
 "background":0,
 "branch attributes":{
   "0":{
     "C1ORF137_GGOR":{
       "MG94xREV with separate rates for branch sets":0.01266236071020245,
       "Nucleotide GTR":0.0126058647008601,
       "original name":"C1ORF137_GGOR",
       "unconstrained":0.01269492954339856
      },
     "C1ORF137_HUMAN":{
       "MG94xREV with separate rates for branch sets":0.00419309386413774,
       "Nucleotide GTR":0.004179503878202583,
       "original name":"C1ORF137_HUMAN",
       "unconstrained":0.004199858903342
      },
     "C1ORF137_MICMU":{
       "MG94xREV with separate rates for branch sets":0.2160226883097789,
       "Nucleotide GTR":0.2142689148310342,
       "original name":"C1ORF137_MICMU",
       "unconstrained":0.2236248219922684
      },