{
 "Evidence Ratios":{
  },
 "Site Log Likelihood":{
   "unconstrained":    [
[-6.932959616071815, -8.327930667908445, -4.896310806992338, -8.162138756891693, -10.70497500294251, -6.121097197969237, -4.740773725754601, -13.3501804831411, -4.93961877973943, -7.930919554636661, -4.80097165317272, -4.04162212402624, -4.04162212402624, -4.614978238275901, -4.080445840952359, -5.394038576004286, -13.821547134749, -6.121097197969237, -4.430263288767907, -4.80097165317272, -4.04162212402624, -9.754981862579029, -7.908930937211541, -8.679011637597407, -5.036059047556845, -4.076158215541884, -4.741353205149269, -8.834129287128409, -4.32065379512355, -4.59191053762568, -4.798634348297316, -4.076158215541884, -9.982268580092784, -4.095998894132411, -7.881942054427754, -4.474856507786065, -4.076158215541884, -6.101901767235039, -4.531686564888174, -4.844258709304104, -6.08636367456456, -4.080445840952359, -4.371000768613165, -8.078036017621361, -8.611480199152124, -9.714068618383033, -4.324942227320506, -4.741353205149269, -4.547938846329859, -5.06093500927936, -3.930583633336955, -10.11377080440549, -4.607560945055283, -4.784752893713144, -4.04162212402624, -4.741353205149269, -10.30598635604547, -4.896310806992338, -6.336239513715291, -8.663994504288464, -4.862646142095659, -5.396328888235596, -7.816559473278672, -7.762558259089931, -5.394038576004286, -4.864865128191937, -5.396328888235596, -6.742952514932236, -4.547938846329859, -12.7082083333427, -5.022787679054198, -7.8766380143937, -10.1163945508847, -6.77874580548781, -4.59191053762568, -8.683783096674766, -4.547938846329859, -4.430263288767907, -10.27171352289795, -7.906278800267026, -5.345534506935516, -7.246489413097736, -7.814792700660605, -7.713062998139642, -4.286128394387733, -6.77874580548781, -7.238714475255629, -6.136635266735773, -4.93961877973943, -10.65849522039017, -4.898648116119366, -4.496479310336822, -4.854784991623052, -4.898648116119366, -4.286128394387733, -9.925206133999742, -4.286128394387733, -4.095998894132411, -4.002689118294227, -3.7601204868079, -3.830777499757505, -4.343005788309219, -8.24103967714883, -9.040434129414317] 
    ]
  },
 "Synonymous site-posteriors":  [
[0, 0, 0, 0, 0, 0, 0, 0, 0, 0, 0, 0, 0, 0, 0, 0, 0, 0, 0, 0, 0, 0, 0, 0, 0, 0, 0, 0, 0, 0, 0, 0, 0, 0, 0, 0, 0, 0, 0, 0, 0, 0, 0, 0, 0, 0, 0, 0, 0, 0, 0, 0, 0, 0, 0, 0, 0, 0, 0, 0, 0, 0, 0, 0, 0, 0, 0, 0, 0, 0, 0, 0, 0, 0, 0, 0, 0, 0, 0, 0, 0, 0, 0, 0, 0, 0, 0, 0, 0, 0, 0, 0, 0, 0, 0, 0, 0, 0, 0, 0, 0, 0, 0, 0],
  [1, 1, 0.9999999999999999, 1, 1, 1, 1, 0.9999999999999999, 1, 1, 1, 1, 1, 1, 1, 1, 1, 1, 1, 1, 1, 1, 0.9999999999999999, 1, 1, 1, 1, 0.9999999999999999, 1, 0.9999999999999999, 1, 1, 1, 1, 1, 1, 1, 1, 1, 1, 0.9999999999999999, 1, 1, 1, 1, 1, 1, 1, 1, 1, 1, 1, 1, 1, 1, 1, 1, 0.9999999999999999, 1, 0.9999999999999999, 0.9999999999999999, 1, 1, 1, 1, 1, 1, 1, 1, 0.9999999999999999, 0.9999999999999999, 1, 0.9999999999999999, 1, 0.9999999999999999, 1, 1, 1, 1, 1, 1, 1, 1, 1, 1, 1, 1, 1, 1, 1, 1, 1, 1, 1, 1, 1, 1, 1, 1, 1, 1, 1, 1, 1],
  [0, 0, 0, 0, 0, 0, 0, 0, 0, 0, 0, 0, 0, 0, 0, 0, 0, 0, 0, 0, 0, 0, 0, 0, 0, 0, 0, 0, 0, 0, 0, 0, 0, 0, 0, 0, 0, 0, 0, 0, 0, 0, 0, 0, 0, 0, 0, 0, 0, 0, 0, 0, 0, 0, 0, 0, 0, 0, 0, 0, 0, 0, 0, 0, 0, 0, 0, 0, 0, 0, 0, 0, 0, 0, 0, 0, 0, 0, 0, 0, 0, 0, 0, 0, 0, 0, 0, 0, 0, 0, 0, 0, 0, 0, 0, 0, 0, 0, 0, 0, 0, 0, 0, 0] 
  ],
 "analysis":{
   "authors":"Sergei L Kosakovsky Pond",
   "citation":"*Gene-wide identification of episodic selection*, Mol Biol Evol. 32(5):1365-71",
   "contact":"spond@temple.edu",
   "info":"BUSTED (branch-site unrestricted statistical test of episodic diversification) uses a random effects branch-site model fitted \njointly to all or a subset of tree branches in order to test for alignment-wide evidence of episodic diversifying selection. \nAssuming there is evidence of positive selection (i.e. there is an omega > 1),  BUSTED will also perform a quick evidence-ratio \nstyle analysis to explore which individual sites may have been subject to selection. v2.0 adds support for synonymous rate variation, \nand relaxes the test statistic to 0.5 (chi^2_0 + chi^2_2). Version 2.1 adds a grid search for the initial starting point.\nVersion 2.2 changes the grid search to LHC, and adds an initial search phase to use adaptive Nedler-Mead. Version 3.0 implements the option\nfor branch-site variation in synonymous substitution rates. Version 3.1 adds HMM auto-correlation option for SRV, and binds SRV distributions for multiple branch sets\n",
   "requirements":"in-frame codon alignment and a phylogenetic tree (optionally annotated with {})",
   "version":"3.1"
  },
 "background":0,
 "branch attributes":{
   "0":{
     "C8ORF86_GGOR":{
       "MG94xREV with separate rates for branch sets":0,
       "Nucleotide GTR":0,
       "original name":"C8ORF86_GGOR",
       "unconstrained":0
      },
     "C8ORF86_HUMAN":{
       "MG94xREV with separate rates for branch sets":0.003220611275125875,
       "Nucleotide GTR":0.003246066421659117,
       "original name":"C8ORF86_HUMAN",
       "unconstrained":0.003219164645565991
      },
     "C8ORF86_NOMLE":{
       "MG94xREV with separate rates for branch sets":0.01634249322279429,
       "Nucleotide GTR":0.01644183357248102,
       "original name":"C8ORF86_NOMLE",
       "unconstrained":0.01634490147578054
      },
     "C8ORF86_PONAB":{
       "MG94xREV with separate rates for branch sets":0.009729571781316471,
       "Nucleotide GTR":0.009785217931103244,
       "original name":"C8ORF86_PONAB",
       "unconstrained":0.009730414061211865
      },
     "C8ORF86_TURTR":{
       "MG94xREV with separate rates for branch sets":0.1567668199174952,
       "Nucleotide GTR":0.1549890178050327,
       "original name":"C8ORF86_TURTR",
       "unconstrained":0.1568832719622965
      },
     "LOC746930_PANTR":{
       "MG94xREV with separate rates for branch sets":0,
       "Nucleotide GTR":0,
       "original name":"LOC746930_PANTR",
       "unconstrained":0
      },
     "NODE_3":{
       "MG94xREV with separate rates for branch sets":0.003215041503099572,
       "Nucleotide GTR":0.00324501902520145,
       "unconstrained":0.003215311267056728
      },
     "NODE_5":{
       "MG94xREV with separate rates for branch sets":0.0129780559131677,
       "Nucleotide GTR":0.0130845062229215,
       "unconstrained":0.01297728833530824
      }
    },
   "attributes":{
     "MG94xREV with separate rates for branch sets":{
       "attribute type":"branch length",
       "display order":1
      },
     "Nucleotide GTR":{
       "attribute type":"branch length",
       "display order":0
      },
     "original name":{
       "attribute type":"node label",
       "display order":0
      },
     "unconstrained":{
       "attribute type":"branch length",
       "display order":0
      }
    }
  },
 "data partitions":{
   "0":{
     "coverage":      [
[0, 1, 2, 3, 4, 5, 6, 7, 8, 9, 10, 11, 12, 13, 14, 15, 16, 17, 18, 19, 20, 21, 22, 23, 24, 25, 26, 27, 28, 29, 30, 31, 32, 33, 34, 35, 36, 37, 38, 39, 40, 41, 42, 43, 44, 45, 46, 47, 48, 49, 50, 51, 52, 53, 54, 55, 56, 57, 58, 59, 60, 61, 62, 63, 64, 65, 66, 67, 68, 69, 70, 71, 72, 73, 74, 75, 76, 77, 78, 79, 80, 81, 82, 83, 84, 85, 86, 87, 88, 89, 90, 91, 92, 93, 94, 95, 96, 97, 98, 99, 100, 101, 102, 103] 
      ],
     "name":"busted.filter.default"
    }
  },
 "fits":{
   "MG94xREV with separate rates for branch sets":{
     "AIC-c":1367.531727916581,