{
 "Evidence Ratios":{
  },
 "Site Log Likelihood":{
   "unconstrained":    [
[-2.885773143909023, -4.005468847352059, -3.773062271380403, -3.657351427951614, -10.9532674765999, -3.794769192866685, -4.071509869248561, -13.30941800377442, -2.855353790037258, -4.181087400295904, -3.794769192866685, -5.104055770995475, -3.389035703893807, -5.481943953203817, -2.855353790037258, -9.076331569448993, -5.241653887548319, -2.587429860658786, -3.794769192866685, -5.017174284398583, -4.032226091901014, -2.885773143909023, -4.005468847352059, -2.587429860658786, -2.587429860658786, -10.27968087775069, -2.855353790037258, -4.347968947154459, -5.241653887548319, -2.587429860658786, -3.657351427951614, -4.853888418599727, -2.995406648704014, -8.210582156320978, -2.587429860658786, -4.274417990708668, -4.412156465982199, -5.017174284398583, -5.238987167756, -3.389035703893807, -4.894882455218811, -2.995406648704014, -3.746354033854161, -4.213659053104307] 
    ]
  },
 "Synonymous site-posteriors":  [
[0.1377410558836492, 0.079720239111189, 0.1541146928479381, 0.1262969840511202, 1, 0.1162459801090393, 0.1391360178049484, 1, 0.1544720539531565, 0.1439237256026056, 0.1162459801090393, 0.1230409048115242, 0.1247629992218742, 0.07212027216753351, 0.1544720539531565, 0.9999999999999999, 0.131291022995586, 0.1526556168880317, 0.1162459801090393, 0.1872660489325019, 0.1660166523664948, 0.1377410558836492, 0.079720239111189, 0.1526556168880317, 0.1526556168880317, 1, 0.1544720539531565, 0.108453896247502, 0.131291022995586, 0.1526556168880317, 0.1262969840511202, 0.1211120432619474, 0.1424885249950943, 1, 0.1526556168880317, 0.08075108253683405, 0.06987787050955437, 0.1872660489325019, 0.1496749599454822, 0.1247629992218742, 0.07817709707077893, 0.1424885249950943, 0.1517093959477663, 0.1253692254150611],
  [0.4858980346685685, 0.5185937823114011, 0.476671203128447, 0.4923469698173135, 0, 0.4980108867824289, 0.4851119491653424, 0, 0.4764698238793508, 0.4824139918691929, 0.4980108867824289, 0.4941818275639805, 0.4932113971669259, 0.5228764969491166, 0.4764698238793508, 0, 0.4895327413019329, 0.4774934180166638, 0.4980108867824289, 0.4579898326677493, 0.469964240239592, 0.4858980346685685, 0.5185937823114011, 0.4774934180166638, 0.4774934180166638, 0, 0.4764698238793508, 0.5024018626721296, 0.4895327413019329, 0.4774934180166638, 0.4923469698173135, 0.4952687748696389, 0.4832227525776822, 0, 0.4774934180166638, 0.5180128839652723, 0.5241401296037667, 0.4579898326677493, 0.4791730704694317, 0.4932113971669259, 0.5194633699100755, 0.4832227525776822, 0.478026630108431, 0.492869778076925],
  [0.3763609094477824, 0.40168597857741, 0.369214104023615, 0.3813560461315663, 0, 0.3857431331085317, 0.3757520330297092, 0, 0.3690581221674927, 0.3736622825282017, 0.3857431331085317, 0.3827772676244953, 0.3820256036112, 0.4050032308833498, 0.3690581221674927, 0, 0.3791762357024812, 0.3698509650953045, 0.3857431331085317, 0.3547441183997487, 0.3640191073939132, 0.3763609094477824, 0.40168597857741, 0.3698509650953045, 0.3698509650953045, 0, 0.3690581221674927, 0.3891442410803683, 0.3791762357024812, 0.3698509650953045, 0.3813560461315663, 0.3836191818684137, 0.3742887224272235, 0, 0.3698509650953045, 0.4012360334978938, 0.4059819998866788, 0.3547441183997487, 0.3711519695850861, 0.3820256036112, 0.4023595330191456, 0.3742887224272235, 0.3702639739438027, 0.3817609965080139] 
  ],
 "analysis":{
   "authors":"Sergei L Kosakovsky Pond",
   "citation":"*Gene-wide identification of episodic selection*, Mol Biol Evol. 32(5):1365-71",
   "contact":"spond@temple.edu",
   "info":"BUSTED (branch-site unrestricted statistical test of episodic diversification) uses a random effects branch-site model fitted \njointly to all or a subset of tree branches in order to test for alignment-wide evidence of episodic diversifying selection. \nAssuming there is evidence of positive selection (i.e. there is an omega > 1),  BUSTED will also perform a quick evidence-ratio \nstyle analysis to explore which individual sites may have been subject to selection. v2.0 adds support for synonymous rate variation, \nand relaxes the test statistic to 0.5 (chi^2_0 + chi^2_2). Version 2.1 adds a grid search for the initial starting point.\nVersion 2.2 changes the grid search to LHC, and adds an initial search phase to use adaptive Nedler-Mead. Version 3.0 implements the option\nfor branch-site variation in synonymous substitution rates. Version 3.1 adds HMM auto-correlation option for SRV, and binds SRV distributions for multiple branch sets\n",
   "requirements":"in-frame codon alignment and a phylogenetic tree (optionally annotated with {})",
   "version":"3.1"
  },
 "background":0,
 "branch attributes":{
   "0":{
     "ENSPPYP00000008109":{
       "MG94xREV with separate rates for branch sets":0.007684806468813219,
       "Nucleotide GTR":0.007621401663521966,
       "original name":"ENSPPYP00000008109",
       "unconstrained":0.007495936985339891
      },
     "ENSPPYP00000008213":{
       "MG94xREV with separate rates for branch sets":0,
       "Nucleotide GTR":0,
       "original name":"ENSPPYP00000008213",
       "unconstrained":0
      },
     "ENSPPYP00000008664":{
       "MG94xREV with separate rates for branch sets":0,
       "Nucleotide GTR":0,
       "original name":"ENSPPYP00000008664",
       "unconstrained":0
      },
     "ENSPPYP00000008667":{
       "MG94xREV with separate rates for branch sets":0,
       "Nucleotide GTR":3.76505241618934e-18,
       "original name":"ENSPPYP00000008667",
       "unconstrained":0
      },
     "ENSPPYP00000008670":{
       "MG94xREV with separate rates for branch sets":0.007834975359632393,
       "Nucleotide GTR":0.007597401641513095,
       "original name":"ENSPPYP00000008670",
       "unconstrained":0.00815325570299814
      },
     "ENSPPYP00000008674":{
       "MG94xREV with separate rates for branch sets":0,
       "Nucleotide GTR":0,
       "original name":"ENSPPYP00000008674",
       "unconstrained":0
      },
     "ENSPPYP00000008683":{
       "MG94xREV with separate rates for branch sets":0,
       "Nucleotide GTR":0,
       "original name":"ENSPPYP00000008683",
       "unconstrained":0
      },
     "ENSPPYP00000008690":{
       "MG94xREV with separate rates for branch sets":0,
       "Nucleotide GTR":0,
       "original name":"ENSPPYP00000008690",
       "unconstrained":0
      },
     "ENSPPYP00000008696":{
       "MG94xREV with separate rates for branch sets":0,
       "Nucleotide GTR":0,
       "original name":"ENSPPYP00000008696",
       "unconstrained":0
      },
     "ENSPPYP00000008701":{
       "MG94xREV with separate rates for branch sets":0,
       "Nucleotide GTR":0,
       "original name":"ENSPPYP00000008701",
       "unconstrained":0
      },
     "ENSPPYP00000008729":{
       "MG94xREV with separate rates for branch sets":0,
       "Nucleotide GTR":0,
       "original name":"ENSPPYP00000008729",
       "unconstrained":0
      },
     "ENSPPYP00000023420":{
       "MG94xREV with separate rates for branch sets":0,
       "Nucleotide GTR":3.531680928216059e-18,
       "original name":"ENSPPYP00000023420",
       "unconstrained":0
      },
     "NODE_12":{
       "MG94xREV with separate rates for branch sets":0.007704353361777837,
       "Nucleotide GTR":0.007645689344760559,
       "unconstrained":0.007587826554726547
      },
     "NODE_22":{
       "MG94xREV with separate rates for branch sets":0.03206736340605221,
       "Nucleotide GTR":0.03122486152130997,
       "unconstrained":0.03716735752764042
      }
    },
   "attributes":{
     "MG94xREV with separate rates for branch sets":{
       "attribute type":"branch length",
       "display order":1
      },
     "Nucleotide GTR":{
       "attribute type":"branch length",
       "display order":0
      },
     "original name":{
       "attribute type":"node label",
       "display order":0
      },
     "unconstrained":{
       "attribute type":"branch length",