{
 "Evidence Ratios":{
  },
 "Site Log Likelihood":{
   "unconstrained":    [
[-4.864900804662024, -6.500301606304696, -6.620816046354396, -6.904456550015239, -26.1043778792567, -14.80595229318604, -37.97733555398526, -12.93859258498405, -28.05447527368396, -26.38610548068223, -22.28241820462737, -17.42687542475578, -22.43415724388312, -20.53930307252025, -23.32796573830706, -42.32390450903096, -32.04584388902128, -38.12997879042494, -34.12890217249148, -39.70123187844221, -19.15494395983911, -22.27022534357198, -27.57078115492338, -37.03868776679536, -29.22078876955482, -22.99896526620125, -15.90942851555751, -18.60787809897413, -26.7877336170679, -24.48394795425346, -16.87442697633081, -22.09926420336487, -29.28850621166264, -21.82941058400881, -26.99026308785148, -15.24588014159886, -13.00714090862897, -14.1756891228534, -17.8875429221687, -22.08440790843338, -37.94664298782867, -17.9145238133583, -11.93151785999277, -30.15675983864679, -12.92145999766866, -27.05710728705724, -17.12363429322126, -15.41227234241095, -21.25356220514304, -14.67810680791688, -10.99913256538077, -17.67508389441578, -18.10111743771933, -32.04338787589463, -25.56632538441898, -28.23015349373939, -17.91796119728889] 
    ]
  },
 "Synonymous site-posteriors":  [
[0.03987987152339945, 0.02282769125719578, 0.07747136893903041, 0.00874118169722791, 0.04652845534178103, 0.02564662838526414, 0.4471822125528484, 0.001765835901777905, 0.02607164662654601, 0.1337887501744543, 0.02156265596945301, 0.03684858699568862, 0.09169034510287966, 0.04989844192017076, 0.06026099933283976, 0.6783539805133314, 0.2338163902561124, 0.3967517301123488, 0.2157321353143714, 0.2575211605529371, 0.02305878278461497, 0.01823179791695726, 0.04496635396197819, 0.09171135117384135, 0.09943723493720347, 0.06690293179323975, 0.02758528673076906, 0.01900842048209169, 0.1408424773360192, 0.0989872061549915, 0.02522870765889088, 0.09325062066032593, 0.2184241859866153, 0.03291208689916311, 0.07031028084626391, 0.0209329090518905, 0.02427242340523381, 0.01422579321280079, 0.02360565462400076, 0.118564186721912, 0.195838444002938, 0.006333358705390439, 0.002113050252134415, 0.1746596813543413, 0.01229482846396584, 0.09006728877145549, 0.01937910914209227, 0.03241969845510996, 0.0908731979845607, 0.02535746656611722, 0.002731276791741679, 0.005536914266068301, 0.01115311381572833, 0.1970394182308427, 0.1366013411032792, 0.06251719482869644, 0.01719404751980225],
  [0.566562756176848, 0.5054349673142176, 0.666582776173434, 0.3767486171517952, 0.7903927228967575, 0.5832951521665244, 0.5433745209533321, 0.2828648216868324, 0.6645655702853774, 0.7775772802309029, 0.6555245477693921, 0.6873713383197819, 0.7676950977241448, 0.7074685780913158, 0.7994948607084714, 0.3195312736265287, 0.7183801467923465, 0.5866240483817787, 0.7419644441339152, 0.7194722247067836, 0.6317223378151986, 0.6015096437070396, 0.7631299574055818, 0.8052950617644687, 0.7915878837633059, 0.7490185246697577, 0.6550513181259098, 0.6640801729413253, 0.7961473052351641, 0.7750852016455381, 0.6459655988422177, 0.777579817238588, 0.7414290046926207, 0.7054444744337988, 0.7962481764016673, 0.5627628621446868, 0.5954828086510695, 0.5240925485596301, 0.6700659795398217, 0.7839079838455332, 0.7523229650617475, 0.4581356097417578, 0.2789064921232392, 0.7707156902481163, 0.5085998308211339, 0.8036499600001477, 0.6192102529733643, 0.6483011785135591, 0.7669963790096853, 0.6191022368826691, 0.3175297332441128, 0.486747768794198, 0.5139003159480067, 0.7585896953888585, 0.7916367110737145, 0.7651587547300119, 0.5904933070325497],
  [0.3935573722997525, 0.4717373414285868, 0.2559458548875357, 0.6145102011509769, 0.1630788217614615, 0.3910582194482116, 0.009443266493819593, 0.7153693424113897, 0.3093627830880766, 0.0886339695946429, 0.3229127962611548, 0.2757800746845295, 0.1406145571729756, 0.2426329799885133, 0.1402441399586887, 0.002114745860139952, 0.04780346295154116, 0.01662422150587249, 0.04230342055171342, 0.02300661474027931, 0.3452188794001864, 0.3802585583760031, 0.19190368863244, 0.1029935870616898, 0.1089748812994905, 0.1840785435370025, 0.3173633951433213, 0.3169114065765831, 0.06301021742881674, 0.1259275921994703, 0.3288056934988912, 0.129169562101086, 0.040146809320764, 0.2616434386670381, 0.1334415427520688, 0.4163042288034227, 0.3802447679436968, 0.4616816582275692, 0.3063283658361775, 0.09752782943255495, 0.05183859093531461, 0.5355310315528518, 0.7189804576246263, 0.05462462839754259, 0.4791053407149001, 0.106282751228397, 0.3614106378845435, 0.319279123031331, 0.1421304230057539, 0.3555402965512137, 0.6797389899641457, 0.5077153169397337, 0.474946570236265, 0.04437088638029892, 0.07176194782300632, 0.1723240504412917, 0.3923126454476482] 
  ],
 "analysis":{
   "authors":"Sergei L Kosakovsky Pond",
   "citation":"*Gene-wide identification of episodic selection*, Mol Biol Evol. 32(5):1365-71",
   "contact":"spond@temple.edu",
   "info":"BUSTED (branch-site unrestricted statistical test of episodic diversification) uses a random effects branch-site model fitted \njointly to all or a subset of tree branches in order to test for alignment-wide evidence of episodic diversifying selection. \nAssuming there is evidence of positive selection (i.e. there is an omega > 1),  BUSTED will also perform a quick evidence-ratio \nstyle analysis to explore which individual sites may have been subject to selection. v2.0 adds support for synonymous rate variation, \nand relaxes the test statistic to 0.5 (chi^2_0 + chi^2_2). Version 2.1 adds a grid search for the initial starting point.\nVersion 2.2 changes the grid search to LHC, and adds an initial search phase to use adaptive Nedler-Mead. Version 3.0 implements the option\nfor branch-site variation in synonymous substitution rates. Version 3.1 adds HMM auto-correlation option for SRV, and binds SRV distributions for multiple branch sets\n",
   "requirements":"in-frame codon alignment and a phylogenetic tree (optionally annotated with {})",
   "version":"3.1"
  },
 "background":0,
 "branch attributes":{
   "0":{
     "1700054O13RIK_DIPOR":{
       "MG94xREV with separate rates for branch sets":0.1259621044213348,
       "Nucleotide GTR":0.1216379570474451,
       "original name":"1700054O13RIK_DIPOR",
       "unconstrained":0.1322547018084698
      },
     "1700054O13RIK_MOUSE":{
       "MG94xREV with separate rates for branch sets":0.04166066632185167,
       "Nucleotide GTR":0.03979591399396648,
       "original name":"1700054O13RIK_MOUSE",
       "unconstrained":0.04415099404145837
      },
     "CXORF27_AILME":{
       "MG94xREV with separate rates for branch sets":0.06314620926553144,
       "Nucleotide GTR":0.06530420991738051,
       "original name":"CXORF27_AILME",
       "unconstrained":0.06632163172310954
      },
     "CXORF27_CAVPO":{
       "MG94xREV with separate rates for branch sets":0.3108646796325184,
       "Nucleotide GTR":0.2981084854865192,
       "original name":"CXORF27_CAVPO",
       "unconstrained":0.406628461730783
      },
     "CXORF27_GGOR":{
       "MG94xREV with separate rates for branch sets":0.01282888695195783,
       "Nucleotide GTR":0.01235017381625087,
       "original name":"CXORF27_GGOR",
       "unconstrained":0.01258427675058006
      },
     "CXORF27_HUMAN":{
       "MG94xREV with separate rates for branch sets":0.00635932347712281,
       "Nucleotide GTR":0.006188392061879603,
       "original name":"CXORF27_HUMAN",
       "unconstrained":0.006277903850179238
      },
     "CXORF27_MICMU":{
       "MG94xREV with separate rates for branch sets":0.1392454725645435,
       "Nucleotide GTR":0.1281417376560638,
       "original name":"CXORF27_MICMU",
       "unconstrained":0.1510199328982995
      },
     "CXORF27_NOMLE":{
       "MG94xREV with separate rates for branch sets":0.03421591012138112,
       "Nucleotide GTR":0.03301981349449055,
       "original name":"CXORF27_NOMLE",
       "unconstrained":0.03412083572380283
      },