{
 "Evidence Ratios":{
  },
 "Site Log Likelihood":{
   "unconstrained":    [
[-4.590465290392803, -4.713334946092152, -4.601656293927062, -4.107129508668238, -4.118320512202496, -4.630184224202627, -4.369266414274517, -3.460917790142933, -4.047362026997076, -3.683335761939372, -3.361431374661934, -3.432389859867361, -17.53809275723578, -13.17745738998297, -10.0717477109293, -24.10803815385258, -10.46027040871203, -9.96516380291602, -13.10748628112417, -8.410046118089488, -14.84769436645928, -12.91404293641878, -15.66435454096523, -12.68192897411592, -7.200115340141527, -16.32437867241826, -12.62718469541258, -11.14128527710848, -15.4851731108354, -19.73870582803258, -14.17887992908348, -23.8395486778334, -15.97356162444407, -16.55856860930905, -9.781267429649747, -9.826688396469011, -9.723063761351138, -10.12965252938983, -17.90643439069737, -10.54198860607587, -14.60761519708621, -12.92640380262305, -10.9497077271876, -17.20138429620646, -10.08907743492784, -16.25254127139175, -11.13555454289046, -12.28261179476308, -7.096053306913826, -20.43492436436572, -17.56405020696654, -9.83801201721603, -15.33233603825473, -9.014156808585703, -17.21145857166104, -14.853278352998, -15.55721931464108, -13.66580859307247, -9.016726886432846, -14.37667834241694, -10.03242875361385, -15.81100688738901, -16.20933355984957, -11.45397305175336, -10.57980162881966, -11.73886129687346, -11.19652540536008, -15.90806244884754, -7.052222991814928, -10.64979239554966] 
    ]
  },
 "Synonymous site-posteriors":  [
[0.3468953091391511, 0.3468953091391559, 0.3468953091391537, 0.3468953091391513, 0.3468953091391531, 0.3468953091391591, 0.3468953091391527, 0.346895309139153, 0.3468953091391535, 0.346895309139153, 0.3468953091391564, 0.3468953091391527, 0.4876392312545231, 0.325294072651287, 0.3976336322877194, 0.4875898114472294, 0.4029361341931006, 0.1677230740233091, 0.3926340537275387, 0.1145864274321611, 0.4867815826770799, 0.3983964941936043, 0.4853665818063024, 0.4780599499933409, 0.1766981031083497, 0.4171145219978181, 0.3640920529156632, 0.1284766573019185, 0.4837481397692389, 0.4849402492840683, 0.4738079534754743, 0.4874490005858688, 0.4745049531922168, 0.4622975248740468, 0.4416231504577556, 0.3281450048595447, 0.06388601701913543, 0.3558513452850214, 0.4869175701089783, 0.1224811397170286, 0.482547453699506, 0.3777558006649473, 0.2898254028456398, 0.4525966584109637, 0.1641384298121492, 0.4865984617311205, 0.3897756343001468, 0.4588913050536569, 0.1591552642090343, 0.4874115516054575, 0.4863168703064675, 0.3319062010791979, 0.4831239939622928, 0.03538755137872625, 0.4859823513402239, 0.2958554126640747, 0.481381818035221, 0.2032595502964446, 0.05051587652854615, 0.4779552373293143, 0.090148293062914, 0.4797772652231692, 0.4758776150126416, 0.1902915627719689, 0.3108218394287221, 0.07222910965614004, 0.08357373263352431, 0.4615239822208699, 0.06986030084549567, 0.4297283747606722],
  [0.2883435315118062, 0.2883435315118048, 0.2883435315118072, 0.2883435315118055, 0.288343531511807, 0.2883435315118025, 0.2883435315118071, 0.2883435315118071, 0.2883435315118071, 0.2883435315118061, 0.288343531511807, 0.2883435315118094, 0.0001052233820277482, 0.3324969537673566, 0.1840720924611312, 0.0002524200415942879, 0.1732255425920636, 0.6557913683620883, 0.1943113525387961, 0.7648308133307511, 0.00165794929818454, 0.1825421854158325, 0.004431725795646987, 0.01927750777950796, 0.6373619592342766, 0.1443089587445301, 0.2529219577462882, 0.7363330069690344, 0.007665316164804271, 0.005308248151465287, 0.02797354247397603, 0.00032679087403191, 0.02667756132269451, 0.05145006055024302, 0.09391880888482845, 0.3266617764033358, 0.8688781544530095, 0.2698414868595068, 0.001473281709964053, 0.7486089394017228, 0.01023949751558397, 0.2248915920620128, 0.4053186804950951, 0.07155238624330081, 0.6631337758118288, 0.001921532490029945, 0.2002499542697424, 0.05853441249659102, 0.6733650945887335, 0.0003813859184111938, 0.002536797838146057, 0.3189439857531404, 0.008940288663712482, 0.9273730682746759, 0.003185604629432813, 0.3928837480699399, 0.01249674870678435, 0.5828769698714342, 0.8963180061636178, 0.0194884192100029, 0.814990589255938, 0.01583516443277934, 0.02385321191836371, 0.6095088762876636, 0.3622770990383899, 0.8517491073742212, 0.8284721387868741, 0.05301796080950862, 0.8566237692825324, 0.1182974263117439],
  [0.3647611593490426, 0.3647611593490395, 0.3647611593490391, 0.3647611593490433, 0.3647611593490398, 0.3647611593490384, 0.3647611593490402, 0.36476115934904, 0.3647611593490396, 0.3647611593490409, 0.3647611593490366, 0.3647611593490378, 0.512255545363449, 0.3422089735813564, 0.4182942752511494, 0.5121577685111761, 0.4238383232148358, 0.1764855576146026, 0.4130545937336652, 0.1205827592370878, 0.5115604680247355, 0.4190613203905633, 0.5102016923980507, 0.502662542227151, 0.1859399376573735, 0.4385765192576516, 0.3829859893380487, 0.1351903357290471, 0.5085865440659568, 0.5097515025644663, 0.4982185040505497, 0.5122242085400992, 0.4988174854850887, 0.4862524145757103, 0.4644580406574159, 0.3451932187371195, 0.06723582852785499, 0.3743071678554717, 0.5116091481810575, 0.1289099208812485, 0.5072130487849101, 0.3973526072730399, 0.304855916659265, 0.4758509553457354, 0.1727277943760223, 0.5114800057788497, 0.4099744114301108, 0.4825742824497522, 0.1674796412022321, 0.5122070624761313, 0.5111463318553865, 0.3491498131676616, 0.5079357173739948, 0.03723938034659788, 0.5108320440303431, 0.3112608392659855, 0.5061214332579946, 0.2138634798321213, 0.05316611730783601, 0.5025563434606829, 0.09486111768114812, 0.5043875703440514, 0.5002691730689947, 0.2001995609403676, 0.326901061532888, 0.07602178296963889, 0.08795412857960144, 0.4854580569696215, 0.07351592987197182, 0.4519741989275839] 
  ],
 "analysis":{
   "authors":"Sergei L Kosakovsky Pond",
   "citation":"*Gene-wide identification of episodic selection*, Mol Biol Evol. 32(5):1365-71",
   "contact":"spond@temple.edu",
   "info":"BUSTED (branch-site unrestricted statistical test of episodic diversification) uses a random effects branch-site model fitted \njointly to all or a subset of tree branches in order to test for alignment-wide evidence of episodic diversifying selection. \nAssuming there is evidence of positive selection (i.e. there is an omega > 1),  BUSTED will also perform a quick evidence-ratio \nstyle analysis to explore which individual sites may have been subject to selection. v2.0 adds support for synonymous rate variation, \nand relaxes the test statistic to 0.5 (chi^2_0 + chi^2_2). Version 2.1 adds a grid search for the initial starting point.\nVersion 2.2 changes the grid search to LHC, and adds an initial search phase to use adaptive Nedler-Mead. Version 3.0 implements the option\nfor branch-site variation in synonymous substitution rates. Version 3.1 adds HMM auto-correlation option for SRV, and binds SRV distributions for multiple branch sets\n",
   "requirements":"in-frame codon alignment and a phylogenetic tree (optionally annotated with {})",
   "version":"3.1"
  },
 "background":0,
 "branch attributes":{
   "0":{
     "ENSCHOP00000002277":{
       "MG94xREV with separate rates for branch sets":0,
       "Nucleotide GTR":0.004364181744345665,
       "original name":"ENSCHOP00000002277",
       "unconstrained":0
      },
     "ENSCHOP00000008991":{
       "MG94xREV with separate rates for branch sets":2.080585339688987,
       "Nucleotide GTR":0.3247617440371915,
       "original name":"ENSCHOP00000008991",
       "unconstrained":2.362713037760077
      },
     "ENSDNOP00000007615":{
       "MG94xREV with separate rates for branch sets":0.04920285011222796,
       "Nucleotide GTR":0.04272687036715834,
       "original name":"ENSDNOP00000007615",
       "unconstrained":0.05363468253052289
      },
     "ENSMEUP00000005841":{
       "MG94xREV with separate rates for branch sets":1.597869480272114,
       "Nucleotide GTR":0.2495620256386983,
       "original name":"ENSMEUP00000005841",