{
 "Evidence Ratios":{
  },
 "Site Log Likelihood":{
   "unconstrained":    [
[-10.78865959113918, -16.95183497365149, -5.268058148620287, -4.916806500703448, -12.47811539272752, -9.48384138268362, -9.835390714331282, -9.324075036325388, -7.74007274662534, -11.80383820422058, -6.72726198747039, -7.716512069464039, -10.72721992614853, -7.455113246027805, -6.417272593990393, -12.53154027331481, -5.506836111344728, -17.86994039911502, -12.02691692238209, -5.475102456897395, -9.339673979616597, -7.430346097675681, -19.13558734877067, -23.13385437594393, -14.53521395344827, -12.91226124821231, -13.08424271326454, -16.40699019179624, -8.715490896433058, -16.32376075441118, -16.09467593001087, -4.774935825730433, -12.57582130758821, -5.947175086338293, -7.368168303961387, -10.76379934405185, -15.07571378589499, -7.833730184153679, -12.61094495494004, -5.506836111344728, -21.19269937868589, -19.65303535522247, -4.774935825730433, -10.0285576666299, -14.53438892246481, -9.602019613320614, -12.37717241778671, -6.516969479006288, -13.07298982255643, -11.31888267868968, -14.6615564370164, -13.60632679230895, -7.128279570815811, -4.002602147533133, -4.667054032645174, -4.375080141324863, -3.064622519997992, -2.658875032326748, -3.12354970256622, -3.962037532667936, -3.064622519997992, -3.96933265365363, -4.166334113353977, -2.658875032326745, -4.145927800267769, -5.095703597559027, -3.281782281477333, -3.356596411318303, -3.105187134863205, -3.064622519997992, -5.300000178245056, -4.631028927319551, -4.431335293641139, -4.426712202907414, -4.458308004674293, -3.123549702566218, -4.254011423988239, -4.634903151288421] 
    ]
  },
 "Synonymous site-posteriors":  [
[0.0184080095403, 0.004993165962768388, 0.1117684008615297, 0.1106850380035547, 0.07463286136803084, 0.1010472131784962, 0.07313148141593019, 0.05176455823289374, 0.08248639486316962, 0.1025852839558302, 0.08697749563591547, 0.04466209472782159, 0.09234940915698546, 0.1184780436638351, 0.1141416722130476, 0.1194389032217424, 0.116232097331548, 0.06610242012478321, 0.1190461907160363, 0.1168038329724735, 0.08418491597613917, 0.1072437708907179, 0.02803250199823526, 0.000879543221700796, 0.1183810840426451, 0.08118640630770919, 0.0788746252248471, 0.06643501725607488, 0.1177328924393909, 0.005630600797420852, 0.088823277180441, 0.1144782498633811, 0.05642159653872805, 0.1167896090444425, 0.1188828286905654, 0.1128038540116405, 0.08091812273509275, 0.1163914201388844, 0.1079650036075787, 0.116232097331548, 0.0003870804495114456, 0.007919623002143755, 0.1144782498633811, 0.1086797857522801, 0.1158112064175098, 0.1025256891883716, 0.0655236263996017, 0.117724735517499, 0.08317739740574713, 0.1107991451164108, 0.1111566240078011, 0.07800642170042248, 0.1162909995790062, 0.08646901912561838, 0.08646901912561923, 0.08646901912561819, 0.08646901912561961, 0.086469019125619, 0.08646901912561862, 0.0864690191256188, 0.08646901912561961, 0.08646901912561879, 0.08646901912561934, 0.08646901912561898, 0.08646901912561947, 0.08646901912561876, 0.08646901912561929, 0.08646901912561834, 0.08646901912561908, 0.08646901912561961, 0.08646901912561891, 0.08646901912561838, 0.08646901912561773, 0.08646901912561902, 0.08646901912561958, 0.08646901912561823, 0.08646901912561826, 0.08646901912561866],
  [0.8452050716848567, 0.9578960299077578, 0.06614741932400757, 0.07447022905076026, 0.3738718599203472, 0.1543286808839316, 0.3868786463282251, 0.5657553915287171, 0.309300086124266, 0.1411004079043284, 0.2711132661500206, 0.625039912708759, 0.2268755535558873, 0.01073416266198781, 0.04545327536303043, 0.00268429215087141, 0.02930524439243008, 0.4455082867630403, 0.00614789330310636, 0.02461426920639449, 0.2944324129843738, 0.1015553110199024, 0.7641686916170209, 0.992566565196659, 0.01015941793483583, 0.3195602335514331, 0.3391248051630512, 0.4425597112602616, 0.01590273938334908, 0.9526390560916239, 0.255176057701568, 0.04300756807985173, 0.5258061324632316, 0.02471024164330024, 0.007909039715195841, 0.05650475145480477, 0.3225869681929179, 0.02699267955829009, 0.0951413459531999, 0.02930524439243008, 0.9967248552194025, 0.9333326806461699, 0.04300756807985173, 0.09063705286735331, 0.03173538265699018, 0.1407194184698702, 0.4492748471528904, 0.01711298109334879, 0.3038621083656098, 0.07158702865563742, 0.06876953138141574, 0.3460982826440274, 0.02738797119006511, 0.2764033473104192, 0.2764033473104261, 0.2764033473104242, 0.2764033473104193, 0.2764033473104208, 0.2764033473104202, 0.2764033473104225, 0.2764033473104193, 0.2764033473104268, 0.2764033473104202, 0.2764033473104214, 0.2764033473104187, 0.2764033473104181, 0.2764033473104172, 0.2764033473104284, 0.2764033473104228, 0.2764033473104193, 0.2764033473104224, 0.2764033473104199, 0.2764033473104212, 0.2764033473104207, 0.276403347310428, 0.2764033473104222, 0.2764033473104197, 0.2764033473104203],
  [0.1363869187748433, 0.03711080412947375, 0.8220841798144627, 0.814844732945685, 0.551495278711622, 0.7446241059375722, 0.5399898722558447, 0.3824800502383892, 0.6082135190125645, 0.7563143081398414, 0.6419092382140639, 0.3302979925634193, 0.6807750372871271, 0.8707877936741771, 0.8404050524239218, 0.8778768046273862, 0.8544626582760219, 0.4883892931121764, 0.8748059159808573, 0.858581897821132, 0.6213826710394871, 0.7912009180893798, 0.2077988063847439, 0.006553891581640272, 0.871459498022519, 0.5992533601408577, 0.5820005696121016, 0.4910052714836636, 0.86636436817726, 0.04173034311095506, 0.656000665117991, 0.8425141820567672, 0.4177722709980403, 0.8585001493122574, 0.8732081315942388, 0.8306913945335546, 0.5964949090719893, 0.8566159003028255, 0.7968936504392212, 0.8544626582760219, 0.002888064331086039, 0.05874769635168639, 0.8425141820567672, 0.8006831613803668, 0.8524534109255, 0.7567548923417581, 0.4852015264475079, 0.8651622833891521, 0.6129604942286431, 0.8176138262279519, 0.8200738446107831, 0.5758952956555502, 0.8563210292309288, 0.6371276335639623, 0.6371276335639547, 0.6371276335639576, 0.637127633563961, 0.6371276335639604, 0.6371276335639612, 0.6371276335639587, 0.637127633563961, 0.6371276335639545, 0.6371276335639604, 0.6371276335639597, 0.6371276335639618, 0.6371276335639633, 0.6371276335639636, 0.6371276335639533, 0.6371276335639583, 0.637127633563961, 0.6371276335639587, 0.6371276335639615, 0.6371276335639612, 0.6371276335639603, 0.6371276335639523, 0.6371276335639595, 0.6371276335639621, 0.637127633563961] 
  ],
 "analysis":{
   "authors":"Sergei L Kosakovsky Pond",
   "citation":"*Gene-wide identification of episodic selection*, Mol Biol Evol. 32(5):1365-71",
   "contact":"spond@temple.edu",
   "info":"BUSTED (branch-site unrestricted statistical test of episodic diversification) uses a random effects branch-site model fitted \njointly to all or a subset of tree branches in order to test for alignment-wide evidence of episodic diversifying selection. \nAssuming there is evidence of positive selection (i.e. there is an omega > 1),  BUSTED will also perform a quick evidence-ratio \nstyle analysis to explore which individual sites may have been subject to selection. v2.0 adds support for synonymous rate variation, \nand relaxes the test statistic to 0.5 (chi^2_0 + chi^2_2). Version 2.1 adds a grid search for the initial starting point.\nVersion 2.2 changes the grid search to LHC, and adds an initial search phase to use adaptive Nedler-Mead. Version 3.0 implements the option\nfor branch-site variation in synonymous substitution rates. Version 3.1 adds HMM auto-correlation option for SRV, and binds SRV distributions for multiple branch sets\n",
   "requirements":"in-frame codon alignment and a phylogenetic tree (optionally annotated with {})",
   "version":"3.1"
  },
 "background":0,
 "branch attributes":{
   "0":{
     "CU693366_2_DANRE":{
       "MG94xREV with separate rates for branch sets":0.4231584867800887,
       "Nucleotide GTR":0.1736761529855225,
       "original name":"CU693366.2_DANRE",
       "unconstrained":0.8055961610291087
      },