{
 "Evidence Ratios":{
  },
 "Site Log Likelihood":{
   "unconstrained":    [
[-3.410973301732015, -17.89315672339423, -20.80430391636439, -7.264011035382623, -5.964162818338087, -4.202744643889259, -4.695600695637502, -16.46916214595412, -21.71203686884461, -8.602805317342906, -10.51685493712119, -4.379641281122688, -3.410973301732015, -16.60354303293468, -10.88093012416958, -9.839581984029813, -11.62754816928217, -14.23313425102347, -3.904110309351417, -5.863666578494469, -4.159876142095952, -5.144895678404191, -4.705714079921333, -5.497204466207419, -3.7206945436131, -3.126784169392274, -5.964162818338087, -4.68291569013518, -3.876333555703605, -3.437151957220746, -4.174967890241446, -3.126784169392275, -3.735786291758595, -2.335293783106188, -3.396162509457681, -2.843241582999929, -3.649823717431506, -4.903294091986605, -14.93456348161156, -19.58866707641915, -10.91574751001596, -12.77847539913443, -21.39680196020142, -10.55282785259423, -9.823304979432725, -7.495393888970189, -11.03282971491863, -13.54008764613743, -7.597199307336276, -11.92089196740958, -6.297036068812298, -5.994561286020378, -6.302160544788492, -8.518296931084922, -6.813808413384529, -5.228059933280405, -4.004446643449008, -7.660953380143312, -6.522061415847063, -12.42320743711384, -18.22481476235953, -13.98787879809596, -20.33341594007139, -14.20165316641061, -17.42437209758681, -19.9500113497864, -6.302160544788492, -19.40958389132794, -15.25670564498236, -26.66127357459349, -26.09972912449097, -12.46768670849243, -17.0878589393418, -20.61149007888263, -10.73851233236518, -9.51698701238041, -14.01859667102729, -6.195183448166683, -10.86601806778313, -9.304112957555201, -12.8394332770534, -4.379641281122688, -12.26180011481911, -4.885209555341175, -6.063061500720788, -16.19785780169258, -16.26203094066195, -3.410973301732015, -6.683872277052923, -11.60148663763946, -5.38877059261296, -10.82990469054923, -5.497204466207421, -5.411268756660889, -5.979254566483583, -4.944310404530226] 
    ]
  },
 "Synonymous site-posteriors":  [
[1, 1, 1, 1, 0.9999999999999999, 1, 1, 1, 1, 1, 1, 1, 1, 1, 1, 1, 1, 1, 1, 1, 1, 0.9999999999999999, 1, 1, 1, 1, 1, 1, 1, 1, 1, 1, 1, 1, 1, 0.9999999999999999, 1, 1, 1, 1, 1, 1, 1, 1, 1, 0.9999999999999999, 1, 1, 1, 1, 1, 1, 1, 1, 1, 1, 1, 1, 1, 1, 0.9999999999999999, 1, 0.9999999999999999, 1, 1, 0.9999999999999999, 1, 1, 1, 1, 1, 1, 1, 0.9999999999999999, 1, 1, 1, 1, 1, 1, 1, 1, 1, 1, 1, 1, 1, 1, 1, 1, 1, 1, 1, 1, 1, 0.9999999999999999],
  [0, 0, 0, 0, 0, 0, 0, 0, 0, 0, 0, 0, 0, 0, 0, 0, 0, 0, 0, 0, 0, 0, 0, 0, 0, 0, 0, 0, 0, 0, 0, 0, 0, 0, 0, 0, 0, 0, 0, 0, 0, 0, 0, 0, 0, 0, 0, 0, 0, 0, 0, 0, 0, 0, 0, 0, 0, 0, 0, 0, 0, 0, 0, 0, 0, 0, 0, 0, 0, 0, 0, 0, 0, 0, 0, 0, 0, 0, 0, 0, 0, 0, 0, 0, 0, 0, 0, 0, 0, 0, 0, 0, 0, 0, 0, 0],
  [0, 0, 0, 0, 0, 0, 0, 0, 0, 0, 0, 0, 0, 0, 0, 0, 0, 0, 0, 0, 0, 0, 0, 0, 0, 0, 0, 0, 0, 0, 0, 0, 0, 0, 0, 0, 0, 0, 0, 0, 0, 0, 0, 0, 0, 0, 0, 0, 0, 0, 0, 0, 0, 0, 0, 0, 0, 0, 0, 0, 0, 0, 0, 0, 0, 0, 0, 0, 0, 0, 0, 0, 0, 0, 0, 0, 0, 0, 0, 0, 0, 0, 0, 0, 0, 0, 0, 0, 0, 0, 0, 0, 0, 0, 0, 0] 
  ],
 "analysis":{
   "authors":"Sergei L Kosakovsky Pond",
   "citation":"*Gene-wide identification of episodic selection*, Mol Biol Evol. 32(5):1365-71",
   "contact":"spond@temple.edu",
   "info":"BUSTED (branch-site unrestricted statistical test of episodic diversification) uses a random effects branch-site model fitted \njointly to all or a subset of tree branches in order to test for alignment-wide evidence of episodic diversifying selection. \nAssuming there is evidence of positive selection (i.e. there is an omega > 1),  BUSTED will also perform a quick evidence-ratio \nstyle analysis to explore which individual sites may have been subject to selection. v2.0 adds support for synonymous rate variation, \nand relaxes the test statistic to 0.5 (chi^2_0 + chi^2_2). Version 2.1 adds a grid search for the initial starting point.\nVersion 2.2 changes the grid search to LHC, and adds an initial search phase to use adaptive Nedler-Mead. Version 3.0 implements the option\nfor branch-site variation in synonymous substitution rates. Version 3.1 adds HMM auto-correlation option for SRV, and binds SRV distributions for multiple branch sets\n",
   "requirements":"in-frame codon alignment and a phylogenetic tree (optionally annotated with {})",
   "version":"3.1"
  },
 "background":0,
 "branch attributes":{
   "0":{
     "ENSGACP00000005168":{
       "MG94xREV with separate rates for branch sets":0.03767582652724722,
       "Nucleotide GTR":0.01726139275402313,
       "original name":"ENSGACP00000005168",
       "unconstrained":0.0381094735009444
      },
     "ENSGMOP00000003326":{
       "MG94xREV with separate rates for branch sets":0.1001307392599404,
       "Nucleotide GTR":0.06244423549843835,
       "original name":"ENSGMOP00000003326",
       "unconstrained":0.1013157879775376
      },
     "ENSLACP00000018588":{
       "MG94xREV with separate rates for branch sets":0.2288619868147957,
       "Nucleotide GTR":0.2039214247446423,
       "original name":"ENSLACP00000018588",
       "unconstrained":0.2431466872085483
      },
     "ENSONIP00000015420":{
       "MG94xREV with separate rates for branch sets":0.3710874805628473,
       "Nucleotide GTR":0.09609846905312631,
       "original name":"ENSONIP00000015420",
       "unconstrained":0.3394158672436685
      },
     "ENSONIP00000022934":{
       "MG94xREV with separate rates for branch sets":0.0600385876036731,
       "Nucleotide GTR":0.05032227263316461,
       "original name":"ENSONIP00000022934",
       "unconstrained":0.06091520878269817
      },
     "ENSTRUP00000030508":{
       "MG94xREV with separate rates for branch sets":0.01141822736323004,
       "Nucleotide GTR":0.01803814032838089,
       "original name":"ENSTRUP00000030508",
       "unconstrained":0.01129518169204958
      },
     "HOXC1A_DANRE":{
       "MG94xREV with separate rates for branch sets":0.2534006546502906,
       "Nucleotide GTR":0.2226411466671051,
       "original name":"HOXC1A_DANRE",
       "unconstrained":0.2763913075602365
      },
     "NODE_11":{
       "MG94xREV with separate rates for branch sets":0.2834031482489557,
       "Nucleotide GTR":0.05226824197323874,
       "unconstrained":0.309913430179177
      },
     "NODE_16":{
       "MG94xREV with separate rates for branch sets":0.2036270965882419,
       "Nucleotide GTR":0.03960044145294666,
       "unconstrained":0.1894876422792249
      },
     "NODE_6":{
       "MG94xREV with separate rates for branch sets":0.07364274216080559,
       "Nucleotide GTR":0.04356483902256719,
       "unconstrained":0.07395414312658713
      },
     "NODE_7":{
       "MG94xREV with separate rates for branch sets":0.008455566435089984,
       "Nucleotide GTR":0.01347284072778591,
       "unconstrained":0.007344772630623113
      },
     "Q3V613_ORYLA":{
       "MG94xREV with separate rates for branch sets":0.1060252246670124,
       "Nucleotide GTR":0.07948249196615459,
       "original name":"Q3V613_ORYLA",
       "unconstrained":0.1057508624113187
      },
     "Q4SFD6_TETNG":{
       "MG94xREV with separate rates for branch sets":0.03688275553218808,
       "Nucleotide GTR":0.02088704438629708,
       "original name":"Q4SFD6_TETNG",
       "unconstrained":0.03687008263160219
      }
    },
   "attributes":{
     "MG94xREV with separate rates for branch sets":{
       "attribute type":"branch length",
       "display order":1
      },
     "Nucleotide GTR":{
       "attribute type":"branch length",
       "display order":0
      },
     "original name":{
       "attribute type":"node label",
       "display order":0
      },
     "unconstrained":{
       "attribute type":"branch length",
       "display order":0
      }
    }
  },