{
 "Evidence Ratios":{
  },
 "Site Log Likelihood":{
   "unconstrained":    [
[-15.42079973533313, -9.661986247291987, -14.02932023634299, -7.805291660327009, -6.932178415363321, -12.96900143784755, -8.23878080265864, -5.16563097753677, -10.89318802082713, -14.37845815362765, -11.06441199148556, -15.37278108496201, -7.488625861707266, -14.49382827547915, -15.50993745205264, -5.73060256377351, -4.412535505037384, -8.53472761419707, -5.302367976451496, -13.65251773517211, -23.7512833897225, -15.77282626897754, -11.18826474812653, -11.27567496502944, -4.289343198195199, -14.10687606653345, -4.289343198195199, -8.506874062350853, -17.98406877609213, -6.519624325478033, -15.75587450897776, -11.96688573753849, -10.48503466908878, -11.80173724034569, -9.370446924463858, -6.653810107428593, -10.44622252543603, -16.84364208209889, -12.61343846800822, -6.838180140934765, -9.754434381081284, -12.00817931725931, -18.34173377429003, -8.587167125931714, -6.176157011438494, -8.706313089094403, -21.91234915611581, -8.372241759469608, -6.054016997045344] 
    ]
  },
 "Synonymous site-posteriors":  [
[0.3880890772143474, 0.3536502344676243, 0.409287438006617, 0.3664770724993029, 0.365034116518543, 0.4112565837201562, 0.3993917082070779, 0.3211653741458366, 0.4126209415864624, 0.4162046551508761, 0.3884711140862669, 0.4155306866601201, 0.1430838449281714, 0.4061187514222102, 0.4149745670143797, 0.1825208659156521, 0.2446982444956409, 0.4033146050105154, 0.2174144982708633, 0.4104861120618919, 0.4162299656669169, 0.4009248808105826, 0.1231487396559711, 0.4019001830344386, 0.2305282746982591, 0.412443215697399, 0.2305282746982591, 0.3713172263247268, 0.4156681068842425, 0.110412981425218, 0.4156097488751616, 0.3916916443341823, 0.2809397937498792, 0.4084160395380841, 0.2181707197245326, 0.2903726176567114, 0.374363265077148, 0.4112808300480165, 0.4124257290812463, 0.1775212899219843, 0.4098444216407329, 0.3897914248442921, 0.4153233088014837, 0.3675471708768303, 0.3288356396060108, 0.399910424752308, 0.4151245679104374, 0.3614818215083785, 0.1137041269832291],
  [0.06829545631498844, 0.1509732662260104, 0.0174035665489598, 0.1201805665086632, 0.1236446661649256, 0.01267679453876439, 0.04116088211562503, 0.2289623839665767, 0.009402130527257727, 0.000800151150655027, 0.06737836796805814, 0.002416714136672432, 0.656490492803291, 0.02500984861375447, 0.003751134923900451, 0.5618124370182213, 0.4125402881552485, 0.03174349729068539, 0.4780416537843294, 0.014526730084771, 0.0007390858052211451, 0.03747962501071562, 0.7043499129150174, 0.03513911258280051, 0.4465588232121311, 0.009828514022299121, 0.4465588232121311, 0.1085606168436902, 0.002087061420988829, 0.734925459553693, 0.002227078888627461, 0.05964681863427961, 0.3255329524633505, 0.01949573240194821, 0.4762258512461148, 0.3028873606965063, 0.1012469776353674, 0.01261892793646595, 0.009871018491054101, 0.5738149020844002, 0.01606769354205156, 0.06420854638439678, 0.002914673994898527, 0.1176112385391592, 0.2105472832750874, 0.03991491753212938, 0.003392073787696266, 0.1321727785008271, 0.7270242403450402],
  [0.5436154664706643, 0.4953764993063653, 0.5733089954444232, 0.5133423609920338, 0.5113212173165315, 0.5760666217410795, 0.5594474096772971, 0.4498722418875868, 0.5779769278862799, 0.582995193698469, 0.5441505179456749, 0.5820525992032075, 0.2004256622685376, 0.5688713999640352, 0.5812742980617198, 0.2556666970661265, 0.3427614673491106, 0.5649418976987994, 0.3045438479448072, 0.5749871578533372, 0.5830309485278619, 0.5615954941787018, 0.1725013474290115, 0.5629607043827608, 0.32291290208961, 0.5777282702803018, 0.32291290208961, 0.520122156831583, 0.5822448316947688, 0.1546615590210889, 0.5821631722362109, 0.548661537031538, 0.3935272537867704, 0.5720882280599677, 0.3056034290293528, 0.4067400216467821, 0.5243897572874845, 0.5761002420155176, 0.5777032524276995, 0.2486638079936156, 0.5740878848172155, 0.546000028771311, 0.5817620172036179, 0.5148415905840106, 0.4606170771189019, 0.5601746577155626, 0.5814833583018663, 0.5063453999907945, 0.1592716326717307] 
  ],
 "analysis":{
   "authors":"Sergei L Kosakovsky Pond",
   "citation":"*Gene-wide identification of episodic selection*, Mol Biol Evol. 32(5):1365-71",
   "contact":"spond@temple.edu",
   "info":"BUSTED (branch-site unrestricted statistical test of episodic diversification) uses a random effects branch-site model fitted \njointly to all or a subset of tree branches in order to test for alignment-wide evidence of episodic diversifying selection. \nAssuming there is evidence of positive selection (i.e. there is an omega > 1),  BUSTED will also perform a quick evidence-ratio \nstyle analysis to explore which individual sites may have been subject to selection. v2.0 adds support for synonymous rate variation, \nand relaxes the test statistic to 0.5 (chi^2_0 + chi^2_2). Version 2.1 adds a grid search for the initial starting point.\nVersion 2.2 changes the grid search to LHC, and adds an initial search phase to use adaptive Nedler-Mead. Version 3.0 implements the option\nfor branch-site variation in synonymous substitution rates. Version 3.1 adds HMM auto-correlation option for SRV, and binds SRV distributions for multiple branch sets\n",
   "requirements":"in-frame codon alignment and a phylogenetic tree (optionally annotated with {})",
   "version":"3.1"
  },
 "background":0,
 "branch attributes":{
   "0":{
     "ENSAMEP00000020536":{
       "MG94xREV with separate rates for branch sets":0.05160845036254193,
       "Nucleotide GTR":0.04350533919221635,
       "original name":"ENSAMEP00000020536",
       "unconstrained":0.05382845481619558
      },
     "ENSCJAP00000046548":{
       "MG94xREV with separate rates for branch sets":0.05674626239024329,
       "Nucleotide GTR":0.05244783893338001,
       "original name":"ENSCJAP00000046548",
       "unconstrained":0.05640713376711998
      },
     "ENSLACP00000005436":{
       "MG94xREV with separate rates for branch sets":0.5429802003267901,
       "Nucleotide GTR":0.2173937203838305,
       "original name":"ENSLACP00000005436",
       "unconstrained":0.7080891729905132
      },
     "ENSMLUP00000022291":{
       "MG94xREV with separate rates for branch sets":0.03270935950782437,
       "Nucleotide GTR":0.0281690642677867,
       "original name":"ENSMLUP00000022291",
       "unconstrained":0.03490805484057084
      },
     "ENSMODP00000033742":{
       "MG94xREV with separate rates for branch sets":0.03553044315003975,
       "Nucleotide GTR":0.03886627047033362,
       "original name":"ENSMODP00000033742",
       "unconstrained":0.03463857564859368
      },
     "ENSOANP00000015934":{
       "MG94xREV with separate rates for branch sets":0.1391644840227766,
       "Nucleotide GTR":0.08768342509478257,
       "original name":"ENSOANP00000015934",
       "unconstrained":0.1500727689321765
      },
     "ENSOCUP00000024827":{
       "MG94xREV with separate rates for branch sets":0.08188406047774209,
       "Nucleotide GTR":0.06779972752467209,
       "original name":"ENSOCUP00000024827",
       "unconstrained":0.0859248877777487
      },
     "ENSSHAP00000001292":{
       "MG94xREV with separate rates for branch sets":0.08629001196241554,
       "Nucleotide GTR":0.06335372990181992,
       "original name":"ENSSHAP00000001292",
       "unconstrained":0.09547833714077444
      },
     "ENSSSCP00000024991":{
       "MG94xREV with separate rates for branch sets":0.03069703976607531,
       "Nucleotide GTR":0.02806288393540197,
       "original name":"ENSSSCP00000024991",
       "unconstrained":0.03200425729395072
      },
     "NODE_12":{
       "MG94xREV with separate rates for branch sets":0.02587735301462208,
       "Nucleotide GTR":0.02246180634084985,
       "unconstrained":0.0287037500489144
      },
     "NODE_13":{
       "MG94xREV with separate rates for branch sets":0,
       "Nucleotide GTR":0.02492120869890034,
       "unconstrained":0
      },