{
 "Evidence Ratios":{
   "constrained":    [
[4.042570310745918, 0.8901184061368118, 0.9729809245409375, 0.8046322167058582, 0.8554448610834401, 0.8665139621348299, 0.9105102930969248, 0.8901184061368118, 0.8231758576394572, 1.602769030998372, 2.614801536517996, 1.622439449373667, 0.9581269445573307, 0.8517344224614828, 0.8467166918639343, 1.219980713488721, 0.8487716861632096, 1.043349445226923, 1.021016640448719, 5.507303493595042, 0.5201037395813076, 0.8744919349903524, 0.8455572321674903, 0.8231758576394572, 0.8517344224614828, 0.803375170673752, 0.8046322167058582, 2.143779776310475, 1.026908864555368, 1.000000000000001, 0.9999999999999991, 2.451505192293471, 1.00773401459082] 
    ],
   "optimized null":    [
[1.92450677839909, 1.030522495755517, 1.139856401706002, 0.9732836015294973, 1.014266341522739, 1.013673784758869, 0.8875789082163024, 1.030522495755517, 0.9831266125345982, 0.9712214603548491, 1.257395983581494, 1.250424676619027, 0.762776443072122, 1.00190529025448, 0.9949559878089079, 0.8591252677561052, 0.8716114122219917, 1.179591739328581, 1.096714659656532, 1.537200185182614, 0.6396004314218106, 1.009785613594851, 0.999641039922421, 0.9831266125345982, 1.00190529025448, 0.9703635631180065, 0.9732836015294973, 1.101228053781905, 0.9982806832332433, 1, 1, 0.8581758785370815, 0.9277265737592346] 
    ]
  },
 "Site Log Likelihood":{
   "constrained":    [
[-21.72250465812653, -4.369969431780221, -7.927456514871773, -3.857408599120969, -3.611208051733718, -4.046632440213465, -11.31791626424164, -4.369969431780221, -3.972044388737834, -21.63515673534063, -25.45622384883422, -12.30957031221448, -13.42892699712116, -3.716143356904326, -4.999281839857959, -19.53913696293514, -15.91845804137011, -9.83467395096134, -10.54980811336977, -28.27118914361358, -13.74907822861694, -4.812196775566354, -4.533214692478675, -3.972044388737834, -3.716143356904326, -5.205821649882282, -3.857408599120969, -19.7471446802178, -10.07542142341032, -4.326796142406772, -4.662317578073599, -27.83849988028831, -9.144102596604974] 
    ],
   "optimized null":    [
[-20.9802936688182, -4.516436167334514, -8.085749607704988, -4.047698810728142, -3.781507226632639, -4.203490639041132, -11.29240848831734, -4.516436167334514, -4.149612446126944, -21.13422319538024, -24.72407855119116, -12.04912269756345, -13.20091170902076, -3.878527345866191, -5.160614188202654, -19.18846137505172, -15.94501150851731, -9.9574061874787, -10.62132831388962, -26.9950767245148, -13.95589359322168, -4.956047027110753, -4.700615090571612, -4.149612446126944, -3.878527345866191, -5.394670642357775, -4.047698810728142, -19.08100012816632, -10.04714743939204, -4.326796142406772, -4.662317578073599, -26.78885146631358, -9.061380106234061] 
    ],
   "unconstrained":    [
[-20.32562395292161, -4.486370216282129, -7.954847316648429, -4.07477857874043, -3.767341691730247, -4.189909496915483, -11.41166633923597, -4.486370216282129, -4.166629811084688, -21.16342395756029, -24.49503564845443, -11.82563946265302, -13.47170199693477, -3.876623868374993, -5.165670964362404, -19.34030191293073, -16.082423091098, -9.792237792487114, -10.52900927613326, -26.56511402433878, -14.4028052167261, -4.946308982556201, -4.700974115090781, -4.166629811084688, -3.876623868374993, -5.424755112727057, -4.07477857874043, -18.98457415855802, -10.04886823588018, -4.326796142406772, -4.662317578073599, -26.94179768017469, -9.136398336190645] 
    ]
  },
 "Synonymous site-posteriors":  [
[0.9318343011225635, 0.1960455723686111, 0.9885222769229217, 0.230176356711775, 0.2619448402423232, 0.2034960850243636, 0.9464432758084811, 0.1960455723686111, 0.2828629064847428, 0.5232332896551032, 0.09616749495896258, 0.9657478675519533, 0.9616718070126081, 0.2149704697675038, 0.1616517438418105, 0.3888553858819868, 0.9873855688362809, 0.9600470545983607, 0.9899214620556739, 0.00496376053416151, 0.898858284415143, 0.1613130821373753, 0.270393148049201, 0.2828629064847428, 0.2149704697675038, 0.2326218605012352, 0.230176356711775, 0.09030464799131922, 0.9685196530753815, 0.4777338510174391, 0.4777338510174389, 0.002290862093270617, 0.9669900965403925],
  [0, 0.8036400399725492, 0, 0.7687723101349679, 0.7366032118141442, 0.796091182710789, 0, 0.8036400399725492, 0.7151054334411372, 0, 0, 0, 0, 0.7844039028147698, 0.8381867910389843, 0, 0, 0, 0, 0, 0, 0.838534484508264, 0.7281925475473628, 0.7151054334411372, 0.7844039028147698, 0.7664759655769796, 0.7687723101349679, 0, 0, 0.3502200243763512, 0.3502200243763512, 0, 0],
  [0.06816569887743659, 0.0003143876588399554, 0.01147772307707834, 0.001051333153256992, 0.001451947943532558, 0.0004127322648472037, 0.05355672419151888, 0.0003143876588399554, 0.002031660074120089, 0.4767667103448967, 0.9038325050410374, 0.03425213244804656, 0.03832819298739182, 0.0006256274177264606, 0.0001614651192052039, 0.6111446141180134, 0.01261443116371918, 0.03995294540163922, 0.01007853794432606, 0.9950362394658385, 0.1011417155848569, 0.0001524333543609125, 0.00141430440343616, 0.002031660074120089, 0.0006256274177264606, 0.0009021739217851571, 0.001051333153256992, 0.9096953520086808, 0.03148034692461851, 0.1720461246062097, 0.1720461246062098, 0.9977091379067293, 0.03300990345960749] 
  ],
 "analysis":{
   "authors":"Sergei L Kosakovsky Pond",
   "citation":"*Gene-wide identification of episodic selection*, Mol Biol Evol. 32(5):1365-71",
   "contact":"spond@temple.edu",
   "info":"BUSTED (branch-site unrestricted statistical test of episodic diversification) uses a random effects branch-site model fitted \njointly to all or a subset of tree branches in order to test for alignment-wide evidence of episodic diversifying selection. \nAssuming there is evidence of positive selection (i.e. there is an omega > 1),  BUSTED will also perform a quick evidence-ratio \nstyle analysis to explore which individual sites may have been subject to selection. v2.0 adds support for synonymous rate variation, \nand relaxes the test statistic to 0.5 (chi^2_0 + chi^2_2). Version 2.1 adds a grid search for the initial starting point.\nVersion 2.2 changes the grid search to LHC, and adds an initial search phase to use adaptive Nedler-Mead. Version 3.0 implements the option\nfor branch-site variation in synonymous substitution rates. Version 3.1 adds HMM auto-correlation option for SRV, and binds SRV distributions for multiple branch sets\n",
   "requirements":"in-frame codon alignment and a phylogenetic tree (optionally annotated with {})",
   "version":"3.1"
  },
 "background":0,
 "branch attributes":{
   "0":{
     "ENSGMOP00000002400":{
       "MG94xREV with separate rates for branch sets":0.05149045503917826,
       "Nucleotide GTR":0.04929834214263037,
       "constrained":0.0453622393467587,
       "original name":"ENSGMOP00000002400",
       "unconstrained":0.04381341513655945
      },
     "ENSGMOP00000021216":{
       "MG94xREV with separate rates for branch sets":0.0274193890487023,
       "Nucleotide GTR":0.02183641604701756,
       "constrained":0.0236264074968446,
       "original name":"ENSGMOP00000021216",
       "unconstrained":0.02289704601797209
      },
     "ENSGMOP00000021291":{
       "MG94xREV with separate rates for branch sets":0.1186543372260047,
       "Nucleotide GTR":0.12306851072261,
       "constrained":0.1322758906634565,
       "original name":"ENSGMOP00000021291",
       "unconstrained":0.1388449048699381
      },
     "ENSGMOP00000021301":{
       "MG94xREV with separate rates for branch sets":0.02517586861802899,
       "Nucleotide GTR":0.0290716328824632,
       "constrained":0.01061001204053004,
       "original name":"ENSGMOP00000021301",
       "unconstrained":0.012506965598783
      },
     "ENSGMOP00000021485":{
       "MG94xREV with separate rates for branch sets":0.06041526055253974,
       "Nucleotide GTR":0.06192829774733058,
       "constrained":0.07583851288579008,
       "original name":"ENSGMOP00000021485",
       "unconstrained":0.07680689767288598
      },