{
 "Evidence Ratios":{
  },
 "Site Log Likelihood":{
   "unconstrained":    [
[-4.154243611422772, -5.5947172549904, -17.59091754461066, -12.83979018566199, -14.73732408450634, -24.72355875502863, -17.54494014755496, -17.2236235281429, -10.3731162191167, -13.81393998161002, -16.15380671683561, -6.16547401191969, -22.01357254115225, -30.53309669899381, -6.291935611594821, -13.61944289733862, -12.76012297742696, -21.91503153205936, -19.57482194913768, -10.76920076149304, -5.433499107806322, -7.926471452225944, -13.21383693297938, -6.616577330128091, -23.73500100811254, -14.51840721826128, -9.145245249445624, -9.504705427128545, -25.56737181824346, -7.926471452225944, -13.24813135873596, -30.36493848644763, -17.99273888988026, -5.433499107806322, -9.051279685616439, -9.680767157442489, -21.14191723862483, -32.84438796685041, -6.549049915418828, -22.92610983525804, -10.24795190999154, -18.50368210377973, -28.22337286086241, -18.99273126365185, -16.48079169742813, -24.82328398090386, -9.845893096483056, -16.33327982329494, -10.52329834573988, -18.00124635072407, -16.06146721222477, -7.530055304721397, -17.43302702788895, -9.905293682657263, -5.453659835134006, -15.65120292020921, -11.42777907130837, -9.313075760241269, -5.387945903042192, -12.26712450191738, -11.87686524648686, -16.44194325488792, -23.95360047586655, -9.354261207159087, -18.23182976123581, -8.41036658603468, -14.78166697669923, -4.499791181366722, -3.781075595028311, -3.67869379873652, -3.528355487779874] 
    ]
  },
 "Synonymous site-posteriors":  [
[0.6456230323950953, 0.3580017011414589, 0.8643249625019718, 0.835187921242067, 0.8026516751361096, 0.7019966314956106, 0.7614508758471102, 0.8571344503264977, 0.6072666126055875, 0.829305708280991, 0.8914810884251557, 0.3100138049690906, 0.4864415833761386, 0.166477243019467, 0.2115805916887282, 0.8317549537160609, 0.8098145609163571, 0.6297164274739409, 0.909556947259529, 0.5858030524030643, 0.3293695224828158, 0.5619335636443831, 0.838870544701064, 0.206221341899976, 0.5102945751151446, 0.8110707514549533, 0.6169408532654093, 0.5893918207349595, 0.7637913847291773, 0.5619335636443831, 0.8202986076272557, 0.1736421677663638, 0.8852369125271672, 0.3293695224828158, 0.5831253455456971, 0.5991541541084103, 0.886515699783204, 0.04593033540953378, 0.2270659351055603, 0.7929897638076997, 0.6737490847679503, 0.8272556185213658, 0.3029949303300365, 0.6834705801013926, 0.8953149786451652, 0.6908428729785039, 0.6303762750388516, 0.8630758142145359, 0.8284310360620243, 0.8879127290111657, 0.8342849536485316, 0.6858766358831518, 0.8923354058646578, 0.6374722394267923, 0.3503291015396395, 0.8607855635816765, 0.5206920162204954, 0.5661132415498981, 0.4085340027179516, 0.825671215515196, 0.83870803836202, 0.881484913284587, 0.4092693460429115, 0.6982346221544173, 0.7816188179892236, 0.7168203123158193, 0.8274749771094948, 0.645623032395095, 0.6456230323950958, 0.6456230323950952, 0.645623032395095],
  [0.220505279021055, 0.6393241294789689, 0.01587622048889006, 0.124633668059662, 0.1805487121861609, 0.003285973384245237, 0.009258644010714379, 0.01570813221204319, 0.3850701081364242, 0.1313478862770014, 0.05251822379075759, 0.6884378733274717, 0.001522857545350079, 3.033837967466969e-05, 0.7879969766249788, 0.1131437522636324, 0.1668823843857251, 0.00243360777653901, 0.02102231015079107, 0.4082694131498004, 0.6683783428931043, 0.4329381214467634, 0.1092204669101908, 0.7933760209454064, 0.001597208449608472, 0.1666189876735234, 0.3743554761165475, 0.4042713829951964, 0.004519347144154795, 0.4329381214467634, 0.1548508683075745, 5.053867546360901e-05, 0.04795870087474444, 0.6683783428931043, 0.4107976513162822, 0.3928531361802814, 0.04721043096430134, 2.698505186285265e-06, 0.7724553669535841, 0.01041603504201386, 0.3089267837312535, 0.02885908052795629, 0.0002924677359037333, 0.006801377644045637, 0.05386595895055263, 0.003422766337058284, 0.359813133496247, 0.03801513189920155, 0.1316799205622046, 0.05420827859713781, 0.08909781261794356, 0.2940919541594933, 0.05898480081043284, 0.3506435654299557, 0.6470742143212521, 0.03666188551192107, 0.4757160105249861, 0.4289642869694536, 0.5860388970905313, 0.1489894441497681, 0.118058562292019, 0.04698150885793979, 0.0004752455529961287, 0.2793775368205049, 0.02300698636865018, 0.251656123089807, 0.09428281152088624, 0.2205052790210552, 0.2205052790210544, 0.2205052790210551, 0.2205052790210548],
  [0.1338716885838498, 0.002674169379572228, 0.119798817009138, 0.04017841069827083, 0.01679961267772957, 0.2947173951201441, 0.2292904801421753, 0.127157417461459, 0.007663279257988522, 0.03934640544200757, 0.05600068778408686, 0.001548321703437666, 0.5120355590785113, 0.8334924186008583, 0.0004224316862929402, 0.05510129402030691, 0.02330305469791805, 0.3678499647495202, 0.06942074258967991, 0.005927534447135434, 0.002252134624079913, 0.005128314908853547, 0.05190898838874517, 0.0004026371546176878, 0.4881082164352468, 0.02231026087152331, 0.008703670618043301, 0.006336796269844284, 0.231689268126668, 0.005128314908853547, 0.02485052406516965, 0.8263072935581726, 0.06680438659808839, 0.002252134624079913, 0.006077003138020783, 0.007992709711308449, 0.06627386925249455, 0.95406696608528, 0.0004786979408556322, 0.1965942011502866, 0.01732413150079615, 0.1438853009506778, 0.6967126019340598, 0.3097280422545617, 0.0508190624042822, 0.3057343606844377, 0.009810591464901349, 0.09890905388626237, 0.03988904337577123, 0.05787899239169662, 0.07661723373352493, 0.02003140995735481, 0.0486797933249094, 0.01188419514325192, 0.002596684139108253, 0.1025525509064024, 0.003591973254518364, 0.004922471480648409, 0.005427100191517292, 0.02533934033503585, 0.04323339934596111, 0.07153357785747338, 0.5902554084040924, 0.02238784102507779, 0.1953741956421262, 0.03152356459437367, 0.07824221136961894, 0.13387168858385, 0.1338716885838497, 0.1338716885838498, 0.1338716885838501] 
  ],
 "analysis":{
   "authors":"Sergei L Kosakovsky Pond",
   "citation":"*Gene-wide identification of episodic selection*, Mol Biol Evol. 32(5):1365-71",
   "contact":"spond@temple.edu",
   "info":"BUSTED (branch-site unrestricted statistical test of episodic diversification) uses a random effects branch-site model fitted \njointly to all or a subset of tree branches in order to test for alignment-wide evidence of episodic diversifying selection. \nAssuming there is evidence of positive selection (i.e. there is an omega > 1),  BUSTED will also perform a quick evidence-ratio \nstyle analysis to explore which individual sites may have been subject to selection. v2.0 adds support for synonymous rate variation, \nand relaxes the test statistic to 0.5 (chi^2_0 + chi^2_2). Version 2.1 adds a grid search for the initial starting point.\nVersion 2.2 changes the grid search to LHC, and adds an initial search phase to use adaptive Nedler-Mead. Version 3.0 implements the option\nfor branch-site variation in synonymous substitution rates. Version 3.1 adds HMM auto-correlation option for SRV, and binds SRV distributions for multiple branch sets\n",
   "requirements":"in-frame codon alignment and a phylogenetic tree (optionally annotated with {})",
   "version":"3.1"
  },
 "background":0,
 "branch attributes":{
   "0":{
     "ENSCHOP00000007745":{
       "MG94xREV with separate rates for branch sets":0.06503044800708874,
       "Nucleotide GTR":0.0661808731490323,
       "original name":"ENSCHOP00000007745",
       "unconstrained":0.06717597056131948
      },
     "ENSCJAP00000043598":{
       "MG94xREV with separate rates for branch sets":0.04720282897930932,
       "Nucleotide GTR":0.04786851899684189,
       "original name":"ENSCJAP00000043598",
       "unconstrained":0.04802989906220816
      },
     "ENSDNOP00000016306":{
       "MG94xREV with separate rates for branch sets":0.05898457251822689,
       "Nucleotide GTR":0.05757968518172397,
       "original name":"ENSDNOP00000016306",
       "unconstrained":0.06273880789310411
      },