{
 "Evidence Ratios":{
  },
 "Site Log Likelihood":{
   "unconstrained":    [
[-3.993308648036507, -3.378933757124109, -4.12588749526169, -3.595147913205121, -9.799901428193968, -4.240676710763798, -8.127026783864034, -3.731561062406395, -5.444383636246427, -3.731561062406395, -3.731376264451797, -8.627844875772389, -10.98959400256715, -11.04917263263471, -4.761511574383401, -5.35283247949002, -4.988971262801904, -3.731561062406395, -4.846271708743841, -3.917454640701525, -4.096918743117581, -8.384613932787563, -20.55257756781799, -7.279451988312574, -8.521909412861365, -19.09410712917442, -16.98946900666834, -5.655793467451044, -10.30371103057046, -9.445034611353204, -6.007100909037222, -5.36901924663561, -4.935059310006144, -4.487524701295779, -4.723570873350858, -15.1775051441174, -10.18771902544933, -3.869924971562455, -4.04791142749957, -8.976788715431805, -7.782707316476954, -12.77117807227884, -9.945659967349451, -4.960274087515809, -6.962223736466782, -4.845449145036429, -14.45683170478225, -17.94064825376788, -15.96300808077361, -4.599118873177965, -4.682725679496846] 
    ]
  },
 "Synonymous site-posteriors":  [
[0.1075489520975337, 0.1075489520975337, 0.1075489520975338, 0.1408940228610527, 0.06391310061649175, 0.1446803496244659, 0.07004395647918021, 0.151579828055581, 0.1576211413902628, 0.151579828055581, 0.1494642241585423, 0.0775727661264711, 0.01960432705217868, 0.01753370717212084, 0.1298008641679706, 0.1548065610213412, 0.1554589150884719, 0.151579828055581, 0.1536995239849691, 0.1575739804714096, 0.1727962896250558, 0.08405391672145993, 0.0002349382869432695, 0.08746876653521674, 0.09463916083283434, 0.001350692459789865, 0.004094873141515278, 0.1819684993874102, 0.1021798726257329, 0.05132737306242185, 0.1695273747554173, 0.1652598434176165, 0.1075489520975336, 0.1420708539956523, 0.1575559899294081, 0.02236483092937285, 0.1067204031606914, 0.1539861409865658, 0.1711872149626362, 0.1246437510087457, 0.1239344928285738, 0.02909111866555214, 0.1276604082227158, 0.1787301609551131, 0.1037068497201922, 0.1707331163186786, 0.008118193242171752, 0.006667934835892665, 0.006569926746183719, 0.1508602232454383, 0.1075489520975338],
  [0.4357213698094487, 0.4357213698094488, 0.4357213698094483, 0.2603853358358493, 0.6655731776917913, 0.2404638160595284, 0.6334605314091855, 0.2041269924750698, 0.1723092190785512, 0.2041269924750698, 0.2152722131512968, 0.5940200570974647, 0.8977331070674143, 0.9085419773398248, 0.3187471710021605, 0.1871416302155892, 0.1837030579223088, 0.2041269924750698, 0.1929731417182012, 0.1725209529842527, 0.09213196616924134, 0.5600424857471064, 0.9987856271874611, 0.5421513021103855, 0.504556786371347, 0.9929962513910762, 0.9787070327292734, 0.04346735507254879, 0.4650591686766662, 0.7314810448269182, 0.1094871702173243, 0.1320205580054302, 0.4357213698094493, 0.2542009969615524, 0.1726514135908467, 0.8833216096042337, 0.4411897287676588, 0.1914268802511306, 0.1006221129071792, 0.3472299826991459, 0.3509445293484074, 0.848191345135628, 0.3314396647995859, 0.06069811184020879, 0.4570345476889477, 0.1030790456061184, 0.957764823205018, 0.9653137809675703, 0.9658236175048637, 0.2079281869471527, 0.4357213698094482],
  [0.4567296780930176, 0.4567296780930175, 0.4567296780930178, 0.598720641303098, 0.2705137216917168, 0.6148558343160058, 0.2964955121116343, 0.6442931794693493, 0.6700696395311859, 0.6442931794693493, 0.6352635626901608, 0.3284071767760642, 0.08266256588040698, 0.07392431548805431, 0.551451964829869, 0.6580518087630696, 0.6608380269892193, 0.6442931794693493, 0.6533273342968297, 0.6699050665443377, 0.7350717442057028, 0.3559035975314339, 0.0009794345255956418, 0.3703799313543978, 0.4008040527958186, 0.005653056149133892, 0.01719809412921136, 0.7745641455400409, 0.4327609586976008, 0.2171915821106598, 0.7209854550272583, 0.7027195985769534, 0.4567296780930172, 0.6037281490427953, 0.6697925964797452, 0.09431355946639347, 0.4520898680716499, 0.6545869787623037, 0.7281906721301845, 0.5281262662921083, 0.5251209778230189, 0.1227175361988197, 0.5408999269776983, 0.7605717272046781, 0.4392586025908601, 0.7261878380752029, 0.03411698355281013, 0.02801828419653714, 0.02760645574895264, 0.6412115898074091, 0.456729678093018] 
  ],
 "analysis":{
   "authors":"Sergei L Kosakovsky Pond",
   "citation":"*Gene-wide identification of episodic selection*, Mol Biol Evol. 32(5):1365-71",
   "contact":"spond@temple.edu",
   "info":"BUSTED (branch-site unrestricted statistical test of episodic diversification) uses a random effects branch-site model fitted \njointly to all or a subset of tree branches in order to test for alignment-wide evidence of episodic diversifying selection. \nAssuming there is evidence of positive selection (i.e. there is an omega > 1),  BUSTED will also perform a quick evidence-ratio \nstyle analysis to explore which individual sites may have been subject to selection. v2.0 adds support for synonymous rate variation, \nand relaxes the test statistic to 0.5 (chi^2_0 + chi^2_2). Version 2.1 adds a grid search for the initial starting point.\nVersion 2.2 changes the grid search to LHC, and adds an initial search phase to use adaptive Nedler-Mead. Version 3.0 implements the option\nfor branch-site variation in synonymous substitution rates. Version 3.1 adds HMM auto-correlation option for SRV, and binds SRV distributions for multiple branch sets\n",
   "requirements":"in-frame codon alignment and a phylogenetic tree (optionally annotated with {})",
   "version":"3.1"
  },
 "background":0,
 "branch attributes":{
   "0":{
     "ENSEEUP00000006636":{
       "MG94xREV with separate rates for branch sets":0.2215335581077414,
       "Nucleotide GTR":0.2050861904055198,
       "original name":"ENSEEUP00000006636",
       "unconstrained":0.2165623843503577
      },
     "ENSETEP00000002704":{
       "MG94xREV with separate rates for branch sets":0.06097409869805265,
       "Nucleotide GTR":0.05865445663744789,
       "original name":"ENSETEP00000002704",
       "unconstrained":0.0681810099143699
      },
     "ENSETEP00000003346":{
       "MG94xREV with separate rates for branch sets":0.04109291259783222,
       "Nucleotide GTR":0.04170407046409101,
       "original name":"ENSETEP00000003346",
       "unconstrained":0.04382553475318393
      },
     "ENSETEP00000005676":{
       "MG94xREV with separate rates for branch sets":0.03961107290187639,
       "Nucleotide GTR":0.04045037101676872,
       "original name":"ENSETEP00000005676",
       "unconstrained":0.04040125775417948
      },
     "ENSETEP00000009377":{
       "MG94xREV with separate rates for branch sets":0.03771449012924575,
       "Nucleotide GTR":0.03693943004549874,
       "original name":"ENSETEP00000009377",
       "unconstrained":0.0423047518759597
      },
     "ENSETEP00000016167":{
       "MG94xREV with separate rates for branch sets":0.03955437252754015,
       "Nucleotide GTR":0.03690422993204424,
       "original name":"ENSETEP00000016167",
       "unconstrained":0.04187468928365777
      },
     "NODE_3":{
       "MG94xREV with separate rates for branch sets":0.01647672569548125,
       "Nucleotide GTR":0.01586677713200932,
       "unconstrained":0.01626564364487629
      },
     "NODE_7":{
       "MG94xREV with separate rates for branch sets":0.03026667233508939,
       "Nucleotide GTR":0.02888470734502091,
       "unconstrained":0.02989565412715374
      }
    },
   "attributes":{
     "MG94xREV with separate rates for branch sets":{
       "attribute type":"branch length",
       "display order":1
      },
     "Nucleotide GTR":{
       "attribute type":"branch length",
       "display order":0
      },
     "original name":{
       "attribute type":"node label",
       "display order":0
      },
     "unconstrained":{
       "attribute type":"branch length",
       "display order":0
      }
    }
  },