{
 "Evidence Ratios":{
  },
 "Site Log Likelihood":{
   "unconstrained":    [
[-3.655969485519101, -3.654976234387948, -4.564505761514058, -3.490048206801535, -3.500449816588903, -3.490048206801535, -3.908310927964757, -9.015478648825761, -13.60979889925832, -8.906247092750005, -6.785760595235343, -9.937495283859123, -7.540952042057429, -8.72599407740886, -7.214873216369083, -8.023335816314342, -9.714516522763313, -6.608876118258411, -9.643267178403926, -15.13884710490748, -5.84003972007936, -4.739730783222091, -10.66805211286837, -6.417195597307826, -8.8712123567171, -11.60898844206574, -8.345156839721687, -7.236727262666383, -12.50444854986817, -8.512879141244614, -12.36460049325859, -4.160038432179038, -7.032224149307631, -8.682801751596806, -14.08585287843505, -8.155654004111033, -12.54519533363637, -9.029058897117807, -10.86760914333998, -4.050916752871773, -4.64143288620669, -14.87633203094849, -16.91372956116769, -11.43553305599464, -4.64143288620669, -4.901060678456799, -7.505868960210383, -4.901060678456799, -23.15628219909492, -6.405462560108539, -4.299399101789449, -7.057692403456957, -7.768181764038145, -8.24432578462568, -10.27554206186039, -13.19208937289428, -8.652617602521509, -6.505830490433347, -7.990132661618616, -4.739730783222091, -6.093262507645015, -11.51795702246697, -9.401922810824635, -9.657364210801678, -8.408243852250388, -7.863186912992505, -5.54599707357983, -5.730223556553835, -10.00283772719049, -8.95531100353522, -9.547321536095195, -9.266136333817519, -4.592789999881505, -3.908310927964758, -3.878527232338939, -3.737583740202322, -7.305066560777543, -12.98070678798643, -6.979383306342447, -12.03209962069758, -12.19364890284511, -12.96514571920785, -7.772850189798715, -10.35244818579942, -9.564209227205662, -9.301786945389045, -8.604396536629764, -3.757504473037899, -4.138554373702929, -6.485505919363341, -7.049163994525351, -9.064519058787852, -8.829543504644008, -6.116821116214524, -9.301786945389045, -13.92462084924611, -10.07402901826804, -6.116821116214524, -8.005424829566458, -4.050916752871773, -8.492804624200231, -7.489675473825927, -7.749997465105523, -7.670822014257561, -5.734523449931861, -4.050916752871773, -9.550190828091047, -7.505868960210383, -8.362350042051897, -13.46268591710034, -10.22245987540262, -4.901060678456799, -4.299399101789449, -9.344973560598207, -4.977165354192594, -7.648378505865253, -16.8571264343413, -8.984083255431019, -10.0172153294458] 
    ]
  },
 "Synonymous site-posteriors":  [
[0.7528536752290619, 0.7528536752290625, 0.7528536752290612, 0.7528536752290601, 0.7528536752290631, 0.7528536752290601, 0.7528536752290625, 0.8248457097928626, 0.2626260549402877, 0.7941950547158368, 0.8392267311221084, 0.7495969496556697, 0.7501863376146995, 0.8262518217956574, 0.8122341954254841, 0.8226893431622176, 0.7399210026137636, 0.824608235069921, 0.8057979696760542, 0.482752310392575, 0.7760911445319663, 0.8222669257383621, 0.7928423004698711, 0.771933028698353, 0.7912400425751246, 0.5822037476610393, 0.7061656731366862, 0.6931691526932313, 0.746267872101645, 0.7973866196869582, 0.7883775969393917, 0.824600746866108, 0.7998566512085719, 0.8054567139199245, 0.2334000817473794, 0.7600541801288074, 0.5416039334484685, 0.8119021631413689, 0.7176499179405161, 0.823977868224167, 0.77640055099112, 0.5543542671900252, 0.7919537608812295, 0.6001707242670038, 0.77640055099112, 0.8311015377289904, 0.7283938710196108, 0.8311015377289904, 0.002202265922436575, 0.8849670288243349, 0.8250692782591227, 0.8197327402542048, 0.8167605306892023, 0.6526616847227996, 0.5214287152171402, 0.4652815891834937, 0.7836833101982884, 0.8355263290381721, 0.7214007293902689, 0.8222669257383621, 0.7878755142189663, 0.8115182477766915, 0.7651120453875845, 0.4764905909992437, 0.8213152333744207, 0.8211563586890079, 0.8694211394422918, 0.7749659360933135, 0.7057614130598774, 0.7847731081696551, 0.8373759430036648, 0.8792363660813353, 0.7528536752290613, 0.7528536752290623, 0.7528536752290615, 0.7528536752290618, 0.9009686263377736, 0.7678880776481652, 0.7341255177863105, 0.7672679256742038, 0.5888337667543792, 0.56197613672438, 0.8192040983341312, 0.9025513326716142, 0.8835908299680674, 0.8647828109924548, 0.8028343811291277, 0.782351022583052, 0.8229565717488364, 0.8786658627450996, 0.9008680697885769, 0.7854050697952893, 0.8159334882667016, 0.7907391063367634, 0.8647828109924548, 0.6148256397901475, 0.8046524789497523, 0.7907391063367634, 0.811613338071059, 0.823977868224167, 0.8372400607333711, 0.8111859170838097, 0.863525003365467, 0.768827378979941, 0.8685903754569365, 0.823977868224167, 0.8203697304039436, 0.7283938710196108, 0.8203152898978897, 0.3728480772450616, 0.8560706870917443, 0.8311015377289904, 0.8250692782591227, 0.7426083690187522, 0.8239404019944769, 0.771945231359272, 0.5847861467504055, 0.7731412707400661, 0.8354817204292122],
  [0.07345577963678351, 0.07345577963678275, 0.07345577963678396, 0.07345577963678521, 0.07345577963678201, 0.07345577963678521, 0.07345577963678278, 0.01030295239144945, 0.6406150834262182, 0.006321215491176834, 0.001296802288308264, 0.01501565758836801, 0.0578379275487404, 0.004102565313099523, 0.009296399236019803, 0.007009727582250738, 0.04773233979886389, 0.006371373110993656, 0.005516752975230831, 0.3503359473285579, 0.02913208751625622, 0.01470629745203991, 0.01350440444835668, 0.03317570208742437, 0.01260398474106368, 0.1935161135936449, 0.07571951407112017, 0.1144220891221991, 0.04722390678117925, 0.03260390073222279, 0.04163259631424802, 0.01288134217124865, 0.01483182581387557, 0.02110621418819216, 0.6738810303508427, 0.0572381831321643, 0.2433699216357476, 0.01436692681218569, 0.09046024062458882, 0.01338474981012101, 0.04695555809994964, 0.2432642540063132, 0.01595239086296209, 0.1721618592860682, 0.04695555809994964, 0.0157436891992883, 0.05413237323407177, 0.0157436891992883, 0.9958084794257064, 0.001501818990273482, 0.01250592797660279, 0.002854799010831572, 0.008955427981950245, 0.1183611513872627, 0.2995650384203079, 0.3798349668916059, 0.009145500088409394, 0.002700264958430839, 0.09059033906031549, 0.01470629745203991, 0.02947822927102029, 0.006155511356597603, 0.01890327468419106, 0.3458270504811543, 0.0005857519869569102, 0.007943320340215386, 0.00203693863006702, 0.03024973828757765, 0.08168204427187487, 0.01262372585666516, 0.003647594423360944, 0.001190354219227597, 0.0734557796367845, 0.07345577963678271, 0.07345577963678357, 0.07345577963678299, 7.225321438817038e-05, 0.02846258098757924, 0.0719622243963077, 0.01914306019824887, 0.1884635049121187, 0.2207376369718963, 0.007383728323765278, 0.0002764470814134227, 0.001003516568309853, 0.002073968577355007, 0.0259904541251474, 0.04076469776302451, 0.01416108872042868, 5.087107874066605e-05, 7.450205730509742e-05, 0.01213523630373331, 0.0009004094025484737, 0.02675153126877968, 0.002073968577355007, 0.1589982132362779, 0.01276775831323896, 0.02675153126877968, 0.02233701124551072, 0.01338474981012101, 0.0008449732543975843, 0.01315064026079715, 0.0002495093866349231, 0.03628710295518987, 0.000316840131448791, 0.01338474981012101, 0.0008326797316988387, 0.05413237323407177, 0.0185022955320134, 0.4740289597606112, 0.001054981108382039, 0.0157436891992883, 0.01250592797660279, 0.06730348388204785, 0.01335678150593088, 0.03429194052785115, 0.2116818018896391, 0.02330363300257488, 0.006269725936552703],
