{
 "Evidence Ratios":{
  },
 "Site Log Likelihood":{
   "unconstrained":    [
[-4.007449219564253, -4.497892737849029, -3.572864640299131, -3.952475462770319, -4.578083973040315, -4.994261747866568, -4.26559835973757, -4.196790896724351, -5.829861261230231, -3.394906735317114, -5.829861261230231, -3.394906735317114, -5.829861261230231, -3.394906735317114, -5.149148597634372, -3.778591532873565, -5.149148597634372, -3.778591532873565, -5.149148597634372, -11.1714538002563, -20.0515526458753, -43.26539524308946, -20.68240689142721, -12.59856305297144, -22.85677052678992, -32.29108242233349, -14.46450796998311, -21.86016085633726, -21.00862323367854, -20.98473069813345, -17.98141344326663, -32.98649824229284, -16.11477031160353, -14.49818567627566, -16.04797341639351, -20.42437752753219, -9.773377597012562, -15.39309970855512, -17.6607577508897, -20.56287345706224, -16.41282085248531, -21.87918670312492, -31.44425933647247, -28.59403580442787, -25.77995849930722, -28.29920723266236, -27.74367606455904, -21.96550762516785, -25.35945964994397, -20.49568906981758, -22.65590078931515, -20.16157123533397, -20.01891985702183, -7.275937372878482, -22.92697701320548, -18.22267130281089, -6.85404042036579, -8.388653957971657, -23.86219062129882, -26.65747331168441, -4.720483243838949, -15.47155394719971, -25.25067424057897, -12.10996903582609, -9.05747300898358, -22.30298195671864, -22.77162279390631, -12.58129772841979, -29.32733751668389, -24.61979419359025, -12.8462847752458, -27.31847391624304, -16.58517252671463, -13.44079590873015, -4.482369308440529, -8.056045754226968, -29.12740584773767, -24.10617081132153, -38.05873770839496, -13.09794679709523, -24.51196463554193, -23.24721154051175, -15.10136517752435, -24.6357293835187, -7.366590415010977, -15.54155155057979, -16.72105044389883, -20.42129190361342, -21.75801457606673, -14.66165984262245, -24.33998473982228, -15.76419540219895, -16.50094405042323, -7.626573151911857, -19.89852335941247, -24.02222330174533, -22.55079440256529, -16.27304731196389, -21.65500271011661, -8.345092133395573, -24.16794737331765, -7.733558056144547, -18.99076119157582, -9.760971824323933, -10.27788293570965] 
    ]
  },
 "Synonymous site-posteriors":  [
[0.8197286445415071, 0.8197286445415054, 0.8197286445415115, 0.8197286445415051, 0.8197286445415108, 0.8197286445415037, 0.8197286445415114, 0.8197286445415036, 0.8197286445415054, 0.8197286445415121, 0.8197286445415054, 0.8197286445415121, 0.8197286445415054, 0.8197286445415121, 0.8197286445415032, 0.8197286445415067, 0.8197286445415032, 0.8197286445415067, 0.8197286445415032, 0.4039828372723634, 0.9978895329766961, 2.304171994318438e-05, 0.9265983797831877, 0.5633435708844207, 0.9393602222724821, 0.001318979372742978, 0.9776912482559886, 0.5065267589687044, 0.9976635853002417, 0.999133764665315, 0.974112581475055, 0.006865037671133033, 0.9978197168299956, 0.9966303849284218, 0.9731182204440887, 0.9042709088700023, 0.696663585691179, 0.8808672979918923, 0.967377140983583, 0.995500265816653, 0.9964728011056094, 0.9968598150684091, 0.9235241971631438, 0.9941795340232058, 0.9881140780479138, 0.9969144129565783, 0.9083931408844035, 0.9992612436491275, 0.9904437739111988, 0.9957676677048944, 0.9996858407736583, 0.9409959485807808, 0.9969111335933318, 0.2476440327646995, 0.9985774747144547, 0.9514232239631599, 0.2457997409672403, 0.3788582921433683, 0.9988650114565047, 0.9794034658884887, 0.5466109879193303, 0.9986883319863833, 0.9982444567484769, 0.06523462227394956, 0.6763758254745573, 0.8382395291289289, 0.995773075071524, 0.7445278820172796, 0.9931664361096352, 0.99628681112634, 0.9370036847337315, 0.9989241798134161, 0.9873927516257759, 0.6951211798153846, 0.6259584669528063, 0.2713520625248877, 0.997785731957755, 0.9977771438906685, 0.4200868792449347, 0.8839724017449018, 0.9995433152710683, 0.9898409974827718, 0.9983352537800896, 0.9978782270383521, 0.1499234234148135, 0.9453810254156831, 0.9984837993384115, 0.9874253496454585, 0.998863933991501, 0.4393255068983519, 0.9938552256834798, 0.9905721153702347, 0.6843431202306705, 0.3525610951724805, 0.9995770944608431, 0.9976210485575943, 0.9993952083197314, 0.9870293909090703, 0.9972980178490669, 0.2255033318389167, 0.997082331362483, 0.4287691835520416, 0.9972089018390268, 0.959607251660942, 0.9767097503262235],
  [0.142635246157727, 0.1426352461577282, 0.1426352461577258, 0.1426352461577267, 0.1426352461577275, 0.1426352461577288, 0.1426352461577259, 0.1426352461577269, 0.1426352461577283, 0.142635246157727, 0.1426352461577283, 0.142635246157727, 0.1426352461577283, 0.142635246157727, 0.1426352461577272, 0.1426352461577283, 0.1426352461577272, 0.1426352461577283, 0.1426352461577272, 0.5959967521223131, 0.001969205247621792, 5.270008303152834e-16, 0.07330178187948647, 0.4364872145515901, 0.06008756572550741, 7.999639578065474e-11, 0.02203330123832327, 0.4934529133544604, 0.002178701281268795, 0.0006426660284602423, 0.02585851881760632, 3.916305112974543e-11, 0.001643941905062873, 0.003252127709236236, 0.02422544671458822, 0.09554031260426865, 0.3032568938776862, 0.1190736877277124, 0.03248177078647446, 0.004473847746849178, 0.003204545127617842, 0.002829112699364711, 5.968061174582826e-07, 6.740106395182522e-06, 0.0003346254883276146, 0.0001252523441406715, 3.296116483341733e-05, 0.0003057067781497358, 8.500480019294165e-05, 0.003723060079955267, 6.339076663034326e-05, 0.05872492965555367, 0.002983857594072914, 0.7523298144705534, 1.661666912050142e-05, 0.0483968124263505, 0.7541841718639462, 0.6211019050834479, 4.664185446087001e-06, 8.720485522281541e-07, 0.453327899731713, 0.0007700699556645151, 1.423387496222251e-05, 0.9347621265744414, 0.3235464753693009, 0.1613507987389133, 0.0001133530773258074, 0.2550938423362657, 0.001837949582364492, 0.00344511470658592, 0.06256284532079884, 0.000151823128209406, 0.0124993927316384, 0.3046876817677749, 0.3739301893402959, 0.7286193968224913, 2.172391336196371e-06, 0.002082769987322215, 7.219601859947349e-07, 0.1157483575782335, 6.202686795230319e-05, 0.00774753323998302, 0.001214475531470596, 5.522977819690857e-05, 0.8500606998062, 0.0543860020536709, 0.001224124237076862, 0.01231490231822087, 0.0001077817399335074, 0.5606351941589611, 0.006095768166391541, 0.009003599074684393, 0.3156410547427633, 0.6474017687290105, 0.000105578780578176, 4.561254409251111e-05, 0.0003831801593577544, 0.00119006989016512, 0.001837619426581771, 0.7744749108163235, 0.002443037188009803, 0.5711560805588742, 0.000844388059618813, 0.04010869416471124, 0.004335363631089877],
