{
 "Evidence Ratios":{
   "constrained":    [
[0.9129712351850208, 0.8402934714476353, 1.05637002760762, 1.087478408586326, 1.039242180578039, 1.040463997726252, 1.105532594724759, 1.004243756197119, 0.8665474293403148, 1.072441530585458, 1.099130164293056, 1.093518584347591, 1.102708425668336, 0.8773183734459388, 0.9612854356877809, 0.8989623507680432, 1, 1, 1.000000000000001, 0.8708738173078397, 0.8476140224208002, 0.8355296079918803, 1.067246818661349, 1.094710595778334, 1.082588276424816, 0.8708738173078397, 1.107205933898369, 1.297718629574588, 0.8776041638788431, 0.9067417421274687, 0.8629780445228127, 0.8626427753022018, 0.9269960979537688, 1.058511610697449, 1.303545069177774, 1.024212201868662, 0.8436981447497788, 0.8726713133374461, 1.293607281185955, 1.078208713882422, 1.609586525786686, 1.157502944980181, 0.8776489348907528, 0.8776041638788431, 1.103957910963276, 1.079192328308608, 0.8437967898926235, 0.8437967898926235, 1.230192360825362, 0.8743838731992561, 1.083269829854237, 1.097701911465914, 0.862515758841718, 1.048566064261081, 0.9999999999999996, 1.065864712796056, 1.336359978609866, 0.8580936576087509, 1.840760337469159] 
    ],
   "optimized null":    [
[0.9722208178981229, 1.012818046633606, 0.9521823989383017, 1.023860394432989, 0.9965850664511867, 0.985523805559553, 0.9718475177570262, 0.9935429806263282, 1.011303777682157, 1.010878482657849, 1.022274058264019, 0.9941711487390901, 1.003271983120734, 1.010424732156935, 1.002583969323356, 1.0003465697547, 1.000000000000001, 1, 1, 1.011764859093794, 1.01311652997869, 1.010259825827977, 1.007192675466608, 1.001171781619337, 0.9900825400410588, 1.011764859093794, 1.004954899700957, 1.005360979992092, 1.007919530121342, 0.9880921112017468, 0.9923628391872069, 0.9869610338094477, 1.008472220972779, 0.9767776578810531, 1.169181753172072, 0.9682180138954624, 1.006331418747513, 0.9864961766684984, 0.9559950063687945, 0.9277294586913222, 0.9399271120332032, 1.019029923455332, 0.9883736300813729, 1.007919530121342, 1.011277918216714, 0.9861493172858846, 1.003563280591729, 1.003563280591729, 0.9716983933536997, 1.008267238425146, 0.9884367800322957, 1.016640229396203, 0.9887206059463803, 1.020743579609759, 0.9999999999999991, 0.9669012451143748, 1.103193629288091, 1.008450598024345, 1.028845302819024] 
    ]
  },
 "Site Log Likelihood":{
   "constrained":    [
[-10.18336001795376, -5.023618889599938, -11.41460365723938, -9.932626039195878, -10.00663331715835, -8.922919933934082, -8.497396297481979, -9.647575262725233, -4.716384792394974, -9.512807257664438, -9.472917905202117, -13.0263363539785, -10.5617625351099, -5.491681972174109, -4.192806792126128, -4.254488143776459, -4.492972321617745, -3.734585460277955, -4.115149557382981, -4.484172892967298, -5.06318525919392, -4.484740323016911, -8.902522923014137, -7.736213165424725, -13.32129857035363, -4.484172892967298, -9.335632679646368, -13.88404470922685, -5.096572703477034, -9.640972398256681, -8.690471621883335, -9.896013955594604, -4.57664007252817, -7.036529801967623, -11.96116969074439, -8.384339367193036, -4.120800900577593, -7.970018210394149, -16.33687824048543, -17.48688488450075, -19.38342820020459, -9.342399384913616, -9.81020386388508, -5.096572703477034, -9.052948810661901, -12.78936457555571, -5.456960607555017, -5.456960607555017, -16.16912125482754, -4.465685386079127, -8.716694535367248, -10.94155685422741, -8.026497230040897, -10.2369290336916, -3.710029901288987, -9.144088597809629, -15.27628120913439, -3.906396975224418, -21.1751310671765] 
    ],
   "optimized null":    [
[-10.24623860124331, -5.210359557794592, -11.3107664613819, -9.872344593347282, -9.964720764393839, -8.868671171754821, -8.368512730890641, -9.636862529768507, -4.870863594421603, -9.453689141886448, -9.400428412551205, -12.931089892383, -10.46725981824502, -5.632938068412482, -4.234871323407802, -4.361348777889388, -4.492972321617746, -3.734585460277955, -4.11514955738298, -4.634127267843588, -5.241546421421937, -4.674637368202853, -8.844607588785282, -7.646894228800572, -13.23197687857364, -4.634127267843588, -9.238735678990574, -13.62878354781968, -5.235020664122697, -9.72689065060924, -8.830171177719654, -10.03064384303759, -4.660882528417575, -6.956169792210283, -11.85238630932313, -8.328117637559583, -4.297072856854311, -8.092618677728897, -16.03444099319011, -17.33656869833637, -18.84549792335802, -9.214985452999324, -9.929017990934613, -5.235020664122697, -8.965261784301555, -12.69920415991784, -5.630361138348622, -5.630361138348622, -15.93324088917935, -4.608154423642265, -8.625079854135793, -10.86484132892104, -8.163055600322192, -10.21003681728332, -3.710029901288987, -9.046643277438042, -15.08454099796977, -4.067854094237966, -20.59338946217855] 
    ],
   "unconstrained":    [
[-10.27441092265869, -5.197622966989478, -11.35976512840132, -9.848764409585765, -9.96814154213704, -8.883253168617003, -8.397069092454037, -9.643340485866327, -4.85962322703126, -9.442869404267141, -9.378398797946774, -12.93693579770009, -10.46399317641315, -5.62256729906791, -4.232290686793334, -4.361002268176113, -4.492972321617745, -3.734585460277955, -4.11514955738298, -4.622431076650495, -5.228515168241552, -4.664429817138613, -8.837440657237465, -7.645723133181474, -13.24194384412369, -4.622431076650495, -9.233793014405935, -13.62343688672806, -5.227132328889029, -9.73887000622787, -8.837837650983058, -10.04376856278863, -4.652445995280421, -6.979666021424656, -11.69608216144032, -8.36041563365719, -4.290761397335952, -8.106214506908689, -16.0794435825981, -17.41158381861853, -18.90745087047273, -9.196134333679264, -9.940712475557859, -5.227132328889029, -8.954046987661208, -12.71315165835321, -5.626804191200415, -5.626804191200415, -15.96195070675607, -4.599921171645255, -8.636710448007937, -10.84833803118052, -8.174399089163602, -10.18950545596089, -3.710029901288988, -9.080302191192986, -14.98633172524647, -4.059439002623742, -20.56495235402491] 
    ]
  },
 "Synonymous site-posteriors":  [
[1, 1, 1, 1, 1, 1, 0.9999999999999999, 1, 1, 1, 1, 1, 1, 1, 0.9999999999999999, 1, 1, 1, 1, 1, 1, 1, 1, 1, 0.9999999999999999, 1, 1, 1, 1, 1, 1, 1, 0.9999999999999999, 1, 1, 1, 1, 1, 1, 1, 1, 1, 1, 1, 1, 1, 1, 1, 1, 1, 0.9999999999999999, 1, 1, 1, 1, 1, 1, 1, 1],
  [0, 0, 0, 0, 0, 0, 0, 0, 0, 0, 0, 0, 0, 0, 0, 0, 0, 0, 0, 0, 0, 0, 0, 0, 0, 0, 0, 0, 0, 0, 0, 0, 0, 0, 0, 0, 0, 0, 0, 0, 0, 0, 0, 0, 0, 0, 0, 0, 0, 0, 0, 0, 0, 0, 0, 0, 0, 0, 0],
  [0, 0, 0, 0, 0, 0, 0, 0, 0, 0, 0, 0, 0, 0, 0, 0, 0, 0, 0, 0, 0, 0, 0, 0, 0, 0, 0, 0, 0, 0, 0, 0, 0, 0, 0, 0, 0, 0, 0, 0, 0, 0, 0, 0, 0, 0, 0, 0, 0, 0, 0, 0, 0, 0, 0, 0, 0, 0, 0] 
  ],
 "analysis":{
   "authors":"Sergei L Kosakovsky Pond",
   "citation":"*Gene-wide identification of episodic selection*, Mol Biol Evol. 32(5):1365-71",
   "contact":"spond@temple.edu",
   "info":"BUSTED (branch-site unrestricted statistical test of episodic diversification) uses a random effects branch-site model fitted \njointly to all or a subset of tree branches in order to test for alignment-wide evidence of episodic diversifying selection. \nAssuming there is evidence of positive selection (i.e. there is an omega > 1),  BUSTED will also perform a quick evidence-ratio \nstyle analysis to explore which individual sites may have been subject to selection. v2.0 adds support for synonymous rate variation, \nand relaxes the test statistic to 0.5 (chi^2_0 + chi^2_2). Version 2.1 adds a grid search for the initial starting point.\nVersion 2.2 changes the grid search to LHC, and adds an initial search phase to use adaptive Nedler-Mead. Version 3.0 implements the option\nfor branch-site variation in synonymous substitution rates. Version 3.1 adds HMM auto-correlation option for SRV, and binds SRV distributions for multiple branch sets\n",
   "requirements":"in-frame codon alignment and a phylogenetic tree (optionally annotated with {})",
   "version":"3.1"
  },
 "background":0,