{
 "Evidence Ratios":{
  },
 "Site Log Likelihood":{
   "unconstrained":    [
[-3.915488967368979, -16.49237676211634, -4.242731191406619, -10.52398624049379, -13.46628968592951, -3.801462585370008, -13.41625971791199, -5.851550368629681, -5.92521028305249, -3.915488967368979, -34.3315600032365, -20.7099552169061, -5.132173202315703, -5.941022236561662, -11.11340089095925, -5.38302190142169, -11.72977485382903, -4.242731191406619, -21.65201933457556, -3.915488967368979, -5.38302190142169, -4.471140721271311, -12.07841770537122, -16.33332435489107, -7.882381285724076, -4.041420083577481, -13.74557653296013, -3.801462585370008, -4.471140721271311, -11.31597998357027, -3.801462585370008, -22.77737443339678, -33.26368170889447, -7.671043738861894, -11.47667531614484, -9.130872816000274, -12.88566842881298, -4.166026078297275, -9.798815102973283, -3.801462585370008, -13.66405665418249, -4.471140721271311, -18.15770529777463, -22.03097482372417, -10.36074949469175, -4.435535023538359, -11.1945724812499, -24.46068010791916, -11.55720095247208, -10.1583843548462, -7.475413145192077, -10.47960129932919, -13.61676151481734, -8.443877284332039, -18.67763899292397, -4.166026078297275, -9.200022750825513, -19.00414390535561, -6.236228635362382, -10.07799098816771, -19.90064377355736, -14.15972058294905, -8.784169592207837, -27.38330672600266, -24.02526921740448, -10.23766608805328, -4.025312401194786, -4.994580561868548, -5.035664949387581] 
    ]
  },
 "Synonymous site-posteriors":  [
[0.0040834063236126, 0.05293219291062033, 0.001380732644874604, 0.02575638017108287, 0.004836512095482045, 0.002768726722213077, 0.01439031151362426, 0.0008356769346136791, 0.0002869345565255508, 0.0040834063236126, 0.2310464202242791, 0.01848266252464588, 0.001809970179507295, 0.000284582856507228, 0.000397371931228417, 0.001386937129170424, 0.002119793803512126, 0.001380732644874604, 0.04897773001865436, 0.0040834063236126, 0.001386937129170424, 0.008514489665108085, 0.005984309936164684, 0.003519533658805944, 0.002353693795020448, 0.003217397353790017, 0.002547810401606928, 0.002768726722213077, 0.008514489665108085, 0.01626836349874334, 0.002768726722213077, 0.1268423000816208, 0.2394868710085309, 0.001105229205758389, 0.006916276862952777, 0.01084288764639951, 0.004311591342445001, 0.002093900681091956, 0.001794251103977461, 0.002768726722213077, 0.01395995682268021, 0.008514489665108085, 0.0009057546839258432, 0.03008599911305894, 0.01093495220603854, 0.02331020191456556, 0.02684742667079708, 0.0008658217456424363, 0.00275922149235317, 0.000258397736894105, 0.004415793039731977, 0.001252167642237341, 0.0376611791651742, 0.002427446042865919, 0.0176121985873619, 0.002093900681091956, 0.007964668513541268, 0.06167448260329034, 0.004571273746036567, 0.03246412768888007, 0.08919423577860786, 0.01392144679300141, 0.0006997974118787996, 0.1966832863876313, 0.07156231588920853, 0.001430689042342924, 0.02331020191456571, 0.02331020191456563, 0.02331020191456556],
  [0.984456304084411, 0.7943858226146836, 0.9948189091444022, 0.9006332033964494, 0.9817412845344825, 0.9894889075276162, 0.9448213791171463, 0.9969001263969004, 0.9989510675006087, 0.984456304084411, 0.07276385529566946, 0.9296208418522434, 0.9931925429983779, 0.9989632648404987, 0.9985585751544215, 0.9948095837883465, 0.9921780665931325, 0.9948189091444022, 0.8117359181743851, 0.984456304084411, 0.9948095837883465, 0.9671516717484815, 0.9774962313877409, 0.9868756751327863, 0.9912009727276991, 0.9877542595719558, 0.9905480832416628, 0.9894889075276162, 0.9671516717484815, 0.937744414197038, 0.9894889075276162, 0.5001621034060881, 0.01894704523104596, 0.9959212356718922, 0.9739443607467273, 0.9582311290049897, 0.9838939082581717, 0.9920914447340634, 0.9933038944110212, 0.9894889075276162, 0.9471905967446348, 0.9671516717484815, 0.9967129642735397, 0.8858269328936572, 0.9578713184859982, 0.9082784600515634, 0.8958794671042696, 0.996839311646964, 0.989696571713656, 0.9990636569982727, 0.9833156271001877, 0.9953916923080134, 0.8528991510196569, 0.9908965710085383, 0.9331972031620533, 0.9920914447340634, 0.9695003577124193, 0.7618643828997507, 0.9826643372101487, 0.8741574246432235, 0.6516690574645908, 0.9473698645007275, 0.9974377768642312, 0.2206092407991208, 0.7228951856356718, 0.9946947476344971, 0.9082784600515632, 0.9082784600515631, 0.9082784600515632],
  [0.01146028959197655, 0.152681984474696, 0.003800358210723151, 0.07361041643246773, 0.01342220337003534, 0.007742365750170627, 0.04078830936922956, 0.002264196668485933, 0.0007619979428657467, 0.01146028959197655, 0.6961897244800516, 0.05189649562311077, 0.0049974868221148, 0.00075215230299416, 0.001044052914350188, 0.003803479082483136, 0.005702139603355499, 0.003800358210723151, 0.1392863518069605, 0.01146028959197655, 0.003803479082483136, 0.02433383858641036, 0.01651945867609443, 0.009604791208407751, 0.006445333477280483, 0.009028343074254149, 0.006904106356730313, 0.007742365750170627, 0.02433383858641036, 0.04598722230421855, 0.007742365750170627, 0.372995596512291, 0.7415660837604231, 0.002973535122349419, 0.01913936239031993, 0.03092598334861088, 0.01179450039938326, 0.005814654584844738, 0.004901854485001384, 0.007742365750170627, 0.03884944643268518, 0.02433383858641036, 0.002381281042534361, 0.08408706799328379, 0.03119372930796342, 0.06841133803387102, 0.07727310622493347, 0.002294866607393642, 0.007544206793990793, 0.0006779452648331754, 0.01226857986008023, 0.003356140049749302, 0.1094396698151689, 0.006675982948595702, 0.04919059825058485, 0.005814654584844738, 0.02253497377403946, 0.176461134496959, 0.01276438904381473, 0.09337844766789641, 0.2591367067568013, 0.03870868870627106, 0.001862425723890023, 0.5827074728132479, 0.2055424984751198, 0.003874563323160083, 0.06841133803387089, 0.06841133803387126, 0.06841133803387131] 
  ],
 "analysis":{
   "authors":"Sergei L Kosakovsky Pond",
   "citation":"*Gene-wide identification of episodic selection*, Mol Biol Evol. 32(5):1365-71",
   "contact":"spond@temple.edu",
   "info":"BUSTED (branch-site unrestricted statistical test of episodic diversification) uses a random effects branch-site model fitted \njointly to all or a subset of tree branches in order to test for alignment-wide evidence of episodic diversifying selection. \nAssuming there is evidence of positive selection (i.e. there is an omega > 1),  BUSTED will also perform a quick evidence-ratio \nstyle analysis to explore which individual sites may have been subject to selection. v2.0 adds support for synonymous rate variation, \nand relaxes the test statistic to 0.5 (chi^2_0 + chi^2_2). Version 2.1 adds a grid search for the initial starting point.\nVersion 2.2 changes the grid search to LHC, and adds an initial search phase to use adaptive Nedler-Mead. Version 3.0 implements the option\nfor branch-site variation in synonymous substitution rates. Version 3.1 adds HMM auto-correlation option for SRV, and binds SRV distributions for multiple branch sets\n",
   "requirements":"in-frame codon alignment and a phylogenetic tree (optionally annotated with {})",
   "version":"3.1"
  },
 "background":0,
 "branch attributes":{
   "0":{
     "2900053A13RIK_MOUSE":{
       "MG94xREV with separate rates for branch sets":0.03712580900787211,
       "Nucleotide GTR":0.03217783396569646,
       "original name":"2900053A13RIK_MOUSE",
       "unconstrained":0.03536372039127605
      },
     "C19ORF79_AILME":{
       "MG94xREV with separate rates for branch sets":0,
       "Nucleotide GTR":0,
       "original name":"C19ORF79_AILME",
       "unconstrained":0
      },
     "C19ORF79_GGOR":{
       "MG94xREV with separate rates for branch sets":0,
       "Nucleotide GTR":0,
       "original name":"C19ORF79_GGOR",
       "unconstrained":0
      },
     "C19ORF79_HORSE":{
       "MG94xREV with separate rates for branch sets":0.01788310918898218,
       "Nucleotide GTR":0.01571553782349518,
       "original name":"C19ORF79_HORSE",