{
 "Evidence Ratios":{
   "constrained":    [
[1.79941426028869, 3.804507149978996, 3.424945967867914, 0.2756071671746314, 16.43445812647708, 29.16329973413698, 2.615236472306483, 4.09513942212766, 0.4776116298588571, 73.82859878420096, 2.552873015042201, 14.45327871607542, 218.4088683095667, 1.912244763025804, 4.126151654582824, 0.3131284692542177, 1.907350212545607, 3.016488841238992, 3.484807698773408, 31.63665381592618, 1.941363726892136, 2.993581061389041, 0.3799401817835393, 0.4776116298588571, 2.323892159154882, 3.041841768718588, 26.08601556091394, 3.410970154973587, 28.84733308365954, 3.775627459626371, 2.71004435480662, 1.690004098775696, 0.3107280214216068, 2.4132791432146, 0.3723800882046094, 0.4776116298588571, 3.048046983181257, 0.2375411482386137, 2.79231640482285, 3.552224157152739, 125.1288517556752, 237.9195435848764, 15.00779239323331, 1.79941426028869, 3.552224157152739, 2.001640967753358, 374.9551248495557, 3.552224157152739, 1.907350212545607, 684.0235011228688, 2.615236472306483, 1.949364318207527, 1.941363726892136, 2.532702135763591, 0.4776116298588571, 0.4263439386539381, 1.95955067665754, 0.3129786281673783, 0.6400827714680135] 
    ],
   "optimized null":    [
[1.052410138890849, 1.613239614391863, 1.273200034514298, 1.01500331785611, 1.732802055255859, 2.299862960517804, 1.183112386993277, 0.2882203399406285, 1.022517742641764, 1.941372401730929, 1.206052843948521, 1.436774979510376, 3.322162139771344, 0.216995517600103, 1.475796845180889, 1.06114454418788, 1.31781926604853, 1.28136272374811, 1.472252373081361, 1.932304989485484, 1.378471698802552, 1.548239430201328, 0.9470609059119329, 1.022517742641764, 1.227678741544842, 1.68523810178309, 2.128472900788137, 1.572863288820836, 2.421610272550544, 1.262830235316083, 1.333048441663612, 1.290180748100976, 0.8939093763720863, 1.701454861076506, 0.9837372880998498, 1.022517742641764, 1.516790622772446, 0.9707438093791484, 1.825791996165754, 1.779808467889666, 0.5754005375580512, 2.625191431598718, 2.053753186031506, 1.052410138890849, 1.779808467889666, 0.2632543573938788, 1.297545572711917, 1.779808467889666, 1.31781926604853, 1.709788190798327, 1.183112386993277, 1.240838197377711, 1.378471698802552, 1.104049004642214, 1.022517742641764, 0.9320204307806922, 1.261408870753961, 1.053418655652385, 1.012728124090065] 
    ]
  },
 "Site Log Likelihood":{
   "constrained":    [
[-6.305313342839892, -9.782821831140929, -9.011105279996068, -4.792273075693228, -10.81394775054425, -13.09588388237619, -8.971296715123744, -16.45749522188784, -3.405044488035587, -18.04737823596728, -10.41942001299586, -11.55651632166795, -18.3742849079256, -12.34293327188768, -10.21692775003158, -4.193567356920024, -7.100519400525018, -9.800260105298555, -6.986601306606955, -16.69786810308247, -9.917319197995942, -10.89354319907654, -4.198433928286587, -3.405044488035587, -9.327383117868068, -7.301072839299663, -15.91336589360826, -10.23870978050249, -13.11273532017121, -7.986661195824, -7.779991026038773, -7.808367993542712, -3.418012694447973, -7.296027631897029, -4.51545713996744, -3.405044488035587, -7.460287670401877, -5.184285086402985, -7.642913879688814, -7.76338735331963, -19.91896624301175, -18.89724335457153, -13.38730980640199, -6.305313342839892, -7.76338735331963, -10.32255657184386, -20.09001516604608, -7.76338735331963, -7.100519400525018, -26.77673916736472, -8.971296715123744, -11.7360647991243, -9.917319197995942, -8.657317505469781, -3.405044488035587, -3.362418935520525, -9.164650621671921, -3.890467701496833, -4.570881046613935] 
    ],
   "optimized null":    [
[-5.768935046049528, -8.924879715280527, -8.021553027745416, -6.0959436914727, -8.564307298029149, -10.55582236080734, -8.17809077468384, -13.80366443612058, -4.166269815611211, -14.409027208567, -9.669553530360288, -9.247996036457428, -14.18853187694444, -10.16677686944101, -9.188780658160015, -5.414057168941501, -6.73078274421339, -8.944090725193226, -6.124981898324067, -13.90226530918989, -9.574903940710671, -10.23419128280538, -5.111783510019436, -4.166269815611211, -8.68926486745154, -6.710516522875958, -13.40737129974121, -9.464610735932698, -10.63515049303169, -6.891450032955384, -7.070494405062859, -7.538419362664984, -4.474699095407506, -6.946524854595548, -5.486900942599771, -4.166269815611211, -6.762383288522338, -6.592006813632679, -7.218056239098196, -7.072319179079648, -14.53693332895656, -14.39046460992487, -11.39840918899933, -5.768935046049528, -7.072319179079648, -8.293954668018523, -14.42368327322268, -7.072319179079648, -6.73078274421339, -20.78511638977809, -8.17809077468384, -11.28434858724023, -9.574903940710671, -7.827015069958424, -4.166269815611211, -4.144527283148745, -8.724164669003565, -5.10412881073729, -5.029686629549894] 
    ],
   "unconstrained":    [
[-5.717852141846134, -8.446635375160378, -7.780019584211307, -6.081051810160538, -8.014567514675779, -9.722972822030902, -8.00994219251503, -15.04769445824476, -4.144001854610056, -13.74563206202523, -9.482200615479167, -8.885595032081135, -12.98791605906621, -11.69465545131675, -8.799582580221154, -5.354709084669821, -6.454804444964936, -8.696166585647894, -5.738188443608915, -13.24355172380593, -9.253928519869486, -9.79707284892543, -5.166175383298655, -4.144001854610056, -8.484139683072582, -6.188609662358288, -12.65196652513678, -9.011713026745539, -9.750717772264384, -6.658094612464545, -6.783026024193789, -7.283637039299608, -4.586849973065597, -6.415041168888707, -5.503297343814495, -4.144001854610056, -6.345786618266732, -6.621699501175938, -6.616042375699922, -6.495813422874375, -15.08962222258802, -13.42531079021695, -10.67874024730727, -5.717852141846134, -6.495813422874375, -9.62858924382013, -14.16320881430419, -6.495813422874375, -6.454804444964936, -20.24874689196564, -8.00994219251503, -11.06856147035796, -9.253928519869486, -7.728030734825776, -4.144001854610056, -4.214927826247051, -8.49193542131381, -5.052088072885449, -5.017038827186041] 
    ]
  },
 "Synonymous site-posteriors":  [
[1, 1, 1, 1, 1, 1, 1, 1, 1, 1, 1, 1, 1, 1, 1, 0.9999999999999999, 1, 0.9999999999999999, 1, 1, 1, 0.9999999999999999, 1, 1, 1, 1, 0.9999999999999999, 1, 0.9999999999999999, 1, 1, 1, 1, 1, 0.9999999999999999, 1, 0.9999999999999999, 1, 1, 1, 1, 1, 1, 1, 1, 1, 0.9999999999999999, 1, 1, 1, 1, 1, 1, 1, 1, 1, 1, 0.9999999999999999, 1],
  [0, 0, 0, 0, 0, 0, 0, 0, 0, 0, 0, 0, 0, 0, 0, 0, 0, 0, 0, 0, 0, 0, 0, 0, 0, 0, 0, 0, 0, 0, 0, 0, 0, 0, 0, 0, 0, 0, 0, 0, 0, 0, 0, 0, 0, 0, 0, 0, 0, 0, 0, 0, 0, 0, 0, 0, 0, 0, 0],
  [0, 0, 0, 0, 0, 0, 0, 0, 0, 0, 0, 0, 0, 0, 0, 0, 0, 0, 0, 0, 0, 0, 0, 0, 0, 0, 0, 0, 0, 0, 0, 0, 0, 0, 0, 0, 0, 0, 0, 0, 0, 0, 0, 0, 0, 0, 0, 0, 0, 0, 0, 0, 0, 0, 0, 0, 0, 0, 0] 
  ],
 "analysis":{
   "authors":"Sergei L Kosakovsky Pond",
   "citation":"*Gene-wide identification of episodic selection*, Mol Biol Evol. 32(5):1365-71",
   "contact":"spond@temple.edu",
   "info":"BUSTED (branch-site unrestricted statistical test of episodic diversification) uses a random effects branch-site model fitted \njointly to all or a subset of tree branches in order to test for alignment-wide evidence of episodic diversifying selection. \nAssuming there is evidence of positive selection (i.e. there is an omega > 1),  BUSTED will also perform a quick evidence-ratio \nstyle analysis to explore which individual sites may have been subject to selection. v2.0 adds support for synonymous rate variation, \nand relaxes the test statistic to 0.5 (chi^2_0 + chi^2_2). Version 2.1 adds a grid search for the initial starting point.\nVersion 2.2 changes the grid search to LHC, and adds an initial search phase to use adaptive Nedler-Mead. Version 3.0 implements the option\nfor branch-site variation in synonymous substitution rates. Version 3.1 adds HMM auto-correlation option for SRV, and binds SRV distributions for multiple branch sets\n",
   "requirements":"in-frame codon alignment and a phylogenetic tree (optionally annotated with {})",
   "version":"3.1"
  },