{
 "Evidence Ratios":{
  },
 "Site Log Likelihood":{
   "unconstrained":    [
[-15.34441744310664, -5.727340858588387, -4.584022733431095, -8.924676962465268, -4.446087272953603, -6.967992273118097, -15.40103441009385, -4.000315264598558, -16.806334392892, -4.275675456021319, -10.84077891631788, -17.45603570427261, -9.854906680848067, -5.267977360495837, -5.374020318566449, -7.990003329148338, -5.251284982000969, -3.986566389716556, -5.079391801810345, -3.986566389716556, -13.63863009204871, -8.776179182042156, -8.457932276740799, -3.477086528578256, -10.9182877215185, -9.749053035422401, -11.27646124170781, -12.46944575747425, -4.439415314518344, -4.439415314518344, -4.275675456021319, -8.367245435852237, -5.294081829473511, -4.439415314518344, -5.158071823875629, -7.159889044989811, -7.898410463644708, -3.893122456399237, -14.92743811573439, -7.782588253628823, -12.0528225530871, -11.60602089779531, -3.612048308955687, -8.443309443151691, -8.810479565407482, -20.63903811207196, -5.34034210823348, -7.140292511808283, -5.267977360495837, -4.531670801893781, -15.03608255758274, -7.753703444849534, -7.270482023644997, -19.39647301571131, -13.20582171892509, -12.17211121007941, -7.437295512749401, -7.807959203055953, -7.809999317166629, -17.43039558359206, -13.10735895375512, -11.39574062191447, -20.80113456770322, -6.133625630261032, -4.05218343632446, -13.50049014995577, -11.16533342911959, -5.928924316381986, -9.18542274680004, -14.64491718989103] 
    ]
  },
 "Synonymous site-posteriors":  [
[0.9903488545943614, 0.4077810664605111, 0.5228499779960718, 0.9754367622652786, 0.525437095671439, 0.9657753152751932, 0.9039629406254027, 0.5814343889321025, 0.7576555957347966, 0.5433762080811474, 0.9183933053099941, 0.4801105518848298, 0.9818834092346539, 0.4422850948236268, 0.4307028195921463, 0.9681777482442246, 0.4902590134201086, 0.5748715062453801, 0.4889115549380778, 0.5748715062453801, 0.9489165103390603, 0.9109227571268459, 0.9217974938996634, 0.7546119813319854, 0.9933306643084168, 0.9895148659297999, 0.9405900197592417, 0.9416219101211016, 0.5586797807978608, 0.5586797807978608, 0.5433762080811474, 0.9754681799872698, 0.4436958681228406, 0.5586797807978608, 0.4795258369208761, 0.9781691817144592, 0.9794347463790054, 0.5847215054005268, 0.8288738170099234, 0.985951270491557, 0.8906854706270521, 0.9242112975493281, 0.6418048678775408, 0.9532711402198661, 0.9634236140756213, 0.1384726400642019, 0.4798910203417, 0.2739974146524193, 0.4422850948236268, 0.6296642126852244, 0.976497432127046, 0.9547154010677312, 0.9828306450626417, 0.5778282352284076, 0.8154698354541021, 0.9826633885610758, 0.9802898964230207, 0.9830071896692371, 0.9846821213889281, 0.9375976147086551, 0.9742722079051478, 0.9576197962228307, 0.4102862454639367, 0.6058375650495585, 0.7498423025548726, 0.9755112915768697, 0.9947889535983544, 0.3862953469404905, 0.9936187445620794, 0.8583943202517679],
  [0, 0.5916365288873437, 0.4747798613859764, 0, 0.4720400539996598, 0, 0, 0.4135433599086254, 0, 0.4536420952579032, 0, 0, 0, 0.5567774784596987, 0.5685233985369167, 0, 0.5082552206104298, 0.4209626343858405, 0.5096146523713954, 0.4209626343858405, 0, 0, 0, 0.1791212763219684, 0, 0, 0, 0, 0.4378374439870324, 0.4378374439870324, 0.4536420952579032, 0, 0.5552987363982168, 0.4378374439870324, 0.519070858005495, 0, 0, 0.4106101879713586, 0, 0, 0, 0, 0.3475261816211618, 0, 0, 0, 0.5187887023734035, 0.725903531249167, 0.5567774784596987, 0.3636364935047711, 0, 0, 0, 0, 0, 0, 0, 0, 0, 0, 0, 0, 0, 0.3889872538563819, 0.2008176983535051, 0, 0, 0.6132719315428351, 0, 0],
  [0.009651145405638656, 0.0005824046521452092, 0.002370160617951884, 0.02456323773472129, 0.002522850328901285, 0.03422468472480673, 0.09603705937459718, 0.005022251159272021, 0.2423444042652034, 0.00298169666094938, 0.08160669469000595, 0.5198894481151701, 0.01811659076534607, 0.0009374267166744753, 0.0007737818709371351, 0.03182225175577529, 0.001485765969461369, 0.004165859368779414, 0.001473792690526915, 0.004165859368779414, 0.05108348966093963, 0.08907724287315404, 0.0782025061003367, 0.06626674234604621, 0.006669335691583199, 0.01048513407020023, 0.05940998024075839, 0.05837808987889839, 0.003482775215106747, 0.003482775215106747, 0.00298169666094938, 0.02453182001273014, 0.001005395478942755, 0.003482775215106747, 0.001403305073628867, 0.0218308182855408, 0.02056525362099454, 0.004668306628114629, 0.1711261829900766, 0.01404872950844295, 0.1093145293729479, 0.07578870245067199, 0.01066895050129735, 0.04672885978013393, 0.03657638592437868, 0.8615273599357981, 0.001320277284896771, 9.905409841377183e-05, 0.0009374267166744753, 0.00669929381000449, 0.02350256787295404, 0.04528459893226865, 0.01716935493735836, 0.4221717647715924, 0.1845301645458978, 0.0173366114389242, 0.01971010357697931, 0.01699281033076281, 0.01531787861107196, 0.06240238529134481, 0.02572779209485221, 0.04238020377716924, 0.5897137545360633, 0.005175181094059555, 0.04933999909162234, 0.02448870842313027, 0.00521104640164561, 0.0004327215166742352, 0.006381255437920649, 0.1416056797482323] 
  ],
 "analysis":{
   "authors":"Sergei L Kosakovsky Pond",
   "citation":"*Gene-wide identification of episodic selection*, Mol Biol Evol. 32(5):1365-71",
   "contact":"spond@temple.edu",
   "info":"BUSTED (branch-site unrestricted statistical test of episodic diversification) uses a random effects branch-site model fitted \njointly to all or a subset of tree branches in order to test for alignment-wide evidence of episodic diversifying selection. \nAssuming there is evidence of positive selection (i.e. there is an omega > 1),  BUSTED will also perform a quick evidence-ratio \nstyle analysis to explore which individual sites may have been subject to selection. v2.0 adds support for synonymous rate variation, \nand relaxes the test statistic to 0.5 (chi^2_0 + chi^2_2). Version 2.1 adds a grid search for the initial starting point.\nVersion 2.2 changes the grid search to LHC, and adds an initial search phase to use adaptive Nedler-Mead. Version 3.0 implements the option\nfor branch-site variation in synonymous substitution rates. Version 3.1 adds HMM auto-correlation option for SRV, and binds SRV distributions for multiple branch sets\n",
   "requirements":"in-frame codon alignment and a phylogenetic tree (optionally annotated with {})",
   "version":"3.1"
  },
 "background":0,
 "branch attributes":{
   "0":{
     "C10ORF114_ECHTE":{
       "MG94xREV with separate rates for branch sets":0.08551057274998852,
       "Nucleotide GTR":0.08535718221643858,
       "original name":"C10ORF114_ECHTE",
       "unconstrained":0.09707289100142454
      },
     "C10ORF114_GGOR":{
       "MG94xREV with separate rates for branch sets":0,
       "Nucleotide GTR":0,
       "original name":"C10ORF114_GGOR",
       "unconstrained":0
      },
     "C10ORF114_HUMAN":{
       "MG94xREV with separate rates for branch sets":0.00492718018046171,
       "Nucleotide GTR":0.004878762548429154,
       "original name":"C10ORF114_HUMAN",
       "unconstrained":0.004995560973199946
      },
     "C10ORF114_PROCA":{
       "MG94xREV with separate rates for branch sets":0.08885767880119022,
       "Nucleotide GTR":0.08608270500511085,
       "original name":"C10ORF114_PROCA",
       "unconstrained":0.100146037276823
      },
     "C10ORF114_PTEVA":{
       "MG94xREV with separate rates for branch sets":0.05963016915043413,
       "Nucleotide GTR":0.0586660028582797,
       "original name":"C10ORF114_PTEVA",
       "unconstrained":0.06315456413408001
      },
     "C10ORF114_TURTR":{
       "MG94xREV with separate rates for branch sets":0.06312660046285958,
       "Nucleotide GTR":0.06262098842879374,
       "original name":"C10ORF114_TURTR",
       "unconstrained":0.0653460581497976
      },
     "LOC100457491_PONAB":{
       "MG94xREV with separate rates for branch sets":0.02322864110901898,
       "Nucleotide GTR":0.02303655179350518,
       "original name":"LOC100457491_PONAB",