{
 "Evidence Ratios":{
   "constrained":    [
[0.9999999999999973, 1.000000000000002, 0.9999999999999991, 1.000000000000001, 0.8808614984857226, 0.9024847557992433, 0.8670113925029832, 0.9059688952725765, 1.171574067521469, 1.267444041944048, 1.057351539067677, 1.558478337193901, 0.9757120214932345, 0.8552246449475089, 2.061019552347932, 0.7797441612665786, 0.9094089671425736, 0.9016634869759004, 1.315061556813585, 1.103539064728034, 1.178397417448501, 0.949453212396744, 0.9503703732455197, 0.9092938650136008, 0.8018005247064858, 0.813137815464832, 0.9138535931906545, 0.9288034026909923, 1, 1.000000000000001] 
    ],
   "optimized null":    [
[0.9999999999999969, 1.000000000000002, 0.9999999999999964, 0.9999999999999973, 0.9466787712590334, 0.9975959877957695, 0.9167688164127401, 0.9766099957983055, 0.9996928080405459, 0.9210768047863073, 0.9376191091167677, 1.183550707444677, 0.9985458942418857, 0.9320206562690883, 1.462605025675492, 0.9834219876729519, 0.9855894448966479, 0.9720561825981737, 1.153352922039951, 1.014780994288371, 0.8710503732594502, 0.9934213943721018, 1.007062913868277, 0.9922531753595313, 0.9293446260268721, 1.019460058378165, 1.002818698112825, 1.002497089950813, 0.9999999999999978, 1] 
    ]
  },
 "Site Log Likelihood":{
   "constrained":    [
[-3.919621305657616, -6.497413341526088, -2.828399865545136, -5.083754644967716, -14.32288262828213, -11.52216334279423, -26.23972410742241, -9.351245944463022, -42.63306875611683, -23.33936855482062, -16.49720135865472, -30.65257377852596, -4.52068250623299, -25.39864467096547, -32.31189356221076, -11.47041039775131, -10.54233443720527, -15.26117589770366, -27.66183871031492, -21.7790231784712, -28.17907303510457, -16.09258047677359, -21.96224151246166, -10.70491171385072, -14.13786182919469, -14.31530950396059, -5.749458283564004, -5.647403352194718, -2.828399865545136, -5.163189645554001] 
    ],
   "optimized null":    [
[-3.919621305657616, -6.497413341526088, -2.828399865545133, -5.083754644967712, -14.3949420530886, -11.62235991631207, -26.29552732245694, -9.426328357817729, -42.47441331548031, -23.02015439429479, -16.37702264567716, -30.37738285255786, -4.543815138290364, -25.48463547172969, -31.96891188349483, -11.70248284380449, -10.6227794187631, -15.33634812537362, -27.53062851920071, -21.69517365167098, -27.87686217053589, -16.13784916273324, -22.0201831045706, -10.79222167989369, -14.28548160910619, -14.54143730565142, -5.842357919459794, -5.723755514667391, -2.828399865545133, -5.163189645554] 
    ],
   "unconstrained":    [
[-3.919621305657619, -6.497413341526086, -2.828399865545137, -5.083754644967715, -14.4497375031241, -11.62476682279315, -26.38242726956848, -9.449996249920257, -42.47472055463287, -23.1023662476796, -16.44143412516031, -30.20886385817665, -4.545270302286241, -25.55503577289299, -31.58869277352165, -11.71919980922923, -10.63729481434085, -15.3646898005388, -27.38795523451572, -21.68050083163277, -28.01491764051528, -16.14444950276095, -22.0131450162532, -10.799998667057, -14.35875725355795, -14.52216417304403, -5.839543186427333, -5.721261537265224, -2.828399865545135, -5.163189645554] 
    ]
  },
 "Synonymous site-posteriors":  [
[0.8269241750587099, 0.826924175058709, 0.8269241750587093, 0.826924175058708, 0.9912037940521163, 0.9933366845368261, 0.1593571109937587, 0.9976599972073121, 0.0005726516960514625, 0.9669521235013206, 0.999944931331803, 0.9557088395229342, 0.2438184695283852, 0.9919840136042768, 0.991579662345447, 0.9953243984095115, 0.9948213094821204, 0.999253888243041, 0.7780684360591292, 0.990869381373081, 0.9899890400789806, 0.9973101374512807, 0.9999490043229144, 0.9974452218948086, 0.9991133196891504, 0.9996453715880335, 0.4406006209400021, 0.3624852612876122, 0.8269241750587095, 0.8269241750587092],
  [0.08134105810711419, 0.08134105810711401, 0.08134105810711406, 0.08134105810711408, 0, 0, 0, 0, 0, 0, 0, 0, 0.7560848966861426, 0, 0, 0, 0, 0, 0, 0, 0, 0, 0, 0, 0, 0, 0.5547806384674867, 0.6365328106487917, 0.08134105810711395, 0.08134105810711402],
  [0.09173476683417593, 0.09173476683417701, 0.09173476683417665, 0.0917347668341779, 0.008796205947883596, 0.006663315463173876, 0.8406428890062412, 0.002340002792687815, 0.9994273483039484, 0.0330478764986793, 5.50686681969083e-05, 0.04429116047706581, 9.663378547227766e-05, 0.008015986395723141, 0.00842033765455294, 0.004675601590488554, 0.005178690517879613, 0.0007461117569590944, 0.2219315639408707, 0.009130618626918979, 0.01001095992101945, 0.00268986254871936, 5.099567708566379e-05, 0.002554778105191475, 0.0008866803108496008, 0.000354628411966457, 0.00461874059251126, 0.0009819280635962712, 0.09173476683417646, 0.09173476683417674] 
  ],
 "analysis":{
   "authors":"Sergei L Kosakovsky Pond",
   "citation":"*Gene-wide identification of episodic selection*, Mol Biol Evol. 32(5):1365-71",
   "contact":"spond@temple.edu",
   "info":"BUSTED (branch-site unrestricted statistical test of episodic diversification) uses a random effects branch-site model fitted \njointly to all or a subset of tree branches in order to test for alignment-wide evidence of episodic diversifying selection. \nAssuming there is evidence of positive selection (i.e. there is an omega > 1),  BUSTED will also perform a quick evidence-ratio \nstyle analysis to explore which individual sites may have been subject to selection. v2.0 adds support for synonymous rate variation, \nand relaxes the test statistic to 0.5 (chi^2_0 + chi^2_2). Version 2.1 adds a grid search for the initial starting point.\nVersion 2.2 changes the grid search to LHC, and adds an initial search phase to use adaptive Nedler-Mead. Version 3.0 implements the option\nfor branch-site variation in synonymous substitution rates. Version 3.1 adds HMM auto-correlation option for SRV, and binds SRV distributions for multiple branch sets\n",
   "requirements":"in-frame codon alignment and a phylogenetic tree (optionally annotated with {})",
   "version":"3.1"
  },
 "background":0,
 "branch attributes":{
   "0":{
     "LOC100448897_PONAB":{
       "MG94xREV with separate rates for branch sets":0.02860968434650913,
       "Nucleotide GTR":0.03134899405468362,
       "constrained":0.02468680172319812,
       "original name":"LOC100448897_PONAB",
       "unconstrained":0.02507139853871762
      },
     "LST1_DASNO":{
       "MG94xREV with separate rates for branch sets":0.1759045604881288,
       "Nucleotide GTR":0.1263666992687655,
       "constrained":0.2324951830245866,
       "original name":"LST1_DASNO",
       "unconstrained":0.2334194052821286
      },
     "LST1_DIPOR":{
       "MG94xREV with separate rates for branch sets":0.1243718639669539,
       "Nucleotide GTR":0.106864941053856,
       "constrained":0.1634144598153651,
       "original name":"LST1_DIPOR",
       "unconstrained":0.1597369231982104
      },
     "LST1_GGOR":{
       "MG94xREV with separate rates for branch sets":0.06149893490399739,
       "Nucleotide GTR":0.06379728895842805,
       "constrained":0.06980538406222211,
       "original name":"LST1_GGOR",
       "unconstrained":0.07285769759942137
      },
     "LST1_HUMAN":{
       "MG94xREV with separate rates for branch sets":0,
       "Nucleotide GTR":0,
       "constrained":0,
       "original name":"LST1_HUMAN",
       "unconstrained":0
      },
     "LST1_MACMU":{
       "MG94xREV with separate rates for branch sets":0.04602410686609208,
       "Nucleotide GTR":0.03943336955210927,
       "constrained":0.06810315284416238,
       "original name":"LST1_MACMU",
       "unconstrained":0.06693963357391311
      },
     "LST1_MICMU":{
       "MG94xREV with separate rates for branch sets":0.1034280554388447,
       "Nucleotide GTR":0.09166922181236696,
       "constrained":0.1789541607793603,
       "original name":"LST1_MICMU",
       "unconstrained":0.1800605590842914
      },
     "LST1_MOUSE":{
       "MG94xREV with separate rates for branch sets":0.08653538653054206,
       "Nucleotide GTR":0.0612896617092596,