{
 "Evidence Ratios":{
  },
 "Site Log Likelihood":{
   "unconstrained":    [
[-10.21941403608073, -11.3702228130729, -24.7985780545854, -26.37319813706821, -5.592839117532973, -5.592839117532973, -14.68950797229825, -17.55633946913995, -10.2045580037624, -7.535825196673774, -4.710457783486949, -15.8912366186099, -21.90364859886647, -10.64881764634647, -7.367069300204684, -6.020445137389726, -8.116256982590265, -7.595225070676938, -15.22051265537944, -12.45409064914575, -11.63654061441475, -17.07689825352487, -11.79434381720545, -13.48408733538592, -6.963222776029466, -17.28106465477934, -15.07276719357044, -4.369456083396705, -12.14934065054634, -9.821089664715068, -10.02608349197324, -8.912185133474335, -9.741472815076133, -13.13752515467782, -14.222059624376, -5.813426775950542, -4.369456083396705, -8.000661483774358, -12.78359186911531, -16.24818036465956, -11.4555228735966, -6.958551574892821, -14.62644471931136, -20.40099301742088, -5.222607326582608, -13.91943710054671, -7.933903946159398, -17.90547567299376, -14.86911269977178, -13.09762622305419, -6.973808186399431, -6.332133864440237, -10.09444947913351, -8.094241988406331, -9.774299593496544, -12.17207372175909, -8.914438881296483, -5.90070711813436, -10.62090018359161, -14.13635237988292, -4.684232056897149, -7.481395775375754, -16.28249781269701, -11.59116718911148, -13.18961252245207, -14.12056626276497] 
    ]
  },
 "Synonymous site-posteriors":  [
[0.7668202347478377, 0.7547425352907937, 0.7866042086425585, 0.7872958391647668, 0.6186779268100598, 0.6186779268100598, 0.7548524403840138, 0.7858494022072355, 0.7762903907383085, 0.7580274124796338, 0.6753488603460189, 0.7827274334168667, 0.7866842209500245, 0.7593160640424105, 0.7576305409731368, 0.6240537898371988, 0.7842136066142574, 0.7733630241870325, 0.7828466648871092, 0.7862939893797086, 0.7862291217887377, 0.7868545580435589, 0.7857666509624905, 0.78668850971139, 0.7812027153931405, 0.7869206976468771, 0.7866996770419631, 0.7402093402183998, 0.7756311367616581, 0.7862032657888903, 0.7839752568568044, 0.7626250375425682, 0.7141631152160598, 0.7865617057995646, 0.7817736122948764, 0.6830031818249366, 0.7402093402183998, 0.7812397546448939, 0.7862990902965604, 0.7867111078252746, 0.7796462353492254, 0.7798110667686462, 0.7861242115549135, 0.7867368571328223, 0.7394161844316431, 0.7868692272132907, 0.7801467256113608, 0.7869496463014538, 0.7679947927766306, 0.7862068094071675, 0.7797649036139274, 0.74277073350209, 0.7373920081268198, 0.7691586592204556, 0.7746086062022753, 0.7866645500432989, 0.727672130097018, 0.6017432200154986, 0.746092404401832, 0.7865988884327912, 0.6752350402768995, 0.768657556584828, 0.7849105724609292, 0.6753539120154235, 0.7860615007874673, 0.7864251301927351],
  [0.2067049058485314, 0.2033022879056171, 0.2133776200444612, 0.2125552836713498, 0.1663252196294182, 0.1663252196294182, 0.203113784273763, 0.2117987670491172, 0.2091708542695666, 0.2042477505057103, 0.181703487714236, 0.2109625415598616, 0.2129145247656107, 0.2046132101498369, 0.2041310136030265, 0.1677862064527268, 0.2118496583063005, 0.2082769422140922, 0.2108217268828323, 0.2125631241530478, 0.2122090201430654, 0.213054411961169, 0.2119012152538723, 0.2124435297495094, 0.2106805256421281, 0.2129385113595048, 0.2127807365052003, 0.1994675695860606, 0.2091084038631675, 0.2124783270101418, 0.2117847884153183, 0.2055880580534286, 0.1921618045133953, 0.2123913726531353, 0.2107423167482982, 0.1837806312165156, 0.1994675695860606, 0.2107035739182018, 0.2125049127281253, 0.2131410136488081, 0.2099762808247487, 0.2102512013788062, 0.2122256265260445, 0.2132389190417883, 0.1989428495564503, 0.2128335731117677, 0.2103857169361628, 0.2128912094490918, 0.2066223457196666, 0.2122713246512009, 0.2102282968122525, 0.1998647149276551, 0.1982736969897371, 0.2074477047805627, 0.2086381503532131, 0.2129015735663562, 0.1957614693496253, 0.1617160857265654, 0.2006919321299709, 0.2128318655913525, 0.1816725230830423, 0.2072259652822211, 0.2115571969027897, 0.1812075226003832, 0.2122291558853669, 0.2122228518928747],
  [0.02647485940363078, 0.04195517680358925, 1.817131298036577e-05, 0.0001488771638835114, 0.2149968535605219, 0.2149968535605219, 0.04203377534222323, 0.002351830743647303, 0.01453875499212484, 0.03772483701465595, 0.1429476519397451, 0.006310025023271757, 0.0004012542843647022, 0.03607072580775256, 0.03823844542383674, 0.2081600037100743, 0.003936735079442201, 0.01836003359887532, 0.006331608230058464, 0.001142886467243539, 0.001561858068196814, 9.102999527220131e-05, 0.002332133783637256, 0.0008679605391006182, 0.008116758964731415, 0.0001407909936179855, 0.0005195864528367815, 0.0603230901955398, 0.01526045937517435, 0.001318407200967836, 0.004239954727877458, 0.03178690440400313, 0.09367508027054483, 0.001046921547299941, 0.007484070956825615, 0.1332161869585479, 0.0603230901955398, 0.008056671436904399, 0.001195996975314194, 0.0001478785259171612, 0.01037748382602592, 0.009937731852547678, 0.001650161919041939, 2.422382538953332e-05, 0.06164096601190638, 0.0002971996749415897, 0.009467557452476374, 0.0001591442494543165, 0.02538286150370279, 0.001521865941631613, 0.01000679957382021, 0.05736455157025477, 0.06433429488344301, 0.02339363599898175, 0.01675324344451137, 0.0004338763903448127, 0.0765664005533567, 0.2365406942579358, 0.0532156634681971, 0.0005692459758561003, 0.1430924366400583, 0.02411647813295075, 0.003532230636281054, 0.1434385653841933, 0.001709343327165982, 0.001352017914390416] 
  ],
 "analysis":{
   "authors":"Sergei L Kosakovsky Pond",
   "citation":"*Gene-wide identification of episodic selection*, Mol Biol Evol. 32(5):1365-71",
   "contact":"spond@temple.edu",
   "info":"BUSTED (branch-site unrestricted statistical test of episodic diversification) uses a random effects branch-site model fitted \njointly to all or a subset of tree branches in order to test for alignment-wide evidence of episodic diversifying selection. \nAssuming there is evidence of positive selection (i.e. there is an omega > 1),  BUSTED will also perform a quick evidence-ratio \nstyle analysis to explore which individual sites may have been subject to selection. v2.0 adds support for synonymous rate variation, \nand relaxes the test statistic to 0.5 (chi^2_0 + chi^2_2). Version 2.1 adds a grid search for the initial starting point.\nVersion 2.2 changes the grid search to LHC, and adds an initial search phase to use adaptive Nedler-Mead. Version 3.0 implements the option\nfor branch-site variation in synonymous substitution rates. Version 3.1 adds HMM auto-correlation option for SRV, and binds SRV distributions for multiple branch sets\n",
   "requirements":"in-frame codon alignment and a phylogenetic tree (optionally annotated with {})",
   "version":"3.1"
  },
 "background":0,
 "branch attributes":{
   "0":{
     "ENSCAFP00000016559":{
       "MG94xREV with separate rates for branch sets":0.05407869962132846,
       "Nucleotide GTR":0.06218694248402627,
       "original name":"ENSCAFP00000016559",
       "unconstrained":0.05265144953781296
      },
     "ENSLACP00000010684":{
       "MG94xREV with separate rates for branch sets":0.001232262478235706,
       "Nucleotide GTR":0.07879851062312286,
       "original name":"ENSLACP00000010684",
       "unconstrained":0
      },
     "ENSLAFP00000018532":{
       "MG94xREV with separate rates for branch sets":0.07724014365082671,
       "Nucleotide GTR":0.07578171937265514,
       "original name":"ENSLAFP00000018532",
       "unconstrained":0.07956353511864311
      },
     "ENSMLUP00000014179":{
       "MG94xREV with separate rates for branch sets":0.1097349895346839,
       "Nucleotide GTR":0.07369753445955382,
       "original name":"ENSMLUP00000014179",
       "unconstrained":0.1090524067120236
      },
     "ENSOGAP00000018140":{
       "MG94xREV with separate rates for branch sets":0.1345682753675476,
       "Nucleotide GTR":0.08506330083738456,
       "original name":"ENSOGAP00000018140",