{
 "Evidence Ratios":{
   "constrained":    [
[0.9729838199673978, 0.9999999999999996, 1, 0.9902371766096224, 1.018503149690738, 0.9689855297874155, 0.9573848986541621, 0.9639179399497964, 2.200148910670745, 0.974997898729308, 0.9667705923549812, 1.045026469386966, 0.940193632505041, 0.962534592984278, 0.9665122617732276, 0.9680140370139195, 0.9341327772371735, 0.9660166416510745, 2.361958674129298, 0.9397510656296961, 0.9660585993308808, 0.9926405569614825, 0.9685838836981381, 0.9397839071545009, 0.965684796264661, 0.9661279146611332, 0.9509421013435564, 1.026770440125196, 0.945088491316301, 2.334092005513081, 0.9491017249797454, 0.9665472443429307, 0.9728340772750391, 0.9650791581423076, 0.9678082702244417, 0.9621424135189811, 0.9950990709443492, 0.9677616735371166, 0.967782588130384, 0.9684275370478416, 0.9682025645601527, 0.9678680761991049, 0.9681463477052368, 0.9662120242725305, 0.9661034477837839, 0.971473033301659, 0.994547602404693, 0.9658358929110833, 0.9654104964755059, 0.9675748272796154, 1.171392900306163, 0.9643778298621274, 0.9410497764844757, 0.9918032797788467, 0.9870441006181443, 0.9661997654227895, 0.9672451817708508, 0.9680917889710614, 0.9626265993262042, 0.9659509486972059, 0.967562274767907, 0.9999999999999991, 1, 1, 1] 
    ],
   "optimized null":    [
[0.9847424249667048, 1, 0.9999999999999987, 1.014064501657519, 0.9595153855625544, 0.9747616119146113, 1.009060982340132, 0.9896855149780027, 0.9864219200610771, 0.9839824106982693, 1.026410638865264, 0.917217091023884, 1.161894882084253, 1.00126149573289, 0.9717079721391019, 0.9928050339619677, 1.048376929883798, 1.019193147134732, 1.169829920290772, 0.9533564550814675, 1.059073861498881, 0.9665165809177276, 1.033630132845677, 1.026685620446226, 1.055318227624785, 0.9723557361454992, 1.035109161621351, 0.9749226571797074, 1.0235557071986, 0.8970735803435739, 1.01642883469092, 1.006556184385707, 0.9395141059350716, 1.033796719792595, 1.020414816665643, 0.9800317823665683, 1.017242125767353, 0.971985646948245, 1.05075885593114, 0.9969082993285185, 1.044034722435495, 0.9782812075138754, 1.008119876044564, 0.9358688463426379, 1.040618624238606, 1.03201585475665, 0.941497395950168, 1.00910037879576, 1.098406911428675, 1.00738597584548, 0.8741604600672849, 1.030950656371601, 1.015026663669688, 0.9914333351920233, 1.050082914782321, 0.8812389971423027, 1.067187298997226, 1.004296954531636, 0.9981053114468561, 1.000850640361747, 1.052005627540019, 1, 1.000000000000001, 0.9999999999999991, 1.000000000000001] 
    ]
  },
 "Site Log Likelihood":{
   "constrained":    [
[-4.63132779045608, -3.673020939777349, -3.482952247098213, -5.356633426778826, -10.50298318479531, -10.96489835269051, -15.16214820305811, -15.1368185806483, -19.7143297291285, -13.10955343980253, -10.45525550752935, -14.75596891341823, -19.78275202996758, -11.06447482050858, -10.00417432820113, -13.4740291968802, -18.74327459056336, -8.348060174490824, -23.58435019279319, -10.34077485645251, -8.601363115908605, -16.07629005733313, -15.93634633010944, -16.71252150229745, -9.875601531367709, -9.369790594925119, -12.07207899699842, -20.31016443653601, -10.94403373603992, -20.80684692810566, -10.88616131430438, -7.516132332439937, -10.89086617463609, -6.650464273862092, -7.205749965759842, -6.436248659412226, -14.41715921856786, -6.839208260067177, -12.3734805489185, -11.50933667974639, -9.10776211585792, -13.16510982986728, -9.360323938818819, -11.56815508046281, -13.54988985109241, -13.76748234531153, -7.107854062273612, -8.005472355754845, -8.770451734913312, -16.04680457615876, -20.90042707352143, -11.37706836737399, -16.37286729955229, -10.24337420468951, -14.77334345700157, -17.49697226106305, -10.75320053276304, -7.974982393292956, -11.30031947531689, -5.926483530136004, -9.755813656630984, -4.894288358011866, -3.982479177168875, -4.247736198171176, -3.334450537844061] 
    ],
   "optimized null":    [
[-4.6433404469043, -3.673020939777349, -3.482952247098211, -5.380410733240225, -10.44332220695178, -10.97084161455347, -15.21471815643387, -15.16319964521957, -18.91213357929158, -13.11872614554228, -10.51511745513995, -14.62551560450512, -19.99447365428784, -11.10392079392743, -10.00953566198598, -13.49931691300822, -18.85865446879178, -8.40164567407102, -22.88171734227598, -10.3551487084923, -8.693288711329833, -16.04961988982666, -16.00134352493599, -16.80096258806978, -9.964361686250333, -9.376216073838995, -12.15688798847782, -20.25834891818236, -11.02379300308329, -19.85060658442779, -10.95469595015543, -7.556692218167658, -10.85601546698518, -6.719247586519893, -7.258680472661998, -6.45467118282723, -14.43916736372398, -6.843563445964934, -12.45574098795662, -11.538321808604, -9.183168816491449, -13.17581119874694, -9.400783043531458, -11.5362471287403, -13.62418958010264, -13.82793814373459, -7.053037681700451, -8.049292917939136, -8.899514485779477, -16.08712592546454, -20.60774219230498, -11.44382183276303, -16.44854142468906, -10.24300113312727, -14.83525314358216, -17.40493052026232, -10.85153029441486, -8.01169851516039, -11.33651267927321, -5.961976032713295, -9.839487609769307, -4.894288358011867, -3.982479177168876, -4.247736198171175, -3.334450537844062] 
    ],
   "unconstrained":    [
[-4.658715616406511, -3.673020939777349, -3.482952247098213, -5.366444218992244, -10.48464913563551, -10.99640395303331, -15.20569797849414, -15.17356769317659, -18.92580468438635, -13.13487340293857, -10.48904955565101, -14.71192669876534, -19.84442146287247, -11.10266009321174, -10.03823562183499, -13.50653788764346, -18.81141128163756, -8.382634392026768, -22.72485897130601, -10.40291511904081, -8.635893900684868, -16.08367671467619, -15.96826651801977, -16.77462681844922, -9.910519327246728, -9.404249631627602, -12.12238109715652, -20.28374605528265, -11.00051045030787, -19.95922397534682, -10.93840060866173, -7.550157432082253, -10.91840791292628, -6.686009425706438, -7.238471245033406, -6.474841459684328, -14.42207219655975, -6.871977687109809, -12.40622836488906, -11.54141829845569, -9.140076068546241, -13.19776931577875, -9.392695956305872, -11.60252706249158, -13.58437421279253, -13.79642411365694, -7.113321378441391, -8.040233698071056, -8.80565361805828, -16.07976709237013, -20.74223351972833, -11.41334048884288, -16.43362654291504, -10.25160470272669, -14.78638401607106, -17.5313569307082, -10.78650379954594, -8.007410766176751, -11.33840916501915, -5.96112575394102, -9.788789146095455, -4.894288358011867, -3.982479177168875, -4.247736198171176, -3.334450537844061] 
    ]
  },
 "Synonymous site-posteriors":  [
[0.9999999999999999, 1, 0.9999999999999999, 1, 1, 1, 1, 1, 1, 1, 1, 0.9999999999999999, 1, 1, 1, 1, 0.9999999999999999, 1, 1, 1, 0.9999999999999999, 1, 1, 1, 1, 1, 1, 0.9999999999999999, 1, 1, 1, 1, 1, 1, 1, 1, 1, 1, 1, 0.9999999999999999, 1, 1, 1, 1, 1, 1, 1, 1, 1, 1, 1, 1, 1, 1, 1, 1, 1, 1, 1, 0.9999999999999999, 1, 1, 1, 1, 0.9999999999999999],
  [0, 0, 0, 0, 0, 0, 0, 0, 0, 0, 0, 0, 0, 0, 0, 0, 0, 0, 0, 0, 0, 0, 0, 0, 0, 0, 0, 0, 0, 0, 0, 0, 0, 0, 0, 0, 0, 0, 0, 0, 0, 0, 0, 0, 0, 0, 0, 0, 0, 0, 0, 0, 0, 0, 0, 0, 0, 0, 0, 0, 0, 0, 0, 0, 0],
  [0, 0, 0, 0, 0, 0, 0, 0, 0, 0, 0, 0, 0, 0, 0, 0, 0, 0, 0, 0, 0, 0, 0, 0, 0, 0, 0, 0, 0, 0, 0, 0, 0, 0, 0, 0, 0, 0, 0, 0, 0, 0, 0, 0, 0, 0, 0, 0, 0, 0, 0, 0, 0, 0, 0, 0, 0, 0, 0, 0, 0, 0, 0, 0, 0] 
  ],
 "analysis":{
   "authors":"Sergei L Kosakovsky Pond",
   "citation":"*Gene-wide identification of episodic selection*, Mol Biol Evol. 32(5):1365-71",
   "contact":"spond@temple.edu",