{
 "Evidence Ratios":{
  },
 "Site Log Likelihood":{
   "unconstrained":    [
[-5.461629056909287, -4.379009888504066, -3.7204922307299, -18.00710234896312, -11.54483845522125, -20.67414577286211, -9.60807337395765, -9.299236139171185, -18.17376899602294, -23.36115848860204, -21.98658091006704, -15.51840444051597, -19.12707718280726, -29.67186899830757, -14.08484478683786, -8.519578985499153, -5.028867644523185, -5.448038099998777, -16.05182235575019, -25.24957576477987, -19.42607736209465, -6.032826585977408, -23.68231975370476, -22.13468177001848, -8.751089641370267, -4.964456325129955, -20.13423982412297, -10.59112614411996, -9.78214718116816, -15.99387600211387, -28.68092871552401, -15.58991836730607, -10.65365465030854, -3.117500160966695, -4.379009888504066, -3.371573125832272, -3.922212377490546, -4.465980369460496, -3.290050214155779, -3.828370636845789, -5.095318405042179, -4.718993527137751, -3.7204922307299, -3.922212377490546, -2.660702649953174, -3.828380165466707, -5.461629056909286, -5.175791038151271, -2.660702649953174, -2.660702649953174, -4.77817388265791, -5.060700742190684, -5.321976068280042, -3.117500160966695, -4.34983026631159, -3.117500160966695, -5.270683057363426, -4.603903231177166, -5.778773579293555, -4.00092069003488, -5.098142532795259, -3.199032601264102, -2.660702649953174, -5.778773579293555, -4.032685743927317, -4.379009888504067, -5.381156423800196, -5.241503435170948, -5.270683057363426, -2.660702649953174, -4.718993527137755, -4.140573678664127, -5.060700742190684, -3.117509689587613, -4.009173329826056, -3.922212377490546, -5.807953201486029, -5.060700742190684, -4.603903231177166, -3.7468477251693, -4.34983026631159, -3.117500160966695, -4.009173329826056, -4.603903231177166, -3.7468477251693, -5.351155690472519, -3.749671852922369, -5.098142532795259, -4.603903231177166, -4.54645300256959, -4.718993527137755] 
    ]
  },
 "Synonymous site-posteriors":  [
[0.6335835587867499, 0.63358355878675, 0.6335835587867503, 0.8063568210168692, 0.8037859472639793, 0.450804418111416, 0.8039624128681686, 0.8049064840819151, 0.8063417520624134, 0.06869586169696849, 0.2610490744461367, 0.7886847035412772, 0.8059536086932336, 0.004311414421800535, 0.7226554332964734, 0.8014612172842254, 0.8010730980991319, 0.8043661329827335, 0.762131299776188, 0.001128554381183851, 0.6700725297064904, 0.8051642822159958, 0.7987101300383106, 0.1806149477620574, 0.8059154662648382, 0.8062214905216272, 0.7683461642857291, 0.7900998748536467, 0.8056314250370509, 0.6576338941269555, 8.545881811395929e-05, 0.8000673173603615, 0.80434577324196, 0.6335835587867499, 0.63358355878675, 0.6335835587867487, 0.6335835587867502, 0.6335835587867498, 0.6335835587867497, 0.6335835587867479, 0.6335835587867482, 0.6335835587867479, 0.6335835587867505, 0.6335835587867469, 0.6335835587867481, 0.63358355878675, 0.6335835587867501, 0.633583558786753, 0.6335835587867481, 0.6335835587867481, 0.6335835587867501, 0.6335835587867475, 0.6335835587867514, 0.6335835587867502, 0.6335835587867498, 0.6335835587867502, 0.6335835587867494, 0.6335835587867494, 0.6335835587867532, 0.6335835587867505, 0.6335835587867493, 0.6335835587867485, 0.6335835587867481, 0.6335835587867532, 0.6335835587867472, 0.63358355878675, 0.6335835587867493, 0.6335835587867488, 0.6335835587867494, 0.6335835587867481, 0.6335835587867515, 0.6335835587867483, 0.6335835587867475, 0.6335835587867507, 0.6335835587867505, 0.6335835587867469, 0.6335835587867538, 0.6335835587867475, 0.6335835587867494, 0.6335835587867501, 0.6335835587867498, 0.6335835587867502, 0.6335835587867505, 0.6335835587867494, 0.6335835587867501, 0.6335835587867517, 0.6335835587867484, 0.6335835587867493, 0.6335835587867494, 0.6335835587867478, 0.6335835587867515],
  [0.2143588086511182, 0.2143588086511156, 0.2143588086511179, 0.0001194299279206637, 0.003308045446821553, 0.4410053821043284, 0.003089619268958409, 0.001917975301660852, 0.0001389902514381951, 0.9148176241169953, 0.6763010459143934, 0.02203518939878991, 0.0006202800596304259, 0.9946538783540728, 0.1039104466268579, 0.006191372590044553, 0.006671925148205518, 0.002588048269340154, 0.05496094061327098, 0.9986006031624517, 0.1691137640980586, 0.001598005980876284, 0.009603291563291627, 0.7760386925854662, 0.000666655870005266, 0.0002874045787322762, 0.04725384462602747, 0.0202793106159098, 0.001019298991607401, 0.1845379451142498, 0.9998940321370592, 0.007920206278704812, 0.002613862824661711, 0.2143588086511154, 0.2143588086511156, 0.2143588086511199, 0.2143588086511171, 0.2143588086511179, 0.2143588086511185, 0.2143588086511199, 0.2143588086511205, 0.2143588086511203, 0.2143588086511175, 0.2143588086511208, 0.2143588086511193, 0.2143588086511192, 0.2143588086511181, 0.2143588086511146, 0.2143588086511193, 0.2143588086511193, 0.2143588086511187, 0.2143588086511204, 0.2143588086511159, 0.2143588086511147, 0.2143588086511189, 0.2143588086511147, 0.2143588086511188, 0.2143588086511193, 0.214358808651115, 0.2143588086511186, 0.2143588086511185, 0.2143588086511199, 0.2143588086511193, 0.214358808651115, 0.2143588086511208, 0.2143588086511155, 0.2143588086511188, 0.2143588086511191, 0.2143588086511188, 0.2143588086511193, 0.2143588086511159, 0.2143588086511197, 0.2143588086511204, 0.2143588086511175, 0.2143588086511179, 0.2143588086511208, 0.214358808651114, 0.2143588086511204, 0.2143588086511193, 0.2143588086511182, 0.2143588086511189, 0.2143588086511147, 0.2143588086511179, 0.2143588086511193, 0.2143588086511182, 0.2143588086511166, 0.2143588086511204, 0.2143588086511185, 0.2143588086511193, 0.214358808651119, 0.2143588086511159],
  [0.152057632562132, 0.1520576325621344, 0.1520576325621318, 0.1935237490552101, 0.1929060072891989, 0.1081901997842558, 0.1929479678628729, 0.193175540616424, 0.1935192576861483, 0.01648651418603623, 0.06264987963946973, 0.1892801070599329, 0.1934261112471358, 0.001034707224126769, 0.1734341200766686, 0.19234741012573, 0.1922549767526626, 0.1930458187479264, 0.1829077596105409, 0.0002708424563644412, 0.1608137061954511, 0.193237711803128, 0.1916865783983978, 0.04334635965247653, 0.1934178778651567, 0.1934911048996404, 0.1843999910882434, 0.1896208145304435, 0.1933492759713417, 0.1578281607587946, 2.050904482695129e-05, 0.1920124763609337, 0.1930403639333784, 0.1520576325621348, 0.1520576325621344, 0.1520576325621316, 0.1520576325621327, 0.1520576325621324, 0.152057632562132, 0.1520576325621322, 0.1520576325621313, 0.1520576325621317, 0.152057632562132, 0.1520576325621324, 0.1520576325621325, 0.1520576325621309, 0.1520576325621317, 0.1520576325621324, 0.1520576325621325, 0.1520576325621325, 0.1520576325621312, 0.1520576325621321, 0.1520576325621327, 0.152057632562135, 0.1520576325621313, 0.152057632562135, 0.1520576325621317, 0.1520576325621311, 0.152057632562132, 0.152057632562131, 0.1520576325621321, 0.1520576325621316, 0.1520576325621325, 0.152057632562132, 0.1520576325621321, 0.1520576325621345, 0.152057632562132, 0.1520576325621322, 0.1520576325621317, 0.1520576325621325, 0.1520576325621326, 0.152057632562132, 0.1520576325621321, 0.1520576325621318, 0.1520576325621317, 0.1520576325621324, 0.1520576325621321, 0.1520576325621321, 0.1520576325621311, 0.1520576325621319, 0.1520576325621313, 0.152057632562135, 0.1520576325621317, 0.1520576325621311, 0.1520576325621319, 0.1520576325621319, 0.1520576325621313, 0.1520576325621321, 0.1520576325621311, 0.1520576325621332, 0.1520576325621326] 
  ],
 "analysis":{
   "authors":"Sergei L Kosakovsky Pond",
   "citation":"*Gene-wide identification of episodic selection*, Mol Biol Evol. 32(5):1365-71",
   "contact":"spond@temple.edu",