{
 "Evidence Ratios":{
  },
 "Site Log Likelihood":{
   "unconstrained":    [
[-5.602173652147846, -21.43682340546452, -10.77173620775362, -31.87515559572269, -22.47058088930691, -5.475335582666944, -10.37621563322161, -14.96094150999082, -4.847003563061804, -15.34667290336746, -16.5242245251656, -5.60788509133294, -5.475335582666944, -15.66974716842264, -16.68690643386017, -16.5187537963887, -8.012651610794148, -11.25707401212953, -8.000986222391381, -5.475335582666944, -9.589653660837309, -16.17280822371436, -7.046360105486063, -15.70279554025572, -20.31393866254145, -14.14617867935549, -14.08244706780679, -12.29586934799328, -13.0053219462901, -12.67801299130276, -12.27667875837326, -23.4979441943903, -4.847003563061804, -10.99613141412684, -14.28808744064866, -12.39598418323647, -31.56608642184454, -11.36808543468762, -13.31484793516441, -15.63726426173642, -13.65172963747343, -14.76036284410518, -4.542378646500677, -22.78823936335001, -9.039832012170612, -20.25897261641682, -9.846961281719327, -9.909584689483065, -15.85427438796901, -11.36033551163307, -11.78667866700277, -8.013451556961057] 
    ]
  },
 "Synonymous site-posteriors":  [
[0.4989655082020742, 0.9999158728916185, 0.9999486177426722, 0.988318338348167, 0.9897392840734236, 0.235057252658507, 0.9999711055759246, 0.9996713486581199, 0.8419159945588982, 0.9996407185136548, 0.9990799760811581, 0.5319230419216248, 0.235057252658507, 0.9999966774841261, 0.9980758563114376, 0.9991718000373492, 0.9999639359932425, 0.9998923872043208, 0.9999473358629348, 0.235057252658507, 0.9999351045883601, 0.9997107383859729, 0.9999868499557903, 0.999681157963316, 0.9825736985672924, 0.9998797465090966, 0.9986683268481187, 0.9997102951418445, 0.9999243471348896, 0.999982426825021, 0.9999684841243131, 0.9822502334671327, 0.8419159945588982, 0.9998410150273715, 0.9999567274941316, 0.9999993953614704, 0.02804099553846784, 0.9999998000061291, 0.9999999055571553, 0.9994528120288722, 0.9991776628122846, 0.9999998406340421, 0.7450055758251954, 0.9880985250252678, 0.99997534187463, 0.9970430896246176, 0.9999847992481904, 0.9999662542778427, 0.9997045439342171, 0.9999869064318682, 0.9998442257044529, 0.9997964300780269],
  [5.676076001918588e-07, 8.412710838132256e-05, 5.138225732787158e-05, 0.01168166165183303, 0.01026071592657635, 4.324132244337245e-07, 2.88944240754253e-05, 0.000328651341880016, 0.000111195600033631, 0.0003592814863452214, 0.0009200239188419782, 1.347373098405929e-06, 4.324132244337245e-07, 3.322515873953248e-06, 0.001924143688562523, 0.0008281999626508284, 3.606400675752713e-05, 0.000107612795679056, 5.266413706517922e-05, 4.324132244337245e-07, 6.489541163993817e-05, 0.0002892616140272136, 1.315004420956627e-05, 0.0003188420366841589, 0.01742630143270752, 0.0001202534909034129, 0.001331673151881321, 0.0002897048581555712, 7.565286511045715e-05, 1.757317497902365e-05, 3.151587568694217e-05, 0.01774976653286727, 0.000111195600033631, 0.0001589849726283793, 4.327250586847093e-05, 6.046385295672967e-07, 0.9719590044615323, 1.999938708480472e-07, 9.444284463015724e-08, 0.0005471879711278695, 0.0008223371877154183, 1.593659578433146e-07, 4.443307793758152e-06, 0.01190147497473213, 2.465812536980732e-05, 0.00295691037538228, 1.520075180950574e-05, 3.374572215731602e-05, 0.0002954560657828886, 1.309356813167592e-05, 0.0001557742955472328, 0.0002035699219730617],
  [0.5010339241903257, 0, 0, 0, 0, 0.7649423149282687, 0, 0, 0.1579728098410681, 0, 0, 0.4680756107052768, 0.7649423149282687, 0, 0, 0, 0, 0, 0, 0.7649423149282687, 0, 0, 0, 0, 0, 0, 0, 0, 0, 0, 0, 0, 0.1579728098410681, 0, 0, 0, 0, 0, 0, 0, 0, 0, 0.2549899808670107, 0, 0, 0, 0, 0, 0, 0, 0, 0] 
  ],
 "analysis":{
   "authors":"Sergei L Kosakovsky Pond",
   "citation":"*Gene-wide identification of episodic selection*, Mol Biol Evol. 32(5):1365-71",
   "contact":"spond@temple.edu",
   "info":"BUSTED (branch-site unrestricted statistical test of episodic diversification) uses a random effects branch-site model fitted \njointly to all or a subset of tree branches in order to test for alignment-wide evidence of episodic diversifying selection. \nAssuming there is evidence of positive selection (i.e. there is an omega > 1),  BUSTED will also perform a quick evidence-ratio \nstyle analysis to explore which individual sites may have been subject to selection. v2.0 adds support for synonymous rate variation, \nand relaxes the test statistic to 0.5 (chi^2_0 + chi^2_2). Version 2.1 adds a grid search for the initial starting point.\nVersion 2.2 changes the grid search to LHC, and adds an initial search phase to use adaptive Nedler-Mead. Version 3.0 implements the option\nfor branch-site variation in synonymous substitution rates. Version 3.1 adds HMM auto-correlation option for SRV, and binds SRV distributions for multiple branch sets\n",
   "requirements":"in-frame codon alignment and a phylogenetic tree (optionally annotated with {})",
   "version":"3.1"
  },
 "background":0,
 "branch attributes":{
   "0":{
     "2210404O07RIK_MOUSE":{
       "MG94xREV with separate rates for branch sets":0.1376048566112428,
       "Nucleotide GTR":0.1451853686339417,
       "original name":"2210404O07RIK_MOUSE",
       "unconstrained":0.1496992190978592
      },
     "C19ORF77_BOVIN":{
       "MG94xREV with separate rates for branch sets":0.09758886761877962,
       "Nucleotide GTR":0.08661246356207722,
       "original name":"C19ORF77_BOVIN",
       "unconstrained":0.109038265899808
      },
     "C19ORF77_CANFA":{
       "MG94xREV with separate rates for branch sets":0.09795549443450728,
       "Nucleotide GTR":0.06963951991186303,
       "original name":"C19ORF77_CANFA",
       "unconstrained":0.1074535565251543
      },
     "C19ORF77_HUMAN":{
       "MG94xREV with separate rates for branch sets":0.07255255780763457,
       "Nucleotide GTR":0.06877725742859789,
       "original name":"C19ORF77_HUMAN",
       "unconstrained":0.0778516610107519
      },
     "C19ORF77_MYOLU":{
       "MG94xREV with separate rates for branch sets":0.2133212217000919,
       "Nucleotide GTR":0.1641082915959816,
       "original name":"C19ORF77_MYOLU",
       "unconstrained":0.2422922678786536
      },
     "C19ORF77_OTOGA":{
       "MG94xREV with separate rates for branch sets":0.0861885304548717,
       "Nucleotide GTR":0.0965162141872105,
       "original name":"C19ORF77_OTOGA",
       "unconstrained":0.09071742840205679
      },
     "C19ORF77_PIG":{
       "MG94xREV with separate rates for branch sets":0.05177299552490238,
       "Nucleotide GTR":0.05145934003798753,
       "original name":"C19ORF77_PIG",
       "unconstrained":0.05266441754536683
      },
     "LOC100395663_CALJA":{
       "MG94xREV with separate rates for branch sets":0.04167859714446085,
       "Nucleotide GTR":0.03237036934353652,
       "original name":"LOC100395663_CALJA",
       "unconstrained":0.04751125336112164
      },
     "NODE_10":{
       "MG94xREV with separate rates for branch sets":0.02159355875617411,
       "Nucleotide GTR":0.01830344419157564,
       "unconstrained":0.02431214465796314
      },
     "NODE_12":{
       "MG94xREV with separate rates for branch sets":0,
       "Nucleotide GTR":0.01218080900315249,
       "unconstrained":0
      },
     "NODE_14":{
       "MG94xREV with separate rates for branch sets":0.07457784625570371,
       "Nucleotide GTR":0.0475267194593063,
       "unconstrained":0.08076990296553171
      },
     "NODE_3":{
       "MG94xREV with separate rates for branch sets":0.09257770470666023,
       "Nucleotide GTR":0.06303888152147617,
       "unconstrained":0.1031440444696837
      },
     "NODE_5":{
       "MG94xREV with separate rates for branch sets":0.00369473723896656,
       "Nucleotide GTR":0.02125882544828044,
       "unconstrained":0.01233409051594988
      }
    },
   "attributes":{
     "MG94xREV with separate rates for branch sets":{
       "attribute type":"branch length",
       "display order":1
      },