{
 "Evidence Ratios":{
  },
 "Site Log Likelihood":{
   "unconstrained":    [
[-5.756689209249137, -14.19445220549773, -10.14637068927392, -9.270546885404849, -16.50175378418253, -14.67206109274089, -13.05034539596723, -5.760472434201548, -21.98386529941374, -34.87550138507953, -9.398005660771192, -15.95747382427741, -20.16271620512551, -12.39813491045814, -9.605587422562992, -11.37727488871434, -8.974060594714329, -11.92560616544816, -6.498823513530525, -17.42909631180247, -13.14377150309005, -8.70189474963068, -9.606095554310913, -5.777579345346797, -15.94043818013092, -20.14210398488164, -16.12161038286576, -35.09599730971648, -19.07022772144959, -16.93338403947647, -5.777579345346797, -10.53486043494152, -8.316936685405691, -24.49622070072968, -9.032350827096479, -27.16711899641925, -28.54272446614619, -23.96049861427499, -25.44824300248226, -11.04788627751685, -20.58595108091955, -15.95908382214089, -23.84659427895734, -16.67318846240783, -29.20839114060794, -5.777579345346797, -9.26048139907793, -23.20705266182873, -4.419418053109731, -4.864926496120099] 
    ]
  },
 "Synonymous site-posteriors":  [
[0.0001297031762168471, 0.002784385126549987, 0.0007332480452593902, 0.0005108276792333207, 0.02443416099365049, 0.003248405190997717, 0.001107813797296731, 0.0001188225167497664, 0.02749259173233367, 0.9547804772245538, 0.0009602387783348462, 0.01209168189710339, 0.1964704904687404, 0.004123205832894756, 0.0001477505287092234, 0.00489781504396512, 0.0004659367201698202, 0.00410384443534032, 1.324173241677027e-05, 0.009325602113702491, 0.006371379512426999, 0.0003008520427113476, 0.0003703209873580715, 0.0002694604049148891, 0.4484591334817866, 0.1744379858637915, 0.003857128072001516, 0.9875487831761471, 0.06363931063087781, 0.04586083788804678, 0.0002694604049148891, 0.0003944767703021928, 0.0002739439392488344, 0.5829465703366108, 0.001930339495609286, 0.9343194480225416, 0.8267648439922886, 0.1238523142530569, 0.2589765962816323, 0.001464652518552148, 0.04689749353307132, 0.03234568327361676, 0.1353699109390261, 0.02189761902750495, 0.8921959387135509, 0.0002694604049148891, 0.002022259628645079, 0.3168842921741296, 0.1488260885921837, 0.1488260885921834],
  [0.06649028508554457, 0.2910800301401723, 0.1561174091108221, 0.1353972952294697, 0.5125531061878185, 0.3108749250380433, 0.2765538061276556, 0.06516327079501937, 0.7486963135767293, 0.04517910362373707, 0.1738803982565854, 0.5637709736879517, 0.7157347269409485, 0.3287361060798695, 0.1050716429582871, 0.3504122818180198, 0.1411280904252986, 0.344474454105592, 0.03149717971205621, 0.548331488765102, 0.3862746200454282, 0.11503281928746, 0.1233591104217412, 0.08056307105985618, 0.5118388383949311, 0.7672141372200861, 0.3158674058038065, 0.01244652585393327, 0.7429472129337972, 0.7561922122880428, 0.08056307105985618, 0.1313549096573797, 0.1125478374533188, 0.4085560613971115, 0.2055909897726976, 0.06551208225330715, 0.1722653555385099, 0.7978755833792492, 0.7019466395738816, 0.190994646285517, 0.7365604831683107, 0.7498006474071046, 0.795975436293674, 0.5866749620086588, 0.1075821210084564, 0.08056307105985618, 0.2079793719360077, 0.6526882921347293, 0.3439196524924655, 0.3439196524924654],
  [0.9333800117382386, 0.7061355847332776, 0.8431493428439186, 0.8640918770912971, 0.4630127328185311, 0.6858766697709591, 0.7223383800750477, 0.9347179066882308, 0.2238110946909371, 4.041915170912352e-05, 0.8251593629650797, 0.4241373444149447, 0.08779478259031108, 0.6671406880872356, 0.8947806065130037, 0.6446899031380151, 0.8584059728545316, 0.6514217014590677, 0.9684895785555271, 0.4423429091211956, 0.6073540004421449, 0.8846663286698286, 0.8762705685909007, 0.9191674685352289, 0.03970202812328243, 0.05834787691612225, 0.680275466124192, 4.690969919584681e-06, 0.193413476435325, 0.1979469498239105, 0.9191674685352289, 0.8682506135723181, 0.8871782186074323, 0.008497368266277691, 0.7924786707316932, 0.0001684697241512142, 0.000969800469201524, 0.07827210236769383, 0.03907676414448592, 0.8075407011959308, 0.2165420232986181, 0.2178536693192785, 0.06865465276729997, 0.3914274189638361, 0.0002219402779926491, 0.9191674685352289, 0.7899983684353471, 0.03042741569114112, 0.5072542589153508, 0.5072542589153511] 
  ],
 "analysis":{
   "authors":"Sergei L Kosakovsky Pond",
   "citation":"*Gene-wide identification of episodic selection*, Mol Biol Evol. 32(5):1365-71",
   "contact":"spond@temple.edu",
   "info":"BUSTED (branch-site unrestricted statistical test of episodic diversification) uses a random effects branch-site model fitted \njointly to all or a subset of tree branches in order to test for alignment-wide evidence of episodic diversifying selection. \nAssuming there is evidence of positive selection (i.e. there is an omega > 1),  BUSTED will also perform a quick evidence-ratio \nstyle analysis to explore which individual sites may have been subject to selection. v2.0 adds support for synonymous rate variation, \nand relaxes the test statistic to 0.5 (chi^2_0 + chi^2_2). Version 2.1 adds a grid search for the initial starting point.\nVersion 2.2 changes the grid search to LHC, and adds an initial search phase to use adaptive Nedler-Mead. Version 3.0 implements the option\nfor branch-site variation in synonymous substitution rates. Version 3.1 adds HMM auto-correlation option for SRV, and binds SRV distributions for multiple branch sets\n",
   "requirements":"in-frame codon alignment and a phylogenetic tree (optionally annotated with {})",
   "version":"3.1"
  },
 "background":0,
 "branch attributes":{
   "0":{
     "DB118_MACMU":{
       "MG94xREV with separate rates for branch sets":0.008374479502216014,
       "Nucleotide GTR":0.008506457537368792,
       "original name":"DB118_MACMU",
       "unconstrained":0.008433366216512962
      },
     "DB118_PANTR":{
       "MG94xREV with separate rates for branch sets":0.01431651696535742,
       "Nucleotide GTR":0.01404588799726102,
       "original name":"DB118_PANTR",
       "unconstrained":0.01455148885108148
      },
     "DEFB118_GGOR":{
       "MG94xREV with separate rates for branch sets":0,
       "Nucleotide GTR":0,
       "original name":"DEFB118_GGOR",
       "unconstrained":0
      },
     "DEFB118_HUMAN":{
       "MG94xREV with separate rates for branch sets":0.007110867126914372,
       "Nucleotide GTR":0.006961202790048429,
       "original name":"DEFB118_HUMAN",
       "unconstrained":0.00716322776690576
      },
     "DEFB118_MICMU":{
       "MG94xREV with separate rates for branch sets":0.03577243463896699,
       "Nucleotide GTR":0.03509203134136129,
       "original name":"DEFB118_MICMU",
       "unconstrained":0.04008550714910603
      },
     "DEFB118_NOMLE":{
       "MG94xREV with separate rates for branch sets":0,
       "Nucleotide GTR":0,
       "original name":"DEFB118_NOMLE",
       "unconstrained":0
      },
     "DEFB118_OTOGA":{
       "MG94xREV with separate rates for branch sets":0.1842617830308932,
       "Nucleotide GTR":0.1738408266052131,
       "original name":"DEFB118_OTOGA",
       "unconstrained":0.2252527754769107
      },
     "DEFB118_PTEVA":{
       "MG94xREV with separate rates for branch sets":0.1597016350207351,
       "Nucleotide GTR":0.1544362909684714,
       "original name":"DEFB118_PTEVA",
       "unconstrained":0.1931149075942067
      },
     "DEFB118_RABIT":{
       "MG94xREV with separate rates for branch sets":0.09689738612465759,
       "Nucleotide GTR":0.09726100718525649,
       "original name":"DEFB118_RABIT",
       "unconstrained":0.13192089430699
      },
     "DEFB118_TARSY":{
       "MG94xREV with separate rates for branch sets":0.23473207916894,
       "Nucleotide GTR":0.2250026777793405,
       "original name":"DEFB118_TARSY",
       "unconstrained":0.3020880863772399
      },
     "ENSCHOP00000000207":{
       "MG94xREV with separate rates for branch sets":0.1408548247508329,
       "Nucleotide GTR":0.1341800682027172,
       "original name":"ENSCHOP00000000207",