{
 "Evidence Ratios":{
  },
 "Site Log Likelihood":{
   "unconstrained":    [
[-5.468401729263291, -4.459658983312292, -4.570019238003534, -5.468401729263291, -3.901689009068575, -4.766074263623485, -12.15496509927035, -16.11750565842887, -25.24524485805744, -32.97292579565897, -17.36381689677352, -4.35975212492188, -13.28848402741732, -14.51371177147111, -13.14725192665612, -17.46213039324099, -17.81391317617864, -13.92266686305909, -18.44734102829412, -11.11464119446387, -8.571406138969708, -11.69454597503919, -14.91799107611231, -13.42062444187298, -6.452097074256748, -16.52714633290809, -5.864732619595891, -5.049809677275983, -4.43212338290771, -14.19878574121588, -10.31404057563073, -4.852016670482856, -9.485819215792064, -4.852016670482856, -9.229287540231107, -4.852016670482856, -10.44040253229416, -15.24875290803985, -15.68800546426331, -4.566581882281383, -10.58781256358821, -7.432749037967102, -10.96264784324318, -8.506806189434856, -14.96026561089492, -8.187770955565552, -13.25344091928878, -13.29546826204124, -20.72496433880951, -6.079272271527948, -11.43645974247927, -11.21271473520669, -16.57258108849218, -15.68445155061961, -17.26675351126911, -13.98622191030887, -10.24405772258846, -15.44933938279264, -11.49544898368468, -15.83978796048222, -4.43212338290771, -13.85754476801149, -11.04380817131323, -13.95778286220198, -4.35975212492188, -9.344620552006107, -8.217825371300977, -7.069726696465855, -12.94453600036609, -8.557581708045726, -3.474201337719894, -4.034185491597353, -3.474201337719894, -8.073674786968159, -4.034185491597353] 
    ]
  },
 "Synonymous site-posteriors":  [
[0.1703141847810827, 0.1703141847810816, 0.1703141847810827, 0.1703141847810826, 0.1703141847810825, 0.1703141847810842, 0.158385756056084, 0.1869697850793973, 0.1253825164623599, 0.1237425414736426, 0.1261262936175082, 0.1755664885968276, 0.1884288799533207, 0.1373568178246977, 0.176022034536193, 0.09382634722023878, 0.130452421684897, 0.1620847354783984, 0.1728341008223812, 0.1626307284074147, 0.1686201392671731, 0.1719323302727289, 0.1757120413568102, 0.1982907007114696, 0.182847087808249, 0.1801804030491975, 0.1931158751598765, 0.1838682609807856, 0.1827229003601747, 0.1675854043162219, 0.1992285618358619, 0.1832699689445428, 0.2027879511319058, 0.1832699689445428, 0.1770718961114429, 0.1832699689445428, 0.1629885720649848, 0.1438333881107237, 0.1779537031941313, 0.183403591810377, 0.182626547385398, 0.1646271174816149, 0.1965233603078184, 0.1820582515220753, 0.1102863089974459, 0.1836340911756205, 0.1924865536705205, 0.1697460577987906, 0.1421426795397239, 0.1801636149025301, 0.1611403568793608, 0.1660358713439256, 0.1862448584481089, 0.1780538383942253, 0.1911964883390588, 0.1715714924745703, 0.1953643161984696, 0.1594550828192558, 0.1264502084436448, 0.17660651376075, 0.1827229003601747, 0.2015491794603815, 0.1676082798404955, 0.1528305063924748, 0.1755664885968276, 0.1578513778924779, 0.155612648448856, 0.1646434917316107, 0.1832538734516179, 0.1961730016241235, 0.1752911391986764, 0.182816526328152, 0.1752911391986764, 0.1581459927255482, 0.182816526328152],
  [0.620638582577678, 0.6206385825776927, 0.6206385825776781, 0.6206385825776785, 0.6206385825776778, 0.6206385825776821, 0.5770965993357156, 0.6813560829939614, 0.4567337842752183, 0.4507557512960642, 0.4594759071288977, 0.6398032081801338, 0.6867408218094527, 0.5004126961818002, 0.6414342343799866, 0.3417254107111047, 0.4752175934160645, 0.5905937463663326, 0.6297805536685053, 0.5925923224146893, 0.6144181281958939, 0.6264919342107783, 0.6403218348608875, 0.722751512230572, 0.6663672388033419, 0.6566151595145118, 0.7038520790568297, 0.6701043408693836, 0.6659229095456943, 0.6106326856888993, 0.7261964720214563, 0.6679204165559959, 0.7392477410052241, 0.6679204165559959, 0.6452977256837307, 0.6679204165559959, 0.5938976947001774, 0.5240054692865789, 0.6484872698577144, 0.6684074319092205, 0.6655411027882426, 0.5998728051081944, 0.716287537408434, 0.6634441997571509, 0.4017095604350573, 0.6692214164359481, 0.701523383672541, 0.618528660005002, 0.5178348167640705, 0.6565655175894471, 0.5871416569581785, 0.6049944478018908, 0.6787016658870659, 0.6488156847663074, 0.696792376823178, 0.6251960787733012, 0.7120669409729528, 0.5809942571570106, 0.4606654645857591, 0.6435822721506289, 0.6659229095456943, 0.734631690943088, 0.610744477547585, 0.5568569666178593, 0.6398032081801338, 0.5751645966073199, 0.5669848698699086, 0.5999377494068183, 0.667822945303064, 0.7150116391626864, 0.6387983366281773, 0.6662649916202432, 0.6387983366281773, 0.576227727070835, 0.6662649916202432],
  [0.2090472326412392, 0.2090472326412257, 0.2090472326412391, 0.2090472326412391, 0.2090472326412396, 0.2090472326412338, 0.2645176446082004, 0.1316741319266411, 0.4178836992624217, 0.4255017072302932, 0.4143977992535942, 0.1846303032230385, 0.1248302982372265, 0.3622304859935023, 0.1825437310838203, 0.5644482420686564, 0.3943299848990384, 0.2473215181552689, 0.1973853455091136, 0.244776949177896, 0.216961732536933, 0.2015757355164928, 0.1839661237823024, 0.07895778705795856, 0.1507856733884091, 0.1632044374362908, 0.1030320457832939, 0.1460273981498308, 0.151354190094131, 0.2217819099948789, 0.07457496614268183, 0.1488096144994613, 0.05796430786287018, 0.1488096144994613, 0.1776303782048264, 0.1488096144994613, 0.2431137332348378, 0.3321611426026974, 0.1735590269481543, 0.1481889762804026, 0.1518323498263593, 0.2355000774101907, 0.08718910228374759, 0.1544975487207739, 0.4880041305674968, 0.1471444923884313, 0.1059900626569386, 0.2117252821962075, 0.3400225036962055, 0.1632708675080227, 0.2517179861624607, 0.2289696808541835, 0.1350534756648252, 0.1731304768394673, 0.1120111348377631, 0.2032324287521285, 0.0925687428285777, 0.2595506600237336, 0.412884326970596, 0.179811214088621, 0.151354190094131, 0.0638191295965306, 0.2216472426119195, 0.2903125269896659, 0.1846303032230385, 0.2669840255002022, 0.2774024816812353, 0.235418758861571, 0.1489231812453179, 0.08881535921319023, 0.1859105241731464, 0.1509184820516048, 0.1859105241731464, 0.2656262802036168, 0.1509184820516048] 
  ],
 "analysis":{
   "authors":"Sergei L Kosakovsky Pond",
   "citation":"*Gene-wide identification of episodic selection*, Mol Biol Evol. 32(5):1365-71",
   "contact":"spond@temple.edu",
   "info":"BUSTED (branch-site unrestricted statistical test of episodic diversification) uses a random effects branch-site model fitted \njointly to all or a subset of tree branches in order to test for alignment-wide evidence of episodic diversifying selection. \nAssuming there is evidence of positive selection (i.e. there is an omega > 1),  BUSTED will also perform a quick evidence-ratio \nstyle analysis to explore which individual sites may have been subject to selection. v2.0 adds support for synonymous rate variation, \nand relaxes the test statistic to 0.5 (chi^2_0 + chi^2_2). Version 2.1 adds a grid search for the initial starting point.\nVersion 2.2 changes the grid search to LHC, and adds an initial search phase to use adaptive Nedler-Mead. Version 3.0 implements the option\nfor branch-site variation in synonymous substitution rates. Version 3.1 adds HMM auto-correlation option for SRV, and binds SRV distributions for multiple branch sets\n",
   "requirements":"in-frame codon alignment and a phylogenetic tree (optionally annotated with {})",
   "version":"3.1"
  },
 "background":0,
 "branch attributes":{
   "0":{
     "ENSGACP00000009434":{
       "MG94xREV with separate rates for branch sets":0.04012980962534692,
       "Nucleotide GTR":0,
       "original name":"ENSGACP00000009434",
       "unconstrained":0.04168414897192788
      },
     "ENSGACP00000015743":{
       "MG94xREV with separate rates for branch sets":0.04645135731090475,
       "Nucleotide GTR":0.01807787270547875,
       "original name":"ENSGACP00000015743",
       "unconstrained":0.06061511353278493
      },