{
 "Evidence Ratios":{
  },
 "Site Log Likelihood":{
   "unconstrained":    [
[-17.16301326450756, -11.2327829596616, -9.392812979022661, -13.59795899667703, -7.253219597418262, -5.806500592151381, -10.63933376374594, -15.62419720816548, -25.51797573210953, -5.577543727874408, -8.190955011693505, -8.393257002552067, -12.66758354962656, -17.85828574855442, -21.90795040128952, -12.16558898190032, -14.98720797113761, -17.06461029102026, -17.52009025426635, -17.26250497832182, -16.9885655704975, -8.614775332636549, -23.97168656304615, -9.315867337378632, -9.827128130351529, -4.196066746833712, -12.4941383459984, -5.162793326826103, -19.87952672440685, -14.22893645051004, -11.27478633286104, -14.4153659948532, -13.18868589236508, -11.02889955253838, -16.66788148979516, -14.79219717013847, -6.46737399064116, -8.282177232600713, -4.868072712482624, -13.31435971677737, -11.20295560598856, -11.5972322067414, -15.28108750924626, -20.66319438441431, -17.17141541546644, -16.95421324458756, -15.0201093921742, -12.52252094408287, -6.45144161767133, -5.577543727874408, -5.162793326826103, -10.53541301648427, -10.86176013223489, -8.47341236784105, -9.72873535597847, -7.655107089795056, -6.322668004984764, -14.40405468542779, -4.196066746833712, -8.168889596551757, -3.199975627086711, -8.119796305234502, -3.492374851783552, -3.492374851783552, -4.367650899183976, -7.142136489633977, -3.112467426028252, -3.331091005924828, -3.33868185704622, -3.620450944749899, -3.243582804866374, -6.139361228712279, -3.207566478208103, -3.243582804866374, -3.251173655987762, -3.207566478208103, -4.162494713692138, -10.01136796124538, -4.154080075959492, -7.822228738102702, -5.988633135461233, -7.52030039677918, -6.783088858343687, -9.375276535144975, -6.848350988848184, -6.563572013736103, -4.250524860216106, -10.80454158541863, -4.64176805874252, -3.492374851783552, -9.763780994196305, -6.38714404509812, -3.409337503954231, -7.35712036715783, -9.712526148343054, -8.989388087498616, -3.492374851783552, -7.59938386182061, -10.18526767948071, -4.704525575922431, -2.955530060589276, -5.161344194021082] 
    ]
  },
 "Synonymous site-posteriors":  [
[0.001493459776665338, 0.05322998928760774, 0.2067064683865145, 0.06823391434321373, 0.7922165849632276, 0.6719559836453125, 0.1063070747846378, 0.02502147150670957, 0.001806011449772552, 0.42310050227535, 0.2013098907604424, 0.1242177444756343, 0.1416134374973419, 0.04170351763546951, 0.001186056989652973, 0.03330998331237047, 0.0495220884768504, 0.02416207378285102, 0.04697242211734722, 0.003526774709073103, 0.06109324603780238, 0.1811594041490881, 0.00140278194002394, 0.4181932940814791, 0.4079589697639254, 0.3461049857539885, 0.09911992141370431, 0.4168485184938048, 0.003292587025540733, 0.08805554766246741, 0.3683394011874161, 0.0978481070079926, 0.02637004587572759, 0.3584789332478316, 0.001564651094821889, 0.02728277231032431, 0.3819480965034767, 0.1180734439978594, 0.3321139165404748, 0.1166907648287607, 0.1353612090741294, 0.01477498038303964, 0.0005558804094560108, 0.01543210836281291, 0.003273909563560283, 0.0007289413230911874, 0.09316093531755645, 0.07199169248444617, 0.7183886005077437, 0.42310050227535, 0.4168485184938048, 0.5597822323626016, 0.08661362142495174, 0.2732034084826183, 0.017942121955795, 0.1671471306731021, 0.4508256292459767, 0.01868409849309296, 0.3461049857539885, 0.403260538047241, 0.1763779377800772, 0.1112027191640277, 0.2362629771091958, 0.2362629771091958, 0.3144996979941315, 0.09925207054933059, 0.1763779377800769, 0.1763779377800773, 0.1763779377800777, 0.1763779377800776, 0.176377937780079, 0.1763779377800774, 0.1763779377800776, 0.176377937780079, 0.1763779377800782, 0.1763779377800776, 0.1763779377800787, 0.01327226972439827, 0.3172161056322162, 0.05547153584614353, 0.1447553135913859, 0.1387519950479656, 0.2127439752954631, 0.005399516264640324, 0.1580374900428612, 0.1963384478825163, 0.307687240018469, 0.03399810635258261, 0.3180133463676422, 0.2362629771091958, 0.08294371708026331, 0.1034064865119389, 0.2299233565201121, 0.2157248554792378, 0.09412470902722392, 0.09735939590971826, 0.2362629771091958, 0.1249172398383303, 0.02072895530912824, 0.08566057869738433, 0.1763779377800781, 0.1763779377800787],
  [0.9985065402233347, 0.9467700107123923, 0.7932935316134856, 0.9317660856567862, 0.2077834150367723, 0.3280440163546876, 0.8936929252153623, 0.9749785284932905, 0.9981939885502273, 0.57689949772465, 0.7986901092395575, 0.8757822555243656, 0.8583865625026581, 0.9582964823645305, 0.9988139430103471, 0.9666900166876295, 0.9504779115231495, 0.9758379262171488, 0.9530275778826528, 0.9964732252909269, 0.9389067539621976, 0.8188405958509118, 0.998597218059976, 0.5818067059185208, 0.5920410302360748, 0.6538950142460116, 0.9008800785862958, 0.5831514815061951, 0.9967074129744592, 0.9119444523375326, 0.631660598812584, 0.9021518929920074, 0.9736299541242724, 0.6415210667521685, 0.998435348905178, 0.9727172276896757, 0.6180519034965233, 0.8819265560021406, 0.6678860834595253, 0.8833092351712394, 0.8646387909258706, 0.9852250196169604, 0.999444119590544, 0.9845678916371869, 0.9967260904364397, 0.9992710586769088, 0.9068390646824436, 0.9280083075155539, 0.2816113994922562, 0.57689949772465, 0.5831514815061951, 0.4402177676373984, 0.9133863785750482, 0.7267965915173816, 0.982057878044205, 0.8328528693268977, 0.5491743707540234, 0.9813159015069071, 0.6538950142460116, 0.596739461952759, 0.8236220622199228, 0.8887972808359724, 0.7637370228908041, 0.7637370228908041, 0.6855003020058683, 0.9007479294506694, 0.823622062219923, 0.8236220622199228, 0.8236220622199225, 0.8236220622199224, 0.823622062219921, 0.8236220622199225, 0.8236220622199224, 0.823622062219921, 0.8236220622199218, 0.8236220622199224, 0.8236220622199213, 0.9867277302756018, 0.6827838943677838, 0.9445284641538564, 0.8552446864086142, 0.8612480049520345, 0.787256024704537, 0.9946004837353597, 0.8419625099571388, 0.8036615521174836, 0.692312759981531, 0.9660018936474173, 0.6819866536323579, 0.7637370228908041, 0.9170562829197366, 0.896593513488061, 0.7700766434798878, 0.7842751445207622, 0.9058752909727761, 0.9026406040902818, 0.7637370228908041, 0.8750827601616697, 0.9792710446908717, 0.9143394213026157, 0.823622062219922, 0.8236220622199213],
  [0, 0, 0, 0, 0, 0, 0, 0, 0, 0, 0, 0, 0, 0, 0, 0, 0, 0, 0, 0, 0, 0, 0, 0, 0, 0, 0, 0, 0, 0, 0, 0, 0, 0, 0, 0, 0, 0, 0, 0, 0, 0, 0, 0, 0, 0, 0, 0, 0, 0, 0, 0, 0, 0, 0, 0, 0, 0, 0, 0, 0, 0, 0, 0, 0, 0, 0, 0, 0, 0, 0, 0, 0, 0, 0, 0, 0, 0, 0, 0, 0, 0, 0, 0, 0, 0, 0, 0, 0, 0, 0, 0, 0, 0, 0, 0, 0, 0, 0, 0, 0, 0] 
  ],
 "analysis":{
   "authors":"Sergei L Kosakovsky Pond",
   "citation":"*Gene-wide identification of episodic selection*, Mol Biol Evol. 32(5):1365-71",
   "contact":"spond@temple.edu",
   "info":"BUSTED (branch-site unrestricted statistical test of episodic diversification) uses a random effects branch-site model fitted \njointly to all or a subset of tree branches in order to test for alignment-wide evidence of episodic diversifying selection. \nAssuming there is evidence of positive selection (i.e. there is an omega > 1),  BUSTED will also perform a quick evidence-ratio \nstyle analysis to explore which individual sites may have been subject to selection. v2.0 adds support for synonymous rate variation, \nand relaxes the test statistic to 0.5 (chi^2_0 + chi^2_2). Version 2.1 adds a grid search for the initial starting point.\nVersion 2.2 changes the grid search to LHC, and adds an initial search phase to use adaptive Nedler-Mead. Version 3.0 implements the option\nfor branch-site variation in synonymous substitution rates. Version 3.1 adds HMM auto-correlation option for SRV, and binds SRV distributions for multiple branch sets\n",
   "requirements":"in-frame codon alignment and a phylogenetic tree (optionally annotated with {})",
   "version":"3.1"
  },
 "background":0,
 "branch attributes":{
   "0":{
     "ENSCPOP00000015839":{
       "MG94xREV with separate rates for branch sets":0.196110330290205,