{
 "Evidence Ratios":{
  },
 "Site Log Likelihood":{
   "unconstrained":    [
[-4.503056540746227, -4.320688396264123, -4.376983131216472, -4.221514304584151, -4.020644428015905, -4.403882449066256, -4.221514304584151, -4.403882449066256, -4.587715415422475, -4.039460567682052, -4.017959130678698, -3.705025763703495, -4.411059559366805, -4.580538305121926, -3.561171184815923, -4.227416263902463, -4.221514304584151, -4.376983131216472, -4.593427703848911, -4.474408279797793, -4.376983131216472, -9.142576982885611, -4.677040083014742, -4.37655401660732, -4.625095671455917, -13.60817319241511, -5.738211050489655, -5.738211050489655, -8.315319659099055, -8.365597541128404, -5.546193900585613, -26.74932377284532, -6.910753904972526, -15.15491413701558, -8.431638262503867, -15.34572134803521, -13.46616086897077, -8.268626637130041, -22.36970793703848, -12.17907309753973, -16.35219944991264, -14.29770607542017, -12.86175191517144, -8.671027238975848, -11.38431070615225, -12.20683147326906, -14.81620678698983, -16.36483669164589, -5.087916878204584, -9.659501873070949, -12.55964281105673, -16.7539450945061, -5.255541760462737, -10.2290540990551, -8.325848493325038, -5.924110958508545, -9.143040319745941, -22.76249850766316, -12.84075815425086, -5.55531232485137, -10.73018808201761, -7.088983632747221, -9.755684238718247, -18.79347556540682, -11.63903834527841, -14.69114131609638, -15.03872523541548, -12.48658831232485, -17.63788501474174, -6.830534232100286, -8.49207231674505, -7.782531045381412, -12.51875397761551, -16.17731235140356, -5.334771538806422, -18.48618393825018, -12.71075597252495, -6.308842857957769, -10.04345878403379, -14.16641881194165, -4.080437130443499, -4.835437962299045, -4.07359309079051, -3.91652772331187, -4.357508642068088, -4.204651548849948, -10.71771725313439, -4.129701849487847, -3.652072076138404, -4.029901610191756, -4.541629040234445, -3.791284503450134, -4.203047106550039, -4.835437962299045, -3.91652772331187, -3.981254010630217, -4.204651548849948, -3.951924014035933, -4.762043553946847, -4.205667899184162, -3.995220902268831] 
    ]
  },
 "Synonymous site-posteriors":  [
[0.2830422423524622, 0.2830422423524629, 0.2830422423524623, 0.2830422423524624, 0.2830422423524621, 0.2830422423524625, 0.2830422423524624, 0.2830422423524625, 0.2830422423524625, 0.2830422423524621, 0.2830422423524626, 0.2830422423524628, 0.2830422423524623, 0.2830422423524629, 0.2830422423524625, 0.2830422423524622, 0.2830422423524624, 0.2830422423524623, 0.2830422423524631, 0.283042242352462, 0.2830422423524623, 0.08969019911806993, 0.3034344241002794, 0.3150695624401053, 0.3154195156144784, 0.013137426184343, 0.6973804986625242, 0.6973804986625242, 0.3093471043693529, 0.09906830154980686, 0.6941981750221592, 0.0003436385748064995, 0.3352017631279202, 0.08594130506257047, 0.4011406314199684, 0.008242109230474403, 0.08421002122678298, 0.4560351187785236, 0.009318813298633056, 0.0261537371925832, 0.005561675831706311, 0.1892140350316122, 0.1574121073847806, 0.4187299923707745, 0.02054915080552965, 0.03581677156851873, 0.03037449414554161, 0.02075147446636504, 0.6768814778704062, 0.1004779628632424, 0.01742497841105375, 0.02497972679767539, 0.687217890061536, 0.159282388024886, 0.4753259129609391, 0.8407485903926082, 0.09748232633736004, 0.007386936832099864, 0.2670264646382635, 0.7617674979628949, 0.7302387961196258, 0.420908572012255, 0.5531491216286748, 0.002111416957021974, 0.4111609318001808, 0.0389431520137687, 0.01048509580900506, 0.216824525634952, 0.01222869417346469, 0.9279118631181202, 0.3206687595958977, 0.4743321705062057, 0.3555073024442084, 0.01642085759903031, 0.6768063142867947, 0.0009459173215707663, 0.04579968806535779, 0.8774840279602977, 0.3161031448043469, 0.1242720749018935, 0.295519469652072, 0.2846704468859626, 0.3017083592118094, 0.3097085319877079, 0.3107745160785708, 0.3186298777618045, 0.08713559231411103, 0.3061181175092688, 0.302170636261833, 0.3059803164449397, 0.3111655882908107, 0.3011621948712903, 0.3052090987829334, 0.2846704468859626, 0.3097085319877079, 0.308186527917883, 0.3186298777618045, 0.3076695493437016, 0.3078398399127027, 0.3019683192131962, 0.3012191799882363],
  [0, 0, 0, 0, 0, 0, 0, 0, 0, 0, 0, 0, 0, 0, 0, 0, 0, 0, 0, 0, 0, 0, 0, 0, 0, 0, 0, 0, 0, 0, 0, 0, 0, 0, 0, 0, 0, 0, 0, 0, 0, 0, 0, 0, 0, 0, 0, 0, 0, 0, 0, 0, 0, 0, 0, 0, 0, 0, 0, 0, 0, 0, 0, 0, 0, 0, 0, 0, 0, 0, 0, 0, 0, 0, 0, 0, 0, 0, 0, 0, 0, 0, 0, 0, 0, 0, 0, 0, 0, 0, 0, 0, 0, 0, 0, 0, 0, 0, 0, 0, 0],
  [0.7169577576475378, 0.716957757647537, 0.7169577576475377, 0.7169577576475377, 0.7169577576475378, 0.7169577576475374, 0.7169577576475377, 0.7169577576475374, 0.7169577576475376, 0.7169577576475379, 0.7169577576475374, 0.7169577576475372, 0.7169577576475377, 0.7169577576475371, 0.7169577576475377, 0.7169577576475378, 0.7169577576475377, 0.7169577576475377, 0.7169577576475369, 0.7169577576475381, 0.7169577576475377, 0.91030980088193, 0.6965655758997207, 0.6849304375598947, 0.6845804843855215, 0.986862573815657, 0.3026195013374757, 0.3026195013374757, 0.6906528956306469, 0.9009316984501933, 0.3058018249778408, 0.9996563614251933, 0.6647982368720797, 0.9140586949374294, 0.5988593685800317, 0.9917578907695257, 0.9157899787732171, 0.5439648812214765, 0.9906811867013668, 0.9738462628074168, 0.9944383241682938, 0.8107859649683878, 0.8425878926152193, 0.5812700076292255, 0.9794508491944702, 0.9641832284314813, 0.9696255058544585, 0.979248525533635, 0.3231185221295939, 0.8995220371367576, 0.9825750215889462, 0.9750202732023248, 0.3127821099384641, 0.840717611975114, 0.524674087039061, 0.1592514096073918, 0.90251767366264, 0.9926130631679002, 0.7329735353617365, 0.2382325020371052, 0.2697612038803742, 0.5790914279877449, 0.4468508783713253, 0.997888583042978, 0.5888390681998193, 0.9610568479862314, 0.989514904190995, 0.7831754743650481, 0.9877713058265353, 0.07208813688187972, 0.6793312404041023, 0.5256678294937942, 0.6444926975557916, 0.9835791424009697, 0.3231936857132052, 0.9990540826784292, 0.9542003119346422, 0.1225159720397024, 0.6838968551956531, 0.8757279250981065, 0.704480530347928, 0.7153295531140373, 0.6982916407881905, 0.6902914680122921, 0.6892254839214292, 0.6813701222381955, 0.9128644076858889, 0.6938818824907311, 0.697829363738167, 0.6940196835550603, 0.6888344117091895, 0.6988378051287096, 0.6947909012170664, 0.7153295531140373, 0.6902914680122921, 0.691813472082117, 0.6813701222381955, 0.6923304506562985, 0.6921601600872974, 0.6980316807868039, 0.6987808200117636] 
  ],
 "analysis":{
   "authors":"Sergei L Kosakovsky Pond",
   "citation":"*Gene-wide identification of episodic selection*, Mol Biol Evol. 32(5):1365-71",
   "contact":"spond@temple.edu",
   "info":"BUSTED (branch-site unrestricted statistical test of episodic diversification) uses a random effects branch-site model fitted \njointly to all or a subset of tree branches in order to test for alignment-wide evidence of episodic diversifying selection. \nAssuming there is evidence of positive selection (i.e. there is an omega > 1),  BUSTED will also perform a quick evidence-ratio \nstyle analysis to explore which individual sites may have been subject to selection. v2.0 adds support for synonymous rate variation, \nand relaxes the test statistic to 0.5 (chi^2_0 + chi^2_2). Version 2.1 adds a grid search for the initial starting point.\nVersion 2.2 changes the grid search to LHC, and adds an initial search phase to use adaptive Nedler-Mead. Version 3.0 implements the option\nfor branch-site variation in synonymous substitution rates. Version 3.1 adds HMM auto-correlation option for SRV, and binds SRV distributions for multiple branch sets\n",
   "requirements":"in-frame codon alignment and a phylogenetic tree (optionally annotated with {})",
   "version":"3.1"
  },
 "background":0,
 "branch attributes":{
   "0":{
     "A6QQ20_BOVIN":{
       "MG94xREV with separate rates for branch sets":0.136385357419826,
       "Nucleotide GTR":0.1190752758089843,