{
 "Evidence Ratios":{
   "constrained":    [
[0.9024613449206579, 0.8501850213193675, 0.7494033603949244, 0.6046635833924575, 1.280855464861532, 4.246003399051062, 1.376775653893759, 0.8731436522730842, 1.787928425074215, 1.000000000000001, 0.7762351050175083, 2.086419546498197, 30.40300451522245, 1.894405866278595, 0.7849000065764024, 0.8972218901478649, 0.8305554548292902, 0.6070969856247715, 10.31255695212414, 0.7788817148638651] 
    ],
   "optimized null":    [
[1.337951784501791, 1.055931498843397, 0.9588798804284738, 0.8696577642957687, 1.448094639674096, 0.737802036277051, 1.286671778691344, 1.031959083049401, 1.062957800951162, 1.000000000000001, 0.9996218344080898, 0.7040399452269329, 1.691757710829203, 0.9238612165809205, 1.024388968971235, 1.066701827782589, 1.029837332098166, 1.142692919735195, 1.784874570727489, 0.9812133424532788] 
    ]
  },
 "Site Log Likelihood":{
   "constrained":    [
[-8.425963310650287, -5.477742084190308, -4.535020950082134, -10.70763620359593, -12.82843755646107, -16.06714084775595, -8.003797470164773, -4.238205084024365, -8.145897805393618, -4.102551831015994, -3.953757455859297, -13.00119404488608, -18.74134451152182, -11.23569722533178, -4.12492448237825, -7.28865206772723, -4.726103553349478, -7.552779150779168, -16.51450067438484, -3.344117273353811] 
    ],
   "optimized null":    [
[-8.819732657012844, -5.694466679895299, -4.781509391629456, -11.07106372061636, -12.95115802055947, -14.31708295005262, -7.936112055393126, -4.405319288628214, -7.625895560664085, -4.102551831015994, -4.206679053046537, -11.9148243995965, -15.85257112927662, -10.51759854586016, -4.391219738851556, -7.461675630209095, -4.941164992452233, -8.185233559908715, -14.76048654437172, -3.575047991681681] 
    ],
   "unconstrained":    [
[-8.528592731455511, -5.640043365234794, -4.823498858600881, -11.21071923971454, -12.5809093698408, -14.62116268394504, -7.684053187516215, -4.373860270562799, -7.564840160162666, -4.102551831015993, -4.207057290161087, -12.26574458365111, -15.3268030752557, -10.59679196298703, -4.367123431848969, -7.397104146068632, -4.911764132684725, -8.051845872841046, -14.18113840010907, -3.594013360274425] 
    ]
  },
 "Synonymous site-posteriors":  [
[0.5782392941002754, 0.922717640773681, 0.9332498388444569, 0.002656042105165719, 0.009150689032605274, 0.0006867235547256675, 0.2124774383159122, 0.5673019322534281, 0.08300153059834445, 0.3825576238259626, 0.8138289822527038, 0.0007058269496879163, 0.0004052909334243726, 0.1063455129905298, 0.7799560077872755, 0.3455677055663316, 0.8891896885325953, 0.1965335327861463, 0.0002500422372180945, 0.8250525040257934],
  [0.4217607058997245, 0.07728235922631904, 0.06675016115554316, 0.9973439578948342, 0.9908493109673948, 0.9993132764452745, 0.7875225616840879, 0.4326980677465719, 0.9169984694016555, 0.6174423761740374, 0.1861710177472962, 0.9992941730503121, 0.9995947090665755, 0.8936544870094701, 0.2200439922127244, 0.6544322944336683, 0.1108103114674046, 0.8034664672138536, 0.999749957762782, 0.1749474959742066],
  [0, 0, 0, 0, 0, 0, 0, 0, 0, 0, 0, 0, 0, 0, 0, 0, 0, 0, 0, 0] 
  ],
 "analysis":{
   "authors":"Sergei L Kosakovsky Pond",
   "citation":"*Gene-wide identification of episodic selection*, Mol Biol Evol. 32(5):1365-71",
   "contact":"spond@temple.edu",
   "info":"BUSTED (branch-site unrestricted statistical test of episodic diversification) uses a random effects branch-site model fitted \njointly to all or a subset of tree branches in order to test for alignment-wide evidence of episodic diversifying selection. \nAssuming there is evidence of positive selection (i.e. there is an omega > 1),  BUSTED will also perform a quick evidence-ratio \nstyle analysis to explore which individual sites may have been subject to selection. v2.0 adds support for synonymous rate variation, \nand relaxes the test statistic to 0.5 (chi^2_0 + chi^2_2). Version 2.1 adds a grid search for the initial starting point.\nVersion 2.2 changes the grid search to LHC, and adds an initial search phase to use adaptive Nedler-Mead. Version 3.0 implements the option\nfor branch-site variation in synonymous substitution rates. Version 3.1 adds HMM auto-correlation option for SRV, and binds SRV distributions for multiple branch sets\n",
   "requirements":"in-frame codon alignment and a phylogenetic tree (optionally annotated with {})",
   "version":"3.1"
  },
 "background":0,
 "branch attributes":{
   "0":{
     "LOC100406014_CALJA":{
       "MG94xREV with separate rates for branch sets":0.05041978693310845,
       "Nucleotide GTR":0.05917345160770963,
       "constrained":0.05213855699817577,
       "original name":"LOC100406014_CALJA",
       "unconstrained":0.05244734021380311
      },
     "NODE_10":{
       "MG94xREV with separate rates for branch sets":0.1784889982137728,
       "Nucleotide GTR":0.1733244256369832,
       "constrained":0.2734703213872263,
       "unconstrained":0.5102663725583714
      },
     "NODE_8":{
       "MG94xREV with separate rates for branch sets":0.03857802148771586,
       "Nucleotide GTR":0.03354311101749352,
       "constrained":0.04390031695047418,
       "unconstrained":0.04402556682608859
      },
     "PATE4_GGOR":{
       "MG94xREV with separate rates for branch sets":0,
       "Nucleotide GTR":0,
       "constrained":0,
       "original name":"PATE4_GGOR",
       "unconstrained":0
      },
     "PATE4_HUMAN":{
       "MG94xREV with separate rates for branch sets":0,
       "Nucleotide GTR":0,
       "constrained":0,
       "original name":"PATE4_HUMAN",
       "unconstrained":0
      },
     "PATE4_MOUSE":{
       "MG94xREV with separate rates for branch sets":0.04664139426095975,
       "Nucleotide GTR":0.04180291390899614,
       "constrained":0.007339850126721222,
       "original name":"PATE4_MOUSE",
       "unconstrained":0
      },
     "PATE4_NOMLE":{
       "MG94xREV with separate rates for branch sets":0.073865308033378,
       "Nucleotide GTR":0.07227608913073258,
       "constrained":0.0819968586703996,
       "original name":"PATE4_NOMLE",
       "unconstrained":0.1617035639887643
      },
     "PATE4_RAT":{
       "MG94xREV with separate rates for branch sets":0.1418635640728693,
       "Nucleotide GTR":0.140243021071962,
       "constrained":0.2169681745681497,
       "original name":"PATE4_RAT",
       "unconstrained":0.3257860083755918
      }
    },
   "attributes":{
     "MG94xREV with separate rates for branch sets":{
       "attribute type":"branch length",
       "display order":1
      },
     "Nucleotide GTR":{
       "attribute type":"branch length",
       "display order":0
      },
     "constrained":{
       "attribute type":"branch length",
       "display order":1
      },
     "original name":{
       "attribute type":"node label",
       "display order":0
      },
     "unconstrained":{
       "attribute type":"branch length",
       "display order":0
      }
    }
  },
 "data partitions":{
   "0":{
     "coverage":      [
[0, 1, 2, 3, 4, 5, 6, 7, 8, 9, 10, 11, 12, 13, 14, 15, 16, 17, 18, 19] 
      ],
     "name":"busted.filter.default"
    }
  },
 "fits":{
   "Constrained model":{
     "AIC-c":419.5682420268992,
     "Log Likelihood":-167.5113937407223,
     "Rate Distributions":{
       "Synonymous site-to-site rates":{
         "0":{
           "proportion":0.4228545462143928,
           "rate":0.1283406357944176
          },
         "1":{
           "proportion":0,
           "rate":1.585341291310058
          },
         "2":{
           "proportion":0.5771454537856071,
           "rate":1.638634719353774
          }
        },
       "Test":{
         "0":{
           "omega":0,
           "proportion":0.01158860613384025
          },
         "1":{
           "omega":0.9975696600157133,
           "proportion":0
          },
         "2":{
           "omega":1,
           "proportion":0.9884113938661597
          }
        }
      },
     "display order":3,
     "estimated parameters":31
    },