{
 "Evidence Ratios":{
  },
 "Site Log Likelihood":{
   "unconstrained":    [
[-19.61030185663336, -13.24649489471861, -23.03862810053097, -10.14040001468396, -19.62401908051038, -18.03616676977408, -28.07052579616949, -25.8598973749003, -17.90063237291786, -16.70722336196898, -30.50874483996041, -17.30525783015541, -11.92364832612555, -25.89875196077382, -28.28258009815917, -33.04930329277656, -16.21248944655837, -9.923291734464653, -28.80029582219644, -25.30180815113326, -16.18052375323997, -16.50945292247173, -22.79245601360341, -23.76619399929751, -9.24471621138906, -19.34727583907625, -18.81162854410297, -17.04304593936843, -18.59671821682822, -30.21517335785666, -18.92526617349832, -20.79101719450118, -12.24993469185028, -13.00697785207045, -26.34152783351333, -26.82982448462142, -14.80786379048694, -5.589957086192359, -16.09751105141512, -9.973963944324144, -5.589957086192359, -26.28383064822116, -25.83639752234796, -10.83604814398049, -26.94095665049884, -28.14255967751667, -16.09951050205974, -19.21749106578739, -19.99112872708761, -31.94988774419609, -24.32793464228075, -18.13743766457964, -25.77342470423513, -17.6274675729382, -28.07899315112341, -17.73617742572094, -13.84926703044836, -31.19822428272483, -22.41541474566681, -3.863361300969612, -23.97470874208946, -9.284035543385587, -12.69330835357066, -22.5698157031363, -14.50649610034202, -3.848960184743202, -4.532058554462296, -4.094892073352492, -3.863361300969612, -3.848960184743202, -3.909730996167314, -4.56699189117791, -3.973383807715213, -4.292726897299266, -4.182930902086975, -4.184051446809383, -4.643036481190673] 
    ]
  },
 "Synonymous site-posteriors":  [
[0.1459576009757346, 0.5910471342299173, 0.02438999198124693, 0.5825855252553752, 0.3308218292997568, 0.03258160197176872, 0.0001815173399207971, 0.002057912637205129, 0.2999126606544406, 0.396608137312368, 0.001725882457670181, 0.3213594511164047, 0.5943831984101191, 0.007601916088611421, 0.00148080042125468, 3.504327557601182e-05, 0.5619484638217406, 0.5837432861313521, 0.0002557465493415338, 0.009287168088694835, 0.5695639759565622, 0.5780574980142464, 0.2425464712609455, 0.3729794518044601, 0.5929833072522317, 0.3322686530026825, 0.02636501273243246, 0.2378226002742579, 0.2907514295882606, 0.0004855914671250154, 0.5409554534826162, 0.2591728767553643, 0.5374353406120335, 0.5733309212813125, 0.004400982946446859, 0.03370956188846683, 0.5736971059085852, 0.5773679903292444, 0.5761246751930166, 0.5688707139138907, 0.5773679903292444, 0.01290813815065181, 0.1537391390064413, 0.5956833466958658, 0.009465789112455016, 0.0003833799977983785, 0.5916320187305167, 0.3365326597485523, 0.3844428431027311, 7.163997249233446e-05, 0.04389573175718325, 0.5562516211351083, 0.003543687564530423, 0.3546141592207986, 0.0001965949432812195, 0.5134372396384189, 0.5867914797368952, 9.573034376445946e-05, 0.3076796266650309, 0.2947794634477911, 0.02705701706545095, 0.5730215895684837, 0.5941982276870441, 0.04330674572168896, 0.5847726954400737, 0.2947794634477952, 0.2947794634477936, 0.2947794634477945, 0.2947794634477911, 0.2947794634477952, 0.2947794634477946, 0.2947794634477958, 0.2947794634477945, 0.2947794634477949, 0.2947794634477918, 0.2947794634477952, 0.2947794634477955],
  [0.09864951534843722, 0.4002437203893236, 0.01646634021781824, 0.3944510989742193, 0.2236647649000704, 0.02200134439925769, 0.0001222244718002404, 0.001387984966659414, 0.2026368883362831, 0.2682153168252854, 0.001164172809389063, 0.2172490746956202, 0.4033292995022769, 0.005127283203279552, 0.0009986735948979059, 2.359104470422447e-05, 0.3807456251468482, 0.3952242075557187, 0.0001722561246216026, 0.006264096774506881, 0.3857452063307653, 0.3912399729654342, 0.1639433007595734, 0.2524202625282796, 0.4019208821365102, 0.224789306105517, 0.01779189219536442, 0.1607346522702695, 0.1966504011155666, 0.0003274681350481458, 0.3661695652609854, 0.1752259025576077, 0.3634913610246229, 0.3882002233272882, 0.002969015076672274, 0.02277275876444032, 0.3882376828838863, 0.3911018883856541, 0.3905899601120393, 0.3851936134538841, 0.3911018883856541, 0.008712298289522431, 0.1039017042741997, 0.4038348421978245, 0.006386589069438828, 0.0002581782657376352, 0.4005277372922344, 0.2276077380830751, 0.2600824748376276, 4.82656338478458e-05, 0.02964108224180461, 0.3768785823359542, 0.002390884997000399, 0.2399358067228871, 0.0001324305823406303, 0.3473777635319484, 0.3972992469495147, 6.445687365519363e-05, 0.208128401580696, 0.19957021956223, 0.01827592009550371, 0.3879194854509449, 0.4031328917661824, 0.02924120276598884, 0.3962700870517359, 0.1995702195622326, 0.1995702195622321, 0.1995702195622326, 0.19957021956223, 0.1995702195622326, 0.1995702195622329, 0.1995702195622326, 0.1995702195622322, 0.1995702195622336, 0.1995702195622297, 0.1995702195622332, 0.1995702195622324],
  [0.7553928836758282, 0.008709145380759285, 0.959143667800935, 0.02296337577040554, 0.4455134058001728, 0.9454170536289735, 0.999696258188279, 0.9965541023961354, 0.4974504510092763, 0.3351765458623467, 0.9971099447329407, 0.4613914741879751, 0.002287502087604135, 0.987270800708109, 0.9975205259838474, 0.9999413656797198, 0.05730591103141132, 0.02103250631292908, 0.999571997326037, 0.9844487351367983, 0.0446908177126726, 0.0307025290203193, 0.5935102279794812, 0.3746002856672604, 0.00509581061125812, 0.4429420408918006, 0.955843095072203, 0.6014427474554728, 0.512598169296173, 0.9991869403978269, 0.09287498125639837, 0.5656012206870279, 0.09907329836334337, 0.03846885539139929, 0.9926300019768809, 0.943517679347093, 0.03806521120752862, 0.03153012128510158, 0.03328536469494396, 0.04593567263222537, 0.03153012128510158, 0.9783795635598257, 0.7423591567193589, 0.0004818111063097991, 0.9841476218181062, 0.9993584417364642, 0.007840243977248765, 0.4358596021683727, 0.3554746820596413, 0.9998800943936597, 0.9264631860010121, 0.06686979652893768, 0.994065427438469, 0.4054500340563143, 0.9996709744743781, 0.1391849968296327, 0.01590927331359019, 0.9998398127825805, 0.4841919717542731, 0.5056503169899789, 0.9546670628390453, 0.0390589249805714, 0.002668880546773393, 0.927452051512322, 0.01895721750819034, 0.5056503169899721, 0.5056503169899744, 0.505650316989973, 0.5056503169899789, 0.5056503169899721, 0.5056503169899725, 0.5056503169899716, 0.5056503169899734, 0.5056503169899715, 0.5056503169899784, 0.5056503169899716, 0.505650316989972] 
  ],
 "analysis":{
   "authors":"Sergei L Kosakovsky Pond",
   "citation":"*Gene-wide identification of episodic selection*, Mol Biol Evol. 32(5):1365-71",
   "contact":"spond@temple.edu",
   "info":"BUSTED (branch-site unrestricted statistical test of episodic diversification) uses a random effects branch-site model fitted \njointly to all or a subset of tree branches in order to test for alignment-wide evidence of episodic diversifying selection. \nAssuming there is evidence of positive selection (i.e. there is an omega > 1),  BUSTED will also perform a quick evidence-ratio \nstyle analysis to explore which individual sites may have been subject to selection. v2.0 adds support for synonymous rate variation, \nand relaxes the test statistic to 0.5 (chi^2_0 + chi^2_2). Version 2.1 adds a grid search for the initial starting point.\nVersion 2.2 changes the grid search to LHC, and adds an initial search phase to use adaptive Nedler-Mead. Version 3.0 implements the option\nfor branch-site variation in synonymous substitution rates. Version 3.1 adds HMM auto-correlation option for SRV, and binds SRV distributions for multiple branch sets\n",
   "requirements":"in-frame codon alignment and a phylogenetic tree (optionally annotated with {})",
   "version":"3.1"
  },
 "background":0,
 "branch attributes":{
   "0":{
     "ENSLACP00000006127":{
       "MG94xREV with separate rates for branch sets":0.2837247072708917,
       "Nucleotide GTR":0.2271976424191838,
       "original name":"ENSLACP00000006127",
       "unconstrained":0.8890869440188871
      },