{
 "Evidence Ratios":{
  },
 "Site Log Likelihood":{
   "unconstrained":    [
[-3.882018552538426, -3.862518580271644, -4.382212390498375, -4.435895584380318, -16.32355589311896, -14.10560864372473, -16.81353480946845, -8.674412577832095, -18.20024311030084, -5.448901171627835, -16.4699572224897, -14.50028839541627, -10.26768332860198, -8.6385917812151, -7.240527493911252, -3.882018552538427, -3.643421639245075, -4.875731454610594, -21.11219729511632, -6.024622416084584, -4.906660561721428, -14.20292252839062, -8.518032261362377, -19.34975029839622, -13.40164278061299, -5.726644075141833, -11.64221889588985, -8.979538778008425, -16.33030045509789, -11.13152464941747, -4.263921180205374, -14.7280627888682, -5.116393504181647, -9.793693043118013, -15.85198609044022, -7.833379610080412, -13.1758195906718, -16.14980136817757, -16.42039895566301, -27.72077485608032, -12.23257181407039, -15.26444340353716, -4.263921180205374, -4.263921180205374, -5.188190119539897, -22.09463722858054, -9.839586164183759, -4.263921180205374, -5.188190119539897, -14.65199243422044, -12.6781559715016, -12.43223047856542, -14.77424453029197, -5.934626464471126, -13.01232826708095, -23.81145849235147, -10.42825514114352, -10.21106127786331, -10.63303585194414, -10.08106510122784] 
    ]
  },
 "Synonymous site-posteriors":  [
[0.1643332561552371, 0.1643332561552373, 0.1643332561552372, 0.1643332561552373, 0.06999632343463934, 0.1034004905439501, 0.06494023956801052, 0.2696037242423367, 0.03878539584766968, 0.3172548492648694, 0.04998594015571962, 0.1036281949544849, 0.1338740073621898, 0.2689750879688348, 0.2434103382466203, 0.1643332561552372, 0.1643332561552374, 0.1643332561552372, 0.01321539972079938, 0.3591423945799991, 0.2688030037032935, 0.06597366962006734, 0.2237786648025301, 0.04142736766417395, 0.1528127275282508, 0.3416159452717037, 0.2457320398214998, 0.2102780303057191, 0.04902169871157321, 0.1332465268639483, 0.2146503114264878, 0.06615796009574033, 0.2928210076322926, 0.2332535035757887, 0.06472503188845259, 0.2656836855457357, 0.1409970978329483, 0.08463278706874436, 0.06846672946528562, 0.01118675507355335, 0.1092912071740339, 0.08551473536155026, 0.2146503114264878, 0.2146503114264878, 0.2795472052044444, 0.01650245007091656, 0.2401262283529416, 0.2146503114264878, 0.2795472052044444, 0.08632133975529702, 0.1441838585038283, 0.161687311522875, 0.1634332953971034, 0.321360736957751, 0.1166577813510186, 0.008148382551439562, 0.2514764700396317, 0.2232503238207331, 0.1250083206524139, 0.2399119336958224],
  [0.6653810561504849, 0.6653810561504847, 0.665381056150485, 0.6653810561504849, 0.8646833152450027, 0.7962888463731294, 0.8746589963928668, 0.4459125556425316, 0.9266045983107926, 0.3352653108276412, 0.9040889597326689, 0.7958788755179086, 0.7342491540161398, 0.447974730762677, 0.5020921514128479, 0.6653810561504846, 0.6653810561504844, 0.6653810561504848, 0.9757556636772847, 0.2402445841634664, 0.442386418615863, 0.8713906646293723, 0.5443481262630027, 0.9214926369030888, 0.6957139080247228, 0.2801796902260068, 0.4974231391820296, 0.5727932677736243, 0.9059566009896209, 0.7356946138288694, 0.5589955511007751, 0.8722372823134746, 0.389702377186757, 0.5238132431807694, 0.8750991634388992, 0.4544192232682189, 0.7196416971789044, 0.835684639174572, 0.8675747188041401, 0.9795363633127415, 0.7842872858449933, 0.8338531174967165, 0.5589955511007751, 0.5589955511007751, 0.4190574323365653, 0.9695813133740042, 0.5090498523353242, 0.5589955511007751, 0.4190574323365653, 0.8321398455343477, 0.713166633808162, 0.6773375355032001, 0.6739020090733197, 0.3261405547517798, 0.7693461677273739, 0.9853081726497364, 0.4852704742018715, 0.5451164275911863, 0.7524220743072983, 0.5099076717755209],
  [0.170285687694278, 0.170285687694278, 0.1702856876942777, 0.1702856876942779, 0.06532036132035784, 0.1003106630829204, 0.0604007640391226, 0.2844837201151319, 0.0346100058415378, 0.3474798399074895, 0.04592510011161161, 0.1004929295276067, 0.1318768386216704, 0.2830501812684883, 0.2544975103405315, 0.1702856876942781, 0.1702856876942782, 0.1702856876942779, 0.01102893660191578, 0.4006130212565345, 0.2888105776808435, 0.0626356657505604, 0.2318732089344674, 0.03707999543273727, 0.1514733644470266, 0.3782043645022894, 0.2568448209964707, 0.2169287019206568, 0.04502170029880582, 0.1310588593071823, 0.2263541374727372, 0.06160475759078494, 0.3174766151809504, 0.2429332532434419, 0.06017580467264837, 0.2798970911860454, 0.1393612049881474, 0.07968257375668364, 0.0639585517305744, 0.009276881613705018, 0.1064215069809729, 0.08063214714173332, 0.2263541374727372, 0.2263541374727372, 0.3013953624589904, 0.01391623655507929, 0.2508239193117342, 0.2263541374727372, 0.3013953624589904, 0.08153881471035525, 0.1426495076880097, 0.1609751529739248, 0.1626646955295769, 0.3524987082904691, 0.1139960509216074, 0.006543444798824095, 0.2632530557584968, 0.2316332485880807, 0.1225696050402877, 0.2501803945286569] 
  ],
 "analysis":{
   "authors":"Sergei L Kosakovsky Pond",
   "citation":"*Gene-wide identification of episodic selection*, Mol Biol Evol. 32(5):1365-71",
   "contact":"spond@temple.edu",
   "info":"BUSTED (branch-site unrestricted statistical test of episodic diversification) uses a random effects branch-site model fitted \njointly to all or a subset of tree branches in order to test for alignment-wide evidence of episodic diversifying selection. \nAssuming there is evidence of positive selection (i.e. there is an omega > 1),  BUSTED will also perform a quick evidence-ratio \nstyle analysis to explore which individual sites may have been subject to selection. v2.0 adds support for synonymous rate variation, \nand relaxes the test statistic to 0.5 (chi^2_0 + chi^2_2). Version 2.1 adds a grid search for the initial starting point.\nVersion 2.2 changes the grid search to LHC, and adds an initial search phase to use adaptive Nedler-Mead. Version 3.0 implements the option\nfor branch-site variation in synonymous substitution rates. Version 3.1 adds HMM auto-correlation option for SRV, and binds SRV distributions for multiple branch sets\n",
   "requirements":"in-frame codon alignment and a phylogenetic tree (optionally annotated with {})",
   "version":"3.1"
  },
 "background":0,
 "branch attributes":{
   "0":{
     "ENSCHOP00000010695":{
       "MG94xREV with separate rates for branch sets":0.04995655231255604,
       "Nucleotide GTR":0.04735291138907733,
       "original name":"ENSCHOP00000010695",
       "unconstrained":0.0504698620445902
      },
     "ENSDNOP00000004398":{
       "MG94xREV with separate rates for branch sets":0.04067611436116114,
       "Nucleotide GTR":0.03911855791202972,
       "original name":"ENSDNOP00000004398",
       "unconstrained":0.04083315813593607
      },
     "ENSDORP00000008044":{
       "MG94xREV with separate rates for branch sets":0.08153695715017752,
       "Nucleotide GTR":0.07571090949162596,
       "original name":"ENSDORP00000008044",
       "unconstrained":0.08268059157942369
      },
     "ENSETEP00000011491":{
       "MG94xREV with separate rates for branch sets":0.1750498000499071,
       "Nucleotide GTR":0.15982753026428,
       "original name":"ENSETEP00000011491",
       "unconstrained":0.1958411780770782
      },
     "ENSFCAP00000012432":{
       "MG94xREV with separate rates for branch sets":0.01856798279421076,
       "Nucleotide GTR":0.01779233156964822,
       "original name":"ENSFCAP00000012432",
       "unconstrained":0.01672598269251285
      },
     "ENSOPRP00000009353":{
       "MG94xREV with separate rates for branch sets":0.1509041353832098,
       "Nucleotide GTR":0.1413514344527144,
       "original name":"ENSOPRP00000009353",
       "unconstrained":0.1578331434295823
      },
     "ENSPPYP00000021927":{
       "MG94xREV with separate rates for branch sets":0.04817499259577033,
       "Nucleotide GTR":0.04480432417852478,
       "original name":"ENSPPYP00000021927",
       "unconstrained":0.04809150783057942
      },