{
 "Evidence Ratios":{
  },
 "Site Log Likelihood":{
   "unconstrained":    [
[-3.92929755906858, -14.99865576044307, -3.896113284714714, -8.912917982506322, -3.92929755906858, -4.013895235773403, -9.312947770535695, -11.27524546713524, -3.896113284714714, -4.546551396839445, -10.31290938074928, -10.225757770832, -4.085687230939803, -3.866932933269094, -10.31329971468211, -9.428900377087608, -4.118255090736652, -13.7796235011961, -5.110483646123731, -4.486987300350584, -3.92929755906858, -4.105018548546115, -9.173764247835205, -4.603657032088046, -9.958796379423903, -3.896113284714714, -5.110483646123731, -4.645107999341049, -18.35339140311793, -15.30741228819767, -5.6356516185611, -4.085687230939803, -4.740028187597141, -3.979300472009572, -4.833978219572243, -5.427307786624377, -8.178042348827528, -4.546551396839445, -4.188704260039149, -4.177140721458252, -3.937975633668545, -4.008143345967406, -4.900200043179837, -4.567096310578786, -4.517816904165685, -3.993300395368117, -9.981634001910864, -4.833978219572243, -4.02980013833588, -4.833978219572243, -4.008143345967406] 
    ]
  },
 "Synonymous site-posteriors":  [
[0.6206537209862976, 0.2078186090572868, 0.6383252721357381, 0.4171104608878821, 0.6206537209862976, 0.6202645403634107, 0.4139357744322981, 0.5133152266208271, 0.6383252721357381, 0.6439522078577021, 0.4674809909534338, 0.4929816491473473, 0.6411535710118442, 0.6346078706109531, 0.4244845639755612, 0.4981225524850608, 0.6285004444071475, 0.2213909952499876, 0.659143075913213, 0.6570140223200921, 0.6206537209862976, 0.646843377835115, 0.5124581685050603, 0.6489453941610911, 0.5108661197781467, 0.6383252721357381, 0.659143075913213, 0.6444660345660832, 0.05894626496916527, 0.1997066133469982, 0.6581195738410215, 0.6411535710118442, 0.6344560818207619, 0.6400535229248818, 0.6229477775008967, 0.650557556383157, 0.4516944427030921, 0.6439522078577021, 0.6370674938054451, 0.6426656093082979, 0.6480197791219801, 0.6435855381001199, 0.6599300582912567, 0.6571863135226006, 0.6220642380680156, 0.6417566398638488, 0.4754638378511185, 0.6229477775008967, 0.6324514180402099, 0.6229477775008967, 0.6435855381001199],
  [0.231778002958667, 0.07848662920437914, 0.2382874152608981, 0.156679191123471, 0.231778002958667, 0.2316344234664528, 0.1554929647548701, 0.192617901518064, 0.2382874152608981, 0.2403584976275019, 0.1755102095468014, 0.185031117025202, 0.2393276020585265, 0.2369191513616077, 0.1594391154044289, 0.186949849454942, 0.234671309319241, 0.08359906418956259, 0.245930043551211, 0.2451496419553126, 0.231778002958667, 0.2414186326004922, 0.1922982544779432, 0.2421909697307314, 0.191704325279912, 0.2382874152608981, 0.245930043551211, 0.2405475693802596, 0.02239500307540084, 0.07543105007036104, 0.2455575342120492, 0.2393276020585265, 0.2368654345704132, 0.2389232124254017, 0.2326245141543423, 0.2427850477791158, 0.169610312854666, 0.2403584976275019, 0.2378252357015929, 0.239883650543138, 0.2418504582796057, 0.240221946719967, 0.2462198363405733, 0.2452129252010835, 0.2322985417592824, 0.2395491764932911, 0.1784904395266934, 0.2326245141543423, 0.2361248483058647, 0.2326245141543423, 0.240221946719967],
  [0.1475682760550353, 0.7136947617383341, 0.1233873126033637, 0.4262103479886469, 0.1475682760550353, 0.1481010361701366, 0.4305712608128317, 0.2940668718611089, 0.1233873126033637, 0.115689294514796, 0.3570087994997647, 0.3219872338274506, 0.1195188269296294, 0.1284729780274393, 0.4160763206200099, 0.3149275980599974, 0.1368282462736117, 0.69500994056045, 0.09492688053557601, 0.09783633572459527, 0.1475682760550353, 0.1117379895643928, 0.2952435770169965, 0.1088636361081775, 0.2974295549419415, 0.1233873126033637, 0.09492688053557601, 0.1149863960536572, 0.9186587319554339, 0.7248623365826408, 0.09632289194692929, 0.1195188269296294, 0.1286784836088249, 0.1210232646497166, 0.1444277083447609, 0.1066573958377273, 0.3786952444422419, 0.115689294514796, 0.1251072704929618, 0.117450740148564, 0.1101297625984143, 0.1161925151799131, 0.09385010536816997, 0.09760076127631583, 0.145637220172702, 0.1186941836428602, 0.3460457226221882, 0.1444277083447609, 0.1314237336539255, 0.1444277083447609, 0.1161925151799131] 
  ],
 "analysis":{
   "authors":"Sergei L Kosakovsky Pond",
   "citation":"*Gene-wide identification of episodic selection*, Mol Biol Evol. 32(5):1365-71",
   "contact":"spond@temple.edu",
   "info":"BUSTED (branch-site unrestricted statistical test of episodic diversification) uses a random effects branch-site model fitted \njointly to all or a subset of tree branches in order to test for alignment-wide evidence of episodic diversifying selection. \nAssuming there is evidence of positive selection (i.e. there is an omega > 1),  BUSTED will also perform a quick evidence-ratio \nstyle analysis to explore which individual sites may have been subject to selection. v2.0 adds support for synonymous rate variation, \nand relaxes the test statistic to 0.5 (chi^2_0 + chi^2_2). Version 2.1 adds a grid search for the initial starting point.\nVersion 2.2 changes the grid search to LHC, and adds an initial search phase to use adaptive Nedler-Mead. Version 3.0 implements the option\nfor branch-site variation in synonymous substitution rates. Version 3.1 adds HMM auto-correlation option for SRV, and binds SRV distributions for multiple branch sets\n",
   "requirements":"in-frame codon alignment and a phylogenetic tree (optionally annotated with {})",
   "version":"3.1"
  },
 "background":0,
 "branch attributes":{
   "0":{
     "C6H5ORF53_MACMU":{
       "MG94xREV with separate rates for branch sets":0.01343532371553828,
       "Nucleotide GTR":0.01322402662753303,
       "original name":"C6H5ORF53_MACMU",
       "unconstrained":0.01352473709429625
      },
     "IGIP_AILME":{
       "MG94xREV with separate rates for branch sets":0,
       "Nucleotide GTR":0,
       "original name":"IGIP_AILME",
       "unconstrained":0
      },
     "IGIP_ECHTE":{
       "MG94xREV with separate rates for branch sets":0,
       "Nucleotide GTR":0,
       "original name":"IGIP_ECHTE",
       "unconstrained":0
      },
     "IGIP_ERIEU":{
       "MG94xREV with separate rates for branch sets":0.0136334014267438,
       "Nucleotide GTR":0.01344893524984451,
       "original name":"IGIP_ERIEU",
       "unconstrained":0.01373782086980379
      },
     "IGIP_GGOR":{
       "MG94xREV with separate rates for branch sets":0,
       "Nucleotide GTR":0,
       "original name":"IGIP_GGOR",
       "unconstrained":0
      },
     "IGIP_HUMAN":{
       "MG94xREV with separate rates for branch sets":0.006701605595834091,
       "Nucleotide GTR":0.006580452781619336,
       "original name":"IGIP_HUMAN",
       "unconstrained":0.006769480096144814
      },
     "IGIP_LAMPA":{
       "MG94xREV with separate rates for branch sets":0,
       "Nucleotide GTR":0,
       "original name":"IGIP_LAMPA",
       "unconstrained":0
      },
     "IGIP_MICMU":{
       "MG94xREV with separate rates for branch sets":0,
       "Nucleotide GTR":0,
       "original name":"IGIP_MICMU",
       "unconstrained":0
      },
     "IGIP_NOMLE":{
       "MG94xREV with separate rates for branch sets":0,
       "Nucleotide GTR":0,
       "original name":"IGIP_NOMLE",
       "unconstrained":0
      },
     "IGIP_OCHPR":{
       "MG94xREV with separate rates for branch sets":0.0341568710182928,
       "Nucleotide GTR":0.03356177017513242,
       "original name":"IGIP_OCHPR",
       "unconstrained":0.03464003077900379
      },
     "IGIP_OTOGA":{
       "MG94xREV with separate rates for branch sets":0,
       "Nucleotide GTR":0,
       "original name":"IGIP_OTOGA",
       "unconstrained":0
      },
     "IGIP_PTEVA":{
       "MG94xREV with separate rates for branch sets":0.01368317549755637,
       "Nucleotide GTR":0.01344709799916328,
       "original name":"IGIP_PTEVA",
       "unconstrained":0.01381025523882775
      },
     "IGIP_SORAR":{
       "MG94xREV with separate rates for branch sets":0.006666678939697729,