{
 "Evidence Ratios":{
  },
 "Site Log Likelihood":{
   "unconstrained":    [
[-4.862466136598546, -3.851507509160612, -4.200237423170545, -3.679608915000121, -4.35464961006458, -5.175417103143526, -3.679608915000121, -4.602039102110518, -8.558541507500676, -4.056586661022106, -3.58948287311813, -3.842661635223719, -4.294154429172164, -7.825161368917831, -4.50856525466518, -7.393257182142616, -5.175417103143526, -7.904891437981524, -9.674429255007498, -3.991773521626153, -3.810638349786045, -4.862466136598546, -4.141569496728505, -4.446651937046555, -3.842336431246901, -4.283014904832827, -8.601845879161376, -4.349867221958886, -15.19088087260286, -6.78922209425207, -9.687142859935562, -12.62354412518918, -7.79498725923582, -12.74859321342086, -4.945981102519937, -8.501341358589816, -4.455335783685165, -23.1820342521922, -4.112788570710237, -14.5223543253486, -4.959952186300909, -4.596607398238683, -4.734356454359591, -9.08860821009509, -16.8191261875199, -4.959952186300909, -4.734356454359591, -4.389249656923475, -4.415120490575086, -4.945981102519937, -7.977372963938522, -13.11086063840141, -9.218820169961855, -6.985394821015986, -4.303209947692411, -5.165105138424035, -4.628657183683279, -5.499146384374003, -3.816046236947278, -8.384160216446517, -4.842021991542671, -8.516497642380493, -4.5338011218403, -6.734905267855827, -12.39089305888761, -6.343973213323861, -11.53637197021818, -8.192962700033638, -4.528992450877126, -5.134254987213505, -8.852400322766311, -4.033400503004213, -9.273639734530093, -5.431519227391395, -3.737162213713341, -5.006843920428224, -12.31293900185525, -3.737162213713341, -9.605085078674957, -6.902054027994869, -7.416278048405285, -5.238668172821681, -7.648181999880002, -4.922683885574154, -4.85663473452061, -4.337317335529144, -8.002599610165491] 
    ]
  },
 "Synonymous site-posteriors":  [
[0.7480316770876959, 0.7442978238065757, 0.7340448909790058, 0.7475046976518742, 0.7474410859882042, 0.757983290958938, 0.7475046976518742, 0.7534836540690352, 0.5632321510656947, 0.7447266748729482, 0.7144715158589318, 0.743336283320432, 0.7490476329172768, 0.5667650306454981, 0.7528996628206314, 0.5599339536012851, 0.757983290958938, 0.5569485054952337, 0.5661623065014181, 0.7504743108183147, 0.7404590817328933, 0.7480316770876959, 0.7462348100180365, 0.7488070369048597, 0.7617004188155482, 0.7660918394717616, 0.5843155581044445, 0.7706920808660217, 0.4501172860634788, 0.7099650596116798, 0.7427517515432022, 0.4701502216125822, 0.7758921080878776, 0.493544034064595, 0.8352132807970934, 0.7440943301294053, 0.8416186589869007, 0.1053359002182893, 0.8245318442106406, 0.3011575874814527, 0.8423566010553047, 0.8325605448390957, 0.8257742974760128, 0.707585666528892, 0.3025186106763418, 0.8423566010553047, 0.8257742974760128, 0.8214337530721122, 0.823546146374746, 0.8352132807970934, 0.6865452059454402, 0.4642804756274432, 0.7483245690807262, 0.746968540134032, 0.7929279474644905, 0.8399676444788808, 0.8249333504380428, 0.8348855767927857, 0.8219624258206001, 0.712290615323635, 0.8356122347288562, 0.6312921237459966, 0.7904801771357173, 0.7265475813932889, 0.5268827077797761, 0.7093114588849389, 0.7157118922050146, 0.6661482291665485, 0.7888978697562598, 0.833548872764639, 0.6477666290283388, 0.8143978869263917, 0.749696157194311, 0.7144715158589315, 0.8115254131407791, 0.82512522715282, 0.5388389411894116, 0.8115254131407791, 0.5236222077698068, 0.7262376050613711, 0.6979037968478051, 0.8341174496570192, 0.7231679421640819, 0.829769088136645, 0.8260435888365424, 0.8135677725208386, 0.7482677713449419],
  [0.08715079241060526, 0.08672245833891688, 0.08554619713658224, 0.08709000547532496, 0.08708289983110309, 0.08829050904535385, 0.08709000547532496, 0.08777532354573928, 0.06596444042945038, 0.08677166998002567, 0.08329641585577713, 0.0866122274660599, 0.08726705184774713, 0.06637533929303928, 0.08770840523443607, 0.06558089983368982, 0.08829050904535385, 0.06523373636475895, 0.06630505028261671, 0.08743046788266112, 0.08628217032957601, 0.08715079241060526, 0.0869446469089545, 0.08723947465926983, 0.08871544336505537, 0.08921768686406048, 0.06841483081917483, 0.08974331461800676, 0.0529036807367143, 0.0829615466468089, 0.08673330910480358, 0.05524846452912554, 0.0905369130245483, 0.05797924365303298, 0.09703631250473431, 0.08688724337886163, 0.09774456191785957, 0.01250602202217227, 0.09584042626393167, 0.03554525256121509, 0.09782902852582362, 0.09673895927988489, 0.09598008247394836, 0.08269461044861026, 0.03570573418923909, 0.09782902852582362, 0.09598008247394836, 0.09549424967014193, 0.095730608017458, 0.09703631250473431, 0.08026861455732673, 0.05456357894730959, 0.08737398647255364, 0.08722217134755204, 0.09227632954901127, 0.09756686653815538, 0.09588701515535947, 0.09700608879821446, 0.0955496458579881, 0.08322843438539426, 0.0970807901555564, 0.07386653084303939, 0.09199787029421796, 0.08487487253981997, 0.06187367448614268, 0.08288658771037027, 0.08362343597201374, 0.07790931797823546, 0.0918172412902923, 0.09684637360866429, 0.07578525213392705, 0.09469690250145885, 0.08752704582325668, 0.08329641585577714, 0.09437038639799898, 0.09590576144942485, 0.06326391309039857, 0.09437038639799898, 0.0614928995207069, 0.08483724615605306, 0.0815680967438587, 0.09691275482756957, 0.08447657568992237, 0.09642423527448596, 0.09600506512658191, 0.09460429469516556, 0.08736928851960642],
  [0.1648175305016988, 0.1689797178545074, 0.1804089118844119, 0.1654052968728006, 0.1654760141806928, 0.153726199995708, 0.1654052968728006, 0.1587410223852256, 0.370803408504855, 0.168501655147026, 0.2022320682852912, 0.170051489213508, 0.1636853152349759, 0.3668596300614626, 0.1593919319449326, 0.3744851465650251, 0.153726199995708, 0.3778177581400073, 0.3675326432159653, 0.1620952212990241, 0.1732587479375307, 0.1648175305016988, 0.1668205430730089, 0.1639534884358704, 0.1495841378193966, 0.1446904736641779, 0.3472696110763807, 0.1395646045159715, 0.4969790331998068, 0.2070733937415112, 0.1705149393519944, 0.4746013138582922, 0.1335709788875741, 0.4484767222823719, 0.06775040669817228, 0.1690184264917331, 0.06063677909523957, 0.8821580777595383, 0.07962772952542765, 0.6632971599573323, 0.05981437041887153, 0.07070049588101944, 0.07824562005003867, 0.2097197230224977, 0.6617756551344193, 0.05981437041887153, 0.07824562005003867, 0.08307199725774587, 0.08072324560779592, 0.06775040669817228, 0.2331861794972331, 0.4811559454252472, 0.1643014444467202, 0.1658092885184159, 0.1147957229864983, 0.0624654889829637, 0.0791796344065976, 0.06810833440899985, 0.08248792832141195, 0.2044809502909707, 0.06730697511558745, 0.2948413454109639, 0.1175219525700648, 0.1885775460668912, 0.4112436177340815, 0.2078019534046909, 0.2006646718229716, 0.2559424528552162, 0.119284888953448, 0.06960475362669676, 0.276448118837734, 0.09090521057214963, 0.1627767969824323, 0.2022320682852913, 0.09410420046122203, 0.07896901139775507, 0.3978971457201898, 0.09410420046122203, 0.4148848927094863, 0.1889251487825759, 0.2205281064083363, 0.06896979551541127, 0.1923554821459957, 0.07380667658886902, 0.07795134603687559, 0.0918279327839959, 0.1643629401354518] 
  ],
 "analysis":{
   "authors":"Sergei L Kosakovsky Pond",
   "citation":"*Gene-wide identification of episodic selection*, Mol Biol Evol. 32(5):1365-71",
   "contact":"spond@temple.edu",