{
 "Evidence Ratios":{
   "constrained":    [
[0.9742817355784205, 1.008668652390262, 0.9743817124427246, 0.9774233761207205, 0.9828402552848728, 0.9679695028131799, 0.9742817355784205, 0.9669642089445367, 0.9694346138313589, 0.9818278797422124, 0.9743817124427246, 0.9836296123169158, 1.093379490033546, 0.9907567768323838, 0.9816318793348177, 0.9687212550244217, 1.028926717959562, 0.9689170606438035, 1.519855950306162, 0.9709214627292164, 0.9864363623261059, 0.9763520608401592, 0.9735633274106963, 0.974369491822344, 0.9773456644081328, 1.246693101006158, 0.9788732141138642, 0.9713335735659955, 0.9813983957559668, 0.9695127138474204, 0.9681814710636505, 0.9777547723305822, 0.9687609444936511, 1.588817471958093, 0.9909086180688389, 0.9801419272900855, 0.9929564890730689, 0.9757637520283274, 0.9877096962786129, 0.9950442025327821, 0.9879401688620975, 0.9685724122958826, 0.9743817124427246, 0.9687761380388284, 0.9792670006112553, 0.9694864001520838, 0.9805370764775949, 0.9675373390779153, 0.9687001450591678, 0.9710927239669911, 1.031799072697961] 
    ],
   "optimized null":    [
[1.002171481943487, 0.9355037251236289, 1.000833269226034, 0.9957019037765903, 0.9938328267202844, 1.077934034246308, 1.002171481943487, 1.049614750310252, 0.959908965425691, 0.9919607406005015, 1.000833269226034, 0.9894752333001396, 0.9761523590313801, 0.9003362344009551, 0.9911329632002462, 1.024555625089711, 0.9190935633929674, 1.030474958481039, 1.314891489802084, 0.9936102947416316, 1.023180976171242, 0.9525515893421382, 0.9873609236311524, 0.9598383914527358, 0.9967196034465915, 1.085778497353697, 0.9888849972038424, 0.9854048907957542, 0.984060369012274, 1.008419926706268, 0.9209929296792891, 0.9214587038743364, 1.022515386174764, 1.200178758574131, 1.026189637450135, 1.004425218864274, 1.010921193376902, 1.012587298804779, 1.037628289620923, 0.9589588592717663, 0.9900503021074522, 1.033201424216831, 1.000833269226034, 1.010070542454298, 0.9917676569154825, 0.9785077604909191, 1.043179511552901, 1.008687886668472, 0.9768026236944525, 0.9890187122854185, 0.9649470067046056] 
    ]
  },
 "Site Log Likelihood":{
   "constrained":    [
[-5.265164908120907, -25.58925973772862, -4.495068076322628, -5.099235848970049, -6.274024900082748, -13.4721326054285, -5.265164908120907, -16.05792061739896, -9.616594457714646, -5.996073022541837, -4.495068076322628, -19.48416690554929, -23.9630233637423, -22.92018769137058, -6.079931220433202, -13.35616442971678, -23.14169556630129, -7.985047632468175, -17.94707363182237, -12.12383545970269, -16.78370415088903, -16.25694363756529, -17.96623888587034, -20.60195666309425, -4.9481822520817, -23.65798913794871, -5.607477497823154, -9.021934490542767, -9.014562673931627, -9.306427888813202, -10.53686250191608, -22.60286123306274, -9.648726374164323, -27.4589476835251, -13.32218184350526, -13.6509924758817, -13.6794827081955, -17.18959101843743, -11.77551124629551, -19.03106659558013, -12.30564679167265, -13.07647382400237, -4.495068076322628, -9.548460126972723, -5.754465818431343, -9.14064276646147, -16.7741693162831, -14.1104419838276, -18.52311548139321, -16.07339884989504, -20.58321953302295] 
    ],
   "optimized null":    [
[-5.293388796730461, -25.51395829105478, -4.521853148793773, -5.117763867173676, -6.285147310619609, -13.57973358088168, -5.293388796730461, -16.13993760645674, -9.606719880776023, -6.006340535255625, -4.521853148793773, -19.49009222482386, -23.84961341522404, -22.82448690655445, -6.08956354672068, -13.41220178279285, -23.02881197693446, -8.046643716648743, -17.80221221595474, -12.1469349497346, -16.82027699365494, -16.23226466569452, -17.98031166193212, -20.58693100438891, -4.96781135089348, -23.51979185018714, -5.617653412145299, -9.036317158490068, -9.017271430718266, -9.34577425623236, -10.48689532154172, -22.54356030058666, -9.702729431426173, -27.17842818350246, -13.35716736573891, -13.67546582629323, -13.69741312956101, -17.2266345349786, -11.82481531850872, -18.99412760910311, -12.30778040563775, -13.14106801615199, -4.521853148793773, -9.590202016878262, -5.767150348219991, -9.149905037381954, -16.83609740849439, -14.15209360944037, -18.53144497401742, -16.09169014474469, -20.51623348743453] 
    ],
   "unconstrained":    [
[-5.291219669046352, -25.58062844237065, -4.521020226543804, -5.12207122676542, -6.291333579463372, -13.50468730298865, -5.291219669046352, -16.09151441407965, -9.647636707474279, -6.014412283743599, -4.521020226543804, -19.50067276858633, -23.87375001441135, -22.92947389820222, -6.09847012963604, -13.38794280070444, -23.11317932873996, -8.016623895953666, -17.52845807099052, -12.15334515653883, -16.79736061502843, -16.28087567710352, -17.99303129088663, -20.62792135531705, -4.971097139743472, -23.43749461139955, -5.628830648163013, -9.051019824115318, -9.033339463907792, -9.337389579379721, -10.56919824108489, -22.62535761748986, -9.680463775000886, -26.99595767232432, -13.33131480424688, -13.67105036991978, -13.68655114174297, -17.2141257976551, -11.78787770038369, -19.03603471373436, -12.3177799325725, -13.10840585546117, -4.521020226543804, -9.580181844449918, -5.775416764169368, -9.171631598551828, -16.79382413649614, -14.14344324528832, -18.55491564419679, -16.10273217187317, -20.5519155819176] 
    ]
  },
 "Synonymous site-posteriors":  [
[0.6151770539371522, 0.002501105179057028, 0.5533129911592557, 0.6085406474419011, 0.5391927576766059, 0.5980273436373421, 0.6151770539371522, 0.07921393214259111, 0.8228244391873616, 0.5678776688537249, 0.5533129911592557, 0.04906946228897019, 0.03609010362094431, 0.009332013432722877, 0.5630311823420181, 0.1167529121302037, 0.009493519955656457, 0.4770271889300303, 0.2198598603826518, 0.3188783061228557, 0.2294012282550645, 0.1105007187780252, 0.05041798505673961, 0.007959109896714341, 0.6043756164225051, 0.02384822514640491, 0.6026822447380573, 0.6141375919328643, 0.5411121289933603, 0.6677145144800715, 0.8374096134757858, 0.002684897090784526, 0.70909422807614, 0.002988782046323998, 0.4575720307977484, 0.3862459905034377, 0.5541050796079763, 0.137190685141794, 0.1969548178546623, 0.03830252225716863, 0.3921838994221311, 0.1112701895852188, 0.5533129911592557, 0.7067801819708558, 0.6070117061727693, 0.8174856487887719, 0.1710971723824546, 0.3592002272672382, 0.06627714824863967, 0.1483361375926407, 0.04811844503845989],
  [0.2450401780046955, 0, 0.1593574813827594, 0.2254876013841192, 0.4395825298538591, 0, 0.2450401780046955, 0, 0, 0.4025702294914244, 0.1593574813827594, 0, 0, 0, 0.4093421952845501, 0, 0, 0, 0, 0, 0, 0, 0, 0, 0.2179408229338617, 0, 0.3353008435927125, 0, 0, 0, 0, 0, 0, 0, 0, 0, 0, 0, 0, 0, 0, 0, 0.1593574813827594, 0, 0.3330959504378001, 0, 0, 0, 0, 0, 0],
  [0.1397827680581524, 0.997498894820943, 0.287329527457985, 0.1659717511739797, 0.02122471246953489, 0.4019726563626579, 0.1397827680581524, 0.920786067857409, 0.1771755608126384, 0.02955210165485089, 0.287329527457985, 0.9509305377110296, 0.9639098963790558, 0.9906679865672772, 0.02762662237343174, 0.8832470878697963, 0.9905064800443437, 0.5229728110699698, 0.7801401396173483, 0.6811216938771444, 0.7705987717449355, 0.8894992812219746, 0.9495820149432604, 0.9920408901032857, 0.1776835606436333, 0.9761517748535951, 0.0620169116692301, 0.3858624080671357, 0.4588878710066396, 0.3322854855199285, 0.1625903865242141, 0.9973151029092153, 0.29090577192386, 0.997011217953676, 0.5424279692022517, 0.6137540094965622, 0.4458949203920238, 0.8628093148582061, 0.8030451821453376, 0.9616974777428312, 0.6078161005778688, 0.8887298104147813, 0.287329527457985, 0.2932198180291442, 0.05989234338943063, 0.182514351211228, 0.8289028276175455, 0.6407997727327618, 0.9337228517513604, 0.8516638624073594, 0.9518815549615401] 
  ],
 "analysis":{
   "authors":"Sergei L Kosakovsky Pond",
   "citation":"*Gene-wide identification of episodic selection*, Mol Biol Evol. 32(5):1365-71",
   "contact":"spond@temple.edu",