{
 "Evidence Ratios":{
  },
 "Site Log Likelihood":{
   "unconstrained":    [
[-3.285236348205133, -3.555938043501805, -3.556931338622672, -6.203453398105771, -4.413232527168377, -40.11612247312379, -16.42178588363262, -15.96325670295143, -27.49770941689387, -16.17392360826272, -5.730025251524106, -7.962083807609612, -14.39306236337303, -9.590414712662007, -4.455076427122941, -7.013748393671969, -24.7130656349844, -12.89304639904893, -4.149548659618691, -5.104702978038939, -12.86057302823365, -4.233345682011632, -4.455076427122941, -17.80148924240655, -4.455076427122941, -4.298296591305713, -18.79092037931978, -8.303860557720387, -5.064219876557106, -11.89997369641189, -12.57207495051486, -19.90165913488348, -9.250290707030164, -8.352326574742975, -17.14519000519295, -16.02048489800053, -8.804814983161004, -20.34333231834991, -13.85994735394154, -6.909205910855029, -21.47238767938665, -11.05862461434626, -3.965780287813079, -9.638503291877583, -12.87922006925907, -16.25151454535932, -4.433691831155465, -11.81602870626957, -9.424270258303384, -5.730025251524106, -4.433691831155465, -4.298296591305713, -9.146117191580439, -6.367241986148854, -5.259197656981472, -8.402520486689422, -12.32161302563631, -4.613836440784135, -4.298296591305713, -12.20357497169617, -4.455076427122941, -4.298296591305713, -36.36334761615331, -9.675571408563336, -12.85450890387152, -12.34512785751255, -6.204527858730423, -3.174912506126601, -3.386962724347407, -6.140551980656628, -7.334208149063189, -3.453616008911566, -3.286229643325944, -4.413232527168375, -17.77650319220298] 
    ]
  },
 "Synonymous site-posteriors":  [
[0.7567790494502469, 0.756779049450242, 0.7567790494502398, 0.7567790494502689, 0.7567790494502606, 7.714879138484883e-06, 0.9890644713302037, 0.9998802673328616, 0.9995229473622445, 0.999819902419035, 0.3543881767353105, 0.9528411457935766, 0.9910395555622172, 0.2925187081865453, 0.3079210327403163, 0.9361558179002565, 0.9946352803650083, 0.9755714598954458, 0.6127461443998375, 0.2242841140660775, 0.9332730411703594, 0.5838735932761137, 0.3079210327403163, 0.9980826846475799, 0.3079210327403163, 0.5855633258660987, 0.9978283743437976, 0.8792533237441891, 0.6288946480296972, 0.9964338822285984, 0.9946792585319678, 0.9999392942168004, 0.9946615145349282, 0.9940247621221995, 0.9994944458240234, 0.9983249437281224, 0.8945961016443692, 0.9998990115293961, 0.9811399371269813, 0.5110636229487514, 0.9957714531329701, 0.9960293626915906, 0.6185332219847348, 0.7114159928927425, 0.9779994205564874, 0.9982058823416657, 0.5714551719195121, 0.9995322849719482, 0.990353421635907, 0.3543881767353105, 0.5714551719195121, 0.5855633258660987, 0.8208127830774615, 0.7564177418541697, 0.0965598060803048, 0.9852849237152409, 0.9956435316132799, 0.3475138076147284, 0.5855633258660987, 0.9872938375629646, 0.3079210327403163, 0.5855633258660987, 1.730508623592016e-06, 0.7227072216964375, 0.9902553084495489, 0.9956818561906148, 0.7567790494502634, 0.7567790494502652, 0.7567790494502653, 0.7567790494502593, 0.7567790494502621, 0.756779049450269, 0.7567790494502622, 0.7567790494502596, 0.9962963521909292],
  [0.02856942108824319, 0.02856942108824218, 0.02856942108823874, 0.0285694210882206, 0.02856942108822428, 0.9999922851208615, 1.483177889517221e-07, 0.0001017245221019477, 0.0003355910418507771, 7.287891693882157e-05, 5.885221685639639e-08, 2.333343719116957e-05, 2.134273287768293e-06, 3.953253845241959e-09, 3.870614313308452e-09, 0.000452006508615181, 0.005364710259842884, 1.388265640829853e-06, 1.537890450806355e-05, 1.569494993513891e-08, 1.304710261312899e-07, 2.41565141280878e-05, 3.870614313308452e-09, 0.001629490950023103, 3.870614313308452e-09, 1.046959951967575e-05, 0.0004235884629388385, 5.190173801808053e-06, 1.826310344784671e-05, 0.0001176907664767057, 0.004312036838471171, 5.99169100713432e-05, 7.327190686941191e-05, 5.889381121342274e-05, 1.63747138979273e-06, 0.0001118063366759616, 2.481583286049119e-07, 9.856295982106405e-05, 8.68009126296905e-06, 1.688986996471245e-07, 0.004228000246965159, 0.000511592300648333, 2.061547267373045e-05, 2.575024100947046e-06, 2.628615764392859e-06, 4.209762462863509e-06, 1.142248048556164e-05, 2.225214710052833e-08, 9.123289361810082e-06, 5.885221685639639e-08, 1.142248048556164e-05, 1.046959951967575e-05, 5.686185435080073e-07, 8.017143772132558e-08, 2.92148246481373e-08, 2.02999196951321e-07, 9.120541653103326e-10, 1.062986683715284e-07, 1.046959951967575e-05, 0.009081277833604032, 3.870614313308452e-09, 1.046959951967575e-05, 0.9999982694913765, 2.435377360079279e-07, 1.748744411725305e-05, 3.559571152753836e-05, 0.02856942108823987, 0.0285694210882142, 0.02856942108822753, 0.02856942108823742, 0.02856942108822631, 0.02856942108822062, 0.02856942108823423, 0.02856942108822559, 0.003506060335930994],
  [0.2146515294615099, 0.2146515294615158, 0.2146515294615216, 0.2146515294615105, 0.2146515294615151, 7.261506106215407e-18, 0.01093538035200734, 1.800814503645674e-05, 0.0001414615959048026, 0.0001072186640261726, 0.6456117644124725, 0.04713552076923208, 0.008958310164494826, 0.7074812878602008, 0.6920789633890694, 0.06339217559112824, 9.375148749220624e-09, 0.02442715183891329, 0.3872384766956543, 0.7757158702389726, 0.06672682835861445, 0.4161022502097582, 0.6920789633890694, 0.0002878244023970152, 0.6920789633890694, 0.4144262045343815, 0.001748037193263429, 0.1207414860820093, 0.3710870888668549, 0.003448427004924978, 0.001008704629561045, 7.888731283347115e-07, 0.005265213558202236, 0.005916344066586927, 0.0005039167045867762, 0.001563249935201704, 0.1054036501973023, 2.425510782810132e-06, 0.01885138278175564, 0.4889362081525488, 5.466200647451488e-07, 0.003459045007761089, 0.3814461625425914, 0.2885814320831567, 0.02199795082774822, 0.001789907895871473, 0.4285334056000022, 0.0004676927759046645, 0.009637455074731155, 0.6456117644124725, 0.4285334056000022, 0.4144262045343815, 0.1791866483039949, 0.2435821779743926, 0.9034401647048704, 0.0147148732855623, 0.004356467474665899, 0.6524860860866033, 0.4144262045343815, 0.003624884603431313, 0.6920789633890694, 0.4144262045343815, 4.320563951350011e-22, 0.2772925347658265, 0.009727204106333856, 0.004282548097857699, 0.2146515294614967, 0.2146515294615205, 0.214651529461507, 0.2146515294615031, 0.2146515294615116, 0.2146515294615104, 0.2146515294615036, 0.2146515294615146, 0.0001975874731398085] 
  ],
 "analysis":{
   "authors":"Sergei L Kosakovsky Pond",
   "citation":"*Gene-wide identification of episodic selection*, Mol Biol Evol. 32(5):1365-71",
   "contact":"spond@temple.edu",
   "info":"BUSTED (branch-site unrestricted statistical test of episodic diversification) uses a random effects branch-site model fitted \njointly to all or a subset of tree branches in order to test for alignment-wide evidence of episodic diversifying selection. \nAssuming there is evidence of positive selection (i.e. there is an omega > 1),  BUSTED will also perform a quick evidence-ratio \nstyle analysis to explore which individual sites may have been subject to selection. v2.0 adds support for synonymous rate variation, \nand relaxes the test statistic to 0.5 (chi^2_0 + chi^2_2). Version 2.1 adds a grid search for the initial starting point.\nVersion 2.2 changes the grid search to LHC, and adds an initial search phase to use adaptive Nedler-Mead. Version 3.0 implements the option\nfor branch-site variation in synonymous substitution rates. Version 3.1 adds HMM auto-correlation option for SRV, and binds SRV distributions for multiple branch sets\n",
   "requirements":"in-frame codon alignment and a phylogenetic tree (optionally annotated with {})",
   "version":"3.1"
  },
 "background":0,
 "branch attributes":{
   "0":{
     "BHLHA9_BOVIN":{
       "MG94xREV with separate rates for branch sets":0.0763280218966372,
       "Nucleotide GTR":0.06719089733509745,
       "original name":"BHLHA9_BOVIN",
       "unconstrained":0.1770963364476371
      },