{
 "Evidence Ratios":{
  },
 "Site Log Likelihood":{
   "unconstrained":    [
[-3.426703486230432, -7.84021325036418, -7.729587167277963, -3.248901327847336, -15.30479487698488, -7.894982479615283, -17.88387792512352, -8.654708954710699, -5.331527778139433, -11.1311759045033, -8.149665650569286, -5.331527778139433, -14.7541032319658, -3.426703486230432, -6.971472430472637, -7.059972755991498, -8.479233562501953, -4.287228355815675, -13.24846808222776, -16.25167609850282, -8.220580633646462, -11.52415879031924, -10.35174539451402, -5.21756420534143, -8.933416116013671, -6.210062686813561, -5.21756420534143, -9.403059011535861, -18.91531591487174, -12.40275468868801, -9.045345677058387, -7.065098386841026, -7.075991245267094, -9.223801044319638, -8.662740904170407, -8.723327232068877, -17.44386795320582, -7.304130917441788, -8.938100010830921, -9.756430584937126, -4.132993728044091, -4.099892103580514, -3.771297258710378, -3.879259428754184, -3.879259428754184, -3.879259428754184, -4.278425549827336, -3.927198911806043, -3.469534002673664, -3.960300536269621, -3.927198911806043, -3.771297258710378, -5.168107954247009, -4.198685784862524, -5.296459581258792, -4.105732358052863, -4.132993728044091, -5.441891403042036, -4.198685784862524, -5.215418473743354] 
    ]
  },
 "Synonymous site-posteriors":  [
[0.4362457229112819, 0.5515975507425626, 0.4802933466824234, 0.3877058486512132, 0.0408852374434219, 0.5187266185036138, 0.07047641308187548, 0.5743175929276347, 0.5965626095502367, 0.2043243259705284, 0.525279212391733, 0.5965626095502367, 0.01129609697513835, 0.4362457229112819, 0.4624824153169576, 0.5017136684129102, 0.5488845621336328, 0.5722234267956957, 0.2932225608447512, 0.03659655411997729, 0.4278894346555419, 0.3945034542223787, 0.1971361621128681, 0.5688087529830389, 0.3025568456895666, 0.6158686233939976, 0.5688087529830389, 0.4079903711081033, 0.4370546770828124, 0.130309847425635, 0.3791381077919223, 0.4286231370176118, 0.5368953712515731, 0.3704970203153596, 0.1609367430497052, 0.4880386839319069, 0.1201348875995873, 0.4842934345473175, 0.2132726034431448, 0.4327264672460293, 0.3877058486512131, 0.3877058486512141, 0.3877058486512138, 0.3877058486512135, 0.3877058486512135, 0.3877058486512135, 0.3877058486512137, 0.3877058486512139, 0.3877058486512134, 0.3877058486512143, 0.3877058486512139, 0.3877058486512138, 0.3877058486512137, 0.3877058486512127, 0.3877058486512135, 0.3877058486512129, 0.3877058486512131, 0.3877058486512135, 0.3877058486512127, 0.3877058486512127],
  [0.3160541842879792, 0.3886635110400522, 0.3488399890364067, 0.2843382993323712, 0.04037659831519839, 0.3657588444671442, 0.06775724438913497, 0.3899229882552411, 0.3740408773900862, 0.1803476289997114, 0.3721759910969051, 0.3740408773900862, 0.01271132361301648, 0.3160541842879792, 0.3457662104151146, 0.3647710282857863, 0.379001629299638, 0.3838758034883973, 0.2403882034804251, 0.03606177365086698, 0.3231248723988675, 0.312963367418474, 0.1683794427024877, 0.381641708315239, 0.2543761490083504, 0.375000255140853, 0.381641708315239, 0.3261590537699382, 0.3309268893134876, 0.1168435858710509, 0.3056826298137296, 0.3304593488826821, 0.3806797611702951, 0.3033235926483556, 0.1407062906148677, 0.3750939223961502, 0.1122526634717463, 0.3545959481891242, 0.1782253077134214, 0.3423860571307969, 0.2843382993323714, 0.2843382993323714, 0.2843382993323708, 0.2843382993323714, 0.2843382993323714, 0.2843382993323714, 0.2843382993323719, 0.2843382993323713, 0.2843382993323708, 0.2843382993323713, 0.2843382993323713, 0.2843382993323708, 0.2843382993323711, 0.2843382993323706, 0.2843382993323707, 0.2843382993323709, 0.2843382993323714, 0.2843382993323708, 0.2843382993323706, 0.2843382993323706],
  [0.247700092800739, 0.05973893821738532, 0.17086666428117, 0.3279558520164156, 0.9187381642413797, 0.115514537029242, 0.8617663425289894, 0.03575941881712418, 0.02939651305967704, 0.6153280450297602, 0.1025447965113618, 0.02939651305967704, 0.9759925794118453, 0.247700092800739, 0.191751374267928, 0.1335153033013036, 0.07211380856672932, 0.04390076971590699, 0.4663892356748237, 0.9273416722291558, 0.2489856929455906, 0.2925331783591474, 0.6344843951846443, 0.04954953870172214, 0.443067005302083, 0.009131121465149184, 0.04954953870172214, 0.2658505751219585, 0.2320184336036999, 0.7528465667033142, 0.3151792623943481, 0.2409175140997062, 0.08242486757813185, 0.3261793870362849, 0.6983569663354272, 0.1368673936719429, 0.7676124489286664, 0.1611106172635583, 0.6085020888434337, 0.2248874756231737, 0.3279558520164154, 0.3279558520164145, 0.3279558520164155, 0.3279558520164149, 0.3279558520164149, 0.3279558520164149, 0.3279558520164144, 0.3279558520164149, 0.3279558520164159, 0.3279558520164145, 0.3279558520164149, 0.3279558520164155, 0.327955852016415, 0.3279558520164166, 0.3279558520164157, 0.3279558520164161, 0.3279558520164154, 0.3279558520164155, 0.3279558520164166, 0.3279558520164166] 
  ],
 "analysis":{
   "authors":"Sergei L Kosakovsky Pond",
   "citation":"*Gene-wide identification of episodic selection*, Mol Biol Evol. 32(5):1365-71",
   "contact":"spond@temple.edu",
   "info":"BUSTED (branch-site unrestricted statistical test of episodic diversification) uses a random effects branch-site model fitted \njointly to all or a subset of tree branches in order to test for alignment-wide evidence of episodic diversifying selection. \nAssuming there is evidence of positive selection (i.e. there is an omega > 1),  BUSTED will also perform a quick evidence-ratio \nstyle analysis to explore which individual sites may have been subject to selection. v2.0 adds support for synonymous rate variation, \nand relaxes the test statistic to 0.5 (chi^2_0 + chi^2_2). Version 2.1 adds a grid search for the initial starting point.\nVersion 2.2 changes the grid search to LHC, and adds an initial search phase to use adaptive Nedler-Mead. Version 3.0 implements the option\nfor branch-site variation in synonymous substitution rates. Version 3.1 adds HMM auto-correlation option for SRV, and binds SRV distributions for multiple branch sets\n",
   "requirements":"in-frame codon alignment and a phylogenetic tree (optionally annotated with {})",
   "version":"3.1"
  },
 "background":0,
 "branch attributes":{
   "0":{
     "ENSLACP00000011878":{
       "MG94xREV with separate rates for branch sets":0.2098223559012709,
       "Nucleotide GTR":0.1409815973857086,
       "original name":"ENSLACP00000011878",
       "unconstrained":0.2827709904370323
      },
     "ENSMLUP00000018698":{
       "MG94xREV with separate rates for branch sets":0.1040385578636173,
       "Nucleotide GTR":0.08754230087880484,
       "original name":"ENSMLUP00000018698",
       "unconstrained":0.1256950614121445
      },
     "ENSMODP00000036318":{
       "MG94xREV with separate rates for branch sets":0.08151806749421224,
       "Nucleotide GTR":0.07463015073404483,
       "original name":"ENSMODP00000036318",
       "unconstrained":0.1120843398331294
      },
     "ENSOANP00000012114":{
       "MG94xREV with separate rates for branch sets":0.1440273756685299,
       "Nucleotide GTR":0.08443008097909746,
       "original name":"ENSOANP00000012114",
       "unconstrained":0.2042548040093457
      },
     "ENSOCUP00000022353":{
       "MG94xREV with separate rates for branch sets":0.004390282430321388,
       "Nucleotide GTR":0.01047468059263337,
       "original name":"ENSOCUP00000022353",
       "unconstrained":0
      },
     "ENSSSCP00000009624":{
       "MG94xREV with separate rates for branch sets":0.07124531488965609,
       "Nucleotide GTR":0.06189433212209394,
       "original name":"ENSSSCP00000009624",
       "unconstrained":0.08832915792849889
      },
     "NODE_3":{
       "MG94xREV with separate rates for branch sets":0.01832439931898693,
       "Nucleotide GTR":0.01625238377096033,
       "unconstrained":0.01887915871794139
      },
     "NODE_5":{
       "MG94xREV with separate rates for branch sets":0.09630719747742324,