{
 "Evidence Ratios":{
  },
 "Site Log Likelihood":{
   "unconstrained":    [
[-12.86627834029566, -5.863633136523327, -5.7725688413749, -4.198151752920396, -4.256126871199288, -12.16418806558316, -4.605717052459654, -11.21559437788044, -4.212800883468173, -4.59429189304405, -8.795194050041527, -10.88654837009886, -4.579828966638056, -5.567520351677535, -5.374375730850058, -8.366433997270089, -10.32859045017125, -10.8412854509815, -16.98056299613999, -12.76407844002649, -10.42480711810111, -4.267525523969394, -14.3412605351073, -17.71562022761266, -13.27362804501218, -4.634044357333263, -10.30448452752472, -16.75555264142887, -3.476408089391772, -5.416228597544722, -9.833962576620678, -5.284560926686721, -7.280603705655376] 
    ]
  },
 "Synonymous site-posteriors":  [
[0.6111223488700934, 0.09492844639804397, 0.1314859353610353, 0.1795825108244465, 0.1389042665747285, 0.6111268888491694, 0.1578169282412183, 0.6111157818100696, 0.1733845760191575, 0.1627921079215263, 0.611172801412265, 0.6111539278460693, 0.1100079164595086, 0.1898375023090036, 0.1463156068578531, 0.6111822776625946, 0.6112037094987274, 0.6111667988557277, 0.6111123224410706, 0.6110834098876228, 0.6111463227428682, 0.1336765674100936, 0.6110369897803544, 0.6109964966161185, 0.6111392007212303, 0.1539752054224457, 0.6111434661940943, 0.6109640182622371, 0.4093084802539391, 0.139094698028185, 0.6110941468719062, 0.1862469977715644, 0.6111521610414624],
  [0.3888776511299065, 0.06036679871122826, 0.0836219834393075, 0.1142232201886403, 0.08834298944395323, 0.3888731111508305, 0.1003749940511808, 0.3888842181899305, 0.1102796824633348, 0.1035403956400684, 0.3888271985877351, 0.3888460721539307, 0.06995977662762382, 0.1207474577384764, 0.09305718952363938, 0.3888177223374054, 0.3887962905012727, 0.3888332011442723, 0.3888876775589293, 0.3889165901123771, 0.3888536772571318, 0.08501713781240755, 0.3889630102196457, 0.3890035033838815, 0.3888607992787698, 0.09793044684031274, 0.3888565338059056, 0.3890359817377629, 0.2604403361166912, 0.08846308241965621, 0.3889058531280937, 0.1184633276454375, 0.3888478389585376],
  [0, 0.8447047548907277, 0.7848920811996573, 0.7061942689869133, 0.7727527439813183, 0, 0.7418080777076007, 0, 0.7163357415175077, 0.7336674964384053, 0, 0, 0.8200323069128675, 0.6894150399525201, 0.7606272036185074, 0, 0, 0, 0, 0, 0, 0.7813062947774989, 0, 0, 0, 0.7480943477372416, 0, 0, 0.3302511836293698, 0.7724422195521587, 0, 0.6952896745829982, 0] 
  ],
 "analysis":{
   "authors":"Sergei L Kosakovsky Pond",
   "citation":"*Gene-wide identification of episodic selection*, Mol Biol Evol. 32(5):1365-71",
   "contact":"spond@temple.edu",
   "info":"BUSTED (branch-site unrestricted statistical test of episodic diversification) uses a random effects branch-site model fitted \njointly to all or a subset of tree branches in order to test for alignment-wide evidence of episodic diversifying selection. \nAssuming there is evidence of positive selection (i.e. there is an omega > 1),  BUSTED will also perform a quick evidence-ratio \nstyle analysis to explore which individual sites may have been subject to selection. v2.0 adds support for synonymous rate variation, \nand relaxes the test statistic to 0.5 (chi^2_0 + chi^2_2). Version 2.1 adds a grid search for the initial starting point.\nVersion 2.2 changes the grid search to LHC, and adds an initial search phase to use adaptive Nedler-Mead. Version 3.0 implements the option\nfor branch-site variation in synonymous substitution rates. Version 3.1 adds HMM auto-correlation option for SRV, and binds SRV distributions for multiple branch sets\n",
   "requirements":"in-frame codon alignment and a phylogenetic tree (optionally annotated with {})",
   "version":"3.1"
  },
 "background":0,
 "branch attributes":{
   "0":{
     "ENSDNOP00000015250":{
       "MG94xREV with separate rates for branch sets":0.1137453904496207,
       "Nucleotide GTR":0.1134377637547713,
       "original name":"ENSDNOP00000015250",
       "unconstrained":0.1188284772280266
      },
     "ENSPVAP00000010122":{
       "MG94xREV with separate rates for branch sets":0.02282465227932927,
       "Nucleotide GTR":0.02249319266032042,
       "original name":"ENSPVAP00000010122",
       "unconstrained":0.02397857884559282
      },
     "ENSTBEP00000004297":{
       "MG94xREV with separate rates for branch sets":0.07846172836140895,
       "Nucleotide GTR":0.07834865757795635,
       "original name":"ENSTBEP00000004297",
       "unconstrained":0.08066045734897744
      },
     "ENSTSYP00000004968":{
       "MG94xREV with separate rates for branch sets":0.09339275258069045,
       "Nucleotide GTR":0.09196661498319125,
       "original name":"ENSTSYP00000004968",
       "unconstrained":0.09908981707200024
      },
     "ENSTTRP00000002507":{
       "MG94xREV with separate rates for branch sets":0.07604888072851827,
       "Nucleotide GTR":0.0767142419207005,
       "original name":"ENSTTRP00000002507",
       "unconstrained":0.07699237677909
      },
     "LOC100459163_PONAB":{
       "MG94xREV with separate rates for branch sets":0.05490870967621102,
       "Nucleotide GTR":0.05486705722603029,
       "original name":"LOC100459163_PONAB",
       "unconstrained":0.05590432665150578
      }
    },
   "attributes":{
     "MG94xREV with separate rates for branch sets":{
       "attribute type":"branch length",
       "display order":1
      },
     "Nucleotide GTR":{
       "attribute type":"branch length",
       "display order":0
      },
     "original name":{
       "attribute type":"node label",
       "display order":0
      },
     "unconstrained":{
       "attribute type":"branch length",
       "display order":0
      }
    }
  },
 "data partitions":{
   "0":{
     "coverage":      [
[0, 1, 2, 3, 4, 5, 6, 7, 8, 9, 10, 11, 12, 13, 14, 15, 16, 17, 18, 19, 20, 21, 22, 23, 24, 25, 26, 27, 28, 29, 30, 31, 32] 
      ],
     "name":"busted.filter.default"
    }
  },
 "fits":{
   "MG94xREV with separate rates for branch sets":{
     "AIC-c":645.6226383321643,
     "Equilibrium frequencies":      [
[0.005580781489931914],
      [0.01660071297692255],
      [0.01120742035557445],
      [0.01660719730178122],
      [0.01039401711574033],
      [0.03091826747327652],
      [0.02087344204557965],
      [0.03093034430941258],
      [0.007266362183007311],
      [0.02161467765833282],
      [0.01459243218673414],
      [0.02162312046388262],
      [0.003464094362433293],
      [0.01030436979829364],
      [0.006956653246719259],
      [0.01030839473874824],
      [0.003970839755280921],
      [0.01181174557249618],
      [0.007974307967861792],
      [0.01181635930177073],
      [0.007395554987184342],
      [0.02199897735985237],
      [0.014851879374541],
      [0.02200757027486501],
      [0.005170164767176237],
      [0.01537928361791807],
      [0.01038281286552069],
      [0.01538529084611429],
      [0.002464773730204307],
      [0.007331769093987521],
      [0.004949800547756967],
      [0.007334632921141227],
      [0.008561707946856494],
      [0.02546784110333184],
      [0.01719376759244048],
      [0.02547778897457042],
      [0.01594589200457696],
      [0.04743299425117175],
      [0.03202281167293436],
      [0.04745152182550978],
      [0.01114762707682185],
      [0.03315997191611016],
      [0.02238685439351441],
      [0.03317292437366468],
      [0.005314410586583949],
      [0.01580836034318109],
      [0.01067248977466917],
      [0.01581453517097858],
      [0.01724200043701437],
      [0.01724873525209144],
      [0.01079553919768766],
      [0.03211264371759447],
      [0.02167978552319967],
      [0.03212518708330565],
      [0.02244965515330457],
      [0.01515613952789484],
      [0.02245842410540811],
      [0.003597912727842745],
      [0.01070242879401152],
      [0.007225389565305689],
      [0.01070660921838087] 
      ],
     "Log Likelihood":-290.4684566617272,