{
 "Evidence Ratios":{
  },
 "Site Log Likelihood":{
   "unconstrained":    [
[-7.520237526723361, -4.738043605958544, -12.91786514381728, -19.70405775557731, -15.98454395985567, -5.682716862167351, -15.54385153889189, -14.65314491988538, -18.20047136218295, -12.83592922500332, -13.63559370325055, -11.27371276730679, -15.52772690249857, -8.151931714882299, -27.82792510408022, -10.43410872016819, -13.53342371370219, -12.74607542237783, -9.420850499869381, -25.99714017827989, -22.4966113395136, -4.445978492538281, -18.39626006110618, -17.53667905934653, -14.60465043506583, -11.98399980976514, -23.48976367175175, -19.4448237571268, -8.265879224847161, -12.88732946848546, -15.97522297718735, -16.95638401263075, -16.97389693427349, -15.65802725643539, -8.322685431885123, -7.733486033135823, -10.8845039356282, -16.66071912967192, -8.965944340479572, -17.7729979640769, -24.90468014909692, -13.74139427276891, -16.63788336099443, -11.87899559204676, -20.89928346556715, -9.392285939811162, -8.141129461109706, -8.981070699660894, -11.52088901429598, -12.6236747670823, -17.37826715674823, -10.47307960470995, -11.69813814313631, -4.887905055058804, -15.25545844831501, -4.129766243329192, -3.956598432464957, -8.191901867082978, -9.367725912770842, -5.091474996650992, -6.235891642941617, -7.180954823801819, -14.75078507493569, -10.87223449732673, -15.7805313474178, -9.010010407177633] 
    ]
  },
 "Synonymous site-posteriors":  [
[0.5802884705516462, 0.7018053513065728, 0.6480865957556639, 0.2067041072377512, 0.8262862704812816, 0.8122194260956204, 0.8695476300169706, 0.918492737855965, 0.8502426099765494, 0.9037459438727432, 0.8908981498442905, 0.857886601652506, 0.4913022433878981, 0.6513828567522263, 0.231052814065798, 0.8404495049463624, 0.9336393832503248, 0.8870893164190953, 0.8846007609275588, 0.0525463473985851, 0.06015530966361387, 0.5601707694225527, 0.6946368138354651, 0.8418256134792726, 0.8886684789175047, 0.5775678355542472, 0.113877879657697, 0.3475379523767991, 0.8980280352696578, 0.9139132612627981, 0.9181301937538126, 0.4423751968109666, 0.6484334520652771, 0.7765494571046214, 0.7281010660582409, 0.6561273674733179, 0.5239323199993778, 0.2169098814576695, 0.4878112875904466, 0.08284308224521338, 0.03624163170860064, 0.2240045318885793, 0.4273163090934313, 0.5332330800173808, 0.04567036609005962, 0.5224639414226375, 0.5970134975062475, 0.5720992140550869, 0.163546441062507, 0.4844032913901769, 0.1962125227842045, 0.5027185595137877, 0.1868440084657705, 0.7354567386541213, 0.2520262709454978, 0.7443409007300348, 0.7379422660515166, 0.6651600809101119, 0.7515234363196316, 0.8511375191519683, 0.6488706540096235, 0.3930562921029581, 0.2658233898167558, 0.4190632588167181, 0.1597294587759141, 0.4415308928345774],
  [0, 0, 0, 0, 0, 0, 0, 0, 0, 0, 0, 0, 0, 0, 0, 0, 0, 0, 0, 0, 0, 0, 0, 0, 0, 0, 0, 0, 0, 0, 0, 0, 0, 0, 0, 0, 0, 0, 0, 0, 0, 0, 0, 0, 0, 0, 0, 0, 0, 0, 0, 0, 0, 0, 0, 0, 0, 0, 0, 0, 0, 0, 0, 0, 0, 0],
  [0.4197115294483537, 0.2981946486934272, 0.351913404244336, 0.7932958927622489, 0.1737137295187184, 0.1877805739043796, 0.1304523699830294, 0.08150726214403517, 0.1497573900234507, 0.09625405612725677, 0.1091018501557095, 0.142113398347494, 0.508697756612102, 0.3486171432477737, 0.7689471859342021, 0.1595504950536376, 0.06636061674967515, 0.1129106835809047, 0.1153992390724414, 0.947453652601415, 0.9398446903363861, 0.4398292305774473, 0.305363186164535, 0.1581743865207273, 0.1113315210824954, 0.4224321644457529, 0.886122120342303, 0.6524620476232008, 0.1019719647303422, 0.08608673873720191, 0.08186980624618737, 0.5576248031890333, 0.3515665479347229, 0.2234505428953786, 0.2718989339417591, 0.3438726325266822, 0.4760676800006223, 0.7830901185423303, 0.5121887124095535, 0.9171569177547867, 0.9637583682913993, 0.7759954681114206, 0.5726836909065687, 0.4667669199826193, 0.9543296339099404, 0.4775360585773623, 0.4029865024937525, 0.427900785944913, 0.836453558937493, 0.5155967086098231, 0.8037874772157955, 0.4972814404862123, 0.8131559915342295, 0.2645432613458786, 0.747973729054502, 0.2556590992699651, 0.2620577339484834, 0.3348399190898882, 0.2484765636803682, 0.1488624808480316, 0.3511293459903767, 0.606943707897042, 0.7341766101832442, 0.5809367411832819, 0.8402705412240858, 0.5584691071654226] 
  ],
 "analysis":{
   "authors":"Sergei L Kosakovsky Pond",
   "citation":"*Gene-wide identification of episodic selection*, Mol Biol Evol. 32(5):1365-71",
   "contact":"spond@temple.edu",
   "info":"BUSTED (branch-site unrestricted statistical test of episodic diversification) uses a random effects branch-site model fitted \njointly to all or a subset of tree branches in order to test for alignment-wide evidence of episodic diversifying selection. \nAssuming there is evidence of positive selection (i.e. there is an omega > 1),  BUSTED will also perform a quick evidence-ratio \nstyle analysis to explore which individual sites may have been subject to selection. v2.0 adds support for synonymous rate variation, \nand relaxes the test statistic to 0.5 (chi^2_0 + chi^2_2). Version 2.1 adds a grid search for the initial starting point.\nVersion 2.2 changes the grid search to LHC, and adds an initial search phase to use adaptive Nedler-Mead. Version 3.0 implements the option\nfor branch-site variation in synonymous substitution rates. Version 3.1 adds HMM auto-correlation option for SRV, and binds SRV distributions for multiple branch sets\n",
   "requirements":"in-frame codon alignment and a phylogenetic tree (optionally annotated with {})",
   "version":"3.1"
  },
 "background":0,
 "branch attributes":{
   "0":{
     "2410002F23RIK_MOUSE":{
       "MG94xREV with separate rates for branch sets":0,
       "Nucleotide GTR":0.008905587625234395,
       "original name":"2410002F23RIK_MOUSE",
       "unconstrained":0
      },
     "ENSAMEP00000020493":{
       "MG94xREV with separate rates for branch sets":0.07146116383529659,
       "Nucleotide GTR":0.04471360316134337,
       "original name":"ENSAMEP00000020493",
       "unconstrained":0.07377465409632969
      },
     "ENSCAFP00000004317":{
       "MG94xREV with separate rates for branch sets":0.0165635570349161,
       "Nucleotide GTR":0.0215529368029856,
       "original name":"ENSCAFP00000004317",
       "unconstrained":0.01773590116755452
      },
     "ENSECAP00000004292":{
       "MG94xREV with separate rates for branch sets":0.1545756154862497,
       "Nucleotide GTR":0.0989533595932784,
       "original name":"ENSECAP00000004292",
       "unconstrained":0.1672934447836738
      },
     "ENSLAFP00000019859":{
       "MG94xREV with separate rates for branch sets":0.4051838399273099,
       "Nucleotide GTR":0.2179136284964721,
       "original name":"ENSLAFP00000019859",
       "unconstrained":0.5339527085016746
      },
     "ENSOANP00000026556":{
       "MG94xREV with separate rates for branch sets":0.6431649600528968,
       "Nucleotide GTR":0.3086434313466604,
       "original name":"ENSOANP00000026556",
       "unconstrained":0.949984914446784
      },
     "ENSSTOP00000023350":{
       "MG94xREV with separate rates for branch sets":0.1490447834986709,
       "Nucleotide GTR":0.1023791022177134,
       "original name":"ENSSTOP00000023350",
       "unconstrained":0.1570383271898095
      },
     "ENSXETP00000059134":{
       "MG94xREV with separate rates for branch sets":0.5532268479615878,
       "Nucleotide GTR":0.2412769682657453,
       "original name":"ENSXETP00000059134",
       "unconstrained":0.745422287065206
      },
     "FV1_RAT":{
       "MG94xREV with separate rates for branch sets":0.06037604201099629,
       "Nucleotide GTR":0.0493651617838885,
       "original name":"FV1_RAT",
       "unconstrained":0.06036233797750497
      },
     "NODE_10":{
       "MG94xREV with separate rates for branch sets":0.02846449827278352,
       "Nucleotide GTR":0.02936015244863381,
       "unconstrained":0.0267201515269344
      },