{
 "Evidence Ratios":{
  },
 "Site Log Likelihood":{
   "unconstrained":    [
[-3.900994343409192, -4.789547668234713, -4.789547668234713, -4.520244411764179, -4.520244411764179, -4.491411182935199, -4.520244411764179, -4.520244411764179, -4.491411182935199, -3.920810569633601, -4.422788909797745, -4.383722123163126, -3.900994343409192, -3.94617221081557, -3.790541773577754, -4.145644959026782, -3.807137750400883, -3.526394890671796, -3.487328104037177, -4.28467941944147, -3.761708544748774, -4.18173720313828, -3.835719640984131, -4.246760567317609, -3.907105424180953, -4.426387818755869, -3.861927556774575, -4.789547668234713, -4.491411182935199, -3.665429351086483, -5.078099141190206, -13.58557508631068, -9.878897638221042, -5.96768327260331, -20.86157242521806, -11.92300335331772, -5.273333025238566, -11.66349115753459, -7.706726226395688, -18.81568392834651, -13.83251801328, -23.12993536032639, -5.113056179099975, -16.2347780678567, -9.963573037736197, -16.64633123038196, -13.57796707632461, -15.91875382953661, -5.018019639929109, -9.584917810772328, -12.38764319758506, -20.75945915436306, -13.6427203810841, -5.009620325528627, -8.681891075897468, -5.093837938678525, -11.47753308271, -18.30087922128186, -22.46468506356747, -5.201924405883235, -5.057678110956479] 
    ]
  },
 "Synonymous site-posteriors":  [
[0.1909480191931143, 0.1909480191931142, 0.1909480191931142, 0.190948019193114, 0.190948019193114, 0.1909480191931141, 0.190948019193114, 0.190948019193114, 0.1909480191931141, 0.1909480191931142, 0.1909480191931141, 0.1909480191931139, 0.1909480191931143, 0.1909480191931139, 0.1909480191931138, 0.1909480191931139, 0.1909480191931142, 0.190948019193114, 0.1909480191931142, 0.1909480191931141, 0.1909480191931141, 0.1909480191931144, 0.190948019193114, 0.1909480191931142, 0.1909480191931141, 0.1909480191931141, 0.1909480191931139, 0.1909480191931142, 0.1909480191931141, 0.1909480191931143, 0.003999543492464987, 0.1187469500325388, 0.02462802834552708, 0.0009974199292713075, 0.8253234623988522, 0.03488756026245386, 0.007406285151116696, 0.131798418576905, 0.03264366899974341, 0.3489370255846922, 0.1431091624244766, 0.8306413457392213, 0.005342001251040225, 0.1374617673835652, 0.09794703164863128, 0.2845649882116861, 0.06226965971960585, 0.2579178594954008, 0.007211218460721391, 0.01960974373001747, 0.1164775197040998, 0.8982749717110416, 0.2331336193785488, 0.007385754773103275, 0.01739832959710091, 0.005754674527677175, 0.04620592836779234, 0.2813325381904213, 0.9341371978126195, 0.001620506816463519, 0.002815273687144625],
  [0.183413628261418, 0.1834136282614179, 0.1834136282614179, 0.1834136282614182, 0.1834136282614182, 0.183413628261418, 0.1834136282614182, 0.1834136282614182, 0.183413628261418, 0.1834136282614182, 0.1834136282614181, 0.183413628261418, 0.183413628261418, 0.183413628261418, 0.1834136282614182, 0.1834136282614181, 0.1834136282614181, 0.1834136282614182, 0.183413628261418, 0.1834136282614182, 0.1834136282614182, 0.1834136282614181, 0.1834136282614181, 0.1834136282614182, 0.1834136282614181, 0.1834136282614181, 0.1834136282614181, 0.1834136282614179, 0.183413628261418, 0.1834136282614182, 0.6353165421218915, 0, 0, 0.7625003675901406, 0, 0, 0.5664744240967065, 0, 0, 0, 0, 0, 0.6164992092428628, 0, 0, 0, 0, 0, 0.560466326182349, 0, 0, 0, 0, 0.5779206842444006, 0, 0.5779050569654032, 0, 0, 0, 0.7209529971370543, 0.6660408554655386],
  [0.6256383525454677, 0.6256383525454678, 0.6256383525454678, 0.625638352545468, 0.625638352545468, 0.6256383525454677, 0.625638352545468, 0.625638352545468, 0.6256383525454677, 0.6256383525454676, 0.6256383525454677, 0.6256383525454683, 0.6256383525454677, 0.6256383525454681, 0.6256383525454681, 0.6256383525454681, 0.6256383525454676, 0.6256383525454678, 0.6256383525454677, 0.6256383525454677, 0.6256383525454676, 0.6256383525454675, 0.6256383525454676, 0.6256383525454677, 0.6256383525454678, 0.6256383525454677, 0.625638352545468, 0.6256383525454678, 0.6256383525454677, 0.6256383525454676, 0.3606839143856435, 0.8812530499674612, 0.9753719716544729, 0.2365022124805881, 0.1746765376011478, 0.9651124397375462, 0.4261192907521768, 0.868201581423095, 0.9673563310002564, 0.6510629744153078, 0.8568908375755235, 0.1693586542607786, 0.378158789506097, 0.8625382326164348, 0.9020529683513687, 0.7154350117883139, 0.9377303402803941, 0.7420821405045991, 0.4323224553569296, 0.9803902562699824, 0.8835224802959002, 0.1017250282889584, 0.7668663806214512, 0.4146935609824962, 0.982601670402899, 0.4163402685069196, 0.9537940716322076, 0.7186674618095787, 0.06586280218738053, 0.2774264960464821, 0.3311438708473167] 
  ],
 "analysis":{
   "authors":"Sergei L Kosakovsky Pond",
   "citation":"*Gene-wide identification of episodic selection*, Mol Biol Evol. 32(5):1365-71",
   "contact":"spond@temple.edu",
   "info":"BUSTED (branch-site unrestricted statistical test of episodic diversification) uses a random effects branch-site model fitted \njointly to all or a subset of tree branches in order to test for alignment-wide evidence of episodic diversifying selection. \nAssuming there is evidence of positive selection (i.e. there is an omega > 1),  BUSTED will also perform a quick evidence-ratio \nstyle analysis to explore which individual sites may have been subject to selection. v2.0 adds support for synonymous rate variation, \nand relaxes the test statistic to 0.5 (chi^2_0 + chi^2_2). Version 2.1 adds a grid search for the initial starting point.\nVersion 2.2 changes the grid search to LHC, and adds an initial search phase to use adaptive Nedler-Mead. Version 3.0 implements the option\nfor branch-site variation in synonymous substitution rates. Version 3.1 adds HMM auto-correlation option for SRV, and binds SRV distributions for multiple branch sets\n",
   "requirements":"in-frame codon alignment and a phylogenetic tree (optionally annotated with {})",
   "version":"3.1"
  },
 "background":0,
 "branch attributes":{
   "0":{
     "ENSCJAP00000045623":{
       "MG94xREV with separate rates for branch sets":0.1294585803699765,
       "Nucleotide GTR":0.1279270110985611,
       "original name":"ENSCJAP00000045623",
       "unconstrained":0.144204196770343
      },
     "ENSCJAP00000052139":{
       "MG94xREV with separate rates for branch sets":0.04605006295360479,
       "Nucleotide GTR":0.04694994245300957,
       "original name":"ENSCJAP00000052139",
       "unconstrained":0.05669771837141039
      },
     "ENSCJAP00000052305":{
       "MG94xREV with separate rates for branch sets":0.07978774899388075,
       "Nucleotide GTR":0.08044402287366734,
       "original name":"ENSCJAP00000052305",
       "unconstrained":0.08981785059450398
      },
     "ENSCJAP00000052419":{
       "MG94xREV with separate rates for branch sets":0.05260138728108779,
       "Nucleotide GTR":0.05208881434232972,
       "original name":"ENSCJAP00000052419",
       "unconstrained":0.06031545693896663
      },
     "ENSGGOP00000020358":{
       "MG94xREV with separate rates for branch sets":0.09535727536108722,
       "Nucleotide GTR":0.09460010083660671,
       "original name":"ENSGGOP00000020358",
       "unconstrained":0.1170696664712955
      },
     "ENSGGOP00000020394":{
       "MG94xREV with separate rates for branch sets":0.02290658670316473,
       "Nucleotide GTR":0.02272787441831203,
       "original name":"ENSGGOP00000020394",
       "unconstrained":0.02828332346389189
      },
     "ENSGGOP00000020768":{
       "MG94xREV with separate rates for branch sets":0.03430209386468731,
       "Nucleotide GTR":0.03405257215590574,
       "original name":"ENSGGOP00000020768",
       "unconstrained":0.03809846557695374
      },
     "ENSMMUP00000020692":{
       "MG94xREV with separate rates for branch sets":0.1579355668843792,
       "Nucleotide GTR":0.1551381841730023,
       "original name":"ENSMMUP00000020692",
       "unconstrained":0.1885411963762885
      },