{
 "Evidence Ratios":{
  },
 "Site Log Likelihood":{
   "unconstrained":    [
[-12.17342142819293, -5.158902775651657, -5.049043147637803, -7.144904595243112, -5.062345002932453, -12.21772368905566, -10.77266186666163, -9.065466619352176, -13.62843033969324, -19.33966898568426, -6.673021570396409, -7.454007377844693, -16.98162290279623, -13.5945182078474, -13.60988267582051, -7.566662366581451, -17.90740085339537, -19.81366484308536, -11.8251147692014, -24.28642404309913, -9.517799307342498, -11.69779246082463, -8.688580015067448, -8.606888218143339, -16.53984468307956, -6.915334793538037, -8.027920858302531, -9.017674784486811, -7.354990661766568, -4.30478675301926, -16.05296249875077, -9.153791789838641, -19.88835080922199, -17.73030404542116, -14.65496506767049, -12.45843118453591, -11.66637420008791, -8.01568718529958, -15.82895339743648, -10.51324009909648, -16.93689422577636, -10.64162261126323, -9.604634559504946, -18.19909998507199, -10.9297670688438, -9.82288985248101, -11.2675136040347, -12.0297201812759, -25.08476445018611, -14.60531225240499, -6.438524464745341, -9.148722985475755, -4.000406869666328, -16.38985884831564, -5.336922716453224, -13.50942875348898, -7.401649403036309, -9.624959921179238, -13.99035642382348, -4.30478675301926, -9.515365719883162, -11.47366203292828, -10.2299241912086, -15.2497631033519, -11.89034056758603, -9.815156353000924, -21.66962181503977, -11.78407260910254, -9.420645901474197, -13.80142295062359, -10.02436004035993, -12.91905294488823, -6.649052057135446, -7.612564620134102, -5.510475182985601, -14.91877402905715] 
    ]
  },
 "Synonymous site-posteriors":  [
[0.775597561350348, 0.7858296786112928, 0.7858380458535769, 0.7823346737044987, 0.7847254146902635, 0.7797047892639356, 0.7828706632964253, 0.7846128125787907, 0.7714527474708102, 0.7293577490662196, 0.7882436316636163, 0.7841579522548885, 0.7606160521227542, 0.7791840143126572, 0.7819687101218256, 0.7839477016062506, 0.7614082591188696, 0.7587658326184726, 0.781742619707526, 0.6211378042694531, 0.7876703218406085, 0.7848448018627051, 0.78384327349372, 0.7838157428864966, 0.7415050257136042, 0.7842411600670314, 0.7870332892455945, 0.7662355298857315, 0.7856804748133599, 0.7827137510265836, 0.7615767894619204, 0.7850919606398179, 0.7488433024441911, 0.7561174465901738, 0.7760187347449055, 0.7634376340131562, 0.777503405757676, 0.7839093035662886, 0.7776024399663716, 0.7847549507887178, 0.7396604806534717, 0.7755679283041554, 0.7748867896327029, 0.7721625188450881, 0.7811176658864163, 0.7772078110043605, 0.7850298349425704, 0.7800373290251195, 0.6831446527654774, 0.7776085879464887, 0.7879792839334749, 0.7821716921124593, 0.7801318520056145, 0.7757982149608316, 0.7866968526502803, 0.7776461342785983, 0.7831535453319446, 0.7830536163178834, 0.7737556797190344, 0.7827137510265836, 0.7868682128592875, 0.7796929318404913, 0.7862302970248075, 0.7701706878029723, 0.7798034457235231, 0.7861969818775564, 0.7361195404444006, 0.7862324421998106, 0.7844331647853519, 0.7783497644453602, 0.7808969140076588, 0.7786855928626576, 0.7884558420450996, 0.7839154105139451, 0.7870550262536536, 0.7729309348657255],
  [0.2058071106713119, 0.2086791688841176, 0.2086814885301095, 0.2076730648929965, 0.2083638536465343, 0.2069269605082502, 0.2078226575589875, 0.2083099229726573, 0.2046632168617162, 0.1933788329911076, 0.209391738435134, 0.2081794373190917, 0.2017484365927385, 0.2067892714659932, 0.2075485941430663, 0.2081224994761219, 0.2019629402485755, 0.2012288818328952, 0.2074824346407237, 0.1645660737927439, 0.2091945857467765, 0.2083529566296555, 0.2080933206692388, 0.2080861107230244, 0.1966146055825695, 0.2082037824392825, 0.2089988160438121, 0.2032825604379693, 0.2086095946539225, 0.2078030107016482, 0.202009036152798, 0.2084412073972117, 0.1985739726447992, 0.2005199875766606, 0.2059252443021436, 0.2025050476394426, 0.2063248843727499, 0.2081129723066202, 0.2063294897225943, 0.2083480575988415, 0.196122379170062, 0.205799874672925, 0.2056399365653824, 0.2048556109559594, 0.2073143454496902, 0.2062457538394876, 0.2084269415632993, 0.2070182396765795, 0.1810557664529595, 0.2063561439420872, 0.2093100619408498, 0.2076311733695825, 0.2070926947428955, 0.2058402305972387, 0.208928598019131, 0.2063671352869426, 0.2079028905856991, 0.2078741301932659, 0.2052823425514181, 0.2078030107016482, 0.2089522417763293, 0.206923169624037, 0.2087675548123904, 0.2043394663632688, 0.2069546931026765, 0.2087590581458632, 0.1951822947917326, 0.2087693731339625, 0.2082596260715825, 0.2065608090659068, 0.20725253334207, 0.2066496474780247, 0.2094580184747935, 0.2081132037696323, 0.20903287654062, 0.2050833786947661],
  [0.01859532797834004, 0.00549115250458956, 0.005480465616313587, 0.009992261402504877, 0.006910731663202229, 0.01336825022781426, 0.009306679144587167, 0.007077264448551964, 0.02388403566747362, 0.0772634179426729, 0.002364629901249622, 0.007662610426019727, 0.03763551128450731, 0.01402671422134969, 0.01048269573510788, 0.007929798917627415, 0.03662880063255503, 0.04000528554863214, 0.01077494565175013, 0.2142961219378029, 0.003135092412615024, 0.006802241507639304, 0.008063405837041373, 0.00809814639047912, 0.06188036870382615, 0.007555057493686079, 0.003967894710593516, 0.03048190967629928, 0.005709930532717677, 0.009483238271768149, 0.03641417438528156, 0.006466831962970435, 0.0525827249110098, 0.04336256583316556, 0.01805602095295092, 0.03405731834740114, 0.01617170986957409, 0.007977724127091291, 0.01606807031103426, 0.006896991612440661, 0.06421714017646632, 0.0186321970229197, 0.01947327380191477, 0.02298187019895251, 0.01156798866389347, 0.01654643515615183, 0.006543223494130263, 0.01294443129830103, 0.1357995807815631, 0.01603526811142421, 0.002710654125675095, 0.01019713451795819, 0.01277545325149009, 0.01836155444192973, 0.004374549330588683, 0.015986730434459, 0.008943564082356489, 0.009072253488850586, 0.02096197772954762, 0.009483238271768149, 0.004179545364383108, 0.01338389853547179, 0.005002148162802055, 0.02548984583375903, 0.01324186117380039, 0.005043959976580543, 0.06869816476386674, 0.004998184666226957, 0.007307209143065466, 0.01508942648873286, 0.01185055265027115, 0.0146647596593176, 0.002086139480106987, 0.007971385716422674, 0.003912097205726407, 0.02198568643950819] 
  ],
 "analysis":{
   "authors":"Sergei L Kosakovsky Pond",
   "citation":"*Gene-wide identification of episodic selection*, Mol Biol Evol. 32(5):1365-71",
   "contact":"spond@temple.edu",
   "info":"BUSTED (branch-site unrestricted statistical test of episodic diversification) uses a random effects branch-site model fitted \njointly to all or a subset of tree branches in order to test for alignment-wide evidence of episodic diversifying selection. \nAssuming there is evidence of positive selection (i.e. there is an omega > 1),  BUSTED will also perform a quick evidence-ratio \nstyle analysis to explore which individual sites may have been subject to selection. v2.0 adds support for synonymous rate variation, \nand relaxes the test statistic to 0.5 (chi^2_0 + chi^2_2). Version 2.1 adds a grid search for the initial starting point.\nVersion 2.2 changes the grid search to LHC, and adds an initial search phase to use adaptive Nedler-Mead. Version 3.0 implements the option\nfor branch-site variation in synonymous substitution rates. Version 3.1 adds HMM auto-correlation option for SRV, and binds SRV distributions for multiple branch sets\n",
   "requirements":"in-frame codon alignment and a phylogenetic tree (optionally annotated with {})",
   "version":"3.1"
  },
 "background":0,
 "branch attributes":{
   "0":{
     "ENSETEP00000004317":{
       "MG94xREV with separate rates for branch sets":0.05342353676630911,
       "Nucleotide GTR":0.05366275696246255,
       "original name":"ENSETEP00000004317",
       "unconstrained":0.05345908685257302
      },
     "ENSFCAP00000002547":{
       "MG94xREV with separate rates for branch sets":0.05871671686649036,