{
 "Evidence Ratios":{
  },
 "Site Log Likelihood":{
   "unconstrained":    [
[-15.94745996615321, -16.62968039994217, -11.38041589920543, -11.10257827069161, -8.814796082570853, -13.73876738187607, -9.612803969171525, -15.11528654429041, -13.55257162074571, -8.310139815383776, -14.76555857841394, -5.62199830091643, -11.12226482456969, -15.73470524780968, -4.943811908190135, -5.110690512744065, -7.221974241517185, -13.74750973658029, -8.485580330821616, -14.51343059146017, -4.747822766797775, -14.89700671277689, -18.64038636352599, -12.02040818012395, -9.598206386951077, -4.689893907397975, -5.480551796781524, -4.949493587773643, -10.93594710788349, -8.269074539028816, -19.48540956888721, -9.667837433073821, -8.843422400323833, -9.458898195712971, -5.766875163795806, -5.918013656428186, -19.05963331508481, -10.3497452026065, -15.47781180970356, -13.23674733356509, -10.54509557645924, -16.10135270126667, -4.747822766797775, -14.67817081184422, -4.389186956333263, -13.067469042066, -12.33457758691431, -10.84426983563801, -10.88886548927429, -8.72711643292795, -9.480624290300772, -5.135894188968066, -5.389648649956955, -9.833766007262831, -5.437607723808818, -5.964660945171875, -5.565801760877251, -11.93223020835589] 
    ]
  },
 "Synonymous site-posteriors":  [
[0.02300079169128627, 0.005944865222935294, 0.2464526253744713, 0.09558462638525464, 0.2110017195922876, 0.08343225746372959, 0.210060878173965, 0.09531942421655203, 0.05466656073821383, 0.2213981146447286, 0.02525263617529084, 0.3468872385143643, 0.0699228200047786, 0.005495411485676582, 0.3379664252430658, 0.272415957077634, 0.2183856800200964, 0.0799114796374709, 0.2388855639348677, 0.02397013870977382, 0.3457273878099048, 0.02404878753971674, 0.006675601271265049, 0.0690478538668291, 0.2002658718028332, 0.3338380973111262, 0.3287998923771207, 0.317351222474009, 0.1835610807338602, 0.1527344915301237, 0.004529138898565245, 0.2310557463987359, 0.1841490448307178, 0.207775128206775, 0.3505405568689764, 0.3376557202206132, 0.02532236308557265, 0.260577000794161, 0.03013474160881333, 0.03410330718711511, 0.2380998845782892, 0.006480975436995147, 0.3457273878099048, 0.03003154776715043, 0.17584371564566, 0.1930832212548826, 0.08160246532608122, 0.07440726039920277, 0.07996377478796536, 0.238976472910923, 0.1952696791915055, 0.3093650167393244, 0.3653181681884841, 0.1774852270324042, 0.3608495402378136, 0.3755418342033878, 0.3515133992657322, 0.1030073028991014],
  [0.949862293383771, 0.9872047932631405, 0.4478001716641228, 0.7887405547481138, 0.5280317700056901, 0.8157316791753588, 0.5301446960369246, 0.7893165048509719, 0.8796284124640676, 0.5045818465494541, 0.9449332872909372, 0.213799784726478, 0.845730486521942, 0.9881766404275296, 0.2343685119989508, 0.3850435413112163, 0.5113277646641332, 0.8235662811640538, 0.4649469754635041, 0.9477386211550051, 0.2163725206144688, 0.9475674176670369, 0.9856231615444235, 0.8476934269053015, 0.5521843209165842, 0.243903979667846, 0.2555523396402692, 0.2819025997276289, 0.5897910127580936, 0.6592107132095698, 0.9902646478440856, 0.4826327632921568, 0.5885776709860581, 0.5352405181728884, 0.2053045204809154, 0.235184452480483, 0.944785314811713, 0.4158447002534151, 0.9342284447973402, 0.9255171494593818, 0.4667763787449297, 0.9860446983458383, 0.2163725206144688, 0.9344548044937611, 0.6047368404583122, 0.568432293492373, 0.8198076856238269, 0.8357862211802553, 0.8234355439215654, 0.4647669048457214, 0.5634680597126752, 0.3003758800804394, 0.1708372100608487, 0.6035751205622307, 0.1812720106447394, 0.1469214986195269, 0.2030213962108793, 0.772238441788056],
  [0.02713691492494271, 0.006850341513924169, 0.3057472029614059, 0.1156748188666314, 0.2609665104020222, 0.1008360633609114, 0.2597944257891103, 0.1153640709324758, 0.06570502679771838, 0.2740200388058171, 0.02981407653377196, 0.4393129767591576, 0.08434669347327942, 0.006327948086793829, 0.4276650627579834, 0.3425405016111495, 0.2702865553157705, 0.09652223919847529, 0.2961674606016283, 0.02829124013522115, 0.4379000915756263, 0.02838379479324636, 0.007701237184311444, 0.08325871922786938, 0.2475498072805826, 0.4222579230210278, 0.4156477679826101, 0.400746177798362, 0.2266479065080461, 0.1880547952603065, 0.00520621325734903, 0.2863114903091073, 0.227273284183224, 0.2569843536203365, 0.4441549226501081, 0.4271598272989038, 0.02989232210271444, 0.323578298952424, 0.03563681359384627, 0.04037954335350295, 0.2951237366767811, 0.007474326217166512, 0.4379000915756263, 0.03551364773908837, 0.2194194438960278, 0.2384844852527444, 0.0985898490500921, 0.08980651842054201, 0.09660068129046931, 0.2962566222433555, 0.2412622610958192, 0.3902591031802362, 0.4638446217506672, 0.2189396524053649, 0.4578784491174469, 0.4775366671770854, 0.4454652045233884, 0.1247542553128428] 
  ],
 "analysis":{
   "authors":"Sergei L Kosakovsky Pond",
   "citation":"*Gene-wide identification of episodic selection*, Mol Biol Evol. 32(5):1365-71",
   "contact":"spond@temple.edu",
   "info":"BUSTED (branch-site unrestricted statistical test of episodic diversification) uses a random effects branch-site model fitted \njointly to all or a subset of tree branches in order to test for alignment-wide evidence of episodic diversifying selection. \nAssuming there is evidence of positive selection (i.e. there is an omega > 1),  BUSTED will also perform a quick evidence-ratio \nstyle analysis to explore which individual sites may have been subject to selection. v2.0 adds support for synonymous rate variation, \nand relaxes the test statistic to 0.5 (chi^2_0 + chi^2_2). Version 2.1 adds a grid search for the initial starting point.\nVersion 2.2 changes the grid search to LHC, and adds an initial search phase to use adaptive Nedler-Mead. Version 3.0 implements the option\nfor branch-site variation in synonymous substitution rates. Version 3.1 adds HMM auto-correlation option for SRV, and binds SRV distributions for multiple branch sets\n",
   "requirements":"in-frame codon alignment and a phylogenetic tree (optionally annotated with {})",
   "version":"3.1"
  },
 "background":0,
 "branch attributes":{
   "0":{
     "ENSCJAP00000042361":{
       "MG94xREV with separate rates for branch sets":0.09208105375821717,
       "Nucleotide GTR":0.08747325030724712,
       "original name":"ENSCJAP00000042361",
       "unconstrained":0.09862731397685223
      },
     "ENSGGOP00000010915":{
       "MG94xREV with separate rates for branch sets":0.006017150346450867,
       "Nucleotide GTR":0.005893654329223831,
       "original name":"ENSGGOP00000010915",
       "unconstrained":0.006065042102378269
      },
     "ENSNLEP00000000789":{
       "MG94xREV with separate rates for branch sets":0.0218959291552739,
       "Nucleotide GTR":0.02073134443222557,
       "original name":"ENSNLEP00000000789",
       "unconstrained":0.02221192736961562
      },
     "ENSPPYP00000005981":{
       "MG94xREV with separate rates for branch sets":0.02815318811955802,
       "Nucleotide GTR":0.02676182698021662,
       "original name":"ENSPPYP00000005981",
       "unconstrained":0.02859791279113117
      },
     "ENSPTRP00000009791":{
       "MG94xREV with separate rates for branch sets":0.01204517642947052,
       "Nucleotide GTR":0.01181125674232365,
       "original name":"ENSPTRP00000009791",
       "unconstrained":0.01217461199836159
      },
     "ENSTBEP00000006542":{
       "MG94xREV with separate rates for branch sets":0.1741424324412281,
       "Nucleotide GTR":0.1687961033989754,
       "original name":"ENSTBEP00000006542",
       "unconstrained":0.1821463903151435
      },
     "ENSTSYP00000006811":{
       "MG94xREV with separate rates for branch sets":0.09463777830472166,
       "Nucleotide GTR":0.09527316576543106,
       "original name":"ENSTSYP00000006811",
       "unconstrained":0.1003374486453136
      },
     "NODE_11":{
       "MG94xREV with separate rates for branch sets":0.1073802988055581,
       "Nucleotide GTR":0.105247835013133,