{
 "Evidence Ratios":{
   "constrained":    [
[0.9494551892674264, 0.9699363222513032, 0.9569958011003582, 0.9642927120074503, 0.9990000708555813, 1.060897191188068, 1.003969465538276, 0.9569574730833504, 0.9712447278437992, 1.030874637948821, 0.9665469519446708, 1.778406847871568, 4.174546356095505, 0.9505514145068599, 0.9658455111946771, 0.9480571798092982, 1, 0.9999999999999996, 1, 0.9578636682301953, 0.9539360683005189, 0.9525645186112149, 0.9438732714592442, 0.9594237958182144, 0.9524286303338749, 0.9891345661768628, 0.9400518510396243, 0.9585566177667438, 0.9683181147448264, 0.9558553461500225, 0.9500032037066821, 0.952373791048006, 0.9633069777668903, 0.9860440772785258, 0.9445514232076246, 1, 1, 1.000000000000001, 1.000000000000001, 1, 0.9999999999999991] 
    ],
   "optimized null":    [
[1.051586081257869, 1.068792640870239, 1.034827836664619, 0.9452030138420353, 0.6393543226211651, 0.7379199236729762, 1.133041799903143, 1.050723544593007, 0.8587368084852902, 0.9641182047454209, 0.9189604402643157, 0.9078204796074971, 1.37976947899527, 1.055508218285949, 0.9952741362243127, 1.080163657971308, 0.9999999999999964, 1.000000000000001, 1.000000000000004, 1.113527258929364, 0.9870471202972382, 1.198369718687837, 1.058780483495594, 1.008313067638546, 1.207459671085612, 1.728444553400835, 0.8380765205351437, 1.253853217807599, 0.8307383318851472, 1.168106881861901, 1.115722244724151, 0.8476929537877307, 0.9063045194086954, 0.7262051884726846, 1.245772581765301, 1.000000000000003, 1.000000000000004, 0.9999999999999973, 1, 1, 1.000000000000003] 
    ]
  },
 "Site Log Likelihood":{
   "constrained":    [
[-13.98576370083499, -15.31211849863744, -12.36519375638949, -5.111148180580638, -20.17837615954802, -14.6664408223992, -15.36669566124595, -17.62703550696245, -13.34366716323801, -16.43470993477684, -20.03491890872941, -19.69672637201368, -14.9853571441372, -12.41125154862362, -12.17507692415463, -10.34266855384135, -3.792564809718811, -2.934580053899417, -4.94041429893206, -18.16134477051389, -15.58874750268586, -19.04253741050583, -14.34219756172925, -6.174410245387223, -10.92575686449977, -23.68487574265448, -20.73472352061454, -16.3371014143792, -38.78128515033954, -10.03904003798469, -17.89450526592196, -16.87017358787529, -21.32071909461181, -21.70225843075007, -14.98363289891667, -3.108888543402152, -3.547170764949841, -3.721479254452581, -4.846722281512907, -3.129024409544439, -5.553005009982485] 
    ],
   "optimized null":    [
[-14.08793022271952, -15.40917299380383, -12.44338510298746, -5.091153022782761, -19.73208010616945, -14.30340590071739, -15.48763992773311, -17.72051085016292, -13.22055117190885, -16.36776095695499, -19.98443210683475, -19.02429980816184, -13.87826788996998, -12.51598694950648, -12.20509124203611, -10.47312158094733, -3.792564809718808, -2.934580053899418, -4.940414298932064, -18.31192727820797, -15.62286862706642, -19.27209691405028, -14.45707868845042, -6.2241113371996, -11.16301567537166, -24.24302253839574, -20.61989789579237, -16.60564944765386, -38.62803934797342, -10.23957311558553, -18.05529713631879, -16.75373447991706, -21.2597223249741, -21.39638997766743, -15.26043393259904, -3.108888543402154, -3.547170764949845, -3.721479254452577, -4.846722281512906, -3.129024409544439, -5.553005009982488] 
    ],
   "unconstrained":    [
[-14.03763064470961, -15.34264335544062, -12.40915003149323, -5.147508567881228, -20.17937658895509, -14.60732586549426, -15.36273405324937, -17.67103183321847, -13.37284396877047, -16.40430232981316, -20.0689443108901, -19.12100843777319, -13.55635144896064, -12.46196457507617, -12.20982830801333, -10.39600901613288, -3.792564809718811, -2.934580053899417, -4.94041429893206, -18.20439459038877, -15.63590612682532, -19.09113484870633, -14.39996092991328, -6.215832632796584, -10.97449696807168, -23.69580063640121, -20.79654376517347, -16.37942806348427, -38.81347976509768, -10.08418872692273, -17.94579518799238, -16.91897127147259, -21.35810224024933, -21.71631265300649, -15.04067804753976, -3.108888543402152, -3.547170764949841, -3.72147925445258, -4.846722281512906, -3.129024409544439, -5.553005009982486] 
    ]
  },
 "Synonymous site-posteriors":  [
[0.4086684230105302, 0.4117265748277048, 0.3872262247592546, 0.4168921619261218, 0.2397851167532975, 0.3943076278772172, 0.391297309814282, 0.4186117880360863, 0.3366166458459093, 0.3638138863469691, 0.2042322829265623, 0.3006010587872932, 0.4010265842192931, 0.4120697775986448, 0.3926320934333096, 0.4046248229689424, 0.3628137923806133, 0.3628137923806137, 0.3628137923806147, 0.4063165129571211, 0.3609189688121099, 0.400556461554189, 0.4193837370215464, 0.4194880809652651, 0.4057019556307084, 0.03185178882680659, 0.4182726168591489, 0.4127342508228559, 0.1113339700972094, 0.4195404825881194, 0.399612352940356, 0.404325544395863, 0.3028579682743175, 0.3960066047548232, 0.4153569562222945, 0.3628137923806143, 0.3628137923806146, 0.3628137923806143, 0.3628137923806146, 0.3628137923806143, 0.3628137923806161],
  [0.5645382954375764, 0.5684767504483552, 0.535229225315362, 0.5753516727820146, 0.3317471731349104, 0.5448818527199675, 0.5406817440770215, 0.5776025589124172, 0.4655678854373559, 0.5029275385180161, 0.2826203472692876, 0.4156514777390525, 0.5539811682533923, 0.5688826717515714, 0.5427282897188056, 0.5587546810000225, 0.5012549619041043, 0.5012549619041049, 0.501254961904105, 0.5617046387722874, 0.4991637321222308, 0.5536597818752368, 0.5786021588579048, 0.578794093558502, 0.5607241375235578, 0.04414287183713644, 0.5771462184589279, 0.5699484009657709, 0.1541929797877634, 0.5789803929795558, 0.5523928472744687, 0.5587693560291426, 0.4189587377772513, 0.5472189519182019, 0.5738584238810124, 0.5012549619041061, 0.5012549619041047, 0.5012549619041043, 0.5012549619041043, 0.5012549619041053, 0.5012549619041038],
  [0.0267932815518933, 0.01979667472393988, 0.0775445499253835, 0.007756165291863491, 0.4284677101117921, 0.06081051940281536, 0.06802094610869655, 0.003785653051496439, 0.1978154687167347, 0.1332585751350147, 0.5131473698041501, 0.2837474634736544, 0.04499224752731447, 0.01904755064978365, 0.06463961684788469, 0.03662049603103509, 0.1359312457152821, 0.1359312457152815, 0.1359312457152802, 0.03197884827059168, 0.1399172990656592, 0.04578375657057403, 0.002014104120549026, 0.001717825476232848, 0.03357390684573389, 0.924005339336057, 0.00458116468192335, 0.01731734821137324, 0.7344730501150273, 0.001479124432324716, 0.04799479978517548, 0.0369050995749945, 0.2781832939484313, 0.05677444332697477, 0.01078461989669327, 0.1359312457152794, 0.1359312457152807, 0.1359312457152813, 0.1359312457152811, 0.1359312457152803, 0.13593124571528] 
  ],
 "analysis":{
   "authors":"Sergei L Kosakovsky Pond",
   "citation":"*Gene-wide identification of episodic selection*, Mol Biol Evol. 32(5):1365-71",
   "contact":"spond@temple.edu",
   "info":"BUSTED (branch-site unrestricted statistical test of episodic diversification) uses a random effects branch-site model fitted \njointly to all or a subset of tree branches in order to test for alignment-wide evidence of episodic diversifying selection. \nAssuming there is evidence of positive selection (i.e. there is an omega > 1),  BUSTED will also perform a quick evidence-ratio \nstyle analysis to explore which individual sites may have been subject to selection. v2.0 adds support for synonymous rate variation, \nand relaxes the test statistic to 0.5 (chi^2_0 + chi^2_2). Version 2.1 adds a grid search for the initial starting point.\nVersion 2.2 changes the grid search to LHC, and adds an initial search phase to use adaptive Nedler-Mead. Version 3.0 implements the option\nfor branch-site variation in synonymous substitution rates. Version 3.1 adds HMM auto-correlation option for SRV, and binds SRV distributions for multiple branch sets\n",
   "requirements":"in-frame codon alignment and a phylogenetic tree (optionally annotated with {})",
   "version":"3.1"
  },
 "background":0,