{
 "Evidence Ratios":{
  },
 "Site Log Likelihood":{
   "unconstrained":    [
[-5.380463561226537, -5.344964224088119, -5.24494131341361, -8.426572456120917, -7.177136559126778, -4.953308218982842, -11.4584561370537, -7.636726856918085, -5.488240270423999, -9.249977771257551, -8.144923743197019, -9.926568922343527, -5.009268783511993, -17.11427142374464, -8.259831982682002, -8.521836792339426, -7.315134057783077, -5.618224212017561, -17.92055122912272, -4.692240326143974, -5.079600271292992, -5.060279169314312, -9.035024715428124, -4.431715948239663, -14.16864145266054, -13.82630079666485, -4.852895829400258, -8.558753648969763, -8.715921628937162, -9.038726428206539, -12.31424499676684, -7.26945236325343, -11.01554206524771, -7.422218372739988, -8.808704127861938, -10.39633420150925, -4.571941002975001, -8.280792265745889, -21.25994695841594, -8.072569833167202, -5.117485524892092, -7.474722325190699, -4.979963262045509, -8.251742741931025, -10.91887114983131, -10.81043004742495, -5.196386363703961, -7.47911525234659, -4.784868612705817, -7.91902051750549, -4.776572718489726, -15.1720970569753, -8.178327683685582, -5.618224212017561, -5.318375367012738, -5.009268783511993, -10.19770541725419, -8.988129987989128, -9.518049412638915, -10.32252915205723, -9.517356706511697, -5.787924909074927, -12.48437746081623, -4.793437304519315, -15.77725670231021, -10.75441350408744, -5.579537267240412, -13.18438010840324, -7.617960347706917, -5.097344509154095, -5.246513603156357, -10.81352232429144, -16.79831456273483, -10.5539654656845, -20.20542773621139, -7.579604637659776, -13.05595404024878, -4.692240326143974] 
    ]
  },
 "Synonymous site-posteriors":  [
[0.7434421046158485, 0.7347567873643063, 0.7591155653332154, 0.6314494691268513, 0.5888821428397404, 0.7624699346675968, 0.5194235086312065, 0.6472205978014709, 0.7712706187724502, 0.6378454715825549, 0.654744978780346, 0.4774834636125401, 0.7541418789058212, 0.2780003446155334, 0.6161035401445625, 0.6307892051820654, 0.539866446570989, 0.7797622051742678, 0.1504192602886802, 0.7531963947000601, 0.7620928091219292, 0.7574121056052195, 0.6796802551570443, 0.7030832884067615, 0.4822365040793908, 0.4953732684520841, 0.7519158725217208, 0.6582396440706879, 0.6321895306841464, 0.4788291478102442, 0.3640548805194225, 0.5771931317277795, 0.4501653513383868, 0.6632669909212163, 0.6625513543293914, 0.4912154076796753, 0.7025094753106236, 0.6627430713206057, 0.1136157387757123, 0.6513980764372208, 0.7616394696296612, 0.6596404046523945, 0.7491327452165952, 0.6513364984283484, 0.4600998956996677, 0.4628809165578869, 0.7556008342471546, 0.6466419832419233, 0.7311900275185316, 0.6809759574676266, 0.7479658329822855, 0.2276794220171225, 0.6091883193649409, 0.7797622051742678, 0.7524017826682079, 0.7541418789058212, 0.6513519633764842, 0.6643607238275336, 0.6411886605698131, 0.4713668161785639, 0.6402222951345912, 0.7677748920395268, 0.4999580099034401, 0.7322901048565194, 0.2524452575460305, 0.5200413549270465, 0.7617414346884205, 0.4303995899916306, 0.6422712416579809, 0.7471404424903484, 0.7628970721332082, 0.4984481501501786, 0.2616428653689521, 0.6881553585728625, 0.1266684463539151, 0.641363529032107, 0.288932618944076, 0.7531963947000601],
  [0.1195938014671667, 0.1298876265353652, 0.1010194611716128, 0.2523200858237997, 0.302739012330231, 0.09704208468329446, 0.3850330292540814, 0.2336396701973509, 0.08660980698059634, 0.2447455150622478, 0.224726393338754, 0.4346985149869887, 0.1069142263941757, 0.6709161392989867, 0.2704988752136526, 0.253103259127434, 0.360789323820644, 0.07654176883400352, 0.8219631927815046, 0.1080338417326782, 0.09748955164733263, 0.1030380848472522, 0.1951874397405657, 0.1674197193643495, 0.4290706075533428, 0.4135135564917525, 0.1095527735553692, 0.2205855802167287, 0.251446270342669, 0.4331050376694759, 0.56901013264605, 0.3165841240787834, 0.4670462285300469, 0.2146311576822321, 0.2154788090414267, 0.4184371814985573, 0.1680998206613669, 0.2152517325690126, 0.8655280400549074, 0.228690633889876, 0.09802772433958686, 0.2189274009663466, 0.1128514217066442, 0.2287642098737646, 0.4552833621164733, 0.4519901141487414, 0.1051853418490336, 0.2343252876643045, 0.1341149948680656, 0.1936530060280403, 0.1142330445145435, 0.730491107298651, 0.2786886808714833, 0.07654176883400352, 0.1089771059257163, 0.1069142263941757, 0.2287444523273224, 0.2133383520236441, 0.240782564395513, 0.4419413540571948, 0.2419277345470024, 0.09075466953126922, 0.4080839532956473, 0.132811423565348, 0.7011709630772869, 0.3843017305159391, 0.09790709575618635, 0.4904526310644128, 0.2395027866831419, 0.1152126357806968, 0.09653582659723391, 0.4098717821158365, 0.6902820285625979, 0.1851470250625719, 0.8500774915364381, 0.2405771852988638, 0.6579734177373083, 0.1080338417326782],
  [0.1369640939169846, 0.1353555861003286, 0.1398649734951716, 0.116230445049349, 0.1083788448300287, 0.1404879806491086, 0.09554346211471229, 0.1191397320011783, 0.1421195742469534, 0.1174090133551972, 0.1205286278809001, 0.08781802140047128, 0.1389438947000031, 0.05108351608547985, 0.1133975846417849, 0.1161075356905006, 0.09934422960836713, 0.1436960259917288, 0.02761754692981521, 0.1387697635672618, 0.1404176392307382, 0.1395498095475283, 0.12513230510239, 0.1294969922288889, 0.08869288836726641, 0.09111317505616334, 0.13853135392291, 0.1211747757125835, 0.1163641989731845, 0.08806581452027999, 0.06693498683452745, 0.106222744193437, 0.08278842013156645, 0.1221018513965515, 0.1219698366291821, 0.09034741082176734, 0.1293907040280094, 0.1220051961103816, 0.02085622116938027, 0.1199112896729032, 0.1403328060307519, 0.1214321943812591, 0.1380158330767605, 0.1198992916978871, 0.0846167421838591, 0.08512896929337166, 0.1392138239038117, 0.1190327290937721, 0.134694977613403, 0.125371036504333, 0.137801122503171, 0.04182947068422643, 0.1121229997635759, 0.1436960259917288, 0.1386211114060757, 0.1389438947000031, 0.1199035842961934, 0.1223009241488223, 0.118028775034674, 0.0866918297642414, 0.1178499703184064, 0.1414704384292041, 0.09195803680091263, 0.1348984715781326, 0.04638377937668271, 0.09565691455701429, 0.1403514695553932, 0.07914777894395654, 0.1182259716588771, 0.1376469217289547, 0.140567101269558, 0.091680067733985, 0.04807510606845002, 0.1266976163645657, 0.02325406210964678, 0.1180592856690292, 0.05309396331861576, 0.1387697635672618] 
  ],
 "analysis":{
   "authors":"Sergei L Kosakovsky Pond",
   "citation":"*Gene-wide identification of episodic selection*, Mol Biol Evol. 32(5):1365-71",
   "contact":"spond@temple.edu",
   "info":"BUSTED (branch-site unrestricted statistical test of episodic diversification) uses a random effects branch-site model fitted \njointly to all or a subset of tree branches in order to test for alignment-wide evidence of episodic diversifying selection. \nAssuming there is evidence of positive selection (i.e. there is an omega > 1),  BUSTED will also perform a quick evidence-ratio \nstyle analysis to explore which individual sites may have been subject to selection. v2.0 adds support for synonymous rate variation, \nand relaxes the test statistic to 0.5 (chi^2_0 + chi^2_2). Version 2.1 adds a grid search for the initial starting point.\nVersion 2.2 changes the grid search to LHC, and adds an initial search phase to use adaptive Nedler-Mead. Version 3.0 implements the option\nfor branch-site variation in synonymous substitution rates. Version 3.1 adds HMM auto-correlation option for SRV, and binds SRV distributions for multiple branch sets\n",
   "requirements":"in-frame codon alignment and a phylogenetic tree (optionally annotated with {})",
   "version":"3.1"
  },
 "background":0,
 "branch attributes":{
   "0":{
     "C10ORF55_CALJA":{
       "MG94xREV with separate rates for branch sets":0.05024048870972486,
       "Nucleotide GTR":0.05007627765967201,
       "original name":"C10ORF55_CALJA",
       "unconstrained":0.05147549494989104
      },