{
 "Evidence Ratios":{
  },
 "Site Log Likelihood":{
   "unconstrained":    [
[-6.629381915565679, -3.484911430269, -13.06709223629084, -13.50573713524835, -10.32663272087471, -23.17656854270927, -3.484911430269, -18.17472630892336, -11.06248747791967, -3.484911430269, -9.174726252357397, -10.97136757592297, -5.070320029318462, -3.603248356896805, -12.56458367401371, -9.965380294175025, -6.039152561272753, -9.580987943374588, -3.603248356896805, -8.565527040670737, -8.38191637050452, -3.603248356896805, -9.477544751068761, -12.83401045852576, -5.990760276674142, -17.7109072417334, -7.089167252005807, -13.71214523322673, -14.95206046227736, -13.55309901127785, -7.089167252005807, -7.822355372296193, -9.878635241266677, -7.794163880310933, -3.484911430269, -13.34755867892391, -14.07088739795544, -27.67469070816885, -17.71015302783331, -15.18791799326687, -17.4764871472385, -16.43582756109723, -26.66580901572145, -11.01293393600649, -6.396779418391405, -3.455967858270836, -5.603224882550314, -19.50524031170955, -4.784472948896078, -5.494185035641958, -3.455967858270836] 
    ]
  },
 "Synonymous site-posteriors":  [
[5.817333720708992e-06, 0.001019508948680043, 0.01270320626847157, 0.0002659804583380547, 0.0004222407670692862, 0.9358713358734809, 0.001019508948680043, 0.05997267801710799, 0.02175846560671437, 0.001019508948680043, 0.003550126829715051, 0.008181133202500367, 0.0001016880330067279, 0.001205814891754898, 0.004105668568032842, 5.027080840866893e-05, 5.370106121561394e-05, 0.008134927445440898, 0.001205814891754898, 5.028139424142343e-05, 0.001920878718481699, 0.001205814891754898, 0.0006131028813490464, 0.0002703750898641247, 1.009246344486106e-05, 0.1668894109743753, 0.0006002912665503685, 0.001371339714327715, 0.04726917326024618, 0.05198173734741224, 0.0006002912665503685, 2.75414631008553e-05, 3.932945232376758e-06, 0.008118406063079028, 0.001019508948680043, 0.02280706503212112, 0.09561925063218171, 0.8697471745599857, 0.180986252608293, 0.01570892569078169, 0.5978681100773612, 0.001659629059496025, 0.1167976801569399, 2.595478574852382e-06, 2.312410552683585e-06, 0.0007011672473824134, 0.00266109010297779, 0.190112701884375, 3.406478217916022e-05, 0.002399410308915867, 0.0007011672473824134],
  [0.9739539135016836, 0.8751955695671622, 0.254209430728004, 0.72127537104288, 0.7434086385532491, 1.419131968720048e-05, 0.8751955695671622, 0.02389591388391527, 0.1741383478025566, 0.8751955695671622, 0.5277100789104325, 0.643454621295803, 0.9393774539176752, 0.8681709629563563, 0.5374705148366269, 0.914639386732168, 0.9452284805251564, 0.2393015150005027, 0.8681709629563563, 0.891180048231731, 0.6891254620120482, 0.8681709629563563, 0.8346999748065657, 0.746532957005669, 0.9701839068341713, 0.05236805552791712, 0.8406081847494716, 0.4065484859997735, 0.1305548519000687, 0.3002503183725793, 0.8406081847494716, 0.9183416401014893, 0.947917780411953, 0.6534686640702196, 0.8751955695671622, 0.1185608013634126, 0.113305360830064, 0.0001964235687765709, 0.04007485563860071, 0.239846745753308, 0.008106870090707593, 0.5019969271222358, 0.02325726057544673, 0.9314107967788345, 0.9807818913665051, 0.8862597281980318, 0.7086738760645713, 0.03433786662300502, 0.9624440280304425, 0.7182801238926328, 0.8862597281980318],
  [0.02604026916459562, 0.1237849214841579, 0.7330873630035244, 0.2784586484987819, 0.2561691206796816, 0.06411447280683186, 0.1237849214841579, 0.9161314080989768, 0.8041031865907289, 0.1237849214841579, 0.4687397942598524, 0.3483642455016965, 0.06052085804931802, 0.1306232221518887, 0.4584238165953402, 0.08531034245942337, 0.05471781841362804, 0.7525635575540565, 0.1306232221518887, 0.1087696703740275, 0.3089536592694702, 0.1306232221518887, 0.1646869223120852, 0.2531966679044668, 0.02980600070238397, 0.7807425334977075, 0.1587915239839779, 0.5920801742858988, 0.8221759748396853, 0.6477679442800085, 0.1587915239839779, 0.0816308184354097, 0.05207828664281478, 0.3384129298667014, 0.1237849214841579, 0.8586321336044662, 0.7910753885377543, 0.1300564018712377, 0.7789388917531062, 0.7444443285559104, 0.3940250198319312, 0.4963434438182682, 0.8599450592676133, 0.06858660774259065, 0.01921579622294228, 0.113039104554586, 0.288665033832451, 0.7755494314926201, 0.03752190718737838, 0.2793204657984513, 0.113039104554586] 
  ],
 "analysis":{
   "authors":"Sergei L Kosakovsky Pond",
   "citation":"*Gene-wide identification of episodic selection*, Mol Biol Evol. 32(5):1365-71",
   "contact":"spond@temple.edu",
   "info":"BUSTED (branch-site unrestricted statistical test of episodic diversification) uses a random effects branch-site model fitted \njointly to all or a subset of tree branches in order to test for alignment-wide evidence of episodic diversifying selection. \nAssuming there is evidence of positive selection (i.e. there is an omega > 1),  BUSTED will also perform a quick evidence-ratio \nstyle analysis to explore which individual sites may have been subject to selection. v2.0 adds support for synonymous rate variation, \nand relaxes the test statistic to 0.5 (chi^2_0 + chi^2_2). Version 2.1 adds a grid search for the initial starting point.\nVersion 2.2 changes the grid search to LHC, and adds an initial search phase to use adaptive Nedler-Mead. Version 3.0 implements the option\nfor branch-site variation in synonymous substitution rates. Version 3.1 adds HMM auto-correlation option for SRV, and binds SRV distributions for multiple branch sets\n",
   "requirements":"in-frame codon alignment and a phylogenetic tree (optionally annotated with {})",
   "version":"3.1"
  },
 "background":0,
 "branch attributes":{
   "0":{
     "A330050F15RIK_MOUSE":{
       "MG94xREV with separate rates for branch sets":0.1809136226821047,
       "Nucleotide GTR":0.1556210131868404,
       "original name":"A330050F15RIK_MOUSE",
       "unconstrained":0.2701954565837176
      },
     "C18ORF42_AILME":{
       "MG94xREV with separate rates for branch sets":0.07134038300929472,
       "Nucleotide GTR":0.07074822827106181,
       "original name":"C18ORF42_AILME",
       "unconstrained":0.08928415771834254
      },
     "C18ORF42_CANFA":{
       "MG94xREV with separate rates for branch sets":0.004758907250112386,
       "Nucleotide GTR":0.005431664872257168,
       "original name":"C18ORF42_CANFA",
       "unconstrained":0.001895689806725061
      },
     "C18ORF42_GGOR":{
       "MG94xREV with separate rates for branch sets":0.006325392459637215,
       "Nucleotide GTR":0.006557439547442101,
       "original name":"C18ORF42_GGOR",
       "unconstrained":0.006338684970284029
      },
     "C18ORF42_HUMAN":{
       "MG94xREV with separate rates for branch sets":0,
       "Nucleotide GTR":0,
       "original name":"C18ORF42_HUMAN",
       "unconstrained":0
      },
     "C18ORF42_MELGA":{
       "MG94xREV with separate rates for branch sets":0.208957506856451,
       "Nucleotide GTR":0.1936405747459002,
       "original name":"C18ORF42_MELGA",
       "unconstrained":0.3088696591791109
      },
     "C18ORF42_NOMLE":{
       "MG94xREV with separate rates for branch sets":0.008510138974398928,
       "Nucleotide GTR":0.007535326830347263,
       "original name":"C18ORF42_NOMLE",
       "unconstrained":0.01017056195264093
      },
     "C18ORF42_SPETR":{
       "MG94xREV with separate rates for branch sets":0.07650131063703573,
       "Nucleotide GTR":0.06814083663421436,
       "original name":"C18ORF42_SPETR",
       "unconstrained":0.1214512740148446
      },
     "LOC100405541_CALJA":{
       "MG94xREV with separate rates for branch sets":0.03800528991640997,
       "Nucleotide GTR":0.03904717773948321,
       "original name":"LOC100405541_CALJA",
       "unconstrained":0.04166652781031304
      },
     "LOC738021_PANTR":{
       "MG94xREV with separate rates for branch sets":0.006344209052740408,
       "Nucleotide GTR":0.006565399215096639,
       "original name":"LOC738021_PANTR",
       "unconstrained":0.006363072249162834
      },