{
 "Evidence Ratios":{
  },
 "Site Log Likelihood":{
   "unconstrained":    [
[-4.212032698902165, -4.164314910522094, -7.137874672123472, -12.14918559881976, -3.91365541987243, -3.659982540353488, -17.5041896497997, -12.81124168116398, -16.26666817720468, -7.551201245572242, -13.73684023450637, -4.66004509372696, -5.075569525970563, -9.138038199234735, -10.09438570237445, -3.591598091983903, -4.056762016952129, -4.964922551871186, -3.817809539818873, -3.872841937011103, -5.450892243653967, -6.942636297385004, -4.3298468489711, -4.578464267674669, -10.10868513062392, -4.778337502263478, -7.879863051863153, -11.30742453780616, -5.135251773597362, -5.226344900386049, -4.377633760756227, -15.48357883018363] 
    ]
  },
 "Synonymous site-posteriors":  [
[0.9022149701835744, 0.9059135781809029, 0.8262164119331272, 0.7290998713323708, 0.9066592061312057, 0.6935381492752372, 0.004189677509698567, 0.08761044011978016, 0.01993421583292129, 0.8395647050635061, 0.01597275258226393, 0.902860350058538, 0.9112514380257726, 0.7643199966172882, 0.8860187209589759, 0.6935381492752367, 0.6935381492752359, 0.6935381492752364, 0.6935381492752368, 0.6935381492752363, 0.9156573884420647, 0.8465068153927068, 0.6935381492752363, 0.6935381492752365, 0.8246032904460183, 0.907175181262117, 0.8262087688851729, 0.7158277777077415, 0.9081055744467161, 0.911524478248316, 0.9052179194314848, 0.1807150098334416],
  [0.0179044346665932, 0.01387605720393711, 0.1006663787701468, 0.2064016608005368, 0.01306336205428938, 0.2450713943133683, 0.9954401557991442, 0.9046440984525979, 0.9783042413305048, 0.08613409042462063, 0.9826157934538068, 0.01720147559556698, 0.008062126284467095, 0.168043776771745, 0.03556197298709931, 0.2450713943133688, 0.2450713943133697, 0.2450713943133692, 0.2450713943133688, 0.2450713943133692, 0.003257801501118135, 0.07857833675449104, 0.2450713943133693, 0.2450713943133691, 0.1024213198303769, 0.01250317043566741, 0.1006733872427402, 0.2208482893770094, 0.01148895703979817, 0.007765333168942907, 0.01463426532764762, 0.8033069232026566],
  [0.0798805951498322, 0.08021036461515997, 0.07311720929672604, 0.06449846786709248, 0.080277431814505, 0.06139045641139451, 0.0003701666911571518, 0.007745461427621949, 0.001761542836573895, 0.07430120451187319, 0.001411453963929451, 0.07993817434589488, 0.08068643568976037, 0.06763622661096678, 0.0784193060539246, 0.06139045641139453, 0.06139045641139443, 0.06139045641139444, 0.06139045641139448, 0.06139045641139446, 0.0810848100568172, 0.07491484785280214, 0.06139045641139451, 0.06139045641139448, 0.07297538972360461, 0.08032164830221565, 0.07311784387208685, 0.06332393291524899, 0.08040546851348579, 0.08071018858274109, 0.08014781524086764, 0.01597806696390174] 
  ],
 "analysis":{
   "authors":"Sergei L Kosakovsky Pond",
   "citation":"*Gene-wide identification of episodic selection*, Mol Biol Evol. 32(5):1365-71",
   "contact":"spond@temple.edu",
   "info":"BUSTED (branch-site unrestricted statistical test of episodic diversification) uses a random effects branch-site model fitted \njointly to all or a subset of tree branches in order to test for alignment-wide evidence of episodic diversifying selection. \nAssuming there is evidence of positive selection (i.e. there is an omega > 1),  BUSTED will also perform a quick evidence-ratio \nstyle analysis to explore which individual sites may have been subject to selection. v2.0 adds support for synonymous rate variation, \nand relaxes the test statistic to 0.5 (chi^2_0 + chi^2_2). Version 2.1 adds a grid search for the initial starting point.\nVersion 2.2 changes the grid search to LHC, and adds an initial search phase to use adaptive Nedler-Mead. Version 3.0 implements the option\nfor branch-site variation in synonymous substitution rates. Version 3.1 adds HMM auto-correlation option for SRV, and binds SRV distributions for multiple branch sets\n",
   "requirements":"in-frame codon alignment and a phylogenetic tree (optionally annotated with {})",
   "version":"3.1"
  },
 "background":0,
 "branch attributes":{
   "0":{
     "AC115618_1_HUMAN":{
       "MG94xREV with separate rates for branch sets":4.531922817919202e-18,
       "Nucleotide GTR":2.400152743017364e-18,
       "original name":"AC115618.1_HUMAN",
       "unconstrained":0
      },
     "ENSEEUP00000010634":{
       "MG94xREV with separate rates for branch sets":0.2307606694584546,
       "Nucleotide GTR":0.2314004088441097,
       "original name":"ENSEEUP00000010634",
       "unconstrained":0.3206973621189521
      },
     "ENSETEP00000001568":{
       "MG94xREV with separate rates for branch sets":0.01136833653704519,
       "Nucleotide GTR":0.01236947043749206,
       "original name":"ENSETEP00000001568",
       "unconstrained":0
      },
     "ENSPTRP00000047431":{
       "MG94xREV with separate rates for branch sets":0,
       "Nucleotide GTR":0,
       "original name":"ENSPTRP00000047431",
       "unconstrained":0
      },
     "ENSSARP00000002984":{
       "MG94xREV with separate rates for branch sets":0.06375565189107019,
       "Nucleotide GTR":0.06222291437696983,
       "original name":"ENSSARP00000002984",
       "unconstrained":0.1022236145799894
      },
     "LOC100451335_PONAB":{
       "MG94xREV with separate rates for branch sets":0,
       "Nucleotide GTR":0,
       "original name":"LOC100451335_PONAB",
       "unconstrained":0
      },
     "NODE_10":{
       "MG94xREV with separate rates for branch sets":0.04631427602862887,
       "Nucleotide GTR":0.04768284089138879,
       "unconstrained":0.03111189138304019
      },
     "NODE_6":{
       "MG94xREV with separate rates for branch sets":0.02848206388905417,
       "Nucleotide GTR":0.02851348812726561,
       "unconstrained":0.0300201806675397
      },
     "NODE_8":{
       "MG94xREV with separate rates for branch sets":0.06509983626063498,
       "Nucleotide GTR":0.06506721205264174,
       "unconstrained":0.07982433948132238
      }
    },
   "attributes":{
     "MG94xREV with separate rates for branch sets":{
       "attribute type":"branch length",
       "display order":1
      },
     "Nucleotide GTR":{
       "attribute type":"branch length",
       "display order":0
      },
     "original name":{
       "attribute type":"node label",
       "display order":0
      },
     "unconstrained":{
       "attribute type":"branch length",
       "display order":0
      }
    }
  },
 "data partitions":{
   "0":{
     "coverage":      [
[0, 1, 2, 3, 4, 5, 6, 7, 8, 9, 10, 11, 12, 13, 14, 15, 16, 17, 18, 19, 20, 21, 22, 23, 24, 25, 26, 27, 28, 29, 30, 31] 
      ],
     "name":"busted.filter.default"
    }
  },
 "fits":{
   "MG94xREV with separate rates for branch sets":{
     "AIC-c":556.1587689114675,