{
 "Evidence Ratios":{
   "constrained":    [
[0.8428911862717028, 0.8711089196524401, 1.052821908984828, 0.8961195600204764, 0.9848698343862216, 0.910688637996151, 0.9270676728857227, 1.045794869924497, 1.130277406131351, 1.11213137240866, 1.043180068164123, 1.08100154848303, 0.7767000493884454, 2.005494255173826, 1.815158315461872, 0.8739739359627589, 0.8825767956310752, 1.031997309719586, 0.8584758601233728, 0.8184989213994835, 0.9574629871438589, 1.955912649138742, 1.564408563566721, 0.8469340603516075, 1.202787275823947, 0.9673502917180037, 1.242408849173801, 0.9404123648998329, 0.8598176410975883, 1.158934257936694, 0.869849720775934, 1.007164492364773, 0.7975997467656273, 1.081264613227193, 0.8553027056770834, 0.869849720775934, 1.075465063398948, 1.968719801339715, 0.9844618189048141, 0.9497871491201177, 1.007522975984455, 0.8999467368470659, 0.869849720775934, 0.8631140051891673, 1.046083809430426, 0.8499364186849546] 
    ],
   "optimized null":    [
[0.9966921165141309, 0.9992891982819095, 0.9717755920530122, 1.001147319510555, 1.005038570941658, 1.004325668146602, 1.015842538707362, 1.017419388497527, 1.031285926599845, 0.9731668258464029, 1.038562069941971, 1.013597572506764, 0.9849069621885457, 1.271257315687025, 0.9060813024648343, 1.042006272122251, 1.001657348305586, 0.8808145130692508, 0.9938420663898835, 0.9980417106370331, 1.006174390239664, 0.9261055236374727, 1.134524599824691, 1.001985530937791, 0.9655407304097908, 0.9624112400248612, 0.9051891341003978, 1.008413939032518, 1.000775280781628, 0.9751307292223753, 0.9985542774433099, 0.9707505421238013, 1.040917949534605, 0.9881343870698555, 0.9642433594547583, 0.9985542774433099, 1.013665506861694, 1.370553844226165, 1.003856791313497, 1.029214634064067, 0.9516406837494761, 0.9746412439531498, 0.9985542774433099, 0.9958255119458134, 0.9798876782026832, 0.9588282615364695] 
    ]
  },
 "Site Log Likelihood":{
   "constrained":    [
[-5.116091947371579, -5.135252602462918, -9.291001343370583, -5.242755359227823, -9.955326702097624, -4.960533018836718, -9.147601162425824, -14.31731747806264, -10.65015906325272, -17.5784543489275, -8.857531666346441, -10.6866168999478, -19.10740832003044, -25.87212896981721, -24.05963073283675, -12.2625306775354, -5.68978221490955, -16.71881155940944, -4.238345750559348, -9.959600931745662, -15.899831393732, -27.83468907596708, -21.87937174734069, -9.22235924848621, -21.78341572767674, -17.90486471467844, -22.61287258569408, -18.90256402400356, -12.82465632732892, -17.95726745354769, -5.459753002599768, -12.09339319005873, -18.95207117549156, -12.54098726533933, -10.68163437787584, -5.459753002599768, -10.29186036477387, -25.34396083320867, -9.488451657503015, -16.18663735339251, -11.8217241143828, -19.15695966225991, -5.459753002599768, -4.571361151362551, -10.53757168563197, -8.327190634090067] 
    ],
   "optimized null":    [
[-5.283695989211527, -5.272529806687689, -9.210896878241972, -5.353583458456685, -9.975598416292222, -5.058403578781101, -9.239048232030564, -14.28980965084289, -10.55850246448003, -17.44497626306407, -8.853094992166, -10.62223488393715, -19.34490126309735, -25.41624485121242, -23.36483180362867, -12.43838336548382, -5.816347664744645, -16.56040728264984, -4.38476549638633, -10.15792392237599, -15.9494550149239, -27.08706506883964, -21.55807761783936, -9.390475249047942, -21.56370714221388, -17.89974588274351, -22.29620910106148, -18.97237957700867, -12.97646626519036, -17.78458287817196, -5.597741050972064, -12.05656848882817, -19.21832252095717, -12.45091939986071, -10.80152264018768, -5.597741050972064, -10.2326801554892, -24.98179227274168, -9.507961194339396, -16.26695074663892, -11.76466154638397, -19.23669353033389, -5.597741050972064, -4.714386419084006, -10.47220087149541, -8.447741067021836] 
    ],
   "unconstrained":    [
[-5.287009355839042, -5.273240861145092, -9.239527251792243, -5.352436796614171, -9.970572496471213, -5.054087239444408, -9.223329876472404, -14.2725402407106, -10.5276959685051, -17.4721760194219, -8.815257860776486, -10.60872892883752, -19.36010935999944, -25.17623842812896, -23.46345804277412, -12.39723540285958, -5.814691688325175, -16.68731549921433, -4.390942468267466, -10.15988413169453, -15.94329960813092, -27.16383216325617, -21.43186390943016, -9.388491686671374, -21.59877413439665, -17.93805931797205, -22.39582047022239, -18.96400083785259, -12.97569128478364, -17.80976661389062, -5.599187819593944, -12.08625424073997, -19.17821955332158, -12.46285597104329, -10.83793420885162, -5.599187819593944, -10.21910717963075, -24.66657734873656, -9.504111821377611, -16.23815472644158, -11.81422929485678, -19.26237936095005, -5.599187819593944, -4.718569644638321, -10.49251819946052, -8.48978436793273] 
    ]
  },
 "Synonymous site-posteriors":  [
[0.01771903409303026, 0.008099941980516631, 0.1339744856231392, 0.02288945425544282, 0.2678962512053443, 0.0345443207535156, 0.04423432678891726, 0.1827348848794773, 0.04153653462983288, 0.5264144748528905, 0.1076161249654281, 0.09871914643650012, 0.5397390321433138, 0.5483226822968738, 0.5462345681294065, 0.3908672206593644, 0.01053335414038541, 0.4867918087292533, 0.01711188102055942, 0.04014494799970519, 0.2589759262224771, 0.5497287753954206, 0.5081274375423406, 0.06548327169874166, 0.5396069775795223, 0.4360498567048641, 0.5427841999675205, 0.5203031277243496, 0.2636187926384801, 0.4539022885031331, 0.01269352568491051, 0.2249074727210204, 0.5450354622857269, 0.1236004642777941, 0.07065384535931783, 0.01269352568491051, 0.1080481474852127, 0.5448260172063322, 0.01222605189633182, 0.4152059001002819, 0.02263703016649036, 0.5458067044559995, 0.01269352568491051, 0.01931820035010812, 0.07173587310492753, 0.05478328683197287],
  [0.01447494718629265, 0.006616995993194941, 0.1094448394225383, 0.01869872392693189, 0.2188460702273215, 0.02821967899101279, 0.03613569457942573, 0.1492780122554951, 0.03393183052663504, 0.430027299108228, 0.08791265354480933, 0.08064470943263791, 0.440910675783057, 0.4479199863504786, 0.4462152764032257, 0.3193002370289784, 0.008604885177111294, 0.3976601553545842, 0.01397895428650127, 0.03279500274723249, 0.2115594251802958, 0.4490672875863472, 0.4150899029603323, 0.05349409492797404, 0.4408023688694758, 0.3562105825666328, 0.4433984079196011, 0.4250352011145556, 0.2153518355084511, 0.3707939128397936, 0.0103695571406045, 0.1837286403918493, 0.4452369917910254, 0.1009707115182033, 0.05771798065577861, 0.0103695571406045, 0.08826554510535956, 0.4450657821656926, 0.009987714304223197, 0.3391834032520313, 0.01849259159048006, 0.4458664758160567, 0.0103695571406045, 0.01578132109033042, 0.05860185405906238, 0.0447531741391749],
  [0.9678060187206771, 0.9852830620262885, 0.7565806749543225, 0.9584118218176252, 0.5132576785673343, 0.9372360002554715, 0.919629978631657, 0.6679871028650276, 0.9245316348435322, 0.04355822603888147, 0.8044712214897627, 0.8206361441308618, 0.01935029207362923, 0.00375733135264762, 0.007550155467367712, 0.2898325423116572, 0.9808617606825034, 0.1155480359161625, 0.9689091646929393, 0.9270600492530623, 0.5294646485972272, 0.001203937018232054, 0.076782659497327, 0.8810226333732842, 0.01959065355100188, 0.2077395607285031, 0.0138173921128785, 0.05466167116109457, 0.5210293718530687, 0.1753037986570733, 0.9769369171744851, 0.5913638868871303, 0.009727545923247741, 0.7754288242040027, 0.8716281739849036, 0.9769369171744851, 0.8036863074094277, 0.01010820062797519, 0.977786233799445, 0.2456106966476868, 0.9588703782430297, 0.0083268197279438, 0.9769369171744851, 0.9649004785595615, 0.8696622728360102, 0.9004635390288521] 
  ],
 "analysis":{
   "authors":"Sergei L Kosakovsky Pond",
   "citation":"*Gene-wide identification of episodic selection*, Mol Biol Evol. 32(5):1365-71",
   "contact":"spond@temple.edu",