{
 "Evidence Ratios":{
   "constrained":    [
[0.6282489070600561, 0.9361048921466117, 0.5937506441689206, 0.5680508782672566, 1.899339286156518, 0.5844533459873681, 1.085464325736937, 3.847065514433199, 0.6063464685923138, 0.9247856145101584, 2.717092172356478, 1.927916000565088, 0.9128880671623466, 0.5846426600405613, 0.5475654218331851, 0.8548562102610895, 0.8390446022255338, 4.736436222417258, 0.9697069342498719, 1.594626675808561, 0.8369692746307088, 0.6338266700627908, 2.911075398695385, 0.9637677028747467, 4.534361107180715, 1.271449028179725, 0.9449878473669028, 1.049019519828771, 3.360150477924067, 0.5322941613627895, 1.460526178453956] 
    ],
   "optimized null":    [
[0.9822796117947423, 1.009714263831225, 0.9558543620179715, 1.016545513515372, 1.239833895453258, 0.9585107952666485, 0.9982326826356017, 1.128828932034142, 0.9605430403833645, 1.087280706801729, 1.510890645186858, 0.9456692207850518, 1.05578405695457, 0.9693071063742958, 1.043359625290363, 0.9865815831599388, 1.155013749048162, 1.166065573696472, 0.9484953021193652, 1.00845035316358, 1.019347228763897, 0.8698824834008446, 1.07031863257575, 0.6309982944700819, 1.101457435170355, 1.138880859734906, 1.13418816996367, 0.7072111353703803, 0.9840088480704263, 1.112140350313074, 1.151670655648534] 
    ]
  },
 "Site Log Likelihood":{
   "constrained":    [
[-10.43027252873929, -11.83515228576093, -9.514667078547209, -8.197916588522409, -16.78245482284862, -7.092812840312273, -12.52665398645112, -23.63652996468515, -12.11772423894723, -8.34068396510582, -18.87907988771175, -16.856000289233, -11.52765713498862, -6.139470824813827, -7.13546209153272, -9.934119097728242, -11.77858881913204, -19.6864297904476, -14.27230061899592, -14.93346461367646, -8.775437307116961, -16.33392896378026, -28.37851319317967, -16.81781270225905, -27.79399161421897, -14.91343379444497, -12.45156497943701, -18.80540037721528, -24.1379280528898, -9.692675411986205, -13.01527619557035] 
    ],
   "optimized null":    [
[-10.87721209686121, -11.91084741401461, -9.990813198743819, -8.779871006196954, -16.35592615664589, -7.587516706345478, -12.44287726010302, -22.41040006307054, -12.57777147750167, -8.502557116263908, -18.29221694172499, -16.14369823018577, -11.67308281269014, -6.645051494678221, -7.780181339555288, -10.07743183971558, -12.09819247972603, -18.28478011384227, -14.25018355919298, -14.47523981269525, -8.972567675834011, -16.65051156376355, -27.37794701904571, -16.39426556844611, -26.37894166493012, -14.80332265554655, -12.63406531718944, -18.41111841787257, -22.90982190479224, -10.42952082172076, -12.77769306078149] 
    ],
   "unconstrained":    [
[-10.89509137095693, -11.90118003028501, -10.03596291726501, -8.763460878380759, -16.14094874128138, -7.629891160237996, -12.44464614101522, -22.28921931105397, -12.61802796488522, -8.418877301535034, -17.87951763353067, -16.1995606621654, -11.6187991398376, -6.676225280738866, -7.737735424030035, -10.09094109704987, -11.95408023188532, -18.13114478933364, -14.30306200177029, -14.46682496388994, -8.953405225207296, -16.78990871677147, -27.30999062744781, -16.85471768779072, -26.28230742102172, -14.67327657731207, -12.50814819093729, -18.7575444399392, -22.92594229482106, -10.32323441954641, -12.63647942857587] 
    ]
  },
 "Synonymous site-posteriors":  [
[0.8607100970086055, 0.8502279363220159, 0.7974903806414039, 0.7106751823701903, 0.8643804232645903, 0.4663198272322692, 0.8410936498076556, 0.8659957439675423, 0.8411873490617932, 0.7730139084186014, 0.860139646522189, 0.8612119747129461, 0.8452131890856251, 0.5701978708913469, 0.7805372656184498, 0.6638967565743276, 0.8346352841700612, 0.8658239709634374, 0.8334643570242921, 0.8554011540257039, 0.7483054386607524, 0.8649892309503495, 0.8662342454234689, 0.8635904487975158, 0.866599930951633, 0.8318513252323015, 0.830429517294201, 0.8653524640524553, 0.8659952801251707, 0.8432975842035151, 0.8546955677343675],
  [0.006653644167090283, 0.01869105895741855, 0.07948549818254041, 0.1796257022447018, 0.00240539278871863, 0.4616717610123662, 0.0291323650387119, 0.0006088445319719763, 0.02907672089855386, 0.1077077890893008, 0.00726555019059784, 0.005988618883289373, 0.024447707384159, 0.3417807467054525, 0.09903957876971685, 0.2336043356337427, 0.03662547730258259, 0.0007851243713959007, 0.03796624561320562, 0.01267763681208694, 0.1362154222201112, 0.001732998121974893, 0.0003791422212502221, 0.003293656294121284, 4.037422780975242e-05, 0.03983286896140577, 0.0414645856454796, 0.001330604718683976, 0.0006230223802474036, 0.02665684806969709, 0.01354038994551141],
  [0.1326362588243044, 0.1310810047205657, 0.1230241211760556, 0.1096991153851077, 0.1332141839466909, 0.07200841175536464, 0.1297739851536326, 0.1333954115004858, 0.1297359300396529, 0.1192783024920979, 0.1325948032872133, 0.1327994064037644, 0.1303391035302159, 0.08802138240320055, 0.1204231556118334, 0.1024989077919298, 0.1287392385273561, 0.1333909046651666, 0.1285693973625023, 0.1319212091622091, 0.1154791391191363, 0.1332777709276756, 0.1333866123552809, 0.133115894908363, 0.133359694820557, 0.1283158058062927, 0.1281058970603194, 0.1333169312288608, 0.1333816974945819, 0.1300455677267878, 0.1317640423201212] 
  ],
 "analysis":{
   "authors":"Sergei L Kosakovsky Pond",
   "citation":"*Gene-wide identification of episodic selection*, Mol Biol Evol. 32(5):1365-71",
   "contact":"spond@temple.edu",
   "info":"BUSTED (branch-site unrestricted statistical test of episodic diversification) uses a random effects branch-site model fitted \njointly to all or a subset of tree branches in order to test for alignment-wide evidence of episodic diversifying selection. \nAssuming there is evidence of positive selection (i.e. there is an omega > 1),  BUSTED will also perform a quick evidence-ratio \nstyle analysis to explore which individual sites may have been subject to selection. v2.0 adds support for synonymous rate variation, \nand relaxes the test statistic to 0.5 (chi^2_0 + chi^2_2). Version 2.1 adds a grid search for the initial starting point.\nVersion 2.2 changes the grid search to LHC, and adds an initial search phase to use adaptive Nedler-Mead. Version 3.0 implements the option\nfor branch-site variation in synonymous substitution rates. Version 3.1 adds HMM auto-correlation option for SRV, and binds SRV distributions for multiple branch sets\n",
   "requirements":"in-frame codon alignment and a phylogenetic tree (optionally annotated with {})",
   "version":"3.1"
  },
 "background":0,
 "branch attributes":{
   "0":{
     "ENSCHOP00000004750":{
       "MG94xREV with separate rates for branch sets":0,
       "Nucleotide GTR":0,
       "constrained":0,
       "original name":"ENSCHOP00000004750",
       "unconstrained":0
      },
     "ENSCHOP00000011639":{
       "MG94xREV with separate rates for branch sets":0,
       "Nucleotide GTR":0,
       "constrained":0,
       "original name":"ENSCHOP00000011639",
       "unconstrained":0
      },
     "ENSDNOP00000011467":{
       "MG94xREV with separate rates for branch sets":0.01834104446652876,
       "Nucleotide GTR":0.02221560984506828,
       "constrained":0.01821518677361359,
       "original name":"ENSDNOP00000011467",
       "unconstrained":0.01685025305362806
      },
     "ENSMICP00000003988":{
       "MG94xREV with separate rates for branch sets":0.1065016985764455,
       "Nucleotide GTR":0.1070520702790373,
       "constrained":0.1161702422738266,
       "original name":"ENSMICP00000003988",
       "unconstrained":0.1218632909024636
      },
     "ENSPCAP00000000869":{
       "MG94xREV with separate rates for branch sets":0.296025047572252,
       "Nucleotide GTR":0.2875756902799498,
       "constrained":0.3524785138853098,
       "original name":"ENSPCAP00000000869",
       "unconstrained":0.3664786751948424
      },
     "ENSTBEP00000004946":{
       "MG94xREV with separate rates for branch sets":0.1030398099490323,
       "Nucleotide GTR":0.1001777767923386,