{
 "Evidence Ratios":{
   "constrained":    [
[1.861813682107939, 2.02903052656689, 0.6916154036872209, 1.254005905324963, 1.215154298992726, 1.069838820169988, 0.5889913509293773, 0.5275474193941215, 0.6695656354601984, 2.030551575376785, 0.6968790240105409, 2.255630662543285, 1.244787051337135, 0.659788491718175, 1.316805620955187, 0.6606816070906809, 0.6086834298956185, 0.5572219685157124, 1.426712398845044, 0.6847015442265844, 0.5863449837622984, 0.6391004634924974, 0.6854305283508162, 2.253537176637508, 0.9999784798924448, 1.328819461034699, 0.7335801447531088, 1.278740184281187, 1.093963446483056, 1.708699248538343, 1.989009385099356, 0.6691783147778486, 3.466473446692568, 1.151133214862244, 1.11190258730587, 1.853895821462941, 0.6603046779104298, 0.630899484588026, 2.548204289937347, 2.360325344881642, 1.977781744716904, 1.082932078746501, 2.381497588461662, 1.034332930690044, 2.346227644833412, 0.6877844912020853, 1.276587797137136, 1.361312131299713, 2.127451402720085] 
    ],
   "optimized null":    [
[1.081517549248222, 0.9063228981988655, 1.026740617016022, 0.9884647090338333, 0.966415115961874, 0.9130126966581631, 1.061564951572801, 1.08638483010439, 1.025772320307461, 0.7751845403457104, 0.917103648732173, 0.9963630709888468, 1.186180794589542, 0.9202631357432124, 0.9650098527001939, 1.019314039149403, 1.052491238443251, 1.035796600425536, 0.9205649714008314, 0.9533231307169321, 1.052831188511574, 0.9712261447984702, 1.043714600248468, 0.9616351230218713, 0.908802384374745, 1.022903618700468, 1.079463930233704, 1.019562212419689, 0.8647555091355105, 0.8378389093240779, 1.65994572741397, 0.9918171628884271, 0.7790191728234689, 0.8371740587317404, 0.8101377669162179, 0.9136584711301684, 0.8521039504777719, 0.9254026798842732, 0.720805061580534, 2.154596887910159, 0.9321171364145669, 0.9187142247826944, 1.319778928220622, 1.246384229099935, 1.628793085899169, 1.111605208348067, 0.9890226610867558, 1.103466060731937, 0.9367764290527578] 
    ]
  },
 "Site Log Likelihood":{
   "constrained":    [
[-10.19133234407907, -10.7583081030338, -4.171965600668664, -14.48878297354827, -7.511676047360994, -8.347979512800736, -5.471120169048026, -5.589138243323497, -4.737623379951643, -14.98198444836398, -8.02338168921507, -10.12376216891443, -14.45854407325515, -8.095244092904485, -11.34184292295268, -4.101258243472159, -4.905077401362965, -5.454177380898696, -13.67286305076432, -8.765824704533273, -4.878872747109802, -15.34662206885782, -4.982471180282009, -13.94571574731076, -10.65301394076272, -9.754432933257954, -8.178584574135698, -9.790096900133474, -8.768567965006467, -12.62346186136351, -17.03900978373952, -6.965790009276566, -18.80840862810447, -10.89567134374472, -10.5328576678531, -14.93695245145838, -12.19526139924539, -7.520924189004746, -24.43292370104617, -13.63774702853321, -13.59521884197108, -11.59173375267389, -15.33255130773977, -15.42460845955826, -10.57126477802339, -7.472226070155434, -8.483568009994299, -14.76051189192537, -12.8489028301683] 
    ],
   "optimized null":    [
[-9.648146426591669, -9.95239036051775, -4.567080188836211, -14.25083748361548, -7.282643173168856, -8.189466019070771, -6.060208137587263, -6.311510280681231, -5.164195274163985, -14.0190228188101, -8.297990356329667, -9.306689003375919, -14.41031833066036, -8.427984422598417, -11.03101713573025, -4.534871372746299, -5.452694329355924, -6.074139785053051, -13.2347225770151, -9.096795576119028, -5.464202605740625, -15.76511974701514, -5.402965390567516, -13.09409449674759, -10.55740785373494, -9.492787276639278, -8.564867555050091, -9.563594869557559, -8.533452213884951, -11.91080002438789, -16.85815797288243, -7.359278224077319, -17.3155512273922, -10.57720120769516, -10.21623411404013, -14.22936473579256, -12.45026856453713, -7.904006606964097, -23.17014823942359, -13.54655120808013, -12.84294616690981, -11.42728133423537, -14.74228602304613, -15.61109849493142, -10.20629529965169, -7.952310904132727, -8.228339240586818, -14.55051904509555, -12.02866746325267] 
    ],
   "unconstrained":    [
[-9.569781233545612, -10.05074999717423, -4.540690853551782, -14.26243982215806, -7.31680498357593, -8.280471511028717, -6.000463948816821, -6.228654766409676, -5.138749462072796, -14.27367698020903, -8.384525139200493, -9.310332562092782, -14.23957960107072, -8.511080055320377, -11.06663410337351, -4.515741482324676, -5.40153436733565, -6.038968992126921, -13.31749027508726, -9.14459694205782, -5.412719700244401, -15.79431568595711, -5.360179309889357, -13.13321468701072, -10.65303546110184, -9.470142008477286, -8.488402998036529, -9.544221537905678, -8.67876067428605, -12.08772945367712, -16.35137306537738, -7.367494724366463, -17.56527084870958, -10.75492448233356, -10.42678507720558, -14.31966317712169, -12.61031531652925, -7.98153291355763, -23.49753478996571, -12.77894756099654, -12.91324295625554, -11.51206150246063, -14.4648217790947, -15.39085175203828, -9.718455997191372, -7.84650579980583, -8.239377275077546, -14.45206285487387, -12.09397809139855] 
    ]
  },
 "Synonymous site-posteriors":  [
[0.9214735834804111, 0.9994821003525931, 0.9993928993004305, 0.9947881067355822, 0.9992560928962722, 0.9998807293041826, 0.9990588795979628, 0.9990578719329879, 0.9999356337691776, 0.9994516419726263, 0.991841080371262, 0.9965903261258064, 0.9605133454832543, 0.9955308980393646, 0.9995587998671864, 0.9996693459918224, 0.9997452854053889, 0.9990793049379529, 0.9947673258632003, 0.9995323233386567, 0.9990185928188342, 0.9192063931106437, 0.9999483934597586, 0.9993350391771043, 0.9964434234263764, 0.9997493469867287, 0.9997563226384447, 0.9996710941936775, 0.9999475958380032, 0.999863074822077, 0.9959511295606376, 0.9986990875019216, 0.9978786101605872, 0.993835134689658, 0.9995870792853916, 0.9982122729626217, 0.9983602679235321, 0.9977741715251639, 0.09349969975211721, 0.9979142024226291, 0.9954627324937007, 0.9976073525606546, 0.9999905358561026, 0.9401239187339746, 0.9938618448594212, 0.9995894717190239, 0.9979599255711886, 0.9864621924434007, 0.9927342648511834],
  [0, 0, 0, 0, 0, 0, 0, 0, 0, 0, 0, 0, 0, 0, 0, 0, 0, 0, 0, 0, 0, 0, 0, 0, 0, 0, 0, 0, 0, 0, 0, 0, 0, 0, 0, 0, 0, 0, 0, 0, 0, 0, 0, 0, 0, 0, 0, 0, 0],
  [0.07852641651958898, 0.0005178996474069215, 0.0006071006995693178, 0.005211893264417963, 0.0007439071037279622, 0.0001192706958174271, 0.0009411204020372342, 0.0009421280670121318, 6.436623082246071e-05, 0.0005483580273738526, 0.008158919628738029, 0.003409673874193634, 0.03948665451674576, 0.004469101960635609, 0.0004412001328136177, 0.0003306540081775171, 0.0002547145946111423, 0.000920695062047042, 0.005232674136799734, 0.0004676766613432775, 0.0009814071811658812, 0.08079360688935633, 5.160654024140081e-05, 0.0006649608228957511, 0.003556576573623594, 0.0002506530132712876, 0.0002436773615552411, 0.0003289058063226357, 5.240416199683846e-05, 0.0001369251779229928, 0.00404887043936253, 0.001300912498078457, 0.00212138983941275, 0.00616486531034209, 0.0004129207146084564, 0.001787727037378255, 0.001639732076467856, 0.002225828474836184, 0.9065003002478828, 0.002085797577370892, 0.00453726750629934, 0.002392647439345446, 9.464143897480136e-06, 0.05987608126602543, 0.006138155140578736, 0.0004105282809760826, 0.002040074428811255, 0.01353780755659934, 0.007265735148816546] 
  ],
 "analysis":{
   "authors":"Sergei L Kosakovsky Pond",
   "citation":"*Gene-wide identification of episodic selection*, Mol Biol Evol. 32(5):1365-71",
   "contact":"spond@temple.edu",