{
 "Evidence Ratios":{
   "constrained":    [
[0.9237423477264328, 0.9622815796147537, 2.641347832275492, 0.9591740980210048, 0.9633976673195839, 0.9646067278185811, 0.9518715871853984, 0.95675939027857, 0.9572450598217531, 0.9578474322631886, 0.9506425551991698, 0.9344205735445065, 0.9504203613894129, 0.9581557820722146, 0.9582766889653762, 3425.58050953165, 0.8969917117247418, 0.9611274458291946, 0.9504000715393589, 0.9147868641748136, 0.9663050957867589, 0.9502127770600445, 0.9517865933905804, 0.9598866747632555, 1.207015049263787, 0.8841753328226868, 0.9720925389336917, 0.9999999999999964] 
    ],
   "optimized null":    [
[1.214931752680535, 1.272703834778707, 1.536721086662819, 1.158399599974513, 1.235013790734435, 0.9666498304179914, 0.4910773010121113, 0.9546213532200599, 1.077224269715466, 1.077385469903812, 1.2556641472809, 1.602989847796493, 0.9111960792269068, 1.121274205757525, 1.234623950162684, 1.317829151679328, 0.7180108273494148, 1.244333564700584, 1.004891125819862, 1.482309955572531, 0.6869308752909612, 0.8603248154025783, 1.586518644101893, 1.00851987660464, 0.8617825270925845, 0.7381006685927164, 0.9090505723363659, 1] 
    ]
  },
 "Site Log Likelihood":{
   "constrained":    [
[-18.63554000713301, -11.67483310535705, -24.31152290639189, -18.53215552533516, -11.95719640613843, -12.30246794575417, -18.82098364096455, -7.378682769608591, -23.52810420548534, -13.39490232274081, -15.32206674434683, -18.3752426055351, -19.82244094034089, -10.20528929491547, -17.00127971828357, -26.92918504951857, -23.6293884457911, -10.29633504329703, -9.932588967573516, -24.94150221523157, -18.47834516712905, -13.22553876971257, -20.07743441335078, -8.736437958806226, -27.24486054374248, -20.87823402771119, -24.7858554912334, -4.426708248283608] 
    ],
   "optimized null":    [
[-18.9095500023913, -11.95442491531651, -23.76988455901514, -18.72087760202322, -12.20556754883155, -12.30458377376563, -18.15915505395428, -7.376445603667157, -23.64618766699828, -13.51250633785866, -15.60034852710516, -18.91494179512062, -19.78029467719712, -10.36249991972759, -17.25466487153272, -19.06614462207789, -23.40682647257806, -10.55458340137448, -9.988340425799478, -25.42416804321573, -18.13709921758564, -13.12616284461249, -20.58839093296805, -8.78586179471159, -26.90795780447922, -20.69765886704827, -24.71880521440377, -4.426708248283611] 
    ],
   "unconstrained":    [
[-18.71486209780972, -11.7132812742002, -23.34023357698756, -18.57383820469983, -11.99448541222737, -12.33850274240196, -18.87030878166374, -7.422886109565827, -23.57180005492594, -13.43796909294499, -15.37268389347825, -18.4430712547656, -19.87329184692329, -10.2480341973802, -17.04389844161583, -18.79015882135031, -23.73809710275184, -10.33598330417345, -9.98346122267438, -25.0305663913999, -18.51262082761599, -13.27660811332629, -20.12684884927718, -8.7773780074162, -27.05671013338353, -21.00133392342536, -24.81415976562248, -4.426708248283611] 
    ]
  },
 "Synonymous site-posteriors":  [
[0, 0, 0, 0, 0, 0, 0, 0, 0, 0, 0, 0, 0, 0, 0, 0, 0, 0, 0, 0, 0, 0, 0, 0, 0, 0, 0, 0],
  [1, 1, 1, 1, 0.9999999999999999, 1, 1, 1, 1, 1, 1, 1, 1, 1, 1, 1, 1, 1, 1, 0.9999999999999999, 1, 1, 1, 1, 1, 0.9999999999999999, 1, 1],
  [0, 0, 0, 0, 0, 0, 0, 0, 0, 0, 0, 0, 0, 0, 0, 0, 0, 0, 0, 0, 0, 0, 0, 0, 0, 0, 0, 0] 
  ],
 "analysis":{
   "authors":"Sergei L Kosakovsky Pond",
   "citation":"*Gene-wide identification of episodic selection*, Mol Biol Evol. 32(5):1365-71",
   "contact":"spond@temple.edu",
   "info":"BUSTED (branch-site unrestricted statistical test of episodic diversification) uses a random effects branch-site model fitted \njointly to all or a subset of tree branches in order to test for alignment-wide evidence of episodic diversifying selection. \nAssuming there is evidence of positive selection (i.e. there is an omega > 1),  BUSTED will also perform a quick evidence-ratio \nstyle analysis to explore which individual sites may have been subject to selection. v2.0 adds support for synonymous rate variation, \nand relaxes the test statistic to 0.5 (chi^2_0 + chi^2_2). Version 2.1 adds a grid search for the initial starting point.\nVersion 2.2 changes the grid search to LHC, and adds an initial search phase to use adaptive Nedler-Mead. Version 3.0 implements the option\nfor branch-site variation in synonymous substitution rates. Version 3.1 adds HMM auto-correlation option for SRV, and binds SRV distributions for multiple branch sets\n",
   "requirements":"in-frame codon alignment and a phylogenetic tree (optionally annotated with {})",
   "version":"3.1"
  },
 "background":0,
 "branch attributes":{
   "0":{
     "D3ZVX5_RAT":{
       "MG94xREV with separate rates for branch sets":0.2660679656431099,
       "Nucleotide GTR":0.1238123737708108,
       "constrained":0.3041079047124056,
       "original name":"D3ZVX5_RAT",
       "unconstrained":15.67230719203014
      },
     "ENSGALP00000018387":{
       "MG94xREV with separate rates for branch sets":0.04829988583061744,
       "Nucleotide GTR":0.04252765656319706,
       "constrained":0.05298758696500232,
       "original name":"ENSGALP00000018387",
       "unconstrained":2.513691749344448
      },
     "ENSLACP00000002950":{
       "MG94xREV with separate rates for branch sets":0.235187838002244,
       "Nucleotide GTR":0.146425581807523,
       "constrained":0.3295493647632597,
       "original name":"ENSLACP00000002950",
       "unconstrained":13.24663119939222
      },
     "ENSLACP00000018084":{
       "MG94xREV with separate rates for branch sets":0.09654273851012284,
       "Nucleotide GTR":0.07634255974797304,
       "constrained":0.08864243798139533,
       "original name":"ENSLACP00000018084",
       "unconstrained":0.05737907977738772
      },
     "ENSOANP00000013782":{
       "MG94xREV with separate rates for branch sets":0.09676271047364292,
       "Nucleotide GTR":0.1126209825573417,
       "constrained":0.1031409750580543,
       "original name":"ENSOANP00000013782",
       "unconstrained":5.806411376321728
      },
     "ENSORLP00000004748":{
       "MG94xREV with separate rates for branch sets":0.1340938654078336,
       "Nucleotide GTR":0.09720427354313455,
       "constrained":0.1574321010239763,
       "original name":"ENSORLP00000004748",
       "unconstrained":10.37167770493047
      },
     "ENSORLP00000013198":{
       "MG94xREV with separate rates for branch sets":0.4872256602659683,
       "Nucleotide GTR":0.2267845099065259,
       "constrained":0.8176781672550734,
       "original name":"ENSORLP00000013198",
       "unconstrained":28.67450864828342
      },
     "ENSPSIP00000000897":{
       "MG94xREV with separate rates for branch sets":0.07793946213753639,
       "Nucleotide GTR":0.069408027942387,
       "constrained":0.08679379392879735,
       "original name":"ENSPSIP00000000897",
       "unconstrained":4.771833804408101
      },
     "ENSSHAP00000018910":{
       "MG94xREV with separate rates for branch sets":0.1409785359962209,
       "Nucleotide GTR":0.1034180748206543,
       "constrained":0.1520493720451649,
       "original name":"ENSSHAP00000018910",
       "unconstrained":8.374300114553515
      },
     "ENSSSCP00000016959":{
       "MG94xREV with separate rates for branch sets":0,
       "Nucleotide GTR":0.06759978563256326,
       "constrained":0,
       "original name":"ENSSSCP00000016959",
       "unconstrained":0
      },
     "ENSTGUP00000003397":{
       "MG94xREV with separate rates for branch sets":0.07434033436946157,
       "Nucleotide GTR":0.05873998864851406,
       "constrained":0.07735249276011219,
       "original name":"ENSTGUP00000003397",
       "unconstrained":4.342859442429227
      },
     "NODE_10":{
       "MG94xREV with separate rates for branch sets":0.1297057137444733,
       "Nucleotide GTR":0.03494904074723493,
       "constrained":0.153299466000317,
       "unconstrained":9.457045903456837
      },