{
 "Evidence Ratios":{
  },
 "Site Log Likelihood":{
   "unconstrained":    [
[-3.930507388812126, -3.740160938266672, -3.919655309053087, -3.740160938266672, -3.886338893642908, -11.27808848502276, -15.61989677926256, -4.721357571797359, -11.38914392144317, -14.53786841876609, -10.33048757550086, -8.821327898991546, -4.40630191626084, -29.83973912155892, -14.93382440229161, -11.93084438012715, -16.19817840503616, -11.94369124242704, -7.719191054399356, -5.650365440912347, -5.012088805348163, -22.88497992486014, -8.907870250445038, -11.90793652731329, -14.41326522626625, -5.590721545928747, -4.979555606314087, -19.13671573507427, -8.837616376298655, -12.59235125569018, -8.630881722626302, -4.745517622807291, -22.82020451202674, -5.654049879511101, -10.84215334123654, -4.40630191626084, -4.932880615608506, -5.255975621273329, -5.687830762585832, -20.64933880164952, -4.701947813747003, -13.63177138144466, -9.170204302816934, -5.629835764420103, -4.954180202681217, -18.48675488550345, -4.928499699793497, -4.801155154374069, -22.82941216072298, -9.148328758428887, -15.70939114983831, -19.08985680796352, -8.358059401207766, -8.090623998620764, -4.920894450939091, -12.23492884901048, -12.31666326010364, -4.745517622807291, -11.51516249100194, -11.19076284766012, -3.838942303176486, -3.740160938266672, -3.875486813883866, -4.517722799387357, -3.591220841491443, -4.517722799387357, -3.770715212277858, -4.097864707615052, -3.813275552518682, -3.838942303176486, -3.591220841491443, -4.517722799387357, -4.831053269112342, -4.491443539087709, -3.622929101973226, -4.397524017240742, -3.943713904782493, -3.781567292036898, -3.92002976488482, -3.932861825023452, -3.708503950912676, -3.932861825023452, -4.50229561884675, -4.207177566695285, -4.207177566695285, -5.144531604350242] 
    ]
  },
 "Synonymous site-posteriors":  [
[0.1718658551235639, 0.1718658551235641, 0.1718658551235641, 0.1718658551235641, 0.1718658551235644, 0, 0, 0.4398811339105917, 0, 0, 0, 0, 0.2599001520123292, 0, 0, 0, 0, 0, 0, 0.6015776879646322, 0.5122297735912543, 0, 0, 0, 0, 0.497134656103624, 0.5209586001099432, 0, 0, 0, 0, 0.5147266744880581, 0, 0.5759982841006208, 0, 0.2599001520123292, 0.5265357989877923, 0.56778574647408, 0.553810307927216, 0, 0.4496642242603226, 0, 0, 0.6420080589997709, 0.499973736223623, 0, 0.4926146110650438, 0.4965620629397193, 0, 0, 0, 0, 0, 0, 0.52593900115706, 0, 0, 0.5147266744880581, 0, 0, 0.1718658551235641, 0.1718658551235641, 0.171865855123564, 0.171865855123564, 0.1718658551235639, 0.171865855123564, 0.1718658551235638, 0.171865855123564, 0.1718658551235641, 0.1718658551235641, 0.1718658551235639, 0.171865855123564, 0.1718658551235643, 0.1718658551235641, 0.1718658551235643, 0.171865855123564, 0.1718658551235641, 0.1718658551235638, 0.1718658551235641, 0.171865855123564, 0.1718658551235644, 0.171865855123564, 0.1718658551235643, 0.1718658551235639, 0.1718658551235639, 0.1718658551235641],
  [0.1096580264045007, 0.1096580264045009, 0.1096580264045007, 0.1096580264045009, 0.1096580264045009, 0.0606693146625239, 0.06224169760581266, 0.001268883307164779, 0.003673193191434262, 0.005171322573002068, 0.0307645298989117, 0.01301579121363061, 0.01833447437602965, 0.9998899246554274, 0.0145169639822257, 0.04409392935969087, 0.03657888185674651, 0.001706276205124566, 0.002119623406506703, 6.557080678815581e-05, 0.0002582066150767931, 0.9962707298013123, 0.003072025353353011, 0.01994620693979072, 0.03521653741268906, 0.0003821178092781697, 0.0002195741909766338, 0.6304195564960806, 0.001564320486960233, 0.01605557693997068, 0.0006390665289210773, 0.0002499371117831703, 0.8889552418638199, 8.057827696694874e-05, 0.0008457771185193158, 0.01833447437602965, 0.000224976342264224, 9.681190384393053e-05, 0.000150991565761067, 0.5279066255727861, 0.0007583595850545127, 0.02104741418816553, 0.0001319545896027238, 2.973453819128627e-05, 0.0004445139411170011, 0.2384137149636488, 0.0004984323010492969, 0.0003478334310312655, 0.234739360647706, 0.002307560323866559, 0.02429677627509243, 0.9503154497385987, 0.01165615198351617, 0.002993034882641854, 0.0002332920861453435, 0.09872696634053924, 0.002103387115933562, 0.0002499371117831703, 0.01286800428192222, 0.003407285159889826, 0.1096580264045008, 0.1096580264045009, 0.1096580264045011, 0.1096580264045009, 0.1096580264045012, 0.1096580264045009, 0.1096580264045009, 0.1096580264045011, 0.1096580264045004, 0.1096580264045008, 0.1096580264045012, 0.1096580264045009, 0.1096580264045012, 0.1096580264045009, 0.1096580264045005, 0.1096580264045008, 0.1096580264045007, 0.1096580264045008, 0.109658026404501, 0.1096580264045006, 0.1096580264045006, 0.1096580264045006, 0.1096580264045006, 0.1096580264045012, 0.1096580264045012, 0.1096580264045006],
  [0.7184761184719354, 0.7184761184719348, 0.7184761184719353, 0.7184761184719348, 0.7184761184719348, 0.939330685337476, 0.9377583023941873, 0.5588499827822434, 0.9963268068085657, 0.994828677426998, 0.9692354701010883, 0.9869842087863694, 0.7217653736116412, 0.0001100753445726388, 0.9854830360177744, 0.955906070640309, 0.9634211181432535, 0.9982937237948754, 0.9978803765934934, 0.3983567412285797, 0.4875120197936689, 0.003729270198687692, 0.9969279746466471, 0.9800537930602092, 0.9647834625873108, 0.5024832260870977, 0.4788218256990801, 0.3695804435039194, 0.9984356795130397, 0.9839444230600293, 0.999360933471079, 0.4850233884001589, 0.1110447581361801, 0.4239211376224123, 0.9991542228814806, 0.7217653736116412, 0.4732392246699434, 0.4321174416220761, 0.4460387005070229, 0.4720933744272139, 0.5495774161546229, 0.9789525858118344, 0.9998680454103973, 0.3579622064620379, 0.49958174983526, 0.7615862850363513, 0.506886956633907, 0.5030901036292496, 0.765260639352294, 0.9976924396761334, 0.9757032237249076, 0.04968455026140126, 0.9883438480164839, 0.9970069651173581, 0.4738277067567946, 0.9012730336594609, 0.9978966128840664, 0.4850233884001589, 0.9871319957180777, 0.9965927148401101, 0.718476118471935, 0.7184761184719348, 0.7184761184719349, 0.7184761184719353, 0.7184761184719348, 0.7184761184719353, 0.7184761184719353, 0.7184761184719349, 0.7184761184719356, 0.718476118471935, 0.7184761184719348, 0.7184761184719353, 0.7184761184719346, 0.7184761184719349, 0.7184761184719353, 0.7184761184719352, 0.7184761184719353, 0.7184761184719353, 0.7184761184719349, 0.7184761184719354, 0.718476118471935, 0.7184761184719354, 0.718476118471935, 0.7184761184719348, 0.7184761184719348, 0.7184761184719353] 
  ],
 "analysis":{
   "authors":"Sergei L Kosakovsky Pond",
   "citation":"*Gene-wide identification of episodic selection*, Mol Biol Evol. 32(5):1365-71",
   "contact":"spond@temple.edu",
   "info":"BUSTED (branch-site unrestricted statistical test of episodic diversification) uses a random effects branch-site model fitted \njointly to all or a subset of tree branches in order to test for alignment-wide evidence of episodic diversifying selection. \nAssuming there is evidence of positive selection (i.e. there is an omega > 1),  BUSTED will also perform a quick evidence-ratio \nstyle analysis to explore which individual sites may have been subject to selection. v2.0 adds support for synonymous rate variation, \nand relaxes the test statistic to 0.5 (chi^2_0 + chi^2_2). Version 2.1 adds a grid search for the initial starting point.\nVersion 2.2 changes the grid search to LHC, and adds an initial search phase to use adaptive Nedler-Mead. Version 3.0 implements the option\nfor branch-site variation in synonymous substitution rates. Version 3.1 adds HMM auto-correlation option for SRV, and binds SRV distributions for multiple branch sets\n",
   "requirements":"in-frame codon alignment and a phylogenetic tree (optionally annotated with {})",
   "version":"3.1"
  },
 "background":0,
 "branch attributes":{
   "0":{
     "ENSMMUP00000023491":{
       "MG94xREV with separate rates for branch sets":0.08215353430025757,
       "Nucleotide GTR":0.07458449474718716,
       "original name":"ENSMMUP00000023491",