{
 "Evidence Ratios":{
  },
 "Site Log Likelihood":{
   "unconstrained":    [
[-4.02313465342956, -4.429282213888435, -4.575685376989936, -3.229107411254344, -4.582882107705009, -4.023134653429561, -4.326902430600823, -4.582882107705009, -4.023134653429561, -4.647442731594264, -3.879529283512397, -4.661687799627927, -3.052172480178066, -4.429282213888435, -4.429282213888435, -4.200069584505838, -4.668934448254244, -7.105699613481575, -5.148678269048545, -4.297390485383759, -8.475350662622178, -4.615378314139786, -11.56838403068806, -7.707547575524969, -4.941692537215121, -11.63468554913243, -6.225602796877322, -5.380001511964229, -4.548776815403653, -4.044081843420692, -3.851809284521067, -4.922843969423699, -3.851809284521067, -10.95164538427109, -8.912124621642715, -4.988567920615248, -7.635867676515101, -10.03425780731964, -13.86549430102169, -7.846226770142373, -12.41077503951159, -6.769541912245328, -6.459099947240752, -5.148678269048545, -11.2475109254351, -8.329404731903095, -4.264808975943726, -6.451994541407931, -10.30130540623567, -7.617563302765652, -6.915604774525446, -8.426110789799534, -9.523009569763895, -9.085121089112516, -11.4184437794711, -7.11433154879551, -7.529090386856339, -6.243669745696998, -10.14915626288229, -11.27010856559297, -10.27205422881123, -13.57551731858372, -4.422445281681884, -19.38985183650544, -6.820218308532683, -5.870098824214078, -6.213456296547366, -6.451994541407931, -9.259288156311527, -12.59325695391227, -14.55171844820832, -11.99008448020699, -4.423804369196349, -8.086023771306166, -10.76490609290477, -8.237706697014003, -8.367380402706528, -5.688002495730053, -3.740582866006859, -4.098297326737374, -4.583540568192698, -4.830815411272331, -4.887184250185679, -4.575685376989936] 
    ]
  },
 "Synonymous site-posteriors":  [
[0.4299385175489507, 0.4299385175489508, 0.4299385175489501, 0.4299385175489494, 0.4299385175489503, 0.4299385175489507, 0.4299385175489503, 0.4299385175489503, 0.4299385175489507, 0.4299385175489503, 0.4299385175489505, 0.4299385175489497, 0.4299385175489514, 0.4299385175489508, 0.4299385175489508, 0.4299385175489502, 0.4299385175489508, 0.4397974179398176, 0.4795907945599694, 0.4746507462117943, 0.4697685694662125, 0.4833577565072913, 0.4343957144512146, 0.4857628023149207, 0.4826911382324383, 0.4482443299400995, 0.4853060461787203, 0.4769103163097127, 0.4770551576317384, 0.4707814518895015, 0.4728049951355712, 0.480114992619391, 0.4728049951355712, 0.4273863696458314, 0.4808353072970021, 0.4845474234584835, 0.465309487244889, 0.1477723878726917, 0.05346064526880814, 0.4438449090480613, 0.4804533731443551, 0.4713350679880195, 0.4715892376556044, 0.4795907945599694, 0.4188327513020019, 0.4810733183312274, 0.4828877269647194, 0.4676495079443044, 0.4739138658979919, 0.4813484277362673, 0.4852001836328181, 0.449415057909726, 0.4830987376462077, 0.4802003129404839, 0.2539217289030328, 0.4856697888616429, 0.4856783921615714, 0.4853578144580787, 0.4813040120125553, 0.4617612673009425, 0.3640545579173662, 0.3451503478889665, 0.4830589391949348, 0.009698508721778796, 0.4850753219552858, 0.4852259089838966, 0.4737932744209878, 0.4676495079443044, 0.4107477783810807, 0.2084538532677732, 0.01123512576433965, 0.4355761722356175, 0.4833507746751071, 0.4660332624207655, 0.4314151055960011, 0.4803474854712776, 0.4214268468035199, 0.3892080004118386, 0.4400542571508869, 0.4434790686546005, 0.4412254106358188, 0.4446085923756434, 0.4435371150406444, 0.4299385175489501],
  [0.1171234088646297, 0.1171234088646294, 0.1171234088646296, 0.11712340886463, 0.1171234088646296, 0.1171234088646297, 0.1171234088646297, 0.1171234088646296, 0.1171234088646297, 0.1171234088646295, 0.1171234088646299, 0.1171234088646302, 0.1171234088646297, 0.1171234088646294, 0.1171234088646294, 0.1171234088646292, 0.1171234088646291, 0.09729551971001274, 0.01483754191319615, 0.02508209382744488, 0.03543679469081713, 0.006825300300592204, 0.1088647575442365, 0.001882303745318571, 0.008430539319534885, 0.08033138593394502, 0.002457318237454011, 0.02043636343265991, 0.02007695093753182, 0.03306463826565861, 0.02887949092488729, 0.01375014144244881, 0.02887949092488729, 0.1228618997582299, 0.01224067135610967, 0.004207946026880112, 0.044949975458169, 0.6971386246996373, 0.8904549922936487, 0.08902004691765322, 0.01329989774588022, 0.0321019920865815, 0.03167099689655414, 0.01483754191319615, 0.1403504934073013, 0.01179673289336603, 0.007692559983891872, 0.03977732834274849, 0.0270276579265431, 0.01191805516381851, 0.003207844246501077, 0.07780910175845053, 0.007856479995568667, 0.01358814714881143, 0.4794736966105459, 0.001602478650836699, 0.002227916244931132, 0.002224408024411749, 0.01178285069284134, 0.05187783901301171, 0.25286708076105, 0.2917366700875454, 0.007414583100306403, 0.9801424860050495, 0.003433309922498639, 0.003016562427543925, 0.02705320870367917, 0.03977732834274849, 0.1573977578975012, 0.5727003414725439, 0.976993892117499, 0.1060134174422411, 0.006781983373895794, 0.04331411851789023, 0.1151623700192981, 0.01357313540145093, 0.1352324095440187, 0.2012291996614045, 0.09632945765467732, 0.08928788493715165, 0.09392198153057543, 0.086966016760314, 0.08916906315701173, 0.1171234088646295],
  [0.4529380735864196, 0.4529380735864197, 0.4529380735864203, 0.4529380735864206, 0.4529380735864201, 0.4529380735864196, 0.4529380735864199, 0.4529380735864201, 0.4529380735864196, 0.4529380735864202, 0.4529380735864196, 0.4529380735864201, 0.452938073586419, 0.4529380735864197, 0.4529380735864197, 0.4529380735864207, 0.45293807358642, 0.4629070623501696, 0.5055716635268346, 0.5002671599607609, 0.4947946358429704, 0.5098169431921163, 0.4567395280045489, 0.5123548939397606, 0.5088783224480268, 0.4714242841259555, 0.5122366355838258, 0.5026533202576274, 0.5028678914307297, 0.4961539098448399, 0.4983155139395415, 0.5061348659381602, 0.4983155139395415, 0.4497517305959388, 0.5069240213468881, 0.5112446305146363, 0.489740537296942, 0.1550889874276711, 0.05608436243754328, 0.4671350440342854, 0.5062467291097646, 0.496562939925399, 0.4967397654478415, 0.5055716635268346, 0.4408167552906967, 0.5071299487754065, 0.5094197130513889, 0.492573163712947, 0.499058476175465, 0.5067335170999142, 0.5115919721206809, 0.4727758403318234, 0.5090447823582236, 0.5062115399107047, 0.2666045744864213, 0.5127277324875205, 0.5120936915934975, 0.5124177775175096, 0.5069131372946034, 0.4863608936860459, 0.3830783613215837, 0.3631129820234882, 0.5095264777047588, 0.0101590052731716, 0.5114913681222156, 0.5117575285885594, 0.4991535168753332, 0.492573163712947, 0.4318544637214179, 0.2188458052596829, 0.0117709821181614, 0.4584104103221414, 0.5098672419509971, 0.4906526190613442, 0.4534225243847008, 0.5060793791272716, 0.4433407436524613, 0.409562799926757, 0.4636162851944358, 0.467233046408248, 0.4648526078336057, 0.4684253908640424, 0.467293821802344, 0.4529380735864203] 
  ],
 "analysis":{
   "authors":"Sergei L Kosakovsky Pond",
   "citation":"*Gene-wide identification of episodic selection*, Mol Biol Evol. 32(5):1365-71",
   "contact":"spond@temple.edu",