{
 "Evidence Ratios":{
   "constrained":    [
[0.9999999999999583, 0.9999999999999591, 0.9999999999999596, 0.9999999999999583, 0.9999999999999596, 0.9999999999999591, 0.9999999999999583, 0.9999999999999583, 0.9999999999999583, 0.9999999999999583, 0.9999999999999591, 0.9999999999999583, 0.9999999999999583, 0.9999999999999583, 0.9999999999999591, 0.9999999999999583, 0.9999999999999591, 0.9999999999999609, 0.9999999999999609, 0.9999999999999591, 0.9999999999999591, 0.9999999999999591, 0.9999999999999605, 0.9387971103476083, 0.9150268115530173, 0.9139175246496725, 112.7754582850911, 0.9265953401270409, 0.9924513515613109, 0.9895193318957846, 0.9245021565894036, 0.9825872671549438, 0.9296760213465519, 5.877385619823007, 0.9868916773465389, 0.9835325998886977, 0.9864734217833361, 1.008514931281084, 0.9555754379983081, 0.9125452032071921, 0.9882455484757038, 0.9999999999999587, 0.9999999999999587, 0.9999999999999591] 
    ],
   "optimized null":    [
[1.000000000000189, 1.000000000000144, 1.000000000000199, 1.000000000000216, 1.000000000000164, 1.000000000000149, 1.000000000000217, 1.000000000000184, 1.000000000000233, 1.000000000000189, 1.00000000000018, 1.000000000000189, 1.000000000000189, 1.000000000000141, 1.000000000000202, 1.000000000000189, 1.000000000000149, 1.00000000000021, 1.000000000000131, 1.000000000000116, 1.000000000000156, 1.000000000000168, 1.000000000000138, 0.9214470971056281, 0.9568683082938667, 0.9093929507698603, 11.6933290367537, 1.221042650327853, 1.473598815903298, 0.54300626728352, 1.192556231471263, 2.142584635314496, 0.7735937331778163, 0.9252111680526024, 1.010071082934609, 1.129849686080377, 0.8152457794013959, 0.5236515157174849, 0.6386534988281389, 1.091349880186951, 0.9682585377547156, 1.00000000000023, 1.000000000000197, 1.000000000000194] 
    ]
  },
 "Site Log Likelihood":{
   "constrained":    [
[-4.994219075190212, -4.108934874282453, -3.888523527949221, -4.502101616519121, -3.990825356249661, -4.449324786504751, -3.744598576555257, -4.783041364401289, -4.235809242268026, -4.994219075190212, -4.430967659875469, -4.994219075190212, -4.994219075190212, -4.4289230912304, -4.202003067038531, -4.994219075190212, -4.319205792113056, -4.625624872638715, -4.497843711694859, -4.074221906094677, -3.936805632559285, -4.394210123042639, -3.677345817160349, -10.98423297331552, -9.136297062765545, -9.739723283053246, -33.40978520570622, -13.58244302440144, -31.0639695440151, -31.22518809227366, -17.58319068573428, -30.95172127479896, -17.05644171272086, -21.28332297804349, -33.35977882127216, -29.49793849754779, -34.79719249339722, -40.56292991343811, -22.82862302342198, -8.89438615986872, -26.87570985388091, -3.533420865766335, -3.499614690536842, -4.236716035226345] 
    ],
   "optimized null":    [
[-4.994219075190443, -4.108934874282638, -3.88852352794946, -4.502101616519378, -3.990825356249865, -4.449324786504941, -3.744598576555516, -4.783041364401514, -4.2358092422683, -4.994219075190443, -4.43096765987569, -4.994219075190443, -4.994219075190443, -4.428923091230583, -4.202003067038773, -4.994219075190443, -4.319205792113246, -4.625624872638964, -4.497843711695029, -4.074221906094834, -3.936805632559482, -4.394210123042848, -3.677345817160526, -10.96557895328942, -9.181009468771242, -9.734760241126853, -31.14340497010569, -13.8583864845873, -31.45925441067482, -30.62508965221316, -17.83778967812526, -31.73130026622384, -16.87265239466024, -19.43447765974866, -33.38299452375917, -29.63662759514741, -34.60654574782573, -39.90752216745751, -22.42567136347444, -9.073319169078545, -26.85527779223908, -3.533420865766606, -3.49961469053708, -4.236716035226579] 
    ],
   "unconstrained":    [
[-4.994219075190254, -4.108934874282494, -3.888523527949262, -4.502101616519163, -3.990825356249701, -4.449324786504792, -3.744598576555299, -4.78304136440133, -4.235809242268068, -4.994219075190254, -4.43096765987551, -4.994219075190254, -4.994219075190254, -4.428923091230442, -4.202003067038572, -4.994219075190254, -4.319205792113097, -4.625624872638754, -4.497843711694898, -4.074221906094718, -3.936805632559326, -4.39421012304268, -3.677345817160389, -11.04738886635321, -9.225098974657728, -9.829738230265761, -28.68438645870828, -13.65868135941535, -31.07154682769635, -31.23572406936937, -17.66169058118303, -30.96928739245033, -17.12936083039208, -19.51221093748592, -33.37297381623932, -29.51454299243907, -34.81081138921238, -40.55445102970069, -22.87406459050768, -8.985903816859858, -26.887533935148, -3.533420865766376, -3.499614690536883, -4.236716035226386] 
    ]
  },
 "Synonymous site-posteriors":  [
[0.435216938478681, 0.4352169384786749, 0.4352169384786876, 0.4352169384786883, 0.4352169384786627, 0.4352169384787011, 0.4352169384786877, 0.4352169384786778, 0.4352169384786932, 0.435216938478681, 0.4352169384786773, 0.435216938478681, 0.435216938478681, 0.4352169384786936, 0.4352169384786872, 0.435216938478681, 0.4352169384786706, 0.435216938478689, 0.4352169384786564, 0.4352169384786558, 0.4352169384787085, 0.4352169384786505, 0.4352169384786604, 0.002859628525607636, 0.01250153666481097, 0.01072354844155771, 0.01761790563066488, 0.0006039271664095609, 0.9949336556580197, 0.9920374765000332, 0.0106433540978715, 0.9999064197972496, 0.001895459220662392, 0.00604574974673322, 0.9999884286144839, 0.9975767609859723, 0.9993686443296861, 0.9999989190314682, 0.005286877116526532, 0.00985360056660955, 0.9862598135878835, 0.4352169384786975, 0.4352169384786885, 0.4352169384786843],
  [0.3283021275712945, 0.3283021275713016, 0.3283021275712923, 0.3283021275712928, 0.3283021275713122, 0.3283021275712855, 0.3283021275712941, 0.3283021275713038, 0.3283021275712868, 0.3283021275712945, 0.3283021275713011, 0.3283021275712945, 0.3283021275712945, 0.3283021275712871, 0.3283021275712914, 0.3283021275712945, 0.3283021275713012, 0.3283021275712913, 0.3283021275713152, 0.328302127571315, 0.3283021275712803, 0.328302127571317, 0.328302127571311, 0.4626584797284882, 0.555325635837582, 0.5064229344815596, 0.9705593363117989, 0.2503893377905921, 0.00439571753148708, 0.005926072193712228, 0.9364381498314407, 9.336298790991203e-05, 0.2263398635871025, 0.4695852851770174, 1.15448179026422e-05, 0.001967325588360859, 0.000610035381420803, 1.071608709747114e-06, 0.9129603014681857, 0.4711838904204942, 0.01261710209846115, 0.3283021275712844, 0.3283021275712906, 0.3283021275712933],
  [0.2364809339500244, 0.2364809339500235, 0.23648093395002, 0.2364809339500189, 0.236480933950025, 0.2364809339500135, 0.2364809339500182, 0.2364809339500183, 0.2364809339500199, 0.2364809339500244, 0.2364809339500216, 0.2364809339500244, 0.2364809339500244, 0.2364809339500193, 0.2364809339500214, 0.2364809339500244, 0.236480933950028, 0.2364809339500197, 0.2364809339500284, 0.2364809339500291, 0.2364809339500112, 0.2364809339500327, 0.2364809339500287, 0.5344818917459041, 0.4321728274976069, 0.4828535170768827, 0.01182275805753624, 0.7490067350429983, 0.0006706268104933187, 0.002036451306254625, 0.05291849607068779, 2.172148404909556e-07, 0.7717646771922351, 0.5243689650762493, 2.656761337625811e-08, 0.0004559134256668137, 2.132028889316798e-05, 9.359822121814245e-09, 0.08175282141528774, 0.5189625090128964, 0.001123084313655337, 0.2364809339500182, 0.2364809339500209, 0.2364809339500224] 
  ],
 "analysis":{
   "authors":"Sergei L Kosakovsky Pond",
   "citation":"*Gene-wide identification of episodic selection*, Mol Biol Evol. 32(5):1365-71",
   "contact":"spond@temple.edu",