{
 "Evidence Ratios":{
  },
 "Site Log Likelihood":{
   "unconstrained":    [
[-4.810103246732885, -5.279843004409609, -14.15435198377401, -4.629544476903678, -15.30814001115919, -9.736904280110039, -10.1194042281412, -9.530889889947161, -13.06606711644803, -8.566885680681747, -17.59478793930966, -10.87641877235681, -17.1835024958627, -10.46741037535353, -8.271341769548748, -14.90910453395884, -14.92611785685282, -26.90895688105913, -21.26384778261691, -4.478335349067697, -28.19252231235166, -13.53719417134135, -10.75398120355764, -5.905158625832019, -22.65820417064364, -15.19856286534847, -4.600419917822222, -7.450100230708212, -19.18932365444835, -13.47856720946296, -9.941283022123036, -4.600419917822222, -4.629544476903678, -4.498130783835644, -21.1128285390839, -20.36268201350926, -19.56301758572547, -9.577425409409734, -40.53000620903515, -13.91476892034864, -39.44632675492069, -18.64568163606997, -22.74676270727683, -8.748822547112413, -31.46038654262551, -7.115740705284514, -10.66252728349912, -4.169565177208113, -8.875277338796323] 
    ]
  },
 "Synonymous site-posteriors":  [
[0.5028518544019294, 0.8027592354138047, 0.9516914131930022, 0.8408956979453872, 0.1061599829726062, 0.4783342445451829, 0.1961978574844818, 0.4237371922593753, 0.06404306339463024, 0.5047484545406157, 5.813289225455468e-06, 0.2421456739561484, 0.01713697155907044, 0.4555276866368987, 0.3133743674999387, 0.01261538073946357, 0.01987475043025142, 0.0003943214049791321, 0.2692020284371307, 0.8143370536914784, 0.001249896766256652, 0.2733899827417703, 0.8562260328686833, 0.9668327816584769, 0.1162698574837299, 0.04381738310114673, 0.4335197197836711, 0.5667818323817999, 0.02247499741451558, 0.03534878303645567, 0.3170850432187111, 0.4335197197836711, 0.8408956979453872, 0.7145749082564334, 0.001792363671725686, 0.0003280490697051399, 0.004222010428576865, 0.9622419607011329, 2.647931897055649e-10, 0.07435227510465067, 4.210565776438326e-08, 0.001445750810387251, 7.358354094189854e-05, 0.5013371775330778, 8.076530066387967e-06, 0.9621885870995605, 0.3154858641524762, 0.7274482270468708, 0.2279252277168925],
  [0.4020839694149237, 0.1911078521645388, 0.04827152958427034, 0.1535352741714004, 0.6816072614696685, 0.4776332430298388, 0.5914035741640963, 0.5310092365207598, 0.7885117060529891, 0.4585912417653626, 0.161519129878309, 0.6947899455091613, 0.5666040431214627, 0.4911131628826481, 0.5621387192924828, 0.7125413561143236, 0.6386631747598082, 0.374942317888134, 0.724944205913795, 0.1772815218968539, 0.2727371276811288, 0.6823809745565141, 0.1428473076804793, 0.03307074994541663, 0.8201533193711585, 0.7629391545842926, 0.4282674719391434, 0.4088643041821112, 0.9508986648106662, 0.7313324909670016, 0.5710442704579274, 0.4282674719391434, 0.1535352741714004, 0.2600040010810403, 0.5237677670354484, 0.629244868085882, 0.5187991682134108, 0.0377224628662764, 0.007473080960991948, 0.6364210844359651, 0.02052806120166601, 0.4799257400217702, 0.467969771394552, 0.4605974628560697, 0.119172876690705, 0.03775720398518632, 0.6039986934719456, 0.25447711256503, 0.5942186269073729],
  [0.09506417618314709, 0.006132912421656516, 3.705722272734078e-05, 0.005569027883212307, 0.2122327555577253, 0.04403251242497817, 0.212398568351422, 0.04525357121986482, 0.1474452305523808, 0.03666030369402156, 0.8384750568324654, 0.06306438053469028, 0.4162589853194669, 0.05335915048045306, 0.1244869132075784, 0.2748432631462127, 0.3414620748099403, 0.6246633607068869, 0.005853765649074211, 0.008381424411667933, 0.7260129755526145, 0.04422904270171549, 0.0009266594508374416, 9.646839610638594e-05, 0.06357682314511164, 0.1932434623145609, 0.1382128082771854, 0.02435386343608874, 0.02662633777481818, 0.2333187259965429, 0.1118706863233616, 0.1382128082771854, 0.005569027883212307, 0.02542109066252619, 0.4744398692928261, 0.3704270828444129, 0.4769788213580124, 3.557643259069275e-05, 0.9925269187742148, 0.2892266404593842, 0.9794718966926762, 0.5186285091678425, 0.531956645064506, 0.03806535961085245, 0.8808190467792287, 5.420891525325606e-05, 0.08051544237557826, 0.01807466038809915, 0.1778561453757346] 
  ],
 "analysis":{
   "authors":"Sergei L Kosakovsky Pond",
   "citation":"*Gene-wide identification of episodic selection*, Mol Biol Evol. 32(5):1365-71",
   "contact":"spond@temple.edu",
   "info":"BUSTED (branch-site unrestricted statistical test of episodic diversification) uses a random effects branch-site model fitted \njointly to all or a subset of tree branches in order to test for alignment-wide evidence of episodic diversifying selection. \nAssuming there is evidence of positive selection (i.e. there is an omega > 1),  BUSTED will also perform a quick evidence-ratio \nstyle analysis to explore which individual sites may have been subject to selection. v2.0 adds support for synonymous rate variation, \nand relaxes the test statistic to 0.5 (chi^2_0 + chi^2_2). Version 2.1 adds a grid search for the initial starting point.\nVersion 2.2 changes the grid search to LHC, and adds an initial search phase to use adaptive Nedler-Mead. Version 3.0 implements the option\nfor branch-site variation in synonymous substitution rates. Version 3.1 adds HMM auto-correlation option for SRV, and binds SRV distributions for multiple branch sets\n",
   "requirements":"in-frame codon alignment and a phylogenetic tree (optionally annotated with {})",
   "version":"3.1"
  },
 "background":0,
 "branch attributes":{
   "0":{
     "D3ZUG5_RAT":{
       "MG94xREV with separate rates for branch sets":0.06096003266204672,
       "Nucleotide GTR":0.05835859856007958,
       "original name":"D3ZUG5_RAT",
       "unconstrained":0.06949793745352074
      },
     "ENHO_AILME":{
       "MG94xREV with separate rates for branch sets":0.01592027897892647,
       "Nucleotide GTR":0.0213007680644432,
       "original name":"ENHO_AILME",
       "unconstrained":0.02088442670916327
      },
     "ENHO_BOVIN":{
       "MG94xREV with separate rates for branch sets":0.04357406209136306,
       "Nucleotide GTR":0.03519278124665833,
       "original name":"ENHO_BOVIN",
       "unconstrained":0.05381077204474043
      },
     "ENHO_CAVPO":{
       "MG94xREV with separate rates for branch sets":0.03967226469263183,
       "Nucleotide GTR":0.04274363708772638,
       "original name":"ENHO_CAVPO",
       "unconstrained":0.03884356035874183
      },
     "ENHO_ECHTE":{
       "MG94xREV with separate rates for branch sets":0.09022038394330752,
       "Nucleotide GTR":0.05067738185100951,
       "original name":"ENHO_ECHTE",
       "unconstrained":0.09552751883807464
      },
     "ENHO_ERIEU":{
       "MG94xREV with separate rates for branch sets":0.3252512213961117,
       "Nucleotide GTR":0.1801973192490982,
       "original name":"ENHO_ERIEU",
       "unconstrained":0.4146826262767194
      },
     "ENHO_FELCA":{
       "MG94xREV with separate rates for branch sets":0.02055317211495685,
       "Nucleotide GTR":0.01374524239578003,
       "original name":"ENHO_FELCA",
       "unconstrained":0.01726713362831047
      },
     "ENHO_GGOR":{
       "MG94xREV with separate rates for branch sets":0,
       "Nucleotide GTR":0,
       "original name":"ENHO_GGOR",
       "unconstrained":0
      },
     "ENHO_HORSE":{
       "MG94xREV with separate rates for branch sets":0,
       "Nucleotide GTR":0,
       "original name":"ENHO_HORSE",
       "unconstrained":0
      },
     "ENHO_HUMAN":{
       "MG94xREV with separate rates for branch sets":0,
       "Nucleotide GTR":0,
       "original name":"ENHO_HUMAN",
       "unconstrained":0
      },
     "ENHO_LAMPA":{
       "MG94xREV with separate rates for branch sets":0.008067276950328191,
       "Nucleotide GTR":0.006803920765539048,
       "original name":"ENHO_LAMPA",
       "unconstrained":0.009265930506181328
      },
     "ENHO_LOXAF":{
       "MG94xREV with separate rates for branch sets":0.0248882022344935,
       "Nucleotide GTR":0.0149343640915275,
       "original name":"ENHO_LOXAF",