{
 "Evidence Ratios":{
  },
 "Site Log Likelihood":{
   "unconstrained":    [
[-19.18392807929682, -21.22236041171455, -25.44130000789898, -26.03641995794257, -15.99671588594224, -7.979329972697931, -13.86322897631413, -14.00191946400034, -29.30538619158024, -30.4231336168991, -25.87379514608303, -44.29332749643867, -23.32369374090527, -28.10613485284607, -17.88503313953233, -10.46768050803083, -22.9860903097619, -12.5691575327178, -15.48034706280707, -14.52522705830003, -9.068061216938275, -6.615343625026384, -25.7937657580628, -14.37381073803061, -37.16170612721989, -29.86743604530572, -16.39870214232264, -38.00381384269787, -26.20888812332111, -22.92276325425186, -20.42223122254151, -31.67400485363604, -20.14233765918014, -26.35324970624707, -21.76684321707141, -4.543761188808056, -9.952447892022086, -15.34321851488855, -21.11203581143991, -34.20680065270005, -6.259540208370755, -14.36240232747757, -15.41711994151296, -24.98785601875106, -26.47942194351148, -17.49324482327615, -4.55474067247965, -3.919910786393468, -4.119585152837444, -4.24871896805735, -3.97353626013084, -3.831687958702751, -3.586180852216792, -4.219043366616798, -4.535913621603262, -4.355066306035673] 
    ]
  },
 "Synonymous site-posteriors":  [
[0.59764108527934, 0.8551947807801225, 0.374315079152052, 0.5745455899171693, 0.1660533635345674, 0.0002337115006402916, 0.07263485155388331, 0.1147514198868499, 0.9679164502479437, 0.9661089238942273, 0.9307738741609661, 0.99477986008568, 0.6973324300427718, 0.8824129789841714, 0.2618416376276511, 0.06522725333920082, 0.7628136500662747, 0.2478341443991295, 0.1448867019929422, 0.148858933886748, 0.05263032901760251, 0.01474947555703145, 0.8368486545104667, 0.2970133187585752, 0.9890277453380244, 0.901121265895037, 0.05346261220002865, 0.9778695633538705, 0.9030765479332281, 0.2500720990109139, 0.5460783456739325, 0.79802143069045, 0.5546583272948556, 0.8901593771420742, 0.7032361064358845, 0.5212069223040885, 0.06697687057847874, 0.08249487576457043, 0.4906850723750993, 0.9739405028465448, 0.6599315003675325, 0.430903344304054, 0.4966592941649964, 0.7056747146416605, 0.7978245495453522, 0.1620682693018275, 0.5212069223040884, 0.5212069223040886, 0.5212069223040879, 0.5212069223040877, 0.5212069223040878, 0.5212069223040885, 0.5212069223040889, 0.5212069223040885, 0.521206922304088, 0.5212069223040882],
  [0, 0, 0, 0, 0, 0.8984098921983642, 0, 0, 0, 0, 0, 0, 0, 0, 0, 0, 0, 0, 0, 0, 0, 0.5048022682986348, 0, 0, 0, 0, 0, 0, 0, 0, 0, 0, 0, 0, 0, 0.0312029030934371, 0, 0, 0, 0, 0, 0, 0, 0, 0, 0, 0.03120290309343714, 0.03120290309343715, 0.03120290309343717, 0.0312029030934372, 0.03120290309343718, 0.03120290309343716, 0.03120290309343714, 0.03120290309343716, 0.03120290309343714, 0.03120290309343714],
  [0.4023589147206601, 0.1448052192198774, 0.6256849208479479, 0.4254544100828306, 0.8339466364654325, 0.1013563963009955, 0.9273651484461166, 0.88524858011315, 0.03208354975205641, 0.03389107610577264, 0.0692261258390339, 0.005220139914319989, 0.3026675699572282, 0.1175870210158286, 0.7381583623723489, 0.934772746660799, 0.2371863499337253, 0.7521658556008706, 0.8551132980070578, 0.8511410661132519, 0.9473696709823975, 0.4804482561443337, 0.1631513454895332, 0.7029866812414248, 0.01097225466197567, 0.09887873410496298, 0.9465373877999713, 0.02213043664612956, 0.09692345206677194, 0.7499279009890861, 0.4539216543260676, 0.2019785693095501, 0.4453416727051444, 0.1098406228579259, 0.2967638935641154, 0.4475901746024746, 0.9330231294215211, 0.9175051242354295, 0.5093149276249008, 0.02605949715345519, 0.3400684996324676, 0.569096655695946, 0.5033407058350037, 0.2943252853583394, 0.2021754504546479, 0.8379317306981725, 0.4475901746024744, 0.4475901746024743, 0.4475901746024749, 0.4475901746024752, 0.447590174602475, 0.4475901746024744, 0.4475901746024739, 0.4475901746024743, 0.4475901746024749, 0.4475901746024748] 
  ],
 "analysis":{
   "authors":"Sergei L Kosakovsky Pond",
   "citation":"*Gene-wide identification of episodic selection*, Mol Biol Evol. 32(5):1365-71",
   "contact":"spond@temple.edu",
   "info":"BUSTED (branch-site unrestricted statistical test of episodic diversification) uses a random effects branch-site model fitted \njointly to all or a subset of tree branches in order to test for alignment-wide evidence of episodic diversifying selection. \nAssuming there is evidence of positive selection (i.e. there is an omega > 1),  BUSTED will also perform a quick evidence-ratio \nstyle analysis to explore which individual sites may have been subject to selection. v2.0 adds support for synonymous rate variation, \nand relaxes the test statistic to 0.5 (chi^2_0 + chi^2_2). Version 2.1 adds a grid search for the initial starting point.\nVersion 2.2 changes the grid search to LHC, and adds an initial search phase to use adaptive Nedler-Mead. Version 3.0 implements the option\nfor branch-site variation in synonymous substitution rates. Version 3.1 adds HMM auto-correlation option for SRV, and binds SRV distributions for multiple branch sets\n",
   "requirements":"in-frame codon alignment and a phylogenetic tree (optionally annotated with {})",
   "version":"3.1"
  },
 "background":0,
 "branch attributes":{
   "0":{
     "ENSAMEP00000015170":{
       "MG94xREV with separate rates for branch sets":0.06095186301404596,
       "Nucleotide GTR":0.05941049808764427,
       "original name":"ENSAMEP00000015170",
       "unconstrained":0.06412844127649478
      },
     "ENSCAFP00000012248":{
       "MG94xREV with separate rates for branch sets":0.06624746548802345,
       "Nucleotide GTR":0.06418450677975603,
       "original name":"ENSCAFP00000012248",
       "unconstrained":0.06940769126307936
      },
     "ENSECAP00000013289":{
       "MG94xREV with separate rates for branch sets":0.08421804697071662,
       "Nucleotide GTR":0.08111188696264428,
       "original name":"ENSECAP00000013289",
       "unconstrained":0.08975782643926286
      },
     "ENSETEP00000009267":{
       "MG94xREV with separate rates for branch sets":0.1069906915313732,
       "Nucleotide GTR":0.09942879619524327,
       "original name":"ENSETEP00000009267",
       "unconstrained":0.1183884986656272
      },
     "ENSMICP00000008632":{
       "MG94xREV with separate rates for branch sets":0.1463416377540037,
       "Nucleotide GTR":0.1401635926342868,
       "original name":"ENSMICP00000008632",
       "unconstrained":0.1591700724564982
      },
     "ENSMODP00000023967":{
       "MG94xREV with separate rates for branch sets":0.0770831434681343,
       "Nucleotide GTR":0.07616078202128049,
       "original name":"ENSMODP00000023967",
       "unconstrained":0.0775123552842992
      },
     "ENSPCAP00000015720":{
       "MG94xREV with separate rates for branch sets":0.1074552468381588,
       "Nucleotide GTR":0.09924140685382697,
       "original name":"ENSPCAP00000015720",
       "unconstrained":0.119204845934786
      },
     "ENSPPYP00000016574":{
       "MG94xREV with separate rates for branch sets":0.06741510899800503,
       "Nucleotide GTR":0.06397528131770759,
       "original name":"ENSPPYP00000016574",
       "unconstrained":0.07195411897053346
      },
     "ENSPVAP00000009583":{
       "MG94xREV with separate rates for branch sets":0.1059461659207142,
       "Nucleotide GTR":0.1018979013819778,
       "original name":"ENSPVAP00000009583",
       "unconstrained":0.115978778449262
      },
     "ENSSHAP00000007120":{
       "MG94xREV with separate rates for branch sets":0.1115535852953328,
       "Nucleotide GTR":0.1011560838665769,
       "original name":"ENSSHAP00000007120",
       "unconstrained":0.1239746270559067
      },
     "ENSTBEP00000007255":{
       "MG94xREV with separate rates for branch sets":0.1413531641856199,
       "Nucleotide GTR":0.1301400718402085,
       "original name":"ENSTBEP00000007255",
       "unconstrained":0.1538149648361808
      },
     "ENSTTRP00000013080":{
       "MG94xREV with separate rates for branch sets":0.02481957626765793,