{
 "Evidence Ratios":{
  },
 "Site Log Likelihood":{
   "unconstrained":    [
[-22.52422627324367, -15.04945638179345, -21.56814425770508, -20.58097337672763, -29.35867256582159, -24.81318397990616, -20.74626156277333, -15.16967902408111, -23.19303236921848, -7.646451909781805, -27.14703189849673, -31.76701848278787, -31.28502749670465, -13.9212303554268, -34.44636641731529, -41.68825949825045, -19.92081277531915, -27.76484231131627, -19.47886638466846, -16.58139225935308, -35.26228704428276, -32.61265720078687, -34.9508821181982, -19.5902347891391, -23.29950190670869, -17.68224587066706, -22.46291909769907, -38.3141712851369, -20.73918184004044, -19.58703934473327, -15.36910079136141, -30.70543978230929, -22.90826026594763, -26.13446728311605, -22.18111905843566, -23.25301612398616, -27.89845670827427, -29.42161571750726, -20.19411811525301, -20.34946087355628, -17.16733402838577, -23.09783635148164, -16.36352011438242, -17.43566791177382, -21.96350877325853, -39.42062495583405, -23.66052446754812, -20.63927349012553, -30.07812441993822, -36.10351904735148, -24.24900175853202, -37.15660125897837, -29.44741898297929, -18.01641155535213, -32.45692981654275, -3.560047152314578, -4.907216074725286] 
    ]
  },
 "Synonymous site-posteriors":  [
[0.9090604549734728, 0.9481805879954986, 0.9263061255646615, 0.9490315214700824, 0.9211888931830892, 0.8938918126596133, 0.9433709837959009, 0.9388544996550937, 0.8983812387585675, 0.9510636747697678, 0.9511896471585531, 0.6863907418655281, 0.9289017889148666, 0.951138446332884, 0.5881436559152345, 0.2413949722579422, 0.9099924768473445, 0.6608628303702517, 0.9432901882351801, 0.9440417580690376, 0.3693723473312262, 0.9400973008062555, 0.1271086812075249, 0.9428471915385763, 0.9300448581834545, 0.941620075344287, 0.8246702299870757, 0.8719894933592078, 0.9522692717712296, 0.9226685436661304, 0.9469552532302277, 0.9407881557735962, 0.9172997938151061, 0.9255143517203807, 0.9401808730115994, 0.9397005804627221, 0.7690054213212393, 0.8095652259039386, 0.8498936131379148, 0.947099232700585, 0.9209895066176202, 0.9367834949902851, 0.9493838935539243, 0.9269425839351645, 0.8470293874359862, 0.5278516949633874, 0.9147689974394707, 0.8454858442264902, 0.9027672829789652, 0.8398636837977508, 0.9202848245542046, 0.8502200458742531, 0.8438603578842988, 0.950849537076798, 0.844825807585963, 0.8538170833015259, 0.8538170833015304],
  [0.04565766244501176, 0.004584118622353661, 0.02754061491162168, 0.003685118743409212, 0.03292530664801978, 0.061579435212977, 0.009621197592319561, 0.01437945979639613, 0.05686194451294544, 0.001544235361993493, 0.001412411954081475, 0.2794220444272743, 0.02481509133067117, 0.001465345178743697, 0.382567692369729, 0.7465872242379299, 0.04466832616449126, 0.3062243870469007, 0.009710324000047737, 0.008926133567996129, 0.6122381394535837, 0.01306860082367697, 0.866563930282882, 0.01017660188507308, 0.02363057527361146, 0.01146820718887155, 0.1342628340180515, 0.0845730328548789, 0.0002745134877780254, 0.03137265390813078, 0.005859960952680492, 0.01234534909736679, 0.03700306545846034, 0.02838034279121326, 0.01298016259968949, 0.01348768132677512, 0.1926954463830668, 0.1501241920782964, 0.1077803397839567, 0.005717246266147775, 0.03312935552670927, 0.01654719546086644, 0.003308959474241493, 0.02688725529086402, 0.1107839952312927, 0.4458641010519119, 0.03966176264674119, 0.1124053520275231, 0.05226148596785361, 0.11831567276672, 0.0338711540362869, 0.107435132639082, 0.1141123574523785, 0.001764122999871897, 0.1131002920249407, 0.1036497594249069, 0.1036497594249028],
  [0.04528188258151558, 0.04723529338214776, 0.04615325952371682, 0.04728335978650836, 0.04588580016889118, 0.04452875212740972, 0.04700781861177949, 0.04676604054851009, 0.04475681672848706, 0.04739208986823862, 0.04739794088736523, 0.03418721370719753, 0.04628311975446205, 0.04739620848837216, 0.02928865171503644, 0.01201780350412781, 0.04533919698816437, 0.03291278258284763, 0.04699948776477222, 0.04703210836296621, 0.01838951321519013, 0.04683409837006745, 0.006327388509593129, 0.04697620657635078, 0.0463245665429341, 0.04691171746684149, 0.04106693599487277, 0.04343747378591307, 0.04745621474099266, 0.04595880242573883, 0.04718478581709183, 0.0468664951290369, 0.04569714072643341, 0.04610530548840615, 0.04683896438871107, 0.04681173821050275, 0.03829913229569387, 0.04031058201776495, 0.04232604707812867, 0.04718352103326712, 0.04588113785567057, 0.04666930954884838, 0.0473071469718343, 0.04617016077397142, 0.0421866173327209, 0.02628420398470078, 0.04556923991378811, 0.0421088037459866, 0.04497123105318115, 0.04182064343552923, 0.04584402140950845, 0.04234482148666488, 0.04202728466332262, 0.04738633992333016, 0.04207390038909641, 0.04253315727356723, 0.04253315727356681] 
  ],
 "analysis":{
   "authors":"Sergei L Kosakovsky Pond",
   "citation":"*Gene-wide identification of episodic selection*, Mol Biol Evol. 32(5):1365-71",
   "contact":"spond@temple.edu",
   "info":"BUSTED (branch-site unrestricted statistical test of episodic diversification) uses a random effects branch-site model fitted \njointly to all or a subset of tree branches in order to test for alignment-wide evidence of episodic diversifying selection. \nAssuming there is evidence of positive selection (i.e. there is an omega > 1),  BUSTED will also perform a quick evidence-ratio \nstyle analysis to explore which individual sites may have been subject to selection. v2.0 adds support for synonymous rate variation, \nand relaxes the test statistic to 0.5 (chi^2_0 + chi^2_2). Version 2.1 adds a grid search for the initial starting point.\nVersion 2.2 changes the grid search to LHC, and adds an initial search phase to use adaptive Nedler-Mead. Version 3.0 implements the option\nfor branch-site variation in synonymous substitution rates. Version 3.1 adds HMM auto-correlation option for SRV, and binds SRV distributions for multiple branch sets\n",
   "requirements":"in-frame codon alignment and a phylogenetic tree (optionally annotated with {})",
   "version":"3.1"
  },
 "background":0,
 "branch attributes":{
   "0":{
     "ENSGALP00000019232":{
       "MG94xREV with separate rates for branch sets":0.1730899886827636,
       "Nucleotide GTR":0.1486407728209487,
       "original name":"ENSGALP00000019232",
       "unconstrained":0.1833055505592967
      },
     "ENSLACP00000016679":{
       "MG94xREV with separate rates for branch sets":0.276369886422456,
       "Nucleotide GTR":0.1852668700804735,
       "original name":"ENSLACP00000016679",
       "unconstrained":0.7200809166867266
      },
     "ENSLACP00000021046":{
       "MG94xREV with separate rates for branch sets":0.3276651480147897,
       "Nucleotide GTR":0.2122493545381275,
       "original name":"ENSLACP00000021046",
       "unconstrained":0.835987269175167
      },
     "ENSORLP00000000423":{
       "MG94xREV with separate rates for branch sets":0.2813545061677026,
       "Nucleotide GTR":0.120961949099034,
       "original name":"ENSORLP00000000423",
       "unconstrained":0.4140510619726958
      },
     "ENSORLP00000009395":{
       "MG94xREV with separate rates for branch sets":0.2783146042875467,
       "Nucleotide GTR":0.1400008129706434,
       "original name":"ENSORLP00000009395",
       "unconstrained":0.2480820776210114
      },
     "ENSORLP00000017229":{
       "MG94xREV with separate rates for branch sets":0.2421007710171993,
       "Nucleotide GTR":0.1532938247132182,
       "original name":"ENSORLP00000017229",
       "unconstrained":0.2793335407527383
      },
     "ENSTGUP00000009704":{
       "MG94xREV with separate rates for branch sets":0,
       "Nucleotide GTR":0,
       "original name":"ENSTGUP00000009704",
       "unconstrained":0
      },
     "ENSTNIP00000014228":{
       "MG94xREV with separate rates for branch sets":0.1640737893564047,
       "Nucleotide GTR":0.1041803725634727,
       "original name":"ENSTNIP00000014228",
       "unconstrained":0.1174623849614682
      },