{
 "Evidence Ratios":{
   "constrained":    [
[0.8822002114788485, 0.8781213469589738, 0.8514676961988155, 0.8731453381557585, 0.8500839672565206, 0.8730067443814206, 0.8596101726847661, 1.675354889060542, 0.8842906264549489, 0.8631671591428848, 1821.007982547207, 0.8731453381557585, 0.9627586237166903, 0.8574582235054263, 0.8307531033381546, 0.8796440987875399, 0.8664649748274617, 0.9569903375716819, 0.8663548426381744, 0.9271659923927454, 0.8665324957268101, 1.061716824009146, 0.9005004424956703, 4.265833485524515, 0.8862815311372333, 1.679030000808785, 0.8822002114788485, 0.8775807265172868, 0.8751144126281373, 1.116213115381666, 1.571785663114776, 0.8829404042838036, 0.8542422612953159, 0.9090739904783708, 0.8543046588429034, 0.8613535934221261, 2.101088790666019, 3.622124322200519, 0.8842906264549489, 0.8809320661970121, 2.817617017259144, 0.8666875651412551, 0.8710552602139974] 
    ],
   "optimized null":    [
[0.9905442373007257, 0.985467463707282, 0.9318581296663182, 0.9727914951015346, 1.074539897908905, 0.995125772967964, 0.9793451843791459, 1.133424501153981, 1.007317996055783, 1.241662208376907, 30.3327602457944, 0.9727914951015346, 1.008313058379132, 1.008965751089851, 0.6184765323316694, 0.9862737486644482, 0.8482344590185792, 0.9024368919559178, 1.026169804655644, 1.017640122105318, 1.0186470266851, 0.9147281410044634, 1.237939793763615, 1.711106340642435, 1.012388198013795, 1.018619859604243, 0.9905442373007257, 0.9839470307805199, 0.9981608786047159, 1.028475989927182, 0.9787101599847073, 0.9921152419578763, 1.017167877554877, 0.8851763281514993, 0.9191280720972292, 1.377133581496478, 0.8690542420861873, 0.7033797239855556, 1.007317996055783, 0.9851508878579817, 0.8616843997033806, 1.001753162147963, 1.496560011322718] 
    ]
  },
 "Site Log Likelihood":{
   "constrained":    [
[-3.264675604911896, -4.592320648318614, -7.838022040179411, -4.370353625385099, -14.16520566339065, -4.614900525823789, -4.866236727086014, -11.83834148227544, -3.58370334486472, -6.21359833693653, -23.88479716667218, -4.370353625385099, -7.822825190364925, -5.72826908084649, -17.13290546189118, -3.950633844012005, -9.780340745684249, -8.796318860706155, -5.197132085541938, -3.19631139583009, -4.79703679048623, -8.866436246131716, -14.542717052408, -14.177549667084, -8.818097306116949, -10.83933480155375, -3.264675604911896, -4.82183304958102, -3.71031397622275, -14.65083760231427, -10.89070119777649, -4.329537169803973, -10.38350709777791, -8.359288495448991, -7.989511784173593, -10.65874883520162, -13.52709892403161, -16.2969457694803, -3.58370334486472, -4.785636177690805, -21.18142046707279, -5.925649622889551, -9.047186987547875] 
    ],
   "optimized null":    [
[-3.380511104250604, -4.707651966889276, -7.928241060030395, -4.478421370597675, -14.39951838077511, -4.745826378654293, -4.996641897308634, -11.44756004728795, -3.713964201725371, -6.577196220765109, -19.78988002802228, -4.478421370597675, -7.869056434533042, -5.890977698295455, -16.83783206731481, -4.065050403172228, -9.759076141048306, -8.737624327836981, -5.366426025549403, -3.28942040220257, -4.95876776109821, -8.717420631417054, -14.86097021661031, -13.26405222486897, -8.95113002192047, -10.33956718759691, -3.380511104250604, -4.936236167537016, -3.841873805450533, -14.56897387807361, -10.41696912218256, -4.446118735661056, -10.55806971965453, -8.332648872929408, -8.062649383552893, -11.12800324056769, -12.64429350522327, -14.65802670134048, -3.713964201725371, -4.897450479689265, -19.99666276770913, -6.070477980349434, -9.588405995751803] 
    ],
   "unconstrained":    [
[-3.390011856505643, -4.722291134834014, -7.998815757301863, -4.50600688110603, -14.32762581275967, -4.750712523473346, -5.017513007162321, -11.32231646537455, -3.706672852281826, -6.360745248177076, -16.37765170334781, -4.50600688110603, -7.8607777393131, -5.882051900919448, -17.31832809805949, -4.07887173052303, -9.923674337761668, -8.840280844867623, -5.340592790881018, -3.271934061206585, -4.940292458734525, -8.806549002927001, -14.64752167538539, -12.72691208072573, -8.938817929733609, -10.32111855535783, -3.390011856505643, -4.952419381423415, -3.843714620105962, -14.54089579298274, -10.43848885968462, -4.454034742777182, -10.54104754486882, -8.454617285900285, -8.146979189609183, -10.8079990164511, -12.78464324191655, -15.00988508642247, -3.706672852281826, -4.912410943588415, -20.14552896870206, -6.068726353196428, -9.185236847127461] 
    ]
  },
 "Synonymous site-posteriors":  [
[0.7953692916659002, 0.795842234267638, 0.5836502997994987, 0.7925193373977872, 0.0383815808222845, 0.8778854165310686, 0.8528995180583615, 0.1181001624028174, 0.7491833976994531, 0.48341945535062, 0.008332622897358432, 0.7925193373977872, 0.4134411635246195, 0.9166963864109287, 0.02342908988795252, 0.8100300121185795, 0.5074163338085549, 0.4434210608196903, 0.8296405985738581, 0.5984140022515612, 0.8396151151204219, 0.5575958772195858, 0.0797364879681179, 0.5843306082149017, 0.5467868016176937, 0.6523973593214114, 0.7953692916659002, 0.8605637477964043, 0.805614419093596, 0.2351803602244856, 0.6007998205958326, 0.8238084407540699, 0.4435285861333566, 0.5381905199752165, 0.4095456816497228, 0.1079525157457315, 0.1201207369213354, 0.4547957980149843, 0.7491833976994531, 0.8197344263136186, 0.01134336223316476, 0.8240397915304671, 0.08630309379646026],
  [0, 0, 0, 0, 0, 0, 0, 0, 0, 0, 0, 0, 0, 0, 0, 0, 0, 0, 0, 0, 0, 0, 0, 0, 0, 0, 0, 0, 0, 0, 0, 0, 0, 0, 0, 0, 0, 0, 0, 0, 0, 0, 0],
  [0.2046307083340998, 0.204157765732362, 0.4163497002005013, 0.2074806626022127, 0.9616184191777155, 0.1221145834689314, 0.1471004819416385, 0.8818998375971826, 0.2508166023005469, 0.5165805446493801, 0.9916673771026415, 0.2074806626022127, 0.5865588364753805, 0.08330361358907135, 0.9765709101120473, 0.1899699878814205, 0.4925836661914453, 0.5565789391803097, 0.1703594014261419, 0.4015859977484388, 0.1603848848795782, 0.4424041227804142, 0.9202635120318821, 0.4156693917850984, 0.4532131983823063, 0.3476026406785886, 0.2046307083340998, 0.1394362522035957, 0.194385580906404, 0.7648196397755144, 0.3992001794041674, 0.1761915592459301, 0.5564714138666434, 0.4618094800247835, 0.5904543183502771, 0.8920474842542685, 0.8798792630786645, 0.5452042019850158, 0.2508166023005469, 0.1802655736863815, 0.9886566377668352, 0.1759602084695328, 0.9136969062035398] 
  ],
 "analysis":{
   "authors":"Sergei L Kosakovsky Pond",
   "citation":"*Gene-wide identification of episodic selection*, Mol Biol Evol. 32(5):1365-71",
   "contact":"spond@temple.edu",
   "info":"BUSTED (branch-site unrestricted statistical test of episodic diversification) uses a random effects branch-site model fitted \njointly to all or a subset of tree branches in order to test for alignment-wide evidence of episodic diversifying selection. \nAssuming there is evidence of positive selection (i.e. there is an omega > 1),  BUSTED will also perform a quick evidence-ratio \nstyle analysis to explore which individual sites may have been subject to selection. v2.0 adds support for synonymous rate variation, \nand relaxes the test statistic to 0.5 (chi^2_0 + chi^2_2). Version 2.1 adds a grid search for the initial starting point.\nVersion 2.2 changes the grid search to LHC, and adds an initial search phase to use adaptive Nedler-Mead. Version 3.0 implements the option\nfor branch-site variation in synonymous substitution rates. Version 3.1 adds HMM auto-correlation option for SRV, and binds SRV distributions for multiple branch sets\n",
   "requirements":"in-frame codon alignment and a phylogenetic tree (optionally annotated with {})",
   "version":"3.1"
  },
 "background":0,
 "branch attributes":{
   "0":{
     "C20ORF187_GGOR":{
       "MG94xREV with separate rates for branch sets":0.008080651246848295,
       "Nucleotide GTR":0.008005074526868704,
       "constrained":0.008344578517360668,
       "original name":"C20ORF187_GGOR",
       "unconstrained":0.01520371348890352
      },