{
 "Evidence Ratios":{
  },
 "Site Log Likelihood":{
   "unconstrained":    [
[-4.142488376051463, -15.8953073875842, -12.83052081523467, -11.65257040965336, -8.044324543362682, -9.253644306030477, -9.064109725561702, -12.74905480839604, -9.474962883907343, -12.17449301831234, -14.03490476574702, -6.762224993917503, -8.827524409127713, -13.06120041952338, -8.141399152930308, -9.385094759563394, -5.098132480852126, -9.220731215722592, -6.329562129689417, -16.0959902963067, -14.32746501885529, -11.7204946277564, -18.11022866388726, -9.727080193070639, -7.31970581181474, -7.776014119358029, -5.73168724520334, -5.02504531644577, -8.366313673245878, -9.010966217746045, -13.29713961457308, -8.430796707460186, -11.52082217606526, -12.0792334745157, -8.118269158070763, -10.61723176496243, -19.02299730322023, -12.00301449896931, -13.08150424211954, -13.29287453247629, -21.47236118384224, -10.24693785763234, -10.91299724224064, -10.39695594014837, -5.098132480852126, -5.998495420448159, -7.414037648033888, -12.54116696562965, -9.272619497075199, -6.666144197202166] 
    ]
  },
 "Synonymous site-posteriors":  [
[0.6990935836462544, 0.9026403362849584, 0.9381797765777552, 0.7706013497089311, 0.8283490201637467, 0.8205467781248724, 0.8646188496382208, 0.1920859002291243, 0.5638931225175056, 0.318699705666829, 0.6802026903918528, 0.9794207886885918, 0.9500326337403509, 0.8349383603590566, 0.9204706004658454, 0.9121185884067793, 0.8844876913391448, 0.7880968868614153, 0.7823604537958841, 0.1236107145410351, 0.227932889056667, 0.6361845084515019, 0.04826990358409176, 0.8897774041329204, 0.695029883472786, 0.6228808291281223, 0.9091489012299364, 0.883482054750282, 0.8571452893259048, 0.6892607107206227, 0.1877899445984361, 0.5160081162364912, 0.8724581436365048, 0.5674408841474307, 0.8108332705734813, 0.5202683704281771, 0.09331643466559154, 0.6172999464461507, 0.4071646807275812, 0.1792377314594323, 0.1605748262814601, 0.6264132627360709, 0.8353877164616096, 0.6849459847579277, 0.8844876913391448, 0.9649213586903145, 0.8034871747957523, 0.8666942497636632, 0.7077482538882698, 0.9685600203547874],
  [0.3009064163537456, 0.09735966371504161, 0.06182022342224486, 0.2293986502910689, 0.1716509798362534, 0.1794532218751276, 0.1353811503617791, 0.8079140997708757, 0.4361068774824945, 0.6813002943331709, 0.3197973096081473, 0.02057921131140831, 0.04996736625964918, 0.1650616396409435, 0.07952939953415458, 0.08788141159322083, 0.1155123086608552, 0.2119031131385846, 0.2176395462041159, 0.876389285458965, 0.7720671109433331, 0.3638154915484982, 0.9517300964159083, 0.1102225958670796, 0.304970116527214, 0.3771191708718776, 0.09085109877006357, 0.116517945249718, 0.1428547106740951, 0.3107392892793773, 0.8122100554015638, 0.4839918837635089, 0.1275418563634951, 0.4325591158525692, 0.1891667294265185, 0.479731629571823, 0.9066835653344085, 0.3827000535538493, 0.5928353192724188, 0.8207622685405678, 0.8394251737185398, 0.373586737263929, 0.1646122835383904, 0.3150540152420723, 0.1155123086608552, 0.03507864130968549, 0.1965128252042476, 0.1333057502363368, 0.2922517461117303, 0.03143997964521271],
  [0, 0, 0, 0, 0, 0, 0, 0, 0, 0, 0, 0, 0, 0, 0, 0, 0, 0, 0, 0, 0, 0, 0, 0, 0, 0, 0, 0, 0, 0, 0, 0, 0, 0, 0, 0, 0, 0, 0, 0, 0, 0, 0, 0, 0, 0, 0, 0, 0, 0] 
  ],
 "analysis":{
   "authors":"Sergei L Kosakovsky Pond",
   "citation":"*Gene-wide identification of episodic selection*, Mol Biol Evol. 32(5):1365-71",
   "contact":"spond@temple.edu",
   "info":"BUSTED (branch-site unrestricted statistical test of episodic diversification) uses a random effects branch-site model fitted \njointly to all or a subset of tree branches in order to test for alignment-wide evidence of episodic diversifying selection. \nAssuming there is evidence of positive selection (i.e. there is an omega > 1),  BUSTED will also perform a quick evidence-ratio \nstyle analysis to explore which individual sites may have been subject to selection. v2.0 adds support for synonymous rate variation, \nand relaxes the test statistic to 0.5 (chi^2_0 + chi^2_2). Version 2.1 adds a grid search for the initial starting point.\nVersion 2.2 changes the grid search to LHC, and adds an initial search phase to use adaptive Nedler-Mead. Version 3.0 implements the option\nfor branch-site variation in synonymous substitution rates. Version 3.1 adds HMM auto-correlation option for SRV, and binds SRV distributions for multiple branch sets\n",
   "requirements":"in-frame codon alignment and a phylogenetic tree (optionally annotated with {})",
   "version":"3.1"
  },
 "background":0,
 "branch attributes":{
   "0":{
     "ENSAMEP00000010053":{
       "MG94xREV with separate rates for branch sets":0.1647185182652375,
       "Nucleotide GTR":0.1036585194859902,
       "original name":"ENSAMEP00000010053",
       "unconstrained":0.1999051770344777
      },
     "ENSBTAP00000055238":{
       "MG94xREV with separate rates for branch sets":0.1474893525934255,
       "Nucleotide GTR":0.1144731124893978,
       "original name":"ENSBTAP00000055238",
       "unconstrained":0.2350716696812691
      },
     "ENSCHOP00000000183":{
       "MG94xREV with separate rates for branch sets":0.1622610485049391,
       "Nucleotide GTR":0.09438284415718452,
       "original name":"ENSCHOP00000000183",
       "unconstrained":0.2204998603105628
      },
     "ENSEEUP00000006810":{
       "MG94xREV with separate rates for branch sets":0.3976704398224475,
       "Nucleotide GTR":0.1381961624360985,
       "original name":"ENSEEUP00000006810",
       "unconstrained":0.6225636713803315
      },
     "ENSLAFP00000018404":{
       "MG94xREV with separate rates for branch sets":0.2977413824054449,
       "Nucleotide GTR":0.1370032805964961,
       "original name":"ENSLAFP00000018404",
       "unconstrained":0.3946092863079952
      },
     "ENSPCAP00000004188":{
       "MG94xREV with separate rates for branch sets":0.2595402996272323,
       "Nucleotide GTR":0.07485792178293696,
       "original name":"ENSPCAP00000004188",
       "unconstrained":0.3316587424473003
      },
     "G1K3L7_XENTR":{
       "MG94xREV with separate rates for branch sets":0.2596718942427332,
       "Nucleotide GTR":0.1526547935989346,
       "original name":"G1K3L7_XENTR",
       "unconstrained":0.3803141237377839
      },
     "NODE_3":{
       "MG94xREV with separate rates for branch sets":0,
       "Nucleotide GTR":0.02299356404219226,
       "unconstrained":0
      },
     "NODE_5":{
       "MG94xREV with separate rates for branch sets":0.05889168433034175,
       "Nucleotide GTR":0.03822876155543064,
       "unconstrained":0.1020047271506868
      },
     "NODE_8":{
       "MG94xREV with separate rates for branch sets":0,
       "Nucleotide GTR":0.01925823734547493,
       "unconstrained":0
      },
     "NODE_9":{
       "MG94xREV with separate rates for branch sets":0,
       "Nucleotide GTR":0.02434747697200789,
       "unconstrained":0
      }
    },
   "attributes":{
     "MG94xREV with separate rates for branch sets":{
       "attribute type":"branch length",
       "display order":1
      },
     "Nucleotide GTR":{
       "attribute type":"branch length",
       "display order":0
      },
     "original name":{
       "attribute type":"node label",
       "display order":0
      },
     "unconstrained":{
       "attribute type":"branch length",
       "display order":0
      }
    }
  },
 "data partitions":{
   "0":{
     "coverage":      [
[0, 1, 2, 3, 4, 5, 6, 7, 8, 9, 10, 11, 12, 13, 14, 15, 16, 17, 18, 19, 20, 21, 22, 23, 24, 25, 26, 27, 28, 29, 30, 31, 32, 33, 34, 35, 36, 37, 38, 39, 40, 41, 42, 43, 44, 45, 46, 47, 48, 49] 
      ],
     "name":"busted.filter.default"
    }
  },
 "fits":{
   "MG94xREV with separate rates for branch sets":{
     "AIC-c":1119.699425087797,