{
 "Evidence Ratios":{
  },
 "Site Log Likelihood":{
   "unconstrained":    [
[-6.900594375232481, -18.12475658471867, -8.540881556439951, -5.310906167259259, -14.75951342735439, -18.91660003309389, -17.32568100569125, -25.03160269224988, -17.17965979478148, -11.52769094668164, -14.68779336161699, -15.02955127740972, -20.17238781849496, -33.12001720968662, -15.53487208852832, -22.9250845058545, -38.22556121417161, -23.21748704131764, -32.9946865396201, -25.78205889051762, -22.13598960964786, -16.38181236391154, -19.53720409634731, -24.17614328648201, -25.11565005363021, -18.7403319353931, -22.02330754417832, -13.13372828155307, -20.32138547301305, -22.62794865615292, -18.21587403139841, -16.42410084974008, -14.02049670414109, -27.71539492159151, -20.52697480157218, -25.48440308040522, -21.88148033099771, -20.71980716212266, -10.26449046665467, -19.15529792304655, -20.02289678191148, -33.28936212565662, -18.12163937508576, -11.92763818807287, -24.77266038015078, -11.60950921192958, -19.3841768127632, -31.99914119768242, -6.900594375232481, -19.03975051756592, -16.32506835703734, -29.38587691859225, -21.72771428735497, -7.068681841220418, -32.7179105770858, -35.60221490175406, -19.4301350870542, -27.0018233881007, -14.07719685433089, -23.22847893216647] 
    ]
  },
 "Synonymous site-posteriors":  [
[0.275936214715324, 0.3608565429473611, 0.1684827674140403, 0.2715042328008053, 0.8438374639829452, 0.650431075847648, 0.3574285288516642, 0.1333982073563374, 0.5805090576144406, 0.5214146481140572, 0.7949374125047941, 0.331188971568833, 0.6715042465543725, 0.1082504083706663, 0.4195609432330765, 0.4615525305858115, 0.04919014755891027, 0.2757795271414746, 0.0695138283346423, 0.113763589886506, 0.595900055202539, 0.3874108917827049, 0.489929447781165, 0.5596475430449057, 0.1992865190490385, 0.754969293663716, 0.3955417588713581, 0.6775884572496333, 0.1995029413708549, 0.1193706645422902, 0.4677601021115474, 0.3862733077839653, 0.74897222600618, 0.1948336291034208, 0.3869603936215992, 0.242469912403339, 0.2033704384554588, 0.3134110338600117, 0.5709226343607272, 0.2731387778291827, 0.367939338735692, 0.2072165886284144, 0.4848056444035334, 0.538251834509785, 0.0987277839575941, 0.70331763394915, 0.1737430848920651, 0.1131162973225567, 0.275936214715324, 0.3205900210663514, 0.4773003164156866, 0.1224902921429239, 0.2078097023710354, 0.5644543438019702, 0.04494741544594579, 0.04887072269087153, 0.4423861418181318, 0.3027454032855258, 0.5782021453916864, 0.2189659608943806],
  [0.6639907781962445, 0, 0.8085385666716089, 0.6668855300515144, 0, 0, 0, 0, 0, 0, 0, 0, 0, 0, 0, 0, 0, 0, 0, 0, 0, 0, 0, 0, 0, 0, 0, 0, 0, 0, 0, 0, 0, 0, 0, 0, 0, 0, 0, 0, 0, 0, 0, 0, 0, 0, 0, 0, 0.6639907781962445, 0, 0, 0, 0, 0, 0, 0, 0, 0, 0, 0],
  [0.06007300708843145, 0.6391434570526389, 0.02297866591435057, 0.06161023714768048, 0.1561625360170548, 0.3495689241523519, 0.6425714711483359, 0.8666017926436625, 0.4194909423855593, 0.4785853518859428, 0.2050625874952059, 0.668811028431167, 0.3284957534456274, 0.8917495916293338, 0.5804390567669234, 0.5384474694141884, 0.9508098524410896, 0.7242204728585253, 0.9304861716653576, 0.8862364101134939, 0.404099944797461, 0.6125891082172952, 0.5100705522188351, 0.4403524569550941, 0.8007134809509615, 0.2450307063362839, 0.604458241128642, 0.3224115427503667, 0.8004970586291452, 0.8806293354577097, 0.5322398978884527, 0.6137266922160346, 0.2510277739938201, 0.8051663708965791, 0.6130396063784007, 0.7575300875966611, 0.7966295615445412, 0.6865889661399883, 0.4290773656392728, 0.7268612221708172, 0.6320606612643079, 0.7927834113715856, 0.5151943555964665, 0.4617481654902151, 0.9012722160424059, 0.2966823660508499, 0.8262569151079349, 0.8868837026774432, 0.06007300708843145, 0.6794099789336486, 0.5226996835843134, 0.8775097078570762, 0.7921902976289645, 0.4355456561980299, 0.9550525845540543, 0.9511292773091284, 0.5576138581818683, 0.6972545967144742, 0.4217978546083138, 0.7810340391056193] 
  ],
 "analysis":{
   "authors":"Sergei L Kosakovsky Pond",
   "citation":"*Gene-wide identification of episodic selection*, Mol Biol Evol. 32(5):1365-71",
   "contact":"spond@temple.edu",
   "info":"BUSTED (branch-site unrestricted statistical test of episodic diversification) uses a random effects branch-site model fitted \njointly to all or a subset of tree branches in order to test for alignment-wide evidence of episodic diversifying selection. \nAssuming there is evidence of positive selection (i.e. there is an omega > 1),  BUSTED will also perform a quick evidence-ratio \nstyle analysis to explore which individual sites may have been subject to selection. v2.0 adds support for synonymous rate variation, \nand relaxes the test statistic to 0.5 (chi^2_0 + chi^2_2). Version 2.1 adds a grid search for the initial starting point.\nVersion 2.2 changes the grid search to LHC, and adds an initial search phase to use adaptive Nedler-Mead. Version 3.0 implements the option\nfor branch-site variation in synonymous substitution rates. Version 3.1 adds HMM auto-correlation option for SRV, and binds SRV distributions for multiple branch sets\n",
   "requirements":"in-frame codon alignment and a phylogenetic tree (optionally annotated with {})",
   "version":"3.1"
  },
 "background":0,
 "branch attributes":{
   "0":{
     "D3ZIW9_RAT":{
       "MG94xREV with separate rates for branch sets":0.1555599395640156,
       "Nucleotide GTR":0.1339463759053604,
       "original name":"D3ZIW9_RAT",
       "unconstrained":0.1716324778761087
      },
     "ENSAMEP00000020014":{
       "MG94xREV with separate rates for branch sets":0.1085067130225409,
       "Nucleotide GTR":0.1005963038054903,
       "original name":"ENSAMEP00000020014",
       "unconstrained":0.112791811677218
      },
     "ENSDNOP00000004368":{
       "MG94xREV with separate rates for branch sets":0.09986513432712329,
       "Nucleotide GTR":0.09049132095376543,
       "original name":"ENSDNOP00000004368",
       "unconstrained":0.1045093888861341
      },
     "ENSDORP00000011580":{
       "MG94xREV with separate rates for branch sets":0.07993182291869795,
       "Nucleotide GTR":0.08305239746597706,
       "original name":"ENSDORP00000011580",
       "unconstrained":0.08121479063976662
      },
     "ENSECAP00000002743":{
       "MG94xREV with separate rates for branch sets":0.07377749603168542,
       "Nucleotide GTR":0.07101130769865022,
       "original name":"ENSECAP00000002743",
       "unconstrained":0.0748010880797144
      },
     "ENSEEUP00000006697":{
       "MG94xREV with separate rates for branch sets":0.1146863035379309,
       "Nucleotide GTR":0.1052045531731529,
       "original name":"ENSEEUP00000006697",
       "unconstrained":0.1177466602114569
      },
     "ENSMICP00000012138":{
       "MG94xREV with separate rates for branch sets":0.08179226239218418,
       "Nucleotide GTR":0.07103386108538816,
       "original name":"ENSMICP00000012138",
       "unconstrained":0.08259248409712064
      },
     "ENSNLEP00000022234":{
       "MG94xREV with separate rates for branch sets":0,
       "Nucleotide GTR":0,
       "original name":"ENSNLEP00000022234",
       "unconstrained":0
      },
     "ENSOPRP00000013179":{
       "MG94xREV with separate rates for branch sets":0.413550373430417,
       "Nucleotide GTR":0.3498724194521384,
       "original name":"ENSOPRP00000013179",
       "unconstrained":0.4754811771422038
      },
     "ENSPPYP00000023105":{
       "MG94xREV with separate rates for branch sets":0.005858631909996213,
       "Nucleotide GTR":0.005574470920166714,
       "original name":"ENSPPYP00000023105",
       "unconstrained":0.005850521545620384
      },
     "ENSPVAP00000001462":{
       "MG94xREV with separate rates for branch sets":0.06977880918857138,
       "Nucleotide GTR":0.06448002810556581,
       "original name":"ENSPVAP00000001462",
       "unconstrained":0.07156552341109983
      },