{
 "Evidence Ratios":{
   "constrained":    [
[0.8770693416318417, 0.9999999999999991, 0.9999999999999991, 1, 1, 0.8949804840462057, 0.9049806669140151, 0.8593780614893487, 0.9552830863258605, 1.087527452441603, 1, 0.8987469356938442, 0.8936061275819837, 0.891351450077125, 0.9608241143048269, 1.025947668627702, 0.8955145982393653, 25.39838184332005, 0.8736403827748549, 0.9042950386098053, 0.8772140585172031, 0.8772140585172031, 0.883894634752721, 0.989630912523727, 1.48779398257487, 3.189761502445961, 0.8912383428255706, 1.330658989125012, 0.9996819563385763, 0.8627294959754678, 1.620409379181306, 0.8839179039450321, 0.8835971582939185, 0.8952136074758168, 0.8919269485485802, 0.8950105033774612, 0.8745432171726412, 0.9857137787225472, 0.8671844286834466, 0.9907035850574225, 1.317847125635926, 1.497918940747919, 0.8859371557351911, 0.9612321669038897, 0.9710454044644098, 1.059088701874425, 1.000000000000001, 1] 
    ],
   "optimized null":    [
[1.090249335033624, 0.9999999999999973, 1, 0.9999999999999996, 1.000000000000001, 0.8064827752562845, 0.9189137253978671, 0.7869196573409987, 0.5285756565376452, 0.8644024987655624, 1, 1.072495881056551, 1.093963054844887, 0.9019024005808653, 0.9997450643091287, 0.8421098449875958, 1.07942101249503, 5.08196355336614, 0.8294444684943219, 1.114302029251982, 1.067967041548767, 1.067967041548767, 1.05961481041802, 0.6627385835510472, 1.485609548965394, 1.840647829367814, 1.071346457057294, 1.215461996148101, 0.6132232911000137, 0.6447663904380153, 1.330246757828581, 1.029464062529087, 1.280111957247677, 1.082422096817431, 1.078987928301394, 1.075750917816707, 1.05156096340419, 0.9786915583447744, 1.051319508097285, 1.224011418415282, 0.8148422053267325, 0.8955787692891429, 1.063649577039375, 0.7452583765333551, 1.304250670483206, 1.342361495427214, 1.000000000000001, 1.000000000000001] 
    ]
  },
 "Site Log Likelihood":{
   "constrained":    [
[-5.402072278080065, -5.151408006162497, -5.294488966912327, -3.867239248866845, -4.009315870257013, -12.85297089796062, -7.952991808633975, -16.19236657112964, -13.32291553643354, -9.342189729790999, -4.044362429111922, -4.399522039006678, -5.137781215879471, -8.136544803000071, -8.2403612863438, -8.356628086353727, -4.936020312852733, -16.36739554202906, -9.919474202555044, -8.352254096411011, -4.65928950486119, -4.65928950486119, -4.747258591872164, -14.58781940938444, -10.74184835417695, -13.31180234888887, -4.73390491795725, -10.86116101996644, -15.8742440272435, -13.46934142948486, -10.90534758912525, -8.522747699252891, -7.598156974556542, -4.31527586634463, -11.62180221163307, -3.869758142893617, -4.926773896167698, -20.54649634880094, -4.869658467284166, -17.32564915178212, -29.0597385110622, -13.08876157019162, -4.797939514711736, -20.28566328920433, -21.19145498530594, -17.54045530303529, -4.491881072582779, -4.602522612756115] 
    ],
   "optimized null":    [
[-5.619647918780178, -5.151408006162495, -5.294488966912328, -3.867239248866845, -4.009315870257014, -12.7488515253949, -7.968270466853374, -16.10428378378544, -12.73109376280608, -9.112566238902325, -4.044362429111922, -4.576264349785381, -5.340078322664518, -8.148312319632113, -8.280070228530217, -8.159166530123427, -5.122801866533891, -14.75840779015139, -9.867561534561196, -8.561081924273971, -4.856050620935378, -4.856050620935378, -4.928581462461767, -14.18686797054675, -10.74037903864053, -12.76197378984363, -4.917964533345113, -10.77061096815908, -15.38553597166246, -13.17812829950596, -10.70803322583333, -8.675177127932901, -7.968858538759051, -4.505170000274056, -11.81219675599044, -4.05369691397643, -5.111103154658069, -20.53934685662932, -5.062208121189545, -17.53712256089765, -28.57897827378054, -12.57439969809977, -4.98075476771163, -20.03117829293429, -21.48646571356643, -17.77747685282803, -4.491881072582779, -4.602522612756116] 
    ],
   "unconstrained":    [
[-5.533241500960631, -5.151408006162498, -5.294488966912328, -3.867239248866845, -4.009315870257013, -12.96392426444061, -8.052833506670318, -16.34391290680285, -13.3686630933882, -9.258283002504449, -4.044362429111922, -4.506275818479433, -5.250271389943485, -8.251561287753187, -8.280325196722716, -8.331011346142118, -5.046377068692141, -13.13271007698985, -10.0545606519111, -8.452853698104532, -4.790293740846619, -4.790293740846619, -4.870676006776722, -14.59824263038357, -10.34455387992214, -12.15185619901061, -4.849048304875022, -10.57548671989761, -15.87456212149154, -13.6169955126647, -10.42266876860669, -8.646138788750424, -7.721910998052757, -4.425968787957741, -11.73617325763486, -3.980677968052486, -5.060827462618228, -20.56088560059261, -5.012162071596089, -17.33498904808038, -28.78373907136328, -12.68468479821093, -4.919048775925921, -20.32520259952425, -21.22083703657052, -17.48304647989119, -4.491881072582778, -4.602522612756115] 
    ]
  },
 "Synonymous site-posteriors":  [
[0.0434724122358843, 0.3589841105047604, 0.3589841105047602, 0.3589841105047597, 0.3589841105047601, 0.7569283589238142, 0.3302368869550798, 0.904686739754318, 0.4499370698920188, 0.6577192795318612, 0.3589841105047598, 0.04716324712618582, 0.03312543217437081, 0.2285353583804711, 0.2847261033801927, 0.6182692519574372, 0.05560666086802683, 0.08145752781112255, 0.7387954079653993, 0.2531574995844893, 0.02749323324801713, 0.02749323324801713, 0.01373338154050627, 0.523114040508709, 0.09676713965609093, 0.2825312489886139, 0.02042533755621723, 0.09496309939188947, 0.8038804497096383, 0.8027389560103143, 0.1603526414816926, 0.07503453955925225, 0.09131812693467814, 0.03857562408624505, 0.1436325296063446, 0.03438690459871787, 0.01125959650603996, 0.9778727354555402, 0.01239493498546752, 0.8880762440240577, 0.9998930795786171, 0.198152456697509, 0.02793373818583047, 0.9926148084969741, 0.9951090981163552, 0.8891760609301734, 0.3589841105047599, 0.3589841105047603],
  [0, 0, 0, 0, 0, 0, 0, 0, 0, 0, 0, 0, 0, 0, 0, 0, 0, 0, 0, 0, 0, 0, 0, 0, 0, 0, 0, 0, 0, 0, 0, 0, 0, 0, 0, 0, 0, 0, 0, 0, 0, 0, 0, 0, 0, 0, 0, 0],
  [0.9565275877641157, 0.6410158894952396, 0.6410158894952398, 0.6410158894952404, 0.6410158894952399, 0.2430716410761859, 0.6697631130449202, 0.09531326024568196, 0.5500629301079812, 0.3422807204681388, 0.6410158894952401, 0.9528367528738143, 0.9668745678256292, 0.771464641619529, 0.7152738966198073, 0.3817307480425628, 0.9443933391319732, 0.9185424721888775, 0.2612045920346005, 0.7468425004155107, 0.9725067667519828, 0.9725067667519828, 0.9862666184594938, 0.4768859594912911, 0.9032328603439091, 0.717468751011386, 0.9795746624437828, 0.9050369006081104, 0.1961195502903616, 0.1972610439896858, 0.8396473585183074, 0.9249654604407479, 0.9086818730653218, 0.9614243759137548, 0.8563674703936554, 0.965613095401282, 0.98874040349396, 0.02212726454445992, 0.9876050650145325, 0.1119237559759424, 0.0001069204213830409, 0.801847543302491, 0.9720662618141694, 0.007385191503025839, 0.004890901883644704, 0.1108239390698266, 0.6410158894952402, 0.6410158894952397] 
  ],
 "analysis":{
   "authors":"Sergei L Kosakovsky Pond",
   "citation":"*Gene-wide identification of episodic selection*, Mol Biol Evol. 32(5):1365-71",
   "contact":"spond@temple.edu",