{
 "Evidence Ratios":{
  },
 "Site Log Likelihood":{
   "unconstrained":    [
[-4.086015343268205, -5.832502283788169, -15.60984697040636, -14.12230555961504, -17.80323661772135, -8.741290399388207, -4.413130271061853, -5.657156067766185, -7.35851047327558, -7.917839644297956, -14.84896561323873, -4.831874945942378, -10.57262015775512, -15.59196588207267, -12.46535760399838, -5.657156067766185, -11.3859249803009, -4.413130271061853, -17.26392754684535, -14.62041011525204, -13.3499843301082, -19.23429207371791, -11.26292653594578, -9.57336412849773, -24.68859625456451, -5.998975813309216, -5.78477480207589, -10.16507767886614, -17.24849596040058, -6.360433208478773, -6.783196488708715, -14.47511423057102, -7.580970604751725, -9.918749205744518, -11.35397806078137, -10.87962055615128, -14.7806916605987, -15.59809990527953, -8.02145268112988, -7.4856131513036, -12.28215219991875, -24.84066507328705, -29.4742087430246, -11.19142805870429, -8.955236659711405, -18.46629278197885, -12.0831895364614, -15.37142548316717, -18.83638518820034, -10.41085551057146, -4.457718703373828, -4.457718703373828, -4.457718703373828, -4.057236541900083, -8.37459449900166, -4.476253103159667, -4.167057941586742, -4.983938453636822, -4.391000732880619, -4.615171431193063, -3.798934921666543, -4.854286570765077, -5.270383465367941, -4.219487572906315, -3.262550629195492, -3.897349627054204, -4.854286570765077, -4.459516405961098, -4.615171431193063, -3.904819879091129, -3.748731482984919, -3.907082307850605, -3.413431202024273, -3.559819782094529, -3.806405173703456, -4.167057941586742, -4.212017320869394, -3.658234487482202, -3.303054251841155, -4.962433956949138, -4.66070904741312, -5.131465137334526, -4.854286570765077, -4.476253103159667, -5.123994885297605, -4.837549873566498, -5.114728440135959, -3.559819782094529] 
    ]
  },
 "Synonymous site-posteriors":  [
[0.1777259217606611, 0.02759487562067082, 0.2355137825185379, 0.2355136525242333, 0.2354751633227494, 0.0944168634379729, 0.1343592130045773, 0.09309545870899565, 0.2347207053606916, 0.2278111210946596, 0.2355025646960144, 0.1033529425402844, 0.2353888159196015, 0.2355459396904731, 0.2352847900172752, 0.09309545870899565, 0.2354677436734875, 0.1343592130045773, 0.2355089999462755, 0.2355476015464254, 0.2355457863785808, 0.2354967242311094, 0.2355121028483871, 0.2355337519533744, 0.2355658236219035, 0.22822019097453, 0.005426244903857979, 0.2349608951673004, 0.2354988462821708, 0.009685729961621739, 0.2347985825069704, 0.2355127969326033, 0.2346312009479461, 0.2355095769716175, 0.2353434882755161, 0.2355222174970128, 0.2354987385893698, 0.2355286507127089, 0.2354467279956795, 0.2346254242546015, 0.2353690555113519, 0.2355338171185412, 0.2355785302652708, 0.2354654576945246, 0.235491889375921, 0.2354996530594753, 0.2355158826602024, 0.2355449616440771, 0.2355707619935753, 0.2351028921382528, 0.1973186321750498, 0.1973186321750498, 0.1973186321750498, 0.196548495387932, 0.2354519705545809, 0.2053974088384141, 0.2053974088384173, 0.20539740883841, 0.2053974088384088, 0.2053974088384083, 0.2053974088384098, 0.2053974088384098, 0.205397408838415, 0.2053974088384133, 0.2053974088384203, 0.205397408838407, 0.2053974088384098, 0.205397408838414, 0.2053974088384083, 0.2053974088384072, 0.2053974088384097, 0.2053974088384087, 0.2053974088384196, 0.2053974088384087, 0.205397408838407, 0.2053974088384173, 0.2053974088384132, 0.2053974088384085, 0.2053974088384134, 0.2053974088384082, 0.2053974088384064, 0.2053974088384138, 0.2053974088384098, 0.2053974088384141, 0.2053974088384174, 0.2053974088384069, 0.205397408838414, 0.2053974088384087],
  [0.2453040226908111, 0.8828032021847197, 7.436530490059645e-09, 4.589750152916199e-07, 1.571787384778457e-07, 0.5989839067611417, 0.4294357178509697, 0.6046546893861532, 0.003253641279619166, 0.03246044951641765, 3.788703948534532e-05, 0.5610990881452841, 0.0005102314616434469, 1.057523272053529e-09, 0.0008053389010079313, 0.6046546893861532, 1.73543523694182e-08, 0.4294357178509697, 3.609340965104196e-12, 9.245064937555231e-09, 1.117113535161655e-08, 3.033339190612106e-07, 1.963186866736732e-05, 1.645620072125403e-05, 1.94080600558028e-15, 0.03084963387898327, 0.9769531432565703, 0.002331401476595824, 4.995682219703565e-10, 0.9588627217458847, 0.002954042221929811, 1.378735591395471e-08, 0.003628832959248576, 2.10114736189592e-05, 0.0006169572519012983, 4.365609903681948e-06, 2.572703097865084e-05, 9.541180560094719e-08, 0.0002174963724710138, 0.003757698227722762, 0.0005871024251077758, 3.563678039464992e-11, 3.239628963663346e-14, 8.435164131150731e-05, 3.165438840263395e-05, 8.828475730420183e-08, 9.234023749015116e-06, 7.350833933601172e-07, 6.595263716787119e-10, 0.001777618412214706, 0.1621298696937986, 0.1621298696937986, 0.1621298696937986, 0.1653991340874602, 0.0003721818392118009, 0.1278588760683435, 0.1278588760683453, 0.1278588760683441, 0.127858876068346, 0.127858876068344, 0.1278588760683445, 0.1278588760683443, 0.1278588760683479, 0.1278588760683461, 0.127858876068351, 0.127858876068343, 0.1278588760683443, 0.1278588760683435, 0.127858876068344, 0.127858876068343, 0.127858876068346, 0.1278588760683441, 0.1278588760683519, 0.127858876068344, 0.127858876068343, 0.1278588760683453, 0.1278588760683465, 0.1278588760683441, 0.1278588760683442, 0.1278588760683439, 0.1278588760683436, 0.1278588760683451, 0.1278588760683443, 0.1278588760683435, 0.1278588760683455, 0.1278588760683431, 0.1278588760683451, 0.127858876068344],
  [0.576970055548528, 0.08960192219460947, 0.7644862100449317, 0.7644858885007513, 0.7645246794985121, 0.3065992298008853, 0.436205069144453, 0.3022498519048511, 0.7620256533596892, 0.7397284293889227, 0.7644595482645002, 0.3355479693144315, 0.764100952618755, 0.7644540592520036, 0.7639098710817169, 0.3022498519048511, 0.7645322389721602, 0.436205069144453, 0.7644910000501152, 0.7644523892085097, 0.7644542024502838, 0.7645029724349715, 0.7644682652829456, 0.7644497918459044, 0.7644341763780945, 0.7409301751464867, 0.01762061183957154, 0.7627077033561037, 0.764501153218261, 0.0314515482924935, 0.7622473752710999, 0.7644871892800408, 0.7617399660928053, 0.7644694115547634, 0.7640395544725826, 0.7644734168930837, 0.7644755343796518, 0.7644712538754854, 0.7643357756318496, 0.7616168775176757, 0.7640438420635403, 0.764466182845822, 0.7644214697346968, 0.7644501906641639, 0.7644764562356763, 0.7645002586557674, 0.7644748833160487, 0.7644543032725295, 0.7644292373468983, 0.7631194894495326, 0.6405514981311515, 0.6405514981311515, 0.6405514981311515, 0.6380523705246077, 0.7641758476062072, 0.6667437150932424, 0.6667437150932374, 0.6667437150932458, 0.6667437150932453, 0.6667437150932477, 0.6667437150932456, 0.6667437150932459, 0.666743715093237, 0.6667437150932406, 0.6667437150932287, 0.6667437150932501, 0.6667437150932459, 0.6667437150932424, 0.6667437150932477, 0.6667437150932498, 0.6667437150932444, 0.6667437150932473, 0.6667437150932286, 0.6667437150932473, 0.6667437150932498, 0.6667437150932374, 0.6667437150932402, 0.6667437150932474, 0.6667437150932424, 0.6667437150932477, 0.6667437150932499, 0.6667437150932412, 0.6667437150932459, 0.6667437150932424, 0.6667437150932372, 0.6667437150932498, 0.6667437150932409, 0.6667437150932473] 
  ],
 "analysis":{
   "authors":"Sergei L Kosakovsky Pond",
   "citation":"*Gene-wide identification of episodic selection*, Mol Biol Evol. 32(5):1365-71",
   "contact":"spond@temple.edu",