{
 "Evidence Ratios":{
  },
 "Site Log Likelihood":{
   "unconstrained":    [
[-27.94386909362474, -45.05230090610469, -38.84382770818916, -36.61262447275363, -22.20594817119915, -14.16455039250811, -28.78970969376344, -32.52954155423023, -27.58369734522011, -29.4469804538076, -12.99461576276093, -27.16574668334983, -40.92033523323545, -20.76340299625664, -43.53091919579899, -21.67643121400536, -12.78114141889483, -27.8917412168097, -49.11325606100612, -35.06475029686727, -13.19952305039616, -29.11011103430764, -18.88438772277236, -22.74051878473367, -14.85577998712629, -23.32654286658141, -45.6582979940098, -19.94864916767551, -20.62873711907612, -32.347686388146, -24.65966004128087, -21.5679496972621, -36.27536369151789, -16.96542986147106, -21.31510552170504, -36.20607226038149, -21.66749514804848, -33.99464488132882, -22.51271163331685, -21.385167017457, -47.17093383788454, -10.37659573859841, -29.67734460621589, -22.56936096960758, -37.76772591258749, -33.50276502010693, -21.80891979881159, -31.07195999981359, -40.6921450596238, -28.03984519958357, -23.09352343788427, -13.99303706894085, -21.4068912326043, -27.34643830579276, -23.85131911853779, -17.02115108973233, -34.82463840862604, -26.54324953984564, -23.29137116204237, -27.44623851681035, -24.34155019761711, -26.9911353267779, -33.89784196327765, -30.31491302010973, -25.80287272885791, -29.23981895957965, -52.49139091718688, -30.41357395521826, -28.21870444988977, -13.17825182018617, -36.04115443751954, -35.0988762203942, -39.83562238377151, -24.13499608552133, -29.8497908943343, -19.64229967755828, -33.12668439101551, -21.12651338539321, -25.38645152329831, -31.69342755146375, -29.29764212686682, -41.91583122929236, -28.72233958062215, -19.80903847622303, -16.35614896302164] 
    ]
  },
 "Synonymous site-posteriors":  [
[0.8548409573006039, 0.02223185506783843, 0.4899750322411331, 0.04928152301593035, 0.9750212497668452, 0.610961273066191, 0.5929184093894421, 0.4658833159118073, 0.3467508630241764, 0.2402342682157054, 0.877943590242278, 0.6650033447054065, 0.1527907811743082, 0.8987040260395737, 0.01833769224731775, 0.9520648067862699, 0.861804740874985, 0.1189169612557493, 0.005030756687161233, 0.07134693251243893, 0.9813391287146309, 0.9845820946477658, 0.9912019373557095, 0.4232328466644498, 0.8506910149657672, 0.8708313252363857, 0.007551914314797644, 0.8882011030410412, 0.5922868036127275, 0.2451468952813755, 0.6754556399527449, 0.8844170388703644, 0.05739695879444846, 0.9268607831156327, 0.9808074356400599, 0.1042177164805565, 0.7144760450201002, 0.1209479610162524, 0.8020517601211349, 0.7330495907174447, 0.004866446397717284, 0.9654579783154269, 0.7782738808776728, 0.6373104671692196, 0.03729929935926393, 0.1289576534544988, 0.34600098943122, 0.773665487311364, 0.07789791937577203, 0.06255502130514001, 0.5257630555992202, 0.909975289292386, 0.5174688573102036, 0.9487082067338264, 0.4506025418065015, 0.7115513058305193, 0.2868686908364041, 0.5388655475079086, 0.9446804444435218, 0.4563103456658132, 0.8872335396259932, 0.4547570548328044, 0.1181867094454491, 0.1152384517570389, 0.9589730023334786, 0.07644739656213007, 0.00104582561081029, 0.4464167004439865, 0.9763848178587752, 0.88910558321197, 0.2236367097496584, 0.2568548033822728, 0.06224218833372717, 0.4537010434230922, 0.3307058996282216, 0.9240390196191508, 0.07765559862346803, 0.6449570683589031, 0.5861362945340866, 0.2033035042933052, 0.5314895163094857, 0.01232657311544679, 0.4370176677919624, 0.9375354008009923, 0.8670528310869902],
  [0.1451590426993961, 0.9777681449321617, 0.510024967758867, 0.9507184769840696, 0.02497875023315492, 0.3890387269338092, 0.4070815906105579, 0.5341166840881927, 0.6532491369758237, 0.7597657317842945, 0.122056409757722, 0.3349966552945934, 0.8472092188256919, 0.1012959739604263, 0.9816623077526822, 0.04793519321373015, 0.138195259125015, 0.8810830387442505, 0.9949692433128388, 0.9286530674875612, 0.018660871285369, 0.01541790535223409, 0.008798062644290465, 0.5767671533355502, 0.1493089850342328, 0.1291686747636142, 0.9924480856852024, 0.1117988969589589, 0.4077131963872725, 0.7548531047186244, 0.3245443600472551, 0.1155829611296356, 0.9426030412055515, 0.07313921688436742, 0.0191925643599401, 0.8957822835194436, 0.2855239549798999, 0.8790520389837477, 0.1979482398788652, 0.2669504092825553, 0.9951335536022827, 0.03454202168457313, 0.2217261191223272, 0.3626895328307805, 0.9627007006407361, 0.8710423465455012, 0.65399901056878, 0.226334512688636, 0.922102080624228, 0.9374449786948599, 0.4742369444007797, 0.09002471070761393, 0.4825311426897963, 0.05129179326617361, 0.5493974581934985, 0.2884486941694807, 0.713131309163596, 0.4611344524920915, 0.05531955555647822, 0.5436896543341868, 0.1127664603740067, 0.5452429451671957, 0.8818132905545508, 0.8847615482429613, 0.04102699766652141, 0.9235526034378699, 0.9989541743891898, 0.5535832995560135, 0.02361518214122475, 0.1108944167880302, 0.7763632902503417, 0.7431451966177273, 0.9377578116662729, 0.5462989565769079, 0.6692941003717785, 0.07596098038084909, 0.922344401376532, 0.3550429316410969, 0.4138637054659134, 0.7966964957066949, 0.4685104836905144, 0.9876734268845532, 0.5629823322080375, 0.06246459919900774, 0.1329471689130099],
  [0, 0, 0, 0, 0, 0, 0, 0, 0, 0, 0, 0, 0, 0, 0, 0, 0, 0, 0, 0, 0, 0, 0, 0, 0, 0, 0, 0, 0, 0, 0, 0, 0, 0, 0, 0, 0, 0, 0, 0, 0, 0, 0, 0, 0, 0, 0, 0, 0, 0, 0, 0, 0, 0, 0, 0, 0, 0, 0, 0, 0, 0, 0, 0, 0, 0, 0, 0, 0, 0, 0, 0, 0, 0, 0, 0, 0, 0, 0, 0, 0, 0, 0, 0, 0] 
  ],
 "analysis":{
   "authors":"Sergei L Kosakovsky Pond",
   "citation":"*Gene-wide identification of episodic selection*, Mol Biol Evol. 32(5):1365-71",
   "contact":"spond@temple.edu",
   "info":"BUSTED (branch-site unrestricted statistical test of episodic diversification) uses a random effects branch-site model fitted \njointly to all or a subset of tree branches in order to test for alignment-wide evidence of episodic diversifying selection. \nAssuming there is evidence of positive selection (i.e. there is an omega > 1),  BUSTED will also perform a quick evidence-ratio \nstyle analysis to explore which individual sites may have been subject to selection. v2.0 adds support for synonymous rate variation, \nand relaxes the test statistic to 0.5 (chi^2_0 + chi^2_2). Version 2.1 adds a grid search for the initial starting point.\nVersion 2.2 changes the grid search to LHC, and adds an initial search phase to use adaptive Nedler-Mead. Version 3.0 implements the option\nfor branch-site variation in synonymous substitution rates. Version 3.1 adds HMM auto-correlation option for SRV, and binds SRV distributions for multiple branch sets\n",
   "requirements":"in-frame codon alignment and a phylogenetic tree (optionally annotated with {})",
   "version":"3.1"
  },
 "background":0,
 "branch attributes":{
   "0":{
     "ENSGACP00000023538":{
       "MG94xREV with separate rates for branch sets":0.008184064616778052,
       "Nucleotide GTR":0.008308180724356934,
       "original name":"ENSGACP00000023538",
       "unconstrained":0.00808985431017766
      },
     "ENSGACP00000023540":{
       "MG94xREV with separate rates for branch sets":0,
       "Nucleotide GTR":0,
       "original name":"ENSGACP00000023540",
       "unconstrained":0
      },
     "ENSGMOP00000021442":{
       "MG94xREV with separate rates for branch sets":0.1535250920147011,
       "Nucleotide GTR":0.1038625459383863,
       "original name":"ENSGMOP00000021442",
       "unconstrained":0.1788691901990595
      },
     "ENSLACP00000005748":{
       "MG94xREV with separate rates for branch sets":0.2510049379137798,
       "Nucleotide GTR":0.2418193150472605,
       "original name":"ENSLACP00000005748",
       "unconstrained":0.3036313812158249
      },
     "ENSLACP00000012211":{
       "MG94xREV with separate rates for branch sets":0.137947101934814,
       "Nucleotide GTR":0.1270986970040414,
       "original name":"ENSLACP00000012211",
       "unconstrained":0.1444272283788772
      },