{
 "Evidence Ratios":{
  },
 "Site Log Likelihood":{
   "unconstrained":    [
[-11.54722064528711, -6.261916919888229, -7.164986791290135, -3.893020447269614, -9.161820628838495, -16.09987231946079, -10.99473754384633, -5.734858169602369, -9.04436800634657, -5.045186714532437, -6.954686665345252, -4.065665296873552, -18.62953822920154, -7.330891656348854, -10.95054300726412, -7.259575719381639, -5.524448486509063, -10.59210629840714, -4.462150523056341, -13.27082011397738, -17.28873014932387, -13.85389022494427, -4.462150523056341, -8.462960363589495, -9.89820737109855, -6.677883209774878, -3.912728499039957, -7.200093251955173, -15.22679102508156, -12.99974677806561, -14.70568423330248, -11.07913128390474, -9.254961885045338, -6.214634479440254, -14.12684851416973, -14.14175900563379, -15.65268386423782, -7.528157443696863, -6.25245240427948, -14.69927214476502, -16.27083995259829] 
    ]
  },
 "Synonymous site-posteriors":  [
[0.2350171639086996, 0.0772874929536214, 0.05201985036832789, 0.1385242103358603, 0.04355456730980897, 0.0693570326184027, 0.06627747934699622, 0.1620553858409541, 0.01889059845845814, 0.1460618422365711, 0.1076147186772398, 0.1314713998947085, 0.00258765341318095, 0.09367888161970997, 0.06768566447367971, 0.0384159866979111, 0.09487637228339424, 0.1394040035537521, 0.09055984762590677, 0.008250646006574746, 0.007904168913017547, 0.0374951081331099, 0.09055984762590677, 0.04190129493460485, 0.2082678010107356, 0.08689670348532173, 0.1398083483112001, 0.0585445402460455, 0.02307991207851774, 0.10166599379756, 0.04367181306559194, 0.1211599872818981, 0.1165333008266449, 0.08201429719437386, 0.2238737250897565, 0.04418355402592369, 0.009717276741813609, 0.1168939262545742, 0.08379742395840589, 0.04812786898162984, 0.01005839524521562],
  [0.1235460069859214, 0.711675686776952, 0.8059095912183288, 0.4833271215730954, 0.8374909337064601, 0.7412153104038186, 0.7527480142361332, 0.3956011405218446, 0.9295002326521462, 0.4552292531193174, 0.5985386277338026, 0.5096276437678113, 0.9903386879246268, 0.6505123874057005, 0.7474761079445765, 0.8566494723469431, 0.6460702194468574, 0.4799744097602611, 0.6621886903626916, 0.9692018157181355, 0.970497775027181, 0.8600987213545712, 0.6621886903626916, 0.8436587390530139, 0.2232794737446465, 0.675839468877993, 0.4785385353369673, 0.7815686439958398, 0.9138611280206708, 0.6207227189258556, 0.83703786184891, 0.5479795556370322, 0.5652651523982292, 0.6940255104840759, 0.1651042457739425, 0.8351368977243426, 0.9637266158645081, 0.5639626311596652, 0.6873741107399584, 0.8203958604039582, 0.9624514826513343],
  [0.6414368291053788, 0.2110368202694264, 0.1420705584133433, 0.3781486680910441, 0.1189544989837309, 0.1894276569777788, 0.1809745064168705, 0.4423434736372015, 0.05160916888939566, 0.3987089046441116, 0.2938466535889577, 0.3589009563374803, 0.007073658662192104, 0.2558087309745896, 0.1848382275817437, 0.1049345409551458, 0.2590534082697484, 0.3806215866859868, 0.2472514620114018, 0.02254753827528981, 0.02159805605980126, 0.1024061705123188, 0.2472514620114018, 0.1144399660123812, 0.5684527252446178, 0.2372638276366854, 0.3816531163518326, 0.1598868157581147, 0.06305895990081145, 0.2776112872765843, 0.119290325085498, 0.3308604570810696, 0.3182015467751259, 0.2239601923215502, 0.6110220291363011, 0.1206795482497338, 0.02655610739367837, 0.3191434425857607, 0.2288284653016357, 0.1314762706144118, 0.02749012210345016] 
  ],
 "analysis":{
   "authors":"Sergei L Kosakovsky Pond",
   "citation":"*Gene-wide identification of episodic selection*, Mol Biol Evol. 32(5):1365-71",
   "contact":"spond@temple.edu",
   "info":"BUSTED (branch-site unrestricted statistical test of episodic diversification) uses a random effects branch-site model fitted \njointly to all or a subset of tree branches in order to test for alignment-wide evidence of episodic diversifying selection. \nAssuming there is evidence of positive selection (i.e. there is an omega > 1),  BUSTED will also perform a quick evidence-ratio \nstyle analysis to explore which individual sites may have been subject to selection. v2.0 adds support for synonymous rate variation, \nand relaxes the test statistic to 0.5 (chi^2_0 + chi^2_2). Version 2.1 adds a grid search for the initial starting point.\nVersion 2.2 changes the grid search to LHC, and adds an initial search phase to use adaptive Nedler-Mead. Version 3.0 implements the option\nfor branch-site variation in synonymous substitution rates. Version 3.1 adds HMM auto-correlation option for SRV, and binds SRV distributions for multiple branch sets\n",
   "requirements":"in-frame codon alignment and a phylogenetic tree (optionally annotated with {})",
   "version":"3.1"
  },
 "background":0,
 "branch attributes":{
   "0":{
     "ENSACAP00000018746":{
       "MG94xREV with separate rates for branch sets":0,
       "Nucleotide GTR":0.0380999937478141,
       "original name":"ENSACAP00000018746",
       "unconstrained":0
      },
     "ENSECAP00000002099":{
       "MG94xREV with separate rates for branch sets":0.01010215274048059,
       "Nucleotide GTR":0.01040367450764637,
       "original name":"ENSECAP00000002099",
       "unconstrained":0.01153270787750805
      },
     "ENSLACP00000007623":{
       "MG94xREV with separate rates for branch sets":0.275380886278081,
       "Nucleotide GTR":0.192734967182411,
       "original name":"ENSLACP00000007623",
       "unconstrained":0.3034069668685054
      },
     "ENSLACP00000020968":{
       "MG94xREV with separate rates for branch sets":0.02061492885917519,
       "Nucleotide GTR":0.06761211923128196,
       "original name":"ENSLACP00000020968",
       "unconstrained":0
      },
     "ENSOANP00000017737":{
       "MG94xREV with separate rates for branch sets":0.09023822682064925,
       "Nucleotide GTR":0.04190930420311684,
       "original name":"ENSOANP00000017737",
       "unconstrained":0.103022843886588
      },
     "ENSOCUP00000021345":{
       "MG94xREV with separate rates for branch sets":0.03200268751377266,
       "Nucleotide GTR":0.02707659871858031,
       "original name":"ENSOCUP00000021345",
       "unconstrained":0.03691750072295956
      },
     "ENSPSIP00000001887":{
       "MG94xREV with separate rates for branch sets":0.2581937573819308,
       "Nucleotide GTR":0.1162919926801056,
       "original name":"ENSPSIP00000001887",
       "unconstrained":0.2938756795626865
      },
     "ENSSSCP00000019960":{
       "MG94xREV with separate rates for branch sets":0.03998857625662077,
       "Nucleotide GTR":0.03155460172400098,
       "original name":"ENSSSCP00000019960",
       "unconstrained":0.04370821995591161
      },
     "NODE_12":{
       "MG94xREV with separate rates for branch sets":0.1945466506944667,
       "Nucleotide GTR":0.04322097287496156,
       "unconstrained":0.2392937792179786
      },
     "NODE_14":{
       "MG94xREV with separate rates for branch sets":0.4262599364554612,
       "Nucleotide GTR":0.1043889038821723,
       "unconstrained":0.5523245853628007
      },
     "NODE_3":{
       "MG94xREV with separate rates for branch sets":0.004792701445848058,
       "Nucleotide GTR":0.008192867330924298,
       "unconstrained":0.001695473278162032
      },
     "NODE_5":{
       "MG94xREV with separate rates for branch sets":0,
       "Nucleotide GTR":0.03009730609009515,
       "unconstrained":0
      }
    },
   "attributes":{
     "MG94xREV with separate rates for branch sets":{
       "attribute type":"branch length",
       "display order":1
      },
     "Nucleotide GTR":{
       "attribute type":"branch length",
       "display order":0
      },
     "original name":{
       "attribute type":"node label",
       "display order":0
      },
     "unconstrained":{
       "attribute type":"branch length",
       "display order":0
      }
    }
  },