{
 "Evidence Ratios":{
   "constrained":    [
[0.601867301060851, 0.8386968842672754, 0.725927559546876, 16.57243952714672, 0.8159014202207659, 0.8978115096516716, 0.8434693016042002, 0.7408196074762977, 15.74238898044351, 19.32544949513731, 43.20769887949454, 0.8274226988327761, 0.7691484254877849, 0.727734983077984, 0.8434693016042002, 147399.5684085785, 0.758400427416085, 11.89194154021667, 0.6273423496249196, 27.54868601825543, 0.771602679170261, 0.8822713618088729, 0.6273423496249196, 0.8822713618088729, 0.8386968842672754, 0.6944251967177876, 15.41859496890296, 0.8000202445385989, 0.8434693016042002, 0.7521142669634088, 0.6295200164681055, 0.7691484254877849, 0.8253496236691402, 18.81005540592797, 0.8253496236691402, 9.314056168504733, 19.78646333977479, 14.61884152751216, 15.31186598523953, 0.6944251967177876, 0.758400427416085, 0.8159014202207659, 0.639421731002309, 0.601867301060851, 0.758400427416085, 14.56605362218611, 0.7579067008643083, 0.7511758470500114, 3509.137822176982, 1862.569461073344, 0.9999999999999911, 0.9999999999999956, 0.999999999999992, 0.9999999999999964, 0.9999999999999964, 0.9999999999999973, 0.9999999999999956] 
    ],
   "optimized null":    [
[0.878659915516353, 1.056528475264524, 0.9979471418627166, 2.077462790366845, 1.030930636320327, 1.261083852850719, 1.149900815324537, 0.9416323450270401, 2.102564628041941, 1.791553123226179, 1.816510588889491, 1.135079431188778, 0.9912276900111306, 0.9392481945930654, 1.149900815324537, 0.364633383489154, 0.984657501947267, 2.113504117156029, 0.9097193065933028, 1.633501274149348, 1.001286211353126, 1.109674014091315, 0.9097193065933028, 1.109674014091315, 1.056528475264524, 0.9469053186985676, 1.411557629627978, 1.086343189264639, 1.149900815324537, 1.057247213563628, 0.8868480535188974, 0.9912276900111306, 1.104149482819243, 1.746622739659465, 1.104149482819243, 0.9378254135971776, 1.664082626564931, 1.979201540322966, 1.603640097421151, 0.9469053186985676, 0.984657501947267, 1.030930636320327, 0.9636873477958903, 0.878659915516353, 0.984657501947267, 2.132421755322559, 1.007277656602472, 1.029693188425528, 9.421721938472466, 0.09450367058389883, 0.9999999999999902, 0.9999999999999973, 0.9999999999999911, 0.9999999999999973, 0.9999999999999956, 0.9999999999999982, 0.9999999999999973] 
    ]
  },
 "Site Log Likelihood":{
   "constrained":    [
[-4.615936677152441, -2.814215035064628, -3.533918836641673, -10.78234723172449, -3.494428946285907, -4.269127371538639, -3.77382286099618, -3.35156569121316, -9.612955368014639, -11.697482817689, -12.64513234996701, -5.123213033494767, -3.860488635504776, -3.844284722790396, -3.77382286099618, -34.4186750300516, -2.998319141166857, -9.021339722314265, -4.253928225376626, -10.98726398952956, -4.23762583871367, -3.671343295107286, -4.253928225376626, -3.671343295107286, -2.814215035064628, -3.714551407115817, -11.41613061773457, -4.062684986647747, -3.77382286099618, -4.597897761932196, -4.239696450712175, -3.860488635504776, -3.882707277887729, -10.37241855376491, -3.882707277887729, -11.23993610341015, -9.398459769320503, -10.0733955822948, -12.36303147469613, -3.714551407115817, -2.998319141166857, -3.494428946285907, -4.421866587713895, -4.615936677152441, -2.998319141166857, -9.431784817976306, -3.186303132565896, -4.780046022138037, -23.34830553775926, -22.17058186314129, -5.068873230748168, -4.074857160391185, -4.718400211880096, -4.18532326259483, -4.94063703214381, -2.769648917075855, -4.074857160391185] 
    ],
   "optimized null":    [
[-4.99429760979492, -3.045109465180063, -3.852168917877123, -8.7057535223987, -3.728352610866594, -4.608894056293866, -4.083730323833657, -3.591423446745197, -7.599756209934636, -9.319142873966168, -9.476031057735639, -5.439355256807867, -4.114148939357249, -4.099427537376697, -4.083730323833657, -21.50890984037402, -3.259401493596665, -7.293826022132398, -4.625571919229162, -8.162034881575766, -4.498196749335277, -3.900665190144998, -4.625571919229162, -3.900665190144998, -3.045109465180063, -4.024666066764865, -9.025250167721801, -4.368620416413508, -4.083730323833657, -4.93843333957454, -4.582412464149231, -4.114148939357249, -4.173730813834986, -7.995711025197945, -4.173730813834986, -8.944219954793651, -6.922735731690872, -8.073777870908112, -10.10667949839539, -4.024666066764865, -3.259401493596665, -3.728352610866594, -4.832069279104461, -4.99429760979492, -3.259401493596665, -7.510349399047304, -3.470749421660057, -5.095422408785217, -17.42819775407921, -12.28175301596786, -5.068873230748167, -4.074857160391186, -4.718400211880095, -4.185323262594831, -4.940637032143809, -2.769648917075856, -4.074857160391186] 
    ],
   "unconstrained":    [
[-5.123654965255526, -2.990120955018259, -3.854223886015856, -7.974606185585715, -3.697890686154861, -4.376922504415876, -3.944054632721913, -3.651563819238034, -6.856598358877674, -8.736059963711773, -8.879113655792205, -5.312652624896991, -4.122959952568071, -4.162103054085932, -3.944054632721913, -22.51777269934715, -3.274862905632279, -6.545478733082132, -4.720191100575287, -7.671309149505237, -4.496911364443381, -3.796598898952279, -4.720191100575287, -3.796598898952279, -2.990120955018259, -4.079222237814228, -8.680556371202005, -4.285803232608891, -3.944054632721913, -4.882764777758625, -4.702494079307803, -4.122959952568071, -4.074655474041598, -7.438026964899271, -4.074655474041598, -9.008411428322221, -6.413461735137064, -7.39108436999699, -9.634403392293983, -4.079222237814228, -3.274862905632279, -3.697890686154861, -4.869057644094319, -5.123654965255526, -3.274862905632279, -6.753091090861935, -3.463498119412348, -5.066161526232358, -15.18517988617991, -14.64086961904698, -5.068873230748177, -4.074857160391189, -4.718400211880104, -4.185323262594833, -4.940637032143814, -2.769648917075858, -4.074857160391189] 
    ]
  },