{
 "Evidence Ratios":{
   "constrained":    [
[0.8468555442892272, 0.8390159460356544, 0.8646936175977804, 1.101705213132424, 0.8646936175977804, 1.338835944023445, 0.8436465370786186, 0.8509986877010578, 0.8470106810468848, 1.345658834491946, 0.8585597530697527, 0.8447833365739256, 1.216745642932992, 0.8620303200745141, 0.8447833365739256, 1.344956903487983, 0.8470106810468848, 1.249864703894023, 0.8620303200745141, 0.8620989552183729, 1.839260496147474, 1.319130349143084, 0.8390159460356544, 0.8620303200745141, 1.3383944279893, 0.8554949115195029, 1.101705213132424, 0.8419298053660442, 1.336410044589276, 0.8681948834761328, 1.189208689293483, 1.290900349157902, 2.327552416966604, 1, 0.9999999999999991, 1, 1, 1, 1.000000000000001, 1] 
    ],
   "optimized null":    [
[1.001563872238074, 1.020921897331756, 1.019559967993686, 0.8706274294204877, 1.019559967993686, 1.016192600067037, 0.9638612875732004, 1.008271327059755, 1.006699221582058, 1.032975134666485, 1.009514588833578, 1.030940337756067, 0.9110911445667135, 1.005993799195075, 1.030940337756067, 1.027167741115194, 1.006699221582058, 0.9741619608347121, 1.005993799195075, 1.013548429357171, 1.290709624580028, 1.045858484752117, 1.020921897331756, 1.005993799195075, 1.050267915281768, 1.012739557562274, 0.8706274294204877, 0.9479470329861419, 1.044335627091874, 0.89115689435074, 0.912056247167601, 1.010389336817086, 1.127030228442554, 1.000000000000002, 1.000000000000001, 1.000000000000003, 1.000000000000002, 1.000000000000001, 1.000000000000004, 1.000000000000002] 
    ]
  },
 "Site Log Likelihood":{
   "constrained":    [
[-6.7891986654104, -4.816326852117578, -4.508786427665719, -8.383497125541659, -4.508786427665719, -9.669645039503932, -8.768721352391715, -4.229782662726136, -3.684091709019528, -12.61044498537623, -3.869017424292378, -5.335841760233341, -7.33988441379914, -3.764722476264989, -5.335841760233341, -12.53524567442865, -3.684091709019528, -8.64841491015139, -3.764722476264989, -4.472031546678235, -11.34144973511376, -11.02550620905993, -4.816326852117578, -3.764722476264989, -9.856853264864451, -4.497417586343861, -8.383497125541659, -8.996192647853993, -12.6206169076833, -9.342349566340669, -8.527273236410629, -10.53060914936805, -17.07547659400035, -5.232780991302953, -3.514231730772821, -3.795696537981062, -4.566154841319015, -4.407833870415125, -3.795696537981063, -4.169018125671492] 
    ],
   "optimized null":    [
[-6.956986464784693, -5.012558458820635, -4.673537592055268, -8.148096808271372, -4.673537592055268, -9.393907399754124, -8.901935132143491, -4.399364662301837, -3.856810564499847, -12.34600437134078, -4.030986033857315, -5.534988186191995, -7.050592287173736, -3.919163218938221, -5.534988186191995, -12.26568895268742, -3.856810564499847, -8.399201896641255, -3.919163218938221, -4.633874234386105, -10.9872783122453, -10.79337158065587, -5.012558458820635, -3.919163218938221, -9.614427846404075, -4.666151812046959, -8.148096808271372, -9.114794631952106, -12.37401087974127, -9.368453856652282, -8.261931501172338, -10.28560496793241, -16.35024540010982, -5.232780991302955, -3.514231730772823, -3.795696537981065, -4.566154841319017, -4.407833870415126, -3.795696537981065, -4.169018125671494] 
    ],
   "unconstrained":    [
[-6.955423814121382, -4.991852418811149, -4.654166461768292, -8.286637952290612, -4.654166461768292, -9.377844501568271, -8.93874301942753, -4.391127355203, -3.850133682984157, -12.3135612524838, -4.021516423647071, -5.504516851157441, -7.143704624979823, -3.913187311101662, -5.504516851157441, -12.23888370390457, -3.850133682984157, -8.425379601579996, -3.913187311101662, -4.620416764348287, -10.73208614854571, -10.74853351598989, -4.991852418811149, -3.913187311101662, -9.565382557370551, -4.653492719972277, -8.286637952290612, -9.168251282617629, -12.33062996005629, -9.483688635729536, -8.353985117456061, -10.27526922936122, -16.2306593433688, -5.232780991302953, -3.514231730772822, -3.795696537981062, -4.566154841319015, -4.407833870415125, -3.795696537981062, -4.169018125671492] 
    ]
  },
 "Synonymous site-posteriors":  [
[0.9999999999999999, 1, 1, 1, 1, 1, 1, 1, 1, 1, 0.9999999999999999, 1, 1, 1, 1, 1, 1, 0.9999999999999999, 1, 1, 1, 1, 1, 1, 1, 1, 1, 0.9999999999999999, 1, 1, 0.9999999999999999, 1, 1, 1, 1, 1, 1, 1, 1, 1],
  [0, 0, 0, 0, 0, 0, 0, 0, 0, 0, 0, 0, 0, 0, 0, 0, 0, 0, 0, 0, 0, 0, 0, 0, 0, 0, 0, 0, 0, 0, 0, 0, 0, 0, 0, 0, 0, 0, 0, 0],
  [0, 0, 0, 0, 0, 0, 0, 0, 0, 0, 0, 0, 0, 0, 0, 0, 0, 0, 0, 0, 0, 0, 0, 0, 0, 0, 0, 0, 0, 0, 0, 0, 0, 0, 0, 0, 0, 0, 0, 0] 
  ],
 "analysis":{
   "authors":"Sergei L Kosakovsky Pond",
   "citation":"*Gene-wide identification of episodic selection*, Mol Biol Evol. 32(5):1365-71",
   "contact":"spond@temple.edu",
   "info":"BUSTED (branch-site unrestricted statistical test of episodic diversification) uses a random effects branch-site model fitted \njointly to all or a subset of tree branches in order to test for alignment-wide evidence of episodic diversifying selection. \nAssuming there is evidence of positive selection (i.e. there is an omega > 1),  BUSTED will also perform a quick evidence-ratio \nstyle analysis to explore which individual sites may have been subject to selection. v2.0 adds support for synonymous rate variation, \nand relaxes the test statistic to 0.5 (chi^2_0 + chi^2_2). Version 2.1 adds a grid search for the initial starting point.\nVersion 2.2 changes the grid search to LHC, and adds an initial search phase to use adaptive Nedler-Mead. Version 3.0 implements the option\nfor branch-site variation in synonymous substitution rates. Version 3.1 adds HMM auto-correlation option for SRV, and binds SRV distributions for multiple branch sets\n",
   "requirements":"in-frame codon alignment and a phylogenetic tree (optionally annotated with {})",
   "version":"3.1"
  },
 "background":0,
 "branch attributes":{
   "0":{
     "CT573034_1_MOUSE":{
       "MG94xREV with separate rates for branch sets":0.02057130098879554,
       "Nucleotide GTR":0.0204384814284886,
       "constrained":0.02056656286138119,
       "original name":"CT573034.1_MOUSE",
       "unconstrained":0.02045093806255391
      },
     "D3ZFK2_RAT":{
       "MG94xREV with separate rates for branch sets":0.01104246172716592,
       "Nucleotide GTR":0.01063578148334332,
       "constrained":0.01119616844851616,
       "original name":"D3ZFK2_RAT",
       "unconstrained":0.01126696224134488
      },
     "ENSACAP00000007678":{
       "MG94xREV with separate rates for branch sets":0.0008455598239964888,
       "Nucleotide GTR":0.0006237795413099365,
       "constrained":0.0006407433917891527,
       "original name":"ENSACAP00000007678",
       "unconstrained":0.0004999426556791438
      },
     "ENSACAP00000010486":{
       "MG94xREV with separate rates for branch sets":0.0009998114979369059,
       "Nucleotide GTR":0.0007600379343709068,
       "constrained":0.0005479875185428698,
       "original name":"ENSACAP00000010486",
       "unconstrained":0.000966807090368586
      },
     "ENSACAP00000021133":{
       "MG94xREV with separate rates for branch sets":0.0008821143809295129,
       "Nucleotide GTR":0.0006420080149029803,
       "constrained":0.0004542837885774358,
       "original name":"ENSACAP00000021133",
       "unconstrained":0.0008526692274770802
      },
     "ENSLACP00000010222":{
       "MG94xREV with separate rates for branch sets":0.000454146100094546,
       "Nucleotide GTR":0,
       "constrained":0.0008172467695713587,
       "original name":"ENSLACP00000010222",
       "unconstrained":0.0007014642951956398
      },
     "ENSONIP00000012943":{
       "MG94xREV with separate rates for branch sets":0.0004954360579480539,
       "Nucleotide GTR":0,
       "constrained":0.000723200570936024,
       "original name":"ENSONIP00000012943",
       "unconstrained":0.001155743571654466
      },
     "F1M3A8_RAT":{
       "MG94xREV with separate rates for branch sets":0.01053156514278066,