{
 "Evidence Ratios":{
   "constrained":    [
[0.9999999999999933, 0.9999999999999938, 0.9999999999999929, 0.9999999999999947, 0.999999999999992, 0.9999999999999929, 0.9999999999999942, 1.623971336224923, 0.9055107321386797, 0.8965732881541416, 0.9028959841653198, 0.9016002118371002, 0.8527005304422191, 0.9008836732170682, 0.9076441837327346, 1.025042945474408, 0.902419078179032, 0.9111320313510867, 0.9999999999999938, 0.9999999999999933, 0.9999999999999947, 0.9999999999999929, 0.9999999999999947, 0.9139002535199533, 3.189534617293747, 0.9083928038571377, 0.7800678497303599, 2.72262533318907, 0.879546323411068, 0.9484748573857137, 0.978146948942745, 0.9051370592146438, 3.353064295484391, 1.178104119183229, 4.644730110863528, 0.7883029313531937, 0.836554673092214, 2.430864147129232, 0.9124041796876513, 0.8922104454566834, 0.8737504773694253, 0.9044281216294228, 2.824318672664689, 0.7361393547345052, 0.8983538185473641, 0.8644781135264284, 0.987292763967504, 0.8626562406563298, 0.9010694211077261, 1.035852543515579, 0.906632822728741, 0.9058923821407077, 0.910373788942715, 2.721784961540692, 0.8354032048266298, 2.438363504026343, 0.8779538130421717, 1.874643883298902, 0.9108854074886432, 0.9054912116194989, 0.8993594418740292, 0.9109171366240874, 0.9229278827665112, 0.9018261684679824, 0.9076240485960267, 0.8709543376118474, 0.9095785165167732, 0.9029392930346298, 3.099555107078613, 0.9099278351536869, 0.9066773637186675] 
    ],
   "optimized null":    [
[0.9999999999999689, 0.9999999999999707, 1.000000000000001, 0.9999999999999991, 1.000000000000003, 1.000000000000001, 1.00000000000002, 0.509386610781832, 0.9132769652759621, 1.055725122778748, 0.9071801951731704, 1.054877073127792, 1.343791801860379, 1.314648551806853, 0.9436068164934753, 0.4836048901300352, 0.943067886018236, 0.8808445907756715, 0.9999999999999512, 1.000000000000001, 0.9999999999999227, 0.9999999999999547, 1.000000000000017, 1.791057917565405, 1.343288574760333, 1.356464650421602, 0.768963146345073, 2.946945079145851, 1.09123212482055, 0.6849644206267086, 0.7335272770773439, 0.9452249554317248, 2.653031278617024, 0.9050893771028015, 0.9060678311728718, 1.128115817299031, 1.213148308759162, 1.746317923368641, 0.7900999572938036, 1.146896976726732, 1.13165066915284, 1.082436640957358, 1.647770928018095, 0.6030228920899972, 0.989457902767065, 0.8458497732346565, 0.5105930435671892, 0.9208009025738952, 1.321228451099889, 1.050273684252543, 0.8826921423302709, 0.9132989182342243, 0.9826786604535104, 1.280701659043409, 0.5133335942942914, 0.8233952543589724, 0.9915618063731541, 0.7894620009013721, 1.044896130730477, 0.6952532575930918, 1.05427172900647, 0.9842676075179481, 1.792408974876658, 1.110532568717626, 0.7490335678453479, 2.304417700963048, 0.8578769481566255, 0.7622360489847564, 1.259423995659828, 1.124744100176298, 0.9970898672625009] 
    ]
  },
 "Site Log Likelihood":{
   "constrained":    [
[-3.646522077629934, -4.350019134762922, -3.526819405045873, -5.156434983121034, -4.475468230308528, -3.526819405045873, -3.338230629514888, -13.79403503648843, -12.45208507435779, -9.871351820034683, -12.78443035311353, -8.684446803169408, -13.34498677818206, -13.94609164181195, -7.39136018753763, -16.80515154009406, -11.28648047229024, -13.00242574747133, -3.870399442374447, -3.526819405045872, -3.743098186629324, -3.166902385241454, -4.243297830585297, -18.7398940559833, -19.54955877693369, -17.11551781789999, -13.35774273024739, -23.10422964402483, -11.76594344724207, -17.49870249346382, -21.79388413550828, -13.67167587547636, -17.33122488712896, -22.01080871620934, -21.15576603418135, -15.98996024126086, -15.54164753709047, -24.6606809677425, -15.63368712712368, -15.53344795033822, -22.78131761767909, -12.93093755070489, -18.84099580014017, -17.22702413319072, -22.49953158899805, -15.63541855234524, -15.89650809436274, -15.96570456919912, -11.31209473117454, -23.62712284050105, -10.82911089115688, -10.98081205594166, -13.41047904147938, -13.97614868571269, -16.89205043311676, -21.98221436458113, -17.47653874499568, -18.43196415890739, -11.28598821286553, -12.6100648550631, -7.980999332926536, -17.77377881158744, -18.13060697846786, -8.542104890398342, -13.7386131808999, -20.46609758531281, -13.93392084499336, -13.82984294105852, -14.64223287896197, -6.66808720684377, -10.94350103637023] 
    ],
   "optimized null":    [
[-3.646522077629909, -4.350019134762899, -3.526819405045881, -5.156434983121039, -4.475468230308539, -3.526819405045881, -3.338230629514913, -12.63461244393864, -12.46062513689425, -10.03475491111812, -12.78916409753481, -8.841455126246107, -13.79982897011391, -14.32404014897385, -7.430217325302618, -16.05392998199637, -11.33053971962805, -12.96861914001984, -3.870399442374405, -3.52681940504588, -3.743098186629252, -3.166902385241416, -4.243297830585319, -19.41273436195435, -18.68480452647373, -17.51647800183541, -13.3434048717417, -23.18340210058485, -11.98159994084278, -17.17321410842656, -21.50608900667229, -13.715012443838, -17.09705310930966, -21.74718066755341, -19.52139165985716, -16.34838189632404, -15.91332982700784, -24.32994368504006, -15.48976352141935, -15.78456121351224, -23.03995539276847, -13.1106046444161, -18.30215206428449, -17.02755985138423, -22.59612481119854, -15.6136343352876, -15.23711435956294, -16.0309321257254, -11.69482965515184, -23.64094882118269, -10.8023498392333, -10.98895476970178, -13.48690593913899, -13.22226888364112, -16.40506185988799, -20.89656831223101, -17.59822603972795, -17.56714186939905, -11.4232438741546, -12.3458634619442, -8.13992205753544, -17.85122469610256, -18.79437167061514, -8.750278077673592, -13.54656673083063, -21.43909133428409, -13.87540019357697, -13.6604439012782, -13.74162876175401, -6.880032734760495, -11.03855527117399] 
    ],
   "unconstrained":    [
[-3.64652207762994, -4.350019134762928, -3.52681940504588, -5.15643498312104, -4.475468230308536, -3.52681940504588, -3.338230629514894, -13.30916044501251, -12.55134122391808, -9.980527060116996, -12.88657827449916, -8.788030884469151, -13.50433364934271, -14.05047078004809, -7.48826303285461, -16.78041703035757, -11.38915672915296, -13.09549320956195, -3.870399442374453, -3.526819405045879, -3.743098186629329, -3.166902385241461, -4.243297830585302, -18.82992790128284, -18.38968375877532, -17.2115962084598, -13.60611710649523, -22.1026330331937, -11.89429249326754, -17.55160249118637, -21.81597950119999, -13.77134477557944, -16.12135024431891, -21.84690224848238, -19.62003276675462, -16.22783307360839, -15.72011093843641, -23.77243415750389, -15.72535933472444, -15.6475011991665, -22.91627805676781, -13.03138999552799, -17.80272864244763, -17.53335997069478, -22.60672286998742, -15.78104784344015, -15.90929675786655, -16.11344356709412, -11.41626770656227, -23.59189803930791, -10.9271286280865, -11.07964681944529, -13.50437904820831, -12.97486078477284, -17.07189122376519, -21.09088724536375, -17.60670003646194, -17.80354544643104, -11.37932639010815, -12.70934256232436, -8.08707183323637, -17.86708215614685, -18.2108111595138, -8.645438385775053, -13.83553821041682, -20.60426331406142, -14.02869480042323, -13.93194289697369, -13.51097429161557, -6.762477191488499, -11.04146964658091] 
    ]
  },