{
 "Evidence Ratios":{
  },
 "Site Log Likelihood":{
   "unconstrained":    [
[-17.74837803825211, -9.85258931744932, -5.378747312385799, -5.721515728378044, -6.147008126683269, -6.364626618982149, -18.29287669407085, -9.692914020224926, -20.10617381139605, -11.31955507476647, -6.492464925184082, -4.633372628100123, -3.907508259938491, -9.148097324654536, -36.07744245756336, -32.64509955996476, -13.80981616125167, -16.21788801815808, -29.07610929950181, -21.54360089401587, -26.54550180116255, -10.06877680558463, -9.235525227133209, -13.79164989775362, -14.27631744552973, -17.88031282446394, -10.19120254837756, -4.563361188427445, -3.819475114432313, -3.819475114432313, -9.782688953294388, -8.085203011372879, -19.03332533824276, -16.692690280452, -19.01144934756374, -14.77102017053701, -15.2118898901892, -17.58734176323241, -20.0181369065413, -20.90443759705994, -14.00431730425782, -3.843308007287774, -4.148351003529111, -4.494764335094305, -4.147914914069655, -3.40657993031564, -4.314085087714656, -3.580332577901011, -3.844336132210016, -4.636736800797619, -3.662626663156274, -3.736396529095233, -3.662626663156274, -5.002691366422327, -3.492129167834249, -3.844336132210016, -4.494764335094305, -4.832173891869011, -3.78549188754897] 
    ]
  },
 "Synonymous site-posteriors":  [
[0.02398551654015465, 0.3720555886417351, 0.9100750229312314, 0.9149218764711904, 0.9459525834895337, 0.9657438529207892, 0.04151712548718085, 0.6789620703214683, 0.2875588825582234, 0.4000837950665951, 0.9760735822415069, 0.5198418926955898, 0.4914192698402092, 0.845943209714469, 0.0001266371457112014, 0.003518671305751181, 0.376451906470449, 0.6728087038022537, 0.001382046177913157, 0.005177574708513474, 0.007290663109837218, 0.7437110791257437, 0.7268684522319192, 0.4898381535104202, 0.4208601181194219, 0.03387768499099453, 0.940460144334441, 0.4061151834575767, 0.4061151834575759, 0.4061151834575759, 0.7021933832172501, 0.7218079124576023, 0.08591192513084303, 0.2311595684956606, 0.0272168970766334, 0.3316730405642295, 0.01956440319491271, 0.02331155103887805, 0.01443689039050099, 0.001657720721796073, 0.2108582486544309, 0.4214666890768685, 0.4244914637144903, 0.4230858701926293, 0.4214784731799551, 0.4177613854294432, 0.4227616659716421, 0.4211947116400983, 0.4128825932330607, 0.4234135851519783, 0.4211428421219884, 0.4211144950556968, 0.4211428421219884, 0.4215597366532709, 0.4186084496544594, 0.4128825932330607, 0.4230858701926293, 0.4254588374484629, 0.4186783626606058],
  [0.9760144834598453, 0.6279444113582648, 0.08992497706876863, 0.0850781235288096, 0.05404741651046631, 0.03425614707921079, 0.958482874512819, 0.3210379296785317, 0.7124411174417765, 0.5999162049334049, 0.02392641775849321, 0.4801581073044101, 0.5085807301597909, 0.154056790285531, 0.9998733628542888, 0.996481328694249, 0.6235480935295509, 0.3271912961977463, 0.9986179538220867, 0.9948224252914867, 0.9927093368901629, 0.2562889208742562, 0.2731315477680809, 0.5101618464895799, 0.5791398818805782, 0.9661223150090055, 0.05953985566555899, 0.5938848165424234, 0.5938848165424242, 0.5938848165424242, 0.2978066167827501, 0.2781920875423978, 0.9140880748691569, 0.7688404315043393, 0.9727831029233666, 0.6683269594357706, 0.9804355968050873, 0.9766884489611219, 0.9855631096094991, 0.998342279278204, 0.7891417513455691, 0.5785333109231315, 0.5755085362855097, 0.5769141298073707, 0.5785215268200449, 0.5822386145705568, 0.5772383340283579, 0.5788052883599019, 0.5871174067669394, 0.5765864148480218, 0.5788571578780116, 0.5788855049443032, 0.5788571578780116, 0.5784402633467292, 0.5813915503455407, 0.5871174067669394, 0.5769141298073707, 0.5745411625515371, 0.5813216373393942],
  [0, 0, 0, 0, 0, 0, 0, 0, 0, 0, 0, 0, 0, 0, 0, 0, 0, 0, 0, 0, 0, 0, 0, 0, 0, 0, 0, 0, 0, 0, 0, 0, 0, 0, 0, 0, 0, 0, 0, 0, 0, 0, 0, 0, 0, 0, 0, 0, 0, 0, 0, 0, 0, 0, 0, 0, 0, 0, 0] 
  ],
 "analysis":{
   "authors":"Sergei L Kosakovsky Pond",
   "citation":"*Gene-wide identification of episodic selection*, Mol Biol Evol. 32(5):1365-71",
   "contact":"spond@temple.edu",
   "info":"BUSTED (branch-site unrestricted statistical test of episodic diversification) uses a random effects branch-site model fitted \njointly to all or a subset of tree branches in order to test for alignment-wide evidence of episodic diversifying selection. \nAssuming there is evidence of positive selection (i.e. there is an omega > 1),  BUSTED will also perform a quick evidence-ratio \nstyle analysis to explore which individual sites may have been subject to selection. v2.0 adds support for synonymous rate variation, \nand relaxes the test statistic to 0.5 (chi^2_0 + chi^2_2). Version 2.1 adds a grid search for the initial starting point.\nVersion 2.2 changes the grid search to LHC, and adds an initial search phase to use adaptive Nedler-Mead. Version 3.0 implements the option\nfor branch-site variation in synonymous substitution rates. Version 3.1 adds HMM auto-correlation option for SRV, and binds SRV distributions for multiple branch sets\n",
   "requirements":"in-frame codon alignment and a phylogenetic tree (optionally annotated with {})",
   "version":"3.1"
  },
 "background":0,
 "branch attributes":{
   "0":{
     "ENSCHOP00000006501":{
       "MG94xREV with separate rates for branch sets":0.04990047621067476,
       "Nucleotide GTR":0.05103663724806511,
       "original name":"ENSCHOP00000006501",
       "unconstrained":0.05066447394480739
      },
     "ENSCJAP00000026823":{
       "MG94xREV with separate rates for branch sets":0.04004684431630395,
       "Nucleotide GTR":0.03077749170106468,
       "original name":"ENSCJAP00000026823",
       "unconstrained":0.04065218284737763
      },
     "ENSDNOP00000010247":{
       "MG94xREV with separate rates for branch sets":0.05938829898779453,
       "Nucleotide GTR":0.05836588143748581,
       "original name":"ENSDNOP00000010247",
       "unconstrained":0.06247689001050866
      },
     "ENSEEUP00000002743":{
       "MG94xREV with separate rates for branch sets":0.2505330704572071,
       "Nucleotide GTR":0.2313621634065337,
       "original name":"ENSEEUP00000002743",
       "unconstrained":0.2598408050814563
      },
     "ENSGGOP00000007201":{
       "MG94xREV with separate rates for branch sets":0.006304717125673313,
       "Nucleotide GTR":0.00620601065488244,
       "original name":"ENSGGOP00000007201",
       "unconstrained":0.006296163423805287
      },
     "ENSNLEP00000003826":{
       "MG94xREV with separate rates for branch sets":0.009435325859080487,
       "Nucleotide GTR":0.009395539837802353,
       "original name":"ENSNLEP00000003826",
       "unconstrained":0.009331160888865486
      },
     "ENSPCAP00000015688":{
       "MG94xREV with separate rates for branch sets":0.2681236718327253,
       "Nucleotide GTR":0.2637358814719834,
       "original name":"ENSPCAP00000015688",
       "unconstrained":0.282982546570844
      },
     "ENSPVAP00000014935":{
       "MG94xREV with separate rates for branch sets":0.1049175615837623,
       "Nucleotide GTR":0.09957014209387829,
       "original name":"ENSPVAP00000014935",
       "unconstrained":0.1084919505796529
      },
     "ENSTTRP00000002657":{
       "MG94xREV with separate rates for branch sets":0.03779117943549973,
       "Nucleotide GTR":0.03269522193203507,
       "original name":"ENSTTRP00000002657",
       "unconstrained":0.03817784162036202
      },
     "ENSVPAP00000001725":{
       "MG94xREV with separate rates for branch sets":0.1136708269688517,
       "Nucleotide GTR":0.1174854979412458,
       "original name":"ENSVPAP00000001725",
       "unconstrained":0.1173445211479155
      },
     "LOC100437196_PONAB":{
       "MG94xREV with separate rates for branch sets":0.01271342195433655,
       "Nucleotide GTR":0.01244022687687891,
       "original name":"LOC100437196_PONAB",
       "unconstrained":0.01267027196730047
      },
     "LOC100610891_PANTR":{
       "MG94xREV with separate rates for branch sets":0,
       "Nucleotide GTR":0,