{
 "Evidence Ratios":{
   "constrained":    [
[0.8322571022658157, 0.9554041948399967, 0.935447200043949, 0.9374788468261673, 0.9215134002924791, 0.9430799335318291, 6.350103281978742, 0.9423018526028832, 0.9296198392850719, 1.209653822359597, 0.942861896296436, 1.128966270125796, 0.9561793844985069, 0.945666445716335, 0.9227734918132252, 0.9290746787750733, 0.9490987470944827, 0.8477801099745225, 0.9155694303030624, 0.9304008043470393, 51.05849051899275, 1.485394757712805] 
    ],
   "optimized null":    [
[0.7457855195354209, 1.215946085736503, 0.5925458998489901, 0.4655240387349199, 1.018527199310277, 0.9012853967539899, 2.884204917756769, 0.6202577538189615, 1.665824409272639, 0.8430920254586213, 0.6655792896106881, 0.5993980097678328, 1.5632194402107, 0.8346376045869587, 2.359480078943424, 0.8670308830467001, 1.029862184469159, 1.114419719775309, 1.844942841042359, 0.6635565604836234, 38.21302994363261, 0.7144552020656528] 
    ]
  },
 "Site Log Likelihood":{
   "constrained":    [
[-6.618110093580145, -13.1730492318275, -7.636646410176387, -12.55584193539487, -12.03471468429872, -9.757670188113611, -22.58168394519817, -10.49795514307651, -16.71906691745025, -27.763121232787, -12.18834137092737, -24.00731173777531, -18.34763321105132, -19.09004258106532, -18.26419421378789, -12.22569359645225, -12.55301328761825, -5.315418716249977, -17.79733479956704, -20.54396332065854, -15.0961829238796, -16.26424483380491] 
    ],
   "optimized null":    [
[-6.508406734888921, -13.41419246437312, -7.18005004452263, -11.85581147725059, -12.13481030604196, -9.712341106933122, -21.79246213775955, -10.07976460543474, -17.30236661041362, -27.40210784864228, -11.8400793241087, -23.37417988446004, -18.83919039228806, -18.96515029272975, -19.20300698193735, -12.15657907140487, -12.63468071136642, -5.588886536086938, -18.49799217518722, -20.2059619507183, -14.80638763084288, -15.53232928489075] 
    ],
   "unconstrained":    [
[-6.801723962330625, -13.21867001919982, -7.703376985396417, -12.62040302017242, -12.11645264445091, -9.816274422909553, -20.7332128675473, -10.55738476080427, -16.79204646881864, -27.57278701133544, -12.24717682943649, -23.88600932893912, -18.39244295389556, -19.14590794755178, -18.34456569270311, -12.29925975365643, -12.60525571956335, -5.480552697340705, -17.88554387863948, -20.61610313391914, -11.16321107539019, -15.86856426676718] 
    ]
  },
 "Synonymous site-posteriors":  [
[0.6815764348594485, 1.501199985911377e-12, 0.07280615098846592, 3.084427366290404e-08, 0.0001649150651672623, 3.955418525103294e-06, 9.140220456694997e-07, 3.161676957850445e-06, 6.462791923353748e-08, 0.0005285227483904776, 2.011968362916022e-08, 1.258700213157509e-07, 1.163177271043664e-10, 3.478356305353688e-12, 8.767666065908302e-07, 4.493692222974947e-07, 9.730892415961527e-07, 0.5810651342026428, 6.467850379883698e-06, 3.654317293831497e-05, 0.9822494443628064, 2.635801693947312e-06],
  [9.398306492771281e-06, 0.8148688545338296, 0.1144335555114599, 0.2292820490035598, 0.2270760302048974, 0.1426894216337858, 0.9930439525632504, 0.1037554655005677, 0.9607604190184015, 0.943134879270019, 0.7794400107921934, 0.9998692947505391, 0.99691562751145, 0.9995636619951229, 0.9376522833576584, 0.4977736165215015, 0.7132920705239979, 0.03393217828277787, 0.9155664924593387, 0.9802715642605716, 0.008177610620653262, 0.9700664626056227],
  [0.3184141668340587, 0.1851311454646691, 0.8127602935000741, 0.7707179201521666, 0.7727590547299353, 0.8573066229476891, 0.006955133414703879, 0.8962413728224745, 0.03923951635367941, 0.05633659798159034, 0.220559969088123, 0.0001305793794396955, 0.003084372372232181, 0.0004363380013987048, 0.06234683987573499, 0.5022259341092763, 0.2867069563867605, 0.3850026875145793, 0.08442703969028137, 0.01969189256649004, 0.009572945016540369, 0.02993090159268348] 
  ],
 "analysis":{
   "authors":"Sergei L Kosakovsky Pond",
   "citation":"*Gene-wide identification of episodic selection*, Mol Biol Evol. 32(5):1365-71",
   "contact":"spond@temple.edu",
   "info":"BUSTED (branch-site unrestricted statistical test of episodic diversification) uses a random effects branch-site model fitted \njointly to all or a subset of tree branches in order to test for alignment-wide evidence of episodic diversifying selection. \nAssuming there is evidence of positive selection (i.e. there is an omega > 1),  BUSTED will also perform a quick evidence-ratio \nstyle analysis to explore which individual sites may have been subject to selection. v2.0 adds support for synonymous rate variation, \nand relaxes the test statistic to 0.5 (chi^2_0 + chi^2_2). Version 2.1 adds a grid search for the initial starting point.\nVersion 2.2 changes the grid search to LHC, and adds an initial search phase to use adaptive Nedler-Mead. Version 3.0 implements the option\nfor branch-site variation in synonymous substitution rates. Version 3.1 adds HMM auto-correlation option for SRV, and binds SRV distributions for multiple branch sets\n",
   "requirements":"in-frame codon alignment and a phylogenetic tree (optionally annotated with {})",
   "version":"3.1"
  },
 "background":0,
 "branch attributes":{
   "0":{
     "ATP8_CHICK":{
       "MG94xREV with separate rates for branch sets":0.2809792756811873,
       "Nucleotide GTR":0.174642389219076,
       "constrained":2.979848226566882,
       "original name":"ATP8_CHICK",
       "unconstrained":275.4165588192268
      },
     "ATP8_GASAC":{
       "MG94xREV with separate rates for branch sets":0.3699862158443816,
       "Nucleotide GTR":0.135174851041641,
       "constrained":5.866881172486466,
       "original name":"ATP8_GASAC",
       "unconstrained":335.3039144873268
      },
     "ATP8_PELSI":{
       "MG94xREV with separate rates for branch sets":0.5160162831685191,
       "Nucleotide GTR":0.2863350774543855,
       "constrained":6.218523280139764,
       "original name":"ATP8_PELSI",
       "unconstrained":452.9148853233166
      },
     "ATP8_TAEGU":{
       "MG94xREV with separate rates for branch sets":0.3185956329193335,
       "Nucleotide GTR":0.1000784772325953,
       "constrained":6.373535236582527,
       "original name":"ATP8_TAEGU",
       "unconstrained":458.0128720266221
      },
     "ATP8_TETNG":{
       "MG94xREV with separate rates for branch sets":0,
       "Nucleotide GTR":0.07263700435767405,
       "constrained":0.01491535588222311,
       "original name":"ATP8_TETNG",
       "unconstrained":0.0001693016457555007
      },
     "MT_ATP8_DANRE":{
       "MG94xREV with separate rates for branch sets":0.6877662959773553,
       "Nucleotide GTR":0.2247655222042635,
       "constrained":15.68296436600153,
       "original name":"MT-ATP8_DANRE",
       "unconstrained":855.747587524095
      },
     "NODE_12":{
       "MG94xREV with separate rates for branch sets":0.6188520662109867,
       "Nucleotide GTR":0.119407906172152,
       "constrained":19.39086129425528,
       "unconstrained":977.1836509086789
      },
     "NODE_3":{
       "MG94xREV with separate rates for branch sets":0.1660517360258206,
       "Nucleotide GTR":0.09605631023234559,
       "constrained":0,
       "unconstrained":0.01543250927618571
      },
     "NODE_5":{
       "MG94xREV with separate rates for branch sets":0.2967091649776036,
       "Nucleotide GTR":0.1551015718453546,
       "constrained":0,
       "unconstrained":0.05136796234609577
      },
     "Q8HCW1_TAKRU":{
       "MG94xREV with separate rates for branch sets":0.3197981643267727,
       "Nucleotide GTR":0.1152795684612866,
       "constrained":2.371047029283808,
       "original name":"Q8HCW1_TAKRU",
       "unconstrained":120.5082166807246
      }
    },
   "attributes":{
     "MG94xREV with separate rates for branch sets":{
       "attribute type":"branch length",
       "display order":1
      },
     "Nucleotide GTR":{
       "attribute type":"branch length",
       "display order":0
      },
     "constrained":{
       "attribute type":"branch length",