{
 "Evidence Ratios":{
  },
 "Site Log Likelihood":{
   "unconstrained":    [
[-4.591688004338221, -8.232255112213549, -3.330345243480942, -11.83824637629931, -5.483508812714373, -17.41504556104703, -15.33114249417341, -19.0972318784634, -15.70805912016199, -6.252373202410894, -11.90476922755778, -9.116826496861037, -13.59066215175911, -17.36574120982118, -9.322223526540164, -13.60703036161292, -26.01179428549951, -12.1815126183291, -17.32469731237114, -12.203452484107, -4.981284712328566, -5.129273103667992, -9.910694579915074, -9.022284372438012, -9.251986413518459, -22.2992842303112, -17.44662550171943, -20.03462313814489, -10.42385558785662, -8.329812174103161, -22.51764904622252, -14.09596149628121, -21.19317735044006, -13.12686430882754, -20.50155494347388, -22.85924469003081, -15.34754988739379, -13.72800601060311, -20.65185378714686, -15.44839845523906, -18.64454754464187, -14.64129924258057, -15.00481641635751, -9.818295894594664, -29.82725050153328, -13.25012315918576, -14.44969901744383, -4.638351994558866, -3.210109836526953, -5.064064184237763, -3.210109836526953, -4.3442765762766, -2.904633053802043, -3.584786520051059, -4.638351994558866, -3.182654150952011, -3.635822026205851, -4.3442765762766, -4.763276554388023, -3.886411501866295, -4.66407315450149, -10.92920724434437, -8.095704843428891, -8.810233934296539, -12.94375621650951, -9.541927592948094, -17.05597830926553, -7.610923295690816, -26.72085983869295, -24.27734476959456, -9.091539678201315, -5.314653659898206, -3.159074330372161, -4.571262167271775, -4.159042402270929, -9.208103105525982, -11.98861206640068, -11.90491179386247, -25.96705727905179, -9.082132131835971, -17.19259690950029, -20.03443355599154, -19.91342642994198, -9.855002042487049, -5.701549297279375, -14.94742723119278, -6.187971405967262, -13.92570997010904, -23.5286202974639, -4.286402531602569, -2.955668559956834, -4.286402531602569, -3.182654150952011, -4.286402531602569, -9.943396388731964, -27.48818720235521, -20.59596546045566, -22.96681754630911, -27.50592993528855, -13.94353039501295] 
    ]
  },
 "Synonymous site-posteriors":  [
[0.4930557241777352, 0.3245089186932369, 0.2844108216493638, 0.6280319370059317, 0.7087198191417343, 0.02942338523098221, 0.2564553960743796, 0.06121761863079327, 0.278444929829574, 0.665794796362741, 0.6947695008797767, 0.4582520190889974, 0.02513120700754943, 0.1540557770756633, 0.4960392532920165, 0.0333583575213036, 0.001118671188819868, 0.644421565873599, 0.3533587202992013, 0.1998890091771544, 0.8085266189912663, 0.7077460717085083, 0.4179707801808655, 0.4032757810042741, 0.3890345099025272, 0.0008182999179524524, 0.007968531029636754, 0.001584412438223358, 0.1947038594917414, 0.4753282285064517, 0.006036525972828249, 0.4447045701051623, 0.009799504269725118, 0.05390322192118992, 0.002211703501423918, 0.02012837822435992, 0.02041306166762686, 0.01112075447912182, 0.02005616899844656, 0.02424179675856541, 0.008734239499232486, 0.08649509899251732, 0.05433032852829844, 0.8490714676050295, 0.004629323407299906, 0.2765673300578226, 0.1782396000846607, 0.2844108216493634, 0.2844108216493632, 0.2844108216493635, 0.2844108216493632, 0.2844108216493636, 0.2844108216493628, 0.2844108216493635, 0.2844108216493635, 0.2844108216493625, 0.2844108216493643, 0.2844108216493635, 0.284410821649364, 0.2844108216493637, 0.2844108216493636, 0.7363691971971454, 0.9275220773720192, 0.5115109340153067, 0.08763118840744463, 0.4631675284648059, 0.1862503256346071, 0.9857246488234835, 0.005522961589560509, 0.003300284756706026, 0.3384975449577611, 0.2844108216493629, 0.2844108216493631, 0.2844108216493629, 0.2844108216493638, 0.3979515000309412, 0.2858861618292701, 0.5559104324848237, 0.0003698631320535159, 0.533598500730896, 0.2655794086910126, 0.005898122251505135, 0.01281563053460829, 0.6462976835017397, 0.6935989343669094, 0.2384570842789674, 0.8954677181375406, 0.05499939240372419, 0.03718943223714337, 0.2844108216493634, 0.2844108216493629, 0.2844108216493634, 0.2844108216493625, 0.2844108216493634, 0.5837896413073275, 0.01578674087673695, 0.04756951673511021, 0.008137393413447408, 0.0002289621515536762, 0.09934627372259415],
  [0, 0, 0, 0, 0, 0, 0, 0, 0, 0, 0, 0, 0, 0, 0, 0, 0, 0, 0, 0, 0, 0, 0, 0, 0, 0, 0, 0, 0, 0, 0, 0, 0, 0, 0, 0, 0, 0, 0, 0, 0, 0, 0, 0, 0, 0, 0, 0, 0, 0, 0, 0, 0, 0, 0, 0, 0, 0, 0, 0, 0, 0, 0, 0, 0, 0, 0, 0, 0, 0, 0, 0, 0, 0, 0, 0, 0, 0, 0, 0, 0, 0, 0, 0, 0, 0, 0, 0, 0, 0, 0, 0, 0, 0, 0, 0, 0, 0, 0, 0],
  [0.5069442758222649, 0.6754910813067631, 0.7155891783506362, 0.3719680629940684, 0.2912801808582656, 0.9705766147690178, 0.7435446039256205, 0.9387823813692068, 0.7215550701704261, 0.334205203637259, 0.3052304991202233, 0.5417479809110026, 0.9748687929924506, 0.8459442229243367, 0.5039607467079834, 0.9666416424786964, 0.9988813288111802, 0.3555784341264011, 0.6466412797007987, 0.8001109908228455, 0.1914733810087337, 0.2922539282914917, 0.5820292198191345, 0.5967242189957259, 0.6109654900974729, 0.9991817000820475, 0.9920314689703632, 0.9984155875617766, 0.8052961405082585, 0.5246717714935484, 0.9939634740271718, 0.5552954298948377, 0.990200495730275, 0.94609677807881, 0.997788296498576, 0.9798716217756401, 0.9795869383323731, 0.9888792455208781, 0.9799438310015534, 0.9757582032414346, 0.9912657605007675, 0.9135049010074828, 0.9456696714717016, 0.1509285323949704, 0.9953706765927001, 0.7234326699421774, 0.8217603999153393, 0.7155891783506367, 0.7155891783506367, 0.7155891783506364, 0.7155891783506367, 0.7155891783506365, 0.7155891783506371, 0.7155891783506365, 0.7155891783506364, 0.7155891783506376, 0.7155891783506357, 0.7155891783506364, 0.7155891783506358, 0.7155891783506363, 0.7155891783506365, 0.2636308028028546, 0.07247792262798078, 0.4884890659846932, 0.9123688115925553, 0.5368324715351942, 0.8137496743653928, 0.01427535117651646, 0.9944770384104396, 0.996699715243294, 0.6615024550422389, 0.7155891783506371, 0.715589178350637, 0.7155891783506371, 0.7155891783506362, 0.6020484999690588, 0.7141138381707299, 0.4440895675151763, 0.9996301368679464, 0.4664014992691041, 0.7344205913089873, 0.9941018777484948, 0.9871843694653917, 0.3537023164982603, 0.3064010656330906, 0.7615429157210326, 0.1045322818624594, 0.9450006075962759, 0.9628105677628566, 0.7155891783506365, 0.7155891783506371, 0.7155891783506365, 0.7155891783506376, 0.7155891783506365, 0.4162103586926725, 0.9842132591232631, 0.9524304832648898, 0.9918626065865525, 0.9997710378484462, 0.9006537262774059] 
  ],
 "analysis":{
   "authors":"Sergei L Kosakovsky Pond",
   "citation":"*Gene-wide identification of episodic selection*, Mol Biol Evol. 32(5):1365-71",
   "contact":"spond@temple.edu",
   "info":"BUSTED (branch-site unrestricted statistical test of episodic diversification) uses a random effects branch-site model fitted \njointly to all or a subset of tree branches in order to test for alignment-wide evidence of episodic diversifying selection. \nAssuming there is evidence of positive selection (i.e. there is an omega > 1),  BUSTED will also perform a quick evidence-ratio \nstyle analysis to explore which individual sites may have been subject to selection. v2.0 adds support for synonymous rate variation, \nand relaxes the test statistic to 0.5 (chi^2_0 + chi^2_2). Version 2.1 adds a grid search for the initial starting point.\nVersion 2.2 changes the grid search to LHC, and adds an initial search phase to use adaptive Nedler-Mead. Version 3.0 implements the option\nfor branch-site variation in synonymous substitution rates. Version 3.1 adds HMM auto-correlation option for SRV, and binds SRV distributions for multiple branch sets\n",
   "requirements":"in-frame codon alignment and a phylogenetic tree (optionally annotated with {})",
   "version":"3.1"
  },
 "background":0,
 "branch attributes":{
   "0":{
     "D4A6C8_RAT":{
       "MG94xREV with separate rates for branch sets":0.02815768991986565,
       "Nucleotide GTR":0.02622285381104615,
       "original name":"D4A6C8_RAT",