{
 "Evidence Ratios":{
  },
 "Site Log Likelihood":{
   "unconstrained":    [
[-4.967422798558423, -4.340212707795106, -8.505196998304315, -4.340212707795106, -3.520138971148195, -3.520138971148195, -4.004138343637982, -3.520138971148195, -6.806596839074751, -13.13664130932333, -8.441031997201703, -10.1040894402014, -3.836281756355771, -3.315775930970971, -8.607852150490837, -22.97243881352374, -6.034213604566045, -5.693063136386431, -6.505563839989504, -10.3170106107257, -9.294395806383017, -3.790620799622148, -10.16862849300844, -23.20119335707059, -6.000552785249023, -8.56760467091595, -8.34766293134974, -11.61598287804078, -5.601988231896981, -5.821114860978524, -3.670324247913805, -3.160263711544763, -6.419227908427824, -6.039042438775955, -11.54611008768121, -3.160263711544763, -3.799775303460689, -3.27644766205644, -3.27644766205644, -3.711775908787618, -3.711775908787618, -3.711775908787618, -3.711775908787618, -3.674956544892221, -11.58760701938063, -15.83901393527807, -14.1827337366869, -6.616040461548971, -12.07204597236772, -7.884584070952926, -11.15437473334866, -8.653265885194854, -8.443124008582075, -7.115495540663257, -9.007510130944171, -12.76739657962342, -4.340212707795106, -7.657905178461883, -4.35668633939922, -10.38293859832091, -10.64149775191439, -6.942494401961447, -17.86356309919564, -14.98797802287479, -4.967422798558423, -6.198234129567326, -7.742801550249024, -16.58541083891492, -8.916876561538057, -10.3239004558494, -12.98671037557212, -11.88558028804042, -4.340212707795106, -11.54308451915258, -10.77909668834339, -3.875771677739469, -10.21926963447542, -13.28680101276457, -5.908742437403783, -10.18372503444665, -6.505563839989504, -7.740452946094974, -10.54788582906683, -10.16862849300844, -4.967422798558423, -8.344460232779944, -3.790620799622148, -5.505067809204512, -12.47803145480658, -15.56733531559413, -7.215681526945601, -3.952699317635153, -11.32545501767033, -12.39483808522747, -14.11314405980168, -5.601988231896981] 
    ]
  },
 "Synonymous site-posteriors":  [
[0.2531620021513782, 0.346517465010294, 0.9838723303616834, 0.346517465010294, 0.1962465114266523, 0.1962465114266523, 0.1962465114266607, 0.1962465114266523, 0.09311025861725063, 0.04457457743730937, 0.1073807602038065, 0.004962392860224897, 0.2876231594482608, 0.1962465114266623, 0.03169534301412272, 0.341066976968322, 0.5050288753085955, 0.5120697160500489, 0.1475409881955522, 0.02179359794085891, 0.05238663538000494, 0.2308515286745442, 0.03973049923422182, 0.001878926898163045, 0.1455575702954438, 0.1701466519944164, 0.2498442381882563, 0.01046010679852678, 0.6759397064575259, 0.02466356343352554, 0.2733161887268609, 0.2348553151041413, 0.02648938701741812, 0.03177828415946485, 0.008922466285376697, 0.2348553151041413, 0.1962465114266602, 0.1962465114266325, 0.1962465114266325, 0.1962465114266578, 0.1962465114266578, 0.1962465114266578, 0.1962465114266578, 0.1962465114266568, 0.01010573904567698, 0.006662871277234544, 0.000159420175657029, 0.5275495128167557, 0.008777072939602788, 0.003843556138669978, 0.002851864412770873, 0.1221686656935034, 0.1428540572756297, 0.1222709887976373, 0.01944409427869485, 0.001490010900651774, 0.346517465010294, 0.08059602407401872, 0.3301991467161369, 0.09932963126704254, 0.03717138475835731, 0.0673473322164044, 0.004474960860455913, 0.02729593081718129, 0.2531620021513782, 0.1786888913309761, 0.4755793367901429, 0.01331422887579712, 0.2089525783200751, 0.07323952437870816, 0.01666824984288245, 0.2073219748084276, 0.346517465010294, 0.01351758621973523, 0.0156644152960939, 0.3205695018203271, 0.08671973698143282, 0.002438524673638839, 0.504585629572136, 0.4288960451374524, 0.1475409881955522, 0.92220340947977, 0.01339882117168431, 0.03973049923422182, 0.2531620021513782, 0.3442505959473235, 0.2308515286745442, 0.6103113122781756, 0.003921605959038121, 0.0009095892798448358, 0.1997697246993052, 0.3425442805389272, 0.7496071637677417, 0.1705421228242498, 0.02407509335960713, 0.6759397064575259],
  [0, 0, 0, 0, 0, 0, 0, 0, 0, 0, 0, 0, 0, 0, 0, 0, 0, 0, 0, 0, 0, 0, 0, 0, 0, 0, 0, 0, 0, 0, 0, 0, 0, 0, 0, 0, 0, 0, 0, 0, 0, 0, 0, 0, 0, 0, 0, 0, 0, 0, 0, 0, 0, 0, 0, 0, 0, 0, 0, 0, 0, 0, 0, 0, 0, 0, 0, 0, 0, 0, 0, 0, 0, 0, 0, 0, 0, 0, 0, 0, 0, 0, 0, 0, 0, 0, 0, 0, 0, 0, 0, 0, 0, 0, 0, 0],
  [0.7468379978486217, 0.6534825349897059, 0.01612766963831653, 0.6534825349897059, 0.8037534885733478, 0.8037534885733478, 0.8037534885733393, 0.8037534885733478, 0.9068897413827492, 0.9554254225626906, 0.8926192397961934, 0.9950376071397751, 0.7123768405517391, 0.8037534885733377, 0.9683046569858773, 0.658933023031678, 0.4949711246914045, 0.487930283949951, 0.8524590118044477, 0.978206402059141, 0.947613364619995, 0.7691484713254557, 0.9602695007657782, 0.998121073101837, 0.8544424297045562, 0.8298533480055836, 0.7501557618117436, 0.9895398932014734, 0.3240602935424742, 0.9753364365664744, 0.7266838112731391, 0.7651446848958586, 0.973510612982582, 0.9682217158405352, 0.9910775337146233, 0.7651446848958586, 0.8037534885733398, 0.8037534885733676, 0.8037534885733676, 0.8037534885733422, 0.8037534885733422, 0.8037534885733422, 0.8037534885733422, 0.8037534885733433, 0.9898942609543232, 0.9933371287227655, 0.9998405798243428, 0.4724504871832444, 0.9912229270603972, 0.99615644386133, 0.9971481355872293, 0.8778313343064965, 0.8571459427243704, 0.8777290112023627, 0.9805559057213052, 0.9985099890993483, 0.6534825349897059, 0.9194039759259814, 0.6698008532838631, 0.9006703687329575, 0.9628286152416426, 0.9326526677835957, 0.9955250391395442, 0.9727040691828187, 0.7468379978486217, 0.8213111086690239, 0.524420663209857, 0.9866857711242027, 0.7910474216799248, 0.9267604756212919, 0.9833317501571176, 0.7926780251915724, 0.6534825349897059, 0.9864824137802647, 0.9843355847039063, 0.6794304981796729, 0.9132802630185672, 0.9975614753263613, 0.495414370427864, 0.5711039548625476, 0.8524590118044477, 0.07779659052023002, 0.9866011788283158, 0.9602695007657782, 0.7468379978486217, 0.6557494040526763, 0.7691484713254557, 0.3896886877218245, 0.9960783940409619, 0.9990904107201551, 0.8002302753006949, 0.6574557194610728, 0.2503928362322582, 0.8294578771757503, 0.975924906640393, 0.3240602935424742] 
  ],
 "analysis":{
   "authors":"Sergei L Kosakovsky Pond",
   "citation":"*Gene-wide identification of episodic selection*, Mol Biol Evol. 32(5):1365-71",
   "contact":"spond@temple.edu",
   "info":"BUSTED (branch-site unrestricted statistical test of episodic diversification) uses a random effects branch-site model fitted \njointly to all or a subset of tree branches in order to test for alignment-wide evidence of episodic diversifying selection. \nAssuming there is evidence of positive selection (i.e. there is an omega > 1),  BUSTED will also perform a quick evidence-ratio \nstyle analysis to explore which individual sites may have been subject to selection. v2.0 adds support for synonymous rate variation, \nand relaxes the test statistic to 0.5 (chi^2_0 + chi^2_2). Version 2.1 adds a grid search for the initial starting point.\nVersion 2.2 changes the grid search to LHC, and adds an initial search phase to use adaptive Nedler-Mead. Version 3.0 implements the option\nfor branch-site variation in synonymous substitution rates. Version 3.1 adds HMM auto-correlation option for SRV, and binds SRV distributions for multiple branch sets\n",
   "requirements":"in-frame codon alignment and a phylogenetic tree (optionally annotated with {})",
   "version":"3.1"
  },
 "background":0,
 "branch attributes":{
   "0":{
     "D4A9E0_RAT":{
       "MG94xREV with separate rates for branch sets":0.04502755819359025,
       "Nucleotide GTR":0.04383883354140392,
       "original name":"D4A9E0_RAT",
       "unconstrained":0.06151050169380545
      },
     "ENSACAP00000008870":{
       "MG94xREV with separate rates for branch sets":0.9586948490394769,
       "Nucleotide GTR":0.1665343559870494,
       "original name":"ENSACAP00000008870",