{
 "Evidence Ratios":{
  },
 "Site Log Likelihood":{
   "unconstrained":    [
[-3.579957343802853, -3.744217384850851, -4.336588141838964, -3.69526122822169, -4.336588141838964, -4.717316930552593, -3.733338769982421, -3.905975612431174, -3.980531137723247, -3.95493176906033, -4.606032069653071, -3.684382613353262, -3.825586350209707, -4.024363042940121, -3.808603780791597, -3.980531137723247, -3.905975612431174, -4.051985474810024, -3.905975612431172, -3.830710601621992, -4.721335954071914, -4.625069350325298, -3.744217384850852, -4.606032069653071, -4.937095216220436, -3.579957343802853, -4.395317685443593, -3.733338769982421, -3.790671728012329, -3.82558635020971, -3.865227253304402, -3.767855421664827, -3.843652555663333, -8.988975269861307, -15.89870234058246, -24.96001687500579, -16.81175999003227, -17.29148689827281, -25.21306343767261, -23.1857604345457, -21.71088204746463, -12.00135028101943, -22.33531852054596, -27.79997205031309, -33.73758412079183, -27.18894503438096, -12.90970967652642, -19.34331969426087, -21.41271504235181, -20.99523642440801, -20.04130876489789, -17.9777680821072, -23.1163481186682, -17.09520699379614, -32.75393952771772, -18.98448622630085, -22.9444498432449, -22.43693351511051, -20.02315769062644, -23.76104854521551, -21.75687872138404, -14.14521194869447, -10.58948806190934, -14.19258020679749, -30.45841662486848, -15.49076970451978, -26.43215863299083, -28.51108523791721, -20.6839275428211, -10.15263787478065, -21.83642946374156, -28.59249656304138, -4.460809309277297, -21.66137701931042, -26.32409244921443, -16.75098147424659, -23.58361012329952, -18.04976821280356, -24.64475259282768, -15.69565722221557, -21.17843056184639, -10.56457646937651, -14.18895385914823, -16.52102982544088, -17.51415803595271, -10.8456192381229, -18.3448147430152, -13.26610309259717, -24.07636265218441, -10.17507322535369, -15.69505064544864, -10.43144391308755, -15.46212583179061, -19.22762827375211, -30.01286485838286, -7.373639602778297, -16.08927953249096, -16.24803738235396, -20.58234543657519, -24.66356906016961, -28.50631568845762, -10.7456731290499, -13.13056968532345, -15.23335331033585, -30.16939080949686, -24.66002938034563, -25.63892631511752, -22.79451753306151, -15.98549847908567, -13.29256001810208, -7.609266318953388] 
    ]
  },
 "Synonymous site-posteriors":  [
[0.0943410732650483, 0.09434107326504795, 0.09434107326504827, 0.0943410732650478, 0.09434107326504827, 0.09434107326504844, 0.09434107326504818, 0.09434107326504859, 0.09434107326504862, 0.09434107326504824, 0.09434107326504827, 0.09434107326504834, 0.09434107326504788, 0.09434107326504836, 0.09434107326504829, 0.09434107326504862, 0.09434107326504859, 0.09596099763364135, 0.09434107326504844, 0.09434107326504787, 0.09434107326504833, 0.09434107326504804, 0.09434107326504805, 0.09434107326504822, 0.09434107326504827, 0.09434107326504823, 0.09434107326504797, 0.09434107326504826, 0.09434107326504863, 0.09434107326504813, 0.09434107326504836, 0.09434107326504823, 0.0956400991695165, 0.6421816494880447, 0.03740005738267898, 0.0004161495189486717, 0.121096548111204, 0.008573746991759902, 0.002561801128367084, 0.001189112866440851, 0.01325341786863789, 0.2026576988811633, 0.004609093629354689, 0.0003796519218402805, 3.051076765356384e-05, 0.001059948574254873, 0.1660129894650407, 0.006034377893089048, 0.01170803546577069, 0.009358741823830698, 0.03934244439695388, 0.03222708358986634, 0.008780899440124324, 0.01583010954683812, 8.055854842301453e-05, 0.03605883580277149, 0.00195689775109719, 0.00250356107659282, 0.01720044179390654, 0.001081234360751033, 0.01524946214150602, 0.009682502715838145, 0.5189166131383219, 0.1058145765146473, 3.945986157066598e-05, 0.01954027888972959, 0.003992811888056651, 0.000305371469799557, 0.008679707892593721, 0.3418276877070469, 0.001625818687196765, 0.001054152639473884, 0.09434107326504808, 0.001117686580106211, 0.003860548874589634, 0.1426501714821853, 0.01572178363548151, 0.02036874438012833, 0.009521697692359669, 0.02818776152337427, 0.007779498632103692, 0.1410547248705833, 0.165221734528647, 0.03502605368885538, 0.06755164918545575, 0.06067609888601869, 0.0009432658768416296, 0.1266206302037881, 0.0006439840891525262, 0.5939111640101435, 0.01510145358969719, 0.3495007736666924, 0.2381442796606612, 0.01269543829840837, 0.001223633812038312, 0.7593216069627468, 0.5284313509400975, 0.05792656423393972, 0.003198736614417627, 0.001478536418039484, 0.0004388706722157723, 0.1052004946285435, 0.476206820743142, 0.03767031305201708, 0.00127048503036807, 0.01111611884125749, 0.001125180481414002, 0.007019241249491495, 0.0793284272704458, 0.1709346134321233, 0.5683962874789619],
  [0, 0, 0, 0, 0, 0, 0, 0, 0, 0, 0, 0, 0, 0, 0, 0, 0, 0, 0, 0, 0, 0, 0, 0, 0, 0, 0, 0, 0, 0, 0, 0, 0, 0, 0, 0, 0, 0, 0, 0, 0, 0, 0, 0, 0, 0, 0, 0, 0, 0, 0, 0, 0, 0, 0, 0, 0, 0, 0, 0, 0, 0, 0, 0, 0, 0, 0, 0, 0, 0, 0, 0, 0, 0, 0, 0, 0, 0, 0, 0, 0, 0, 0, 0, 0, 0, 0, 0, 0, 0, 0, 0, 0, 0, 0, 0, 0, 0, 0, 0, 0, 0, 0, 0, 0, 0, 0, 0, 0, 0, 0],
  [0.9056589267349519, 0.905658926734952, 0.9056589267349517, 0.9056589267349521, 0.9056589267349517, 0.9056589267349515, 0.9056589267349517, 0.9056589267349513, 0.9056589267349513, 0.9056589267349519, 0.9056589267349516, 0.9056589267349516, 0.9056589267349521, 0.9056589267349515, 0.9056589267349516, 0.9056589267349513, 0.9056589267349513, 0.9040390023663588, 0.9056589267349515, 0.9056589267349522, 0.9056589267349517, 0.9056589267349521, 0.9056589267349519, 0.9056589267349517, 0.9056589267349519, 0.9056589267349517, 0.905658926734952, 0.9056589267349517, 0.9056589267349514, 0.9056589267349519, 0.9056589267349516, 0.9056589267349517, 0.9043599008304835, 0.3578183505119552, 0.9625999426173211, 0.9995838504810515, 0.8789034518887959, 0.9914262530082401, 0.9974381988716329, 0.9988108871335591, 0.9867465821313621, 0.7973423011188367, 0.9953909063706453, 0.9996203480781597, 0.9999694892323464, 0.9989400514257452, 0.8339870105349594, 0.9939656221069109, 0.9882919645342293, 0.9906412581761693, 0.9606575556030461, 0.9677729164101336, 0.9912191005598757, 0.9841698904531619, 0.999919441451577, 0.9639411641972284, 0.9980431022489028, 0.9974964389234072, 0.9827995582060935, 0.9989187656392491, 0.984750537858494, 0.990317497284162, 0.4810833868616781, 0.8941854234853526, 0.9999605401384294, 0.9804597211102704, 0.9960071881119433, 0.9996946285302004, 0.9913202921074061, 0.658172312292953, 0.9983741813128033, 0.9989458473605262, 0.9056589267349519, 0.9988823134198938, 0.9961394511254105, 0.8573498285178148, 0.9842782163645184, 0.9796312556198716, 0.9904783023076402, 0.9718122384766257, 0.9922205013678964, 0.8589452751294168, 0.834778265471353, 0.9649739463111447, 0.9324483508145442, 0.9393239011139813, 0.9990567341231584, 0.873379369796212, 0.9993560159108476, 0.4060888359898563, 0.9848985464103027, 0.6504992263333076, 0.7618557203393389, 0.9873045617015915, 0.9987763661879617, 0.2406783930372533, 0.4715686490599025, 0.9420734357660602, 0.9968012633855823, 0.9985214635819606, 0.9995611293277843, 0.8947995053714565, 0.523793179256858, 0.9623296869479829, 0.9987295149696318, 0.9888838811587426, 0.9988748195185859, 0.9929807587505086, 0.9206715727295541, 0.8290653865678768, 0.4316037125210381] 
  ],
 "analysis":{
   "authors":"Sergei L Kosakovsky Pond",
   "citation":"*Gene-wide identification of episodic selection*, Mol Biol Evol. 32(5):1365-71",
   "contact":"spond@temple.edu",