{
 "Evidence Ratios":{
  },
 "Site Log Likelihood":{
   "unconstrained":    [
[-11.15721520596289, -9.068333843073701, -9.776363433125862, -3.66099117193161, -3.66099117193161, -14.2735657995269, -11.68894938461778, -8.155778033951407, -6.798002123751941, -4.785637317412255, -4.078966263388836, -4.385923356031093, -3.66099117193161, -9.734165261568021, -16.56657952292152, -8.344673889966767, -4.078966263388836, -3.820486202436, -6.657455500000713, -8.957712328132043, -8.143684382266885, -3.820486202436, -7.144688831426131, -8.812444419274728, -6.100292354773825, -9.018416810974367, -4.298334537031804, -5.389903762873332, -6.114510892278604, -4.933086678833021, -11.14228182097681, -4.565755457922525, -11.54066338788397, -4.459296896984137, -5.229430064841885, -3.368201307741371, -3.626125389267397, -3.530472400506258, -4.630364420075738, -3.820486202436, -4.385923356031093, -7.791802736418777, -16.11746788641679, -13.13780777202092, -5.229430064841885, -10.47103756749509, -10.54765509051741, -3.820486202436, -4.703841416539557, -5.726581354067427, -9.860992151312775, -7.94638057019425, -6.874390747859738, -11.11132941630391, -8.487827176654683, -5.290798309750031, -5.014516624324724, -6.051354344793427, -4.565755457922525, -3.66099117193161, -9.109200328604492, -4.703841416539557, -11.1587560234395, -4.459296896984137, -4.552013076251862, -5.52540097817321, -13.39595301235054, -5.608394462867052, -6.798002123751941, -13.5740383672257, -4.721366832848899, -11.01950184901043, -4.552412617061743, -4.642274146110216, -5.14258182424081, -5.143475095483569, -17.14023844938561, -9.790493961189183, -8.223276703693863, -11.2160523628506, -8.310782390912756, -8.207393075107536, -12.1015551078056, -4.272479608160094, -4.272479608160094, -6.607528602297578, -5.443207954373126, -9.58826707138037, -20.23959688574352, -9.342254257396304, -17.08873325829389] 
    ]
  },
 "Synonymous site-posteriors":  [
[0.273443230265122, 0.5311629136664957, 0.6203381770274544, 0.8180647358178179, 0.8180647358178179, 0.3069510742732525, 0.1668611999536854, 0.586890868770882, 0.5147754083178957, 0.8506163953924347, 0.8154607532719388, 0.8089565743528573, 0.8180647358178179, 0.6492757578512066, 0.04156949483654538, 0.5957333341785783, 0.8154607532719388, 0.8342627618544474, 0.5560493656411004, 0.556103494536536, 0.6763017024367033, 0.8342627618544474, 0.5900405530416585, 0.5695345986322418, 0.9526422902348149, 0.6083758710591188, 0.8470397895033146, 0.8410413581644455, 0.9012751389315969, 0.8707729125735582, 0.2783857718730638, 0.8307732129580555, 0.2747293243917507, 0.8863203752422598, 0.8832374981295068, 0.65388714791726, 0.6538871479172598, 0.6538871479172599, 0.6538871479172592, 0.8342627618544474, 0.8089565743528573, 0.560524232733152, 0.2113136827939566, 0.2807176494771139, 0.8832374981295068, 0.667602601911653, 0.5515801102175353, 0.8342627618544474, 0.8669420047794356, 0.9179955656709805, 0.5698708706255092, 0.6312989456920917, 0.65708524358654, 0.3208321483423979, 0.6669758344642093, 0.8609256972503612, 0.8669872687473186, 0.9114798151508057, 0.8307732129580555, 0.8180647358178179, 0.5240117271169193, 0.8669420047794356, 0.8447161057945076, 0.8863203752422598, 0.892448399916397, 0.8753716369394521, 0.3451600089684765, 0.8599162687081389, 0.5147754083178957, 0.222400161347575, 0.8201287949490371, 0.1777933512454016, 0.823786291402598, 0.830321724932126, 0.8705855682540026, 0.8964490665985542, 0.09157593167249359, 0.6890757826709882, 0.6885168175334018, 0.5899053308555903, 0.638199247585997, 0.6603109749725401, 0.2516683955121961, 0.8660414387582089, 0.8660414387582089, 0.555720845057406, 0.8730638336306878, 0.6392986267035543, 0.03174717479577924, 0.6609431333680479, 0.1569699038669395],
  [0, 0, 0, 0, 0, 0, 0, 0, 0, 0, 0, 0, 0, 0, 0, 0, 0, 0, 0, 0, 0, 0, 0, 0, 0, 0, 0, 0, 0, 0, 0, 0, 0, 0, 0, 0, 0, 0, 0, 0, 0, 0, 0, 0, 0, 0, 0, 0, 0, 0, 0, 0, 0, 0, 0, 0, 0, 0, 0, 0, 0, 0, 0, 0, 0, 0, 0, 0, 0, 0, 0, 0, 0, 0, 0, 0, 0, 0, 0, 0, 0, 0, 0, 0, 0, 0, 0, 0, 0, 0, 0],
  [0.726556769734878, 0.4688370863335042, 0.3796618229725457, 0.1819352641821822, 0.1819352641821822, 0.6930489257267476, 0.8331388000463146, 0.413109131229118, 0.4852245916821044, 0.1493836046075654, 0.1845392467280613, 0.1910434256471428, 0.1819352641821822, 0.3507242421487934, 0.9584305051634545, 0.4042666658214215, 0.1845392467280613, 0.1657372381455527, 0.4439506343588995, 0.443896505463464, 0.3236982975632967, 0.1657372381455527, 0.4099594469583415, 0.4304654013677582, 0.04735770976518501, 0.391624128940881, 0.1529602104966853, 0.1589586418355545, 0.09872486106840307, 0.1292270874264418, 0.7216142281269362, 0.1692267870419445, 0.7252706756082492, 0.1136796247577403, 0.1167625018704931, 0.3461128520827402, 0.3461128520827403, 0.3461128520827402, 0.3461128520827408, 0.1657372381455527, 0.1910434256471428, 0.4394757672668479, 0.7886863172060433, 0.719282350522886, 0.1167625018704931, 0.332397398088347, 0.4484198897824647, 0.1657372381455527, 0.1330579952205645, 0.08200443432901947, 0.4301291293744907, 0.3687010543079084, 0.34291475641346, 0.6791678516576021, 0.3330241655357906, 0.1390743027496389, 0.1330127312526814, 0.08852018484919424, 0.1692267870419445, 0.1819352641821822, 0.4759882728830807, 0.1330579952205645, 0.1552838942054925, 0.1136796247577403, 0.107551600083603, 0.1246283630605479, 0.6548399910315235, 0.1400837312918611, 0.4852245916821044, 0.7775998386524251, 0.1798712050509629, 0.8222066487545985, 0.1762137085974021, 0.1696782750678741, 0.1294144317459974, 0.1035509334014457, 0.9084240683275063, 0.3109242173290118, 0.3114831824665983, 0.4100946691444098, 0.3618007524140031, 0.33968902502746, 0.748331604487804, 0.133958561241791, 0.133958561241791, 0.4442791549425938, 0.1269361663693123, 0.3607013732964457, 0.9682528252042208, 0.339056866631952, 0.8430300961330606] 
  ],
 "analysis":{
   "authors":"Sergei L Kosakovsky Pond",
   "citation":"*Gene-wide identification of episodic selection*, Mol Biol Evol. 32(5):1365-71",
   "contact":"spond@temple.edu",
   "info":"BUSTED (branch-site unrestricted statistical test of episodic diversification) uses a random effects branch-site model fitted \njointly to all or a subset of tree branches in order to test for alignment-wide evidence of episodic diversifying selection. \nAssuming there is evidence of positive selection (i.e. there is an omega > 1),  BUSTED will also perform a quick evidence-ratio \nstyle analysis to explore which individual sites may have been subject to selection. v2.0 adds support for synonymous rate variation, \nand relaxes the test statistic to 0.5 (chi^2_0 + chi^2_2). Version 2.1 adds a grid search for the initial starting point.\nVersion 2.2 changes the grid search to LHC, and adds an initial search phase to use adaptive Nedler-Mead. Version 3.0 implements the option\nfor branch-site variation in synonymous substitution rates. Version 3.1 adds HMM auto-correlation option for SRV, and binds SRV distributions for multiple branch sets\n",
   "requirements":"in-frame codon alignment and a phylogenetic tree (optionally annotated with {})",
   "version":"3.1"
  },
 "background":0,
 "branch attributes":{
   "0":{
     "ENSEEUP00000007107":{
       "MG94xREV with separate rates for branch sets":0.0752499693782932,
       "Nucleotide GTR":0.07450718147961539,
       "original name":"ENSEEUP00000007107",
       "unconstrained":0.08116778146917986
      },
     "ENSGGOP00000022789":{
       "MG94xREV with separate rates for branch sets":0.004238923698120613,
       "Nucleotide GTR":0.004265971092254934,
       "original name":"ENSGGOP00000022789",
       "unconstrained":0.004326819964510824
      },
     "ENSMICP00000000159":{
       "MG94xREV with separate rates for branch sets":0.04656982130154099,
       "Nucleotide GTR":0.04807555185516236,
       "original name":"ENSMICP00000000159",
       "unconstrained":0.04816110719593004
      },
     "ENSMMUP00000034414":{
       "MG94xREV with separate rates for branch sets":0.01642233362157661,