{
 "Evidence Ratios":{
  },
 "Site Log Likelihood":{
   "unconstrained":    [
[-4.790910469985867, -11.37305641084637, -5.139608058909291, -16.33350198482706, -14.01107963904458, -15.46413625244999, -4.985797287723628, -14.88793422687943, -4.666183280241401, -14.09342540623989, -4.453114270935521, -9.901410729211237, -11.69887219315782, -12.09030895264257, -13.42577654259292, -14.2529147092571, -18.70748147969127, -5.060806319189019, -11.98311907520688, -11.68526279848833, -13.62014229498216, -11.15799885163187, -5.138833884298791, -4.935785490505094, -10.84815751782727, -4.935785490505094, -8.551820483994531, -5.137795847338261, -11.13040583545096, -17.67690925096727, -5.08127160055446, -4.935785490505094, -5.060806319189019, -14.74443786247939, -8.08695286200903, -11.18511815617679, -5.134941797816447, -12.15481292111597, -5.086981059167938, -9.08836596860343, -16.67842747528082, -4.611400650770465, -14.68330758949083, -12.72464651591316, -8.508806457425399, -10.73711491206668, -16.95209105002294, -4.903112882971136, -5.519323494933219, -5.108231266716873, -8.050091928784306, -10.73461038054577, -15.54553841529235, -4.948016207848826, -9.738881066231109, -4.611400650770465, -9.344931625585776, -5.108231266716873, -11.11549579540019, -4.811186909689096, -10.47271754309042, -4.811186909689096, -10.6167294906924, -4.687806084799362, -12.52246488072239, -19.64805080090327, -9.906863678415375, -4.611400650770465, -4.798085742867046, -4.726920752977912, -5.019898937345387, -4.612190395034522, -13.94400711545204, -8.311248094747873] 
    ]
  },
 "Synonymous site-posteriors":  [
[0.7262864860606554, 0, 0.6355203280385052, 0, 0, 0, 0.7371947868192615, 0, 0.6944535170609815, 0, 0.2728176195460298, 0, 0, 0, 0, 0, 0, 0.7004265644462505, 0, 0, 0, 0, 0.7289213135149922, 0.6352299178428163, 0, 0.6352299178428163, 0, 0.7909575843823848, 0, 0, 0.7267955950241849, 0.6352299178428163, 0.7004265644462505, 0, 0, 0, 0.6678562933883161, 0, 0.7004925688189566, 0, 0, 0.685526195367764, 0, 0, 0, 0, 0, 0.4441653560032744, 0.7383123234660044, 0.8028200187401416, 0, 0, 0, 0.672275694374556, 0, 0.685526195367764, 0, 0.8028200187401416, 0, 0.6910154482240102, 0, 0.6910154482240102, 0, 0.6787801190841767, 0, 0, 0, 0.685526195367764, 0.731516530848468, 0.6825492200152984, 0.5952789744374186, 0.6085653389597876, 0, 0],
  [0, 0, 0, 0, 0, 0, 0, 0, 0, 0, 0, 0, 0, 0, 0, 0, 0, 0, 0, 0, 0, 0, 0, 0, 0, 0, 0, 0, 0, 0, 0, 0, 0, 0, 0, 0, 0, 0, 0, 0, 0, 0, 0, 0, 0, 0, 0, 0, 0, 0, 0, 0, 0, 0, 0, 0, 0, 0, 0, 0, 0, 0, 0, 0, 0, 0, 0, 0, 0, 0, 0, 0, 0, 0],
  [0.2737135139393446, 1, 0.3644796719614947, 0.9999999999999999, 1, 1, 0.2628052131807385, 0.9999999999999999, 0.3055464829390185, 1, 0.7271823804539702, 1, 1, 1, 1, 1, 1, 0.2995734355537495, 1, 1, 1, 1, 0.2710786864850078, 0.3647700821571836, 1, 0.3647700821571836, 1, 0.2090424156176152, 1, 1, 0.2732044049758151, 0.3647700821571836, 0.2995734355537495, 1, 1, 0.9999999999999999, 0.3321437066116839, 1, 0.2995074311810434, 1, 1, 0.3144738046322359, 0.9999999999999999, 1, 0.9999999999999999, 1, 1, 0.5558346439967256, 0.2616876765339957, 0.1971799812598583, 1, 0.9999999999999999, 1, 0.327724305625444, 0.9999999999999999, 0.3144738046322359, 1, 0.1971799812598583, 0.9999999999999999, 0.3089845517759897, 1, 0.3089845517759897, 1, 0.3212198809158233, 1, 0.9999999999999999, 1, 0.3144738046322359, 0.268483469151532, 0.3174507799847016, 0.4047210255625813, 0.3914346610402124, 0.9999999999999999, 1] 
  ],
 "analysis":{
   "authors":"Sergei L Kosakovsky Pond",
   "citation":"*Gene-wide identification of episodic selection*, Mol Biol Evol. 32(5):1365-71",
   "contact":"spond@temple.edu",
   "info":"BUSTED (branch-site unrestricted statistical test of episodic diversification) uses a random effects branch-site model fitted \njointly to all or a subset of tree branches in order to test for alignment-wide evidence of episodic diversifying selection. \nAssuming there is evidence of positive selection (i.e. there is an omega > 1),  BUSTED will also perform a quick evidence-ratio \nstyle analysis to explore which individual sites may have been subject to selection. v2.0 adds support for synonymous rate variation, \nand relaxes the test statistic to 0.5 (chi^2_0 + chi^2_2). Version 2.1 adds a grid search for the initial starting point.\nVersion 2.2 changes the grid search to LHC, and adds an initial search phase to use adaptive Nedler-Mead. Version 3.0 implements the option\nfor branch-site variation in synonymous substitution rates. Version 3.1 adds HMM auto-correlation option for SRV, and binds SRV distributions for multiple branch sets\n",
   "requirements":"in-frame codon alignment and a phylogenetic tree (optionally annotated with {})",
   "version":"3.1"
  },
 "background":0,
 "branch attributes":{
   "0":{
     "AL138795_1_HUMAN":{
       "MG94xREV with separate rates for branch sets":0.00939432761489342,
       "Nucleotide GTR":0.009037922040119174,
       "original name":"AL138795.1_HUMAN",
       "unconstrained":0.009421879881113157
      },
     "ENSCJAP00000030381":{
       "MG94xREV with separate rates for branch sets":0.08303402796136582,
       "Nucleotide GTR":0.08068496686642526,
       "original name":"ENSCJAP00000030381",
       "unconstrained":0.08568730399047905
      },
     "ENSCJAP00000035820":{
       "MG94xREV with separate rates for branch sets":0.08667318160473109,
       "Nucleotide GTR":0.08625578309937632,
       "original name":"ENSCJAP00000035820",
       "unconstrained":0.08972232912136859
      },
     "ENSCJAP00000051703":{
       "MG94xREV with separate rates for branch sets":0.1217050316955181,
       "Nucleotide GTR":0.1179167237979365,
       "original name":"ENSCJAP00000051703",
       "unconstrained":0.1272159237887627
      },
     "ENSCJAP00000052455":{
       "MG94xREV with separate rates for branch sets":0.07152224559372355,
       "Nucleotide GTR":0.07048559201433983,
       "original name":"ENSCJAP00000052455",
       "unconstrained":0.07201530735299433
      },
     "ENSPTRP00000044487":{
       "MG94xREV with separate rates for branch sets":0.005746449363431802,
       "Nucleotide GTR":0.005699386585309473,
       "original name":"ENSPTRP00000044487",
       "unconstrained":0.005594058459452622
      },
     "NODE_10":{
       "MG94xREV with separate rates for branch sets":0.0501150972852363,
       "Nucleotide GTR":0.04881059053224218,
       "unconstrained":0.05126913490064165
      },
     "NODE_5":{
       "MG94xREV with separate rates for branch sets":0.04216322019138691,
       "Nucleotide GTR":0.04071038410849918,
       "unconstrained":0.04249629905932251
      }
    },
   "attributes":{
     "MG94xREV with separate rates for branch sets":{
       "attribute type":"branch length",
       "display order":1
      },
     "Nucleotide GTR":{
       "attribute type":"branch length",
       "display order":0
      },
     "original name":{
       "attribute type":"node label",
       "display order":0
      },
     "unconstrained":{
       "attribute type":"branch length",
       "display order":0
      }
    }
  },
 "data partitions":{
   "0":{
     "coverage":      [
[0, 1, 2, 3, 4, 5, 6, 7, 8, 9, 10, 11, 12, 13, 14, 15, 16, 17, 18, 19, 20, 21, 22, 23, 24, 25, 26, 27, 28, 29, 30, 31, 32, 33, 34, 35, 36, 37, 38, 39, 40, 41, 42, 43, 44, 45, 46, 47, 48, 49, 50, 51, 52, 53, 54, 55, 56, 57, 58, 59, 60, 61, 62, 63, 64, 65, 66, 67, 68, 69, 70, 71, 72, 73] 
      ],
     "name":"busted.filter.default"
    }
  },
 "fits":{
   "MG94xREV with separate rates for branch sets":{
     "AIC-c":1460.783139516592,