{
 "Evidence Ratios":{
  },
 "Site Log Likelihood":{
   "unconstrained":    [
[-4.945402779220453, -20.6613138847008, -7.478565940089015, -9.501665761249136, -7.188134150126985, -9.291160978497107, -7.247463866228692, -17.30092789734961, -8.82254491669719, -20.03982555815013, -10.65922454503779, -15.74938509140704, -7.560519176019794, -11.7415092300179, -11.50808268982807, -4.990740449431852, -7.830806043310473, -10.92380067852334, -13.9181808821636, -8.927224610995648, -21.13712910512948, -8.365364007172822, -14.28909033734952, -12.33337263847539, -8.963654008496288, -13.5426509642736, -18.26619890344601, -10.89035556683168, -14.15034224076386, -10.12637793195698, -6.553912872186157, -9.581003926251233, -7.01668832210142, -5.554746282695518, -16.18771004604642, -15.39025163019393, -10.72129164838555, -14.79608087656753, -11.14431707439359, -10.9683583652334, -9.085719753189419, -12.22387384103721, -8.269921577041643, -11.77747774470542, -4.540298161001651, -8.531620379363879, -10.91392731915033, -7.761561630485475, -15.94448914325429, -7.876125991969035, -15.65337486241254, -13.02702194172023, -12.25496014634995, -12.9262532635185, -10.74840014693258, -17.96235302705561, -11.22010945945426, -17.35081352285145, -18.3414192799208, -21.23383593641388, -13.23374336486478, -5.346507119522673, -7.544514201496759, -24.44688144300045, -9.903863973055959, -8.00742448251996, -7.673741479857233, -10.63836666711389, -6.990957714300569, -23.32734215446033, -13.9757846414784, -13.8663054554871, -17.41596691359862, -20.13259747359681, -10.94512295830598, -17.49785013892387, -8.874258502486699, -8.941606682833481, -7.078934885610605, -33.39374009795105, -15.03505222122298, -23.85474587459849, -10.54623360901659, -11.3493841091665, -13.82651082419603, -18.73299947018371, -14.39358881725904, -14.6374151979473] 
    ]
  },
 "Synonymous site-posteriors":  [
[0.9660425165236143, 0.01904118488768505, 0.9235729772915104, 0.9692199807045827, 0.9828300840076112, 0.9985074546368057, 0.9761049711783413, 0.007797041007370519, 0.9761928413950562, 0.0005079934097655227, 0.9288316366403772, 0.01363003811287267, 0.9535496014538861, 0.7596360452812514, 0.9218501546088772, 0.9772279681187296, 0.8912526605184732, 0.972798553726251, 0.9583189597259014, 0.9310169186133648, 0.1236323268954263, 0.9517746692207275, 0.8728178227321319, 0.9677112054800886, 0.9985741338953794, 0.9630182956437902, 0.6646598332318246, 0.9820676322964049, 0.2016814711727587, 0.9940657064198791, 0.9697251400222534, 0.9844968253595979, 0.9430009360265857, 0.9738366242901981, 0.6047097252840224, 0.1555085555694771, 0.9945661638618669, 0.8051075544770555, 0.9919853103555647, 0.7801374499621232, 0.9857026829067224, 0.7257811035939892, 0.9822271301281311, 0.976323437633723, 0.9635451889943178, 0.9431291374637872, 0.6919613631804672, 0.9254153493206091, 0.110893184479487, 0.977707601534593, 0.1589339713786359, 0.9524547204938082, 0.9959819317176726, 0.9528879215713238, 0.9578143070905625, 0.01194521681823123, 0.9938788064148895, 0.4902673449911175, 0.211103178861683, 0.01413093203725451, 0.988065027675338, 0.9794302435519964, 0.9969339535924643, 0.003905201467703326, 0.9487829825515363, 0.9328555303933478, 0.9858071114132081, 0.923808623208756, 0.9695996214266074, 0.01346887108586037, 0.2110023326076828, 0.1024391602349645, 0.1003879025217361, 0.001030854498545417, 0.9271153828436814, 0.03831448995918737, 0.9864735468694119, 0.9454960277897783, 0.9731856333117758, 4.190756908689624e-08, 0.7431813142955336, 0.0001064581200274269, 0.9963121953342055, 0.9778355137524855, 0.9414705775523173, 0.001612823140881088, 0.8828808426152436, 0.4286244436791067],
  [0.03395748347638575, 0.980958815112315, 0.0764270227084895, 0.03078001929541735, 0.01716991599238878, 0.001492545363194392, 0.02389502882165871, 0.9922029589926294, 0.02380715860494372, 0.9994920065902344, 0.07116836335962284, 0.9863699618871273, 0.04645039854611389, 0.2403639547187485, 0.07814984539112295, 0.02277203188127051, 0.1087473394815267, 0.02720144627374886, 0.04168104027409852, 0.06898308138663521, 0.8763676731045736, 0.04822533077927253, 0.127182177267868, 0.03228879451991144, 0.001425866104620656, 0.03698170435620971, 0.3353401667681754, 0.01793236770359509, 0.7983185288272412, 0.005934293580120873, 0.03027485997774653, 0.01550317464040207, 0.05699906397341422, 0.02616337570980194, 0.3952902747159775, 0.8444914444305228, 0.005433836138133145, 0.1948924455229446, 0.008014689644435321, 0.2198625500378769, 0.01429731709327758, 0.2742188964060108, 0.017772869871869, 0.02367656236627702, 0.03645481100568213, 0.05687086253621274, 0.3080386368195329, 0.07458465067939088, 0.889106815520513, 0.02229239846540702, 0.8410660286213641, 0.04754527950619166, 0.004018068282327381, 0.04711207842867619, 0.04218569290943759, 0.9880547831817688, 0.006121193585110487, 0.5097326550088824, 0.7888968211383171, 0.9858690679627455, 0.01193497232466206, 0.02056975644800371, 0.00306604640753571, 0.9960947985322967, 0.05121701744846369, 0.06714446960665214, 0.01419288858679197, 0.07619137679124395, 0.03040037857339267, 0.9865311289141395, 0.7889976673923172, 0.8975608397650355, 0.8996120974782639, 0.9989691455014547, 0.07288461715631862, 0.9616855100408127, 0.01352645313058802, 0.05450397221022161, 0.02681436668822433, 0.9999999580924309, 0.2568186857044664, 0.9998935418799725, 0.003687804665794528, 0.02216448624751455, 0.05852942244768262, 0.9983871768591189, 0.1171191573847564, 0.5713755563208931],
  [0, 0, 0, 0, 0, 0, 0, 0, 0, 0, 0, 0, 0, 0, 0, 0, 0, 0, 0, 0, 0, 0, 0, 0, 0, 0, 0, 0, 0, 0, 0, 0, 0, 0, 0, 0, 0, 0, 0, 0, 0, 0, 0, 0, 0, 0, 0, 0, 0, 0, 0, 0, 0, 0, 0, 0, 0, 0, 0, 0, 0, 0, 0, 0, 0, 0, 0, 0, 0, 0, 0, 0, 0, 0, 0, 0, 0, 0, 0, 0, 0, 0, 0, 0, 0, 0, 0, 0] 
  ],
 "analysis":{
   "authors":"Sergei L Kosakovsky Pond",
   "citation":"*Gene-wide identification of episodic selection*, Mol Biol Evol. 32(5):1365-71",
   "contact":"spond@temple.edu",
   "info":"BUSTED (branch-site unrestricted statistical test of episodic diversification) uses a random effects branch-site model fitted \njointly to all or a subset of tree branches in order to test for alignment-wide evidence of episodic diversifying selection. \nAssuming there is evidence of positive selection (i.e. there is an omega > 1),  BUSTED will also perform a quick evidence-ratio \nstyle analysis to explore which individual sites may have been subject to selection. v2.0 adds support for synonymous rate variation, \nand relaxes the test statistic to 0.5 (chi^2_0 + chi^2_2). Version 2.1 adds a grid search for the initial starting point.\nVersion 2.2 changes the grid search to LHC, and adds an initial search phase to use adaptive Nedler-Mead. Version 3.0 implements the option\nfor branch-site variation in synonymous substitution rates. Version 3.1 adds HMM auto-correlation option for SRV, and binds SRV distributions for multiple branch sets\n",
   "requirements":"in-frame codon alignment and a phylogenetic tree (optionally annotated with {})",
   "version":"3.1"
  },
 "background":0,
 "branch attributes":{
   "0":{
     "ENSGACP00000017235":{
       "MG94xREV with separate rates for branch sets":0.06413693006987098,
       "Nucleotide GTR":0.04369487478245337,
       "original name":"ENSGACP00000017235",
       "unconstrained":0.2453209817633202
      },
     "ENSGMOP00000007920":{
       "MG94xREV with separate rates for branch sets":0.2263990599577582,
       "Nucleotide GTR":0.1331292865707048,
       "original name":"ENSGMOP00000007920",
       "unconstrained":0.8987784499218568
      },
     "ENSLACP00000003235":{
       "MG94xREV with separate rates for branch sets":0.5044914856258876,
       "Nucleotide GTR":0.2416296862110883,
       "original name":"ENSLACP00000003235",
       "unconstrained":3.497435207220768
      },
     "ENSONIP00000003061":{
       "MG94xREV with separate rates for branch sets":0.133488720079021,
       "Nucleotide GTR":0.1195204508669484,
       "original name":"ENSONIP00000003061",