{
 "Evidence Ratios":{
  },
 "Site Log Likelihood":{
   "unconstrained":    [
[-4.185405005276256, -4.607746387890959, -4.000720941132831, -4.142011649763704, -3.921365663090092, -3.921365663090092, -4.185405005276256, -3.995432715404971, -3.921365663090092, -3.972767751063692, -4.000720941132831, -5.092431716750733, -4.185405005276256, -4.743544065110119, -4.193413737737302, -4.185405005276256, -3.397060223232834, -3.397060223232834, -4.743544065110119, -3.617706209906447, -3.397060223232834, -4.185405005276256, -3.669108297880044, -3.661099565418998, -3.397060223232834, -3.617706209906447, -3.995432715404971, -3.661099565418998, -5.165885447724825, -3.617706209906447, -4.54811494519365, -17.83934766723193, -5.223401821464255, -11.08887347254985, -16.64902662367571, -9.929588174820411, -4.640653275998008, -7.736156524136166, -16.38294754359982, -8.875118960066436, -14.63370359588017, -5.196574801173245, -7.786737402337482, -11.71896539948566, -9.416966158200246, -5.230504814872726, -11.84563230174629, -4.640653275998008, -6.100011040003169, -16.98470486510162, -14.71157426337647, -5.196574801173245, -16.19195875006727, -4.417039319936774, -5.230504814872726, -14.18311367870061, -10.42026038687973, -12.77586548039277, -22.1510088624241, -7.415773724270671, -8.416772068995868, -12.95187466945846, -5.16278160774658, -9.912438024999537, -6.657155203510406, -5.96231683222705, -5.184307019171698, -18.91661098628355, -12.30878631752979, -12.48152373541439, -10.59326738171837, -17.78296268058817, -10.65331913429733, -16.04258360625008, -19.48746817822266, -8.045530114245311, -16.80045061524435, -4.95886722075431, -22.17099369976481, -20.3247188961065, -13.044073830066] 
    ]
  },
 "Synonymous site-posteriors":  [
[0.1890504575548875, 0.1890504575548873, 0.1890504575548877, 0.1890504575548876, 0.1890504575548876, 0.1890504575548876, 0.1890504575548875, 0.1890504575548875, 0.1890504575548876, 0.1890504575548877, 0.1890504575548877, 0.1890504575548877, 0.1890504575548875, 0.1890504575548877, 0.1890504575548874, 0.1890504575548875, 0.1890504575548873, 0.1890504575548873, 0.1890504575548877, 0.1890504575548878, 0.1890504575548873, 0.1890504575548875, 0.1890504575548872, 0.1890504575548879, 0.1890504575548873, 0.1890504575548878, 0.1890504575548875, 0.1890504575548879, 0.1890504575548877, 0.1890504575548878, 0.1890504575548874, 0.001148165314968908, 0.5351480313542538, 0.1054540397464286, 0.002304827554481052, 0.08780939081898914, 0.4556522033868713, 0.1131840170275965, 0.001042177045077376, 0.05781046721560713, 0.01985028714012305, 0.5191978900222249, 0.1055454412595004, 0.1610507660605155, 0.05025452878034221, 0.5196659188363691, 0.251203199604755, 0.4556522033868713, 0.6254959593393468, 0.002294306639093424, 0.01410512796620699, 0.5191978900222249, 0.001740173771205251, 0.4707884714902186, 0.5196659188363691, 0.01046210903328321, 0.1854063286766713, 0.01767074263863282, 1.932624074885721e-05, 0.08950017050685849, 0.05758200780330229, 0.02184131564548747, 0.5982612931057724, 0.1607539881677013, 0.7915192547549884, 0.6453418358092226, 0.5389563751281116, 0.00017368576915821, 0.01457907195562219, 0.01915481355392004, 0.1647722921846135, 0.001393016166239751, 0.00598823719235298, 0.01561111463988436, 5.197364533429909e-05, 0.08847424502299009, 0.003072015319278119, 0.4090406290976205, 0.001083350050676647, 0.0003847069062464007, 0.01422946497424771],
  [0, 0, 0, 0, 0, 0, 0, 0, 0, 0, 0, 0, 0, 0, 0, 0, 0, 0, 0, 0, 0, 0, 0, 0, 0, 0, 0, 0, 0, 0, 0, 0, 0, 0, 0, 0, 0, 0, 0, 0, 0, 0, 0, 0, 0, 0, 0, 0, 0, 0, 0, 0, 0, 0, 0, 0, 0, 0, 0, 0, 0, 0, 0, 0, 0, 0, 0, 0, 0, 0, 0, 0, 0, 0, 0, 0, 0, 0, 0, 0, 0],
  [0.8109495424451125, 0.8109495424451126, 0.8109495424451123, 0.8109495424451124, 0.8109495424451124, 0.8109495424451124, 0.8109495424451125, 0.8109495424451124, 0.8109495424451124, 0.8109495424451123, 0.8109495424451123, 0.8109495424451123, 0.8109495424451125, 0.8109495424451122, 0.8109495424451125, 0.8109495424451125, 0.8109495424451127, 0.8109495424451127, 0.8109495424451122, 0.8109495424451123, 0.8109495424451127, 0.8109495424451125, 0.8109495424451129, 0.810949542445112, 0.8109495424451127, 0.8109495424451123, 0.8109495424451124, 0.810949542445112, 0.8109495424451123, 0.8109495424451123, 0.8109495424451125, 0.998851834685031, 0.4648519686457461, 0.8945459602535715, 0.997695172445519, 0.9121906091810109, 0.5443477966131287, 0.8868159829724034, 0.9989578229549226, 0.9421895327843929, 0.9801497128598768, 0.4808021099777751, 0.8944545587404995, 0.8389492339394845, 0.9497454712196577, 0.480334081163631, 0.7487968003952452, 0.5443477966131287, 0.3745040406606532, 0.9977056933609065, 0.9858948720337929, 0.4808021099777751, 0.9982598262287946, 0.5292115285097814, 0.480334081163631, 0.9895378909667168, 0.8145936713233286, 0.9823292573613672, 0.9999806737592511, 0.9104998294931416, 0.9424179921966979, 0.9781586843545126, 0.4017387068942276, 0.8392460118322986, 0.2084807452450115, 0.3546581641907774, 0.4610436248718884, 0.9998263142308418, 0.9854209280443779, 0.9808451864460799, 0.8352277078153866, 0.9986069838337601, 0.994011762807647, 0.9843888853601157, 0.9999480263546656, 0.91152575497701, 0.9969279846807219, 0.5909593709023797, 0.9989166499493233, 0.9996152930937536, 0.9857705350257522] 
  ],
 "analysis":{
   "authors":"Sergei L Kosakovsky Pond",
   "citation":"*Gene-wide identification of episodic selection*, Mol Biol Evol. 32(5):1365-71",
   "contact":"spond@temple.edu",
   "info":"BUSTED (branch-site unrestricted statistical test of episodic diversification) uses a random effects branch-site model fitted \njointly to all or a subset of tree branches in order to test for alignment-wide evidence of episodic diversifying selection. \nAssuming there is evidence of positive selection (i.e. there is an omega > 1),  BUSTED will also perform a quick evidence-ratio \nstyle analysis to explore which individual sites may have been subject to selection. v2.0 adds support for synonymous rate variation, \nand relaxes the test statistic to 0.5 (chi^2_0 + chi^2_2). Version 2.1 adds a grid search for the initial starting point.\nVersion 2.2 changes the grid search to LHC, and adds an initial search phase to use adaptive Nedler-Mead. Version 3.0 implements the option\nfor branch-site variation in synonymous substitution rates. Version 3.1 adds HMM auto-correlation option for SRV, and binds SRV distributions for multiple branch sets\n",
   "requirements":"in-frame codon alignment and a phylogenetic tree (optionally annotated with {})",
   "version":"3.1"
  },
 "background":0,
 "branch attributes":{
   "0":{
     "C1ORF132_CHOHO":{
       "MG94xREV with separate rates for branch sets":0.03051563034357196,
       "Nucleotide GTR":0.03232567561542501,
       "original name":"C1ORF132_CHOHO",
       "unconstrained":0.03046800004730574
      },
     "C1ORF132_DASNO":{
       "MG94xREV with separate rates for branch sets":0.0507344597829033,
       "Nucleotide GTR":0.04779820523835294,
       "original name":"C1ORF132_DASNO",
       "unconstrained":0.05116365925125427
      },
     "C1ORF132_ECHTE":{
       "MG94xREV with separate rates for branch sets":0.1000567833963334,
       "Nucleotide GTR":0.09126073630637568,
       "original name":"C1ORF132_ECHTE",
       "unconstrained":0.1030787738968819
      },
     "C1ORF132_FELCA":{
       "MG94xREV with separate rates for branch sets":0.0864574502886744,
       "Nucleotide GTR":0.07912752098343535,
       "original name":"C1ORF132_FELCA",
       "unconstrained":0.08851574834273285
      },
     "C1ORF132_GGOR":{
       "MG94xREV with separate rates for branch sets":0.006978800288081136,
       "Nucleotide GTR":0.006775989182723047,
       "original name":"C1ORF132_GGOR",
       "unconstrained":0.007015422902552859
      },
     "C1ORF132_HUMAN":{
       "MG94xREV with separate rates for branch sets":0,
       "Nucleotide GTR":0,
       "original name":"C1ORF132_HUMAN",
       "unconstrained":0
      },