{
 "Evidence Ratios":{
   "constrained":    [
[0.932641190280852, 6.998765974593582, 0.9522706471132137, 0.8883398376097297, 0.9571269833124374, 0.8933438359332081, 0.9695024440959361, 1.558092749927925, 1.181190478884314, 0.8729297456260532, 0.9498571424370974, 1.145644123808068, 1.458530071086767, 0.881478550211018, 1.297206525484947, 0.9140413575678537, 0.9110834166852447, 0.9486328239985593, 0.9482896761594085, 0.9522706471132137, 1.106054917794099, 0.9499158805658242, 0.9566212603809956, 0.9535729093603436, 0.9322558143294737, 0.9498726930192314, 0.9552647627378686, 0.9452921915070898, 0.9134664970196508, 0.9547875074324335, 0.9295719754991334, 0.9551988502982632, 0.9448044362372282, 0.9039399408881955, 0.9552647627378686] 
    ],
   "optimized null":    [
[0.7476702026657326, 2.54208531687181, 1.005535447951445, 1.146342989172666, 1.001733971928848, 1.196282319704819, 0.9865387910919613, 0.9340125341307298, 1.149648561648407, 1.073967776776818, 0.7740216979790349, 0.8534010316926033, 1.021007050738747, 1.157181630138559, 0.7619511573829904, 1.035742636092749, 0.9811671837260934, 0.9803869695185849, 0.9810197148738813, 1.005535447951445, 1.242395900549598, 1.00826144312579, 1.021542588405397, 1.017183698784464, 1.006271616329091, 1.00651331476097, 0.9894240599269555, 0.8166822514296166, 0.9313513236189507, 0.9994393014702027, 0.9222695223476125, 1.001575849039653, 0.9952993351925662, 1.298787191848347, 0.9894240599269555] 
    ]
  },
 "Site Log Likelihood":{
   "constrained":    [
[-13.72285502370861, -18.09122022424052, -4.209426490181741, -12.11021235883611, -5.143774558341202, -7.978029748180322, -5.686763796594343, -18.024331329952, -13.77867845839203, -8.902681609277309, -15.98340189972427, -13.10823391996452, -13.78118873707149, -7.470803312011395, -20.8432896200942, -9.29416845519683, -7.701624876778586, -4.924501048659563, -4.516544697709928, -4.209426490181741, -9.972112392228818, -4.297220884212092, -4.524950368827284, -4.021020589578916, -4.931695760276642, -4.293068392106071, -5.088599685828931, -13.97386269052042, -8.0415096175704, -4.979073875927004, -13.32949719359834, -4.445941579650165, -5.241191823267112, -8.655020441822325, -5.088599685828931] 
    ],
   "optimized null":    [
[-13.50179644838316, -17.07847111516595, -4.263852665253322, -12.36519013401137, -5.189326236071154, -8.270032166690275, -5.704183447556513, -17.51260343186789, -13.75161194518563, -9.109941802948727, -15.77869020958078, -12.81374118827943, -13.42454905401828, -7.742945342323551, -20.3112036709448, -9.419166606984223, -7.775733284429876, -4.95742659382496, -4.550477232636385, -4.263852665253322, -10.08835452916124, -4.356830233492369, -4.590611918299921, -4.085597710323652, -5.008095814927421, -4.350987897605735, -5.123734161495166, -13.82761871152811, -8.060899485488756, -5.024779488712741, -13.32161045921922, -4.493351928311236, -5.293257394275324, -9.017443699360538, -5.123734161495166] 
    ],
   "unconstrained":    [
[-13.79258975214534, -16.14548638006977, -4.258332481590014, -12.22861326802609, -5.187593765736067, -8.090813485753124, -5.717736079910941, -17.58086885287105, -13.61215564808183, -9.038581810313254, -16.03484558180148, -12.97226688758808, -13.40375960914094, -7.596957922734687, -20.58307649421723, -9.384047914768376, -7.794745696627648, -4.977234512226181, -4.569639955543697, -4.258332481590014, -9.87131283593637, -4.348602729292956, -4.569298091866649, -4.06855998146187, -5.001843783341343, -4.344495702821586, -5.134366424284848, -14.03012389243847, -8.132018196809716, -5.025340344492742, -13.40252823377554, -4.491777319618785, -5.29796914195245, -8.756012799689906, -5.134366424284848] 
    ]
  },
 "Synonymous site-posteriors":  [
[0.931806185025402, 0.9318014567631424, 0.3272202085636601, 0.9317943431726814, 0.2936529055376932, 0.9317934491281182, 0.5028500216491408, 0.9318068910822244, 0.9317975933783805, 0.9317868396921425, 0.9318059986223389, 0.9317978102667671, 0.9317993651290705, 0.9317912592977604, 0.9318141094502763, 0.9317910323384695, 0.9317913662966163, 0.3980841481635928, 0.3898640415163537, 0.3272202085636601, 0.9317924889765284, 0.3328238266472744, 0.3254658761165914, 0.3692288995127558, 0.4568485238527617, 0.3521593115218806, 0.2715490015278567, 0.9317937422256617, 0.931791969766898, 0.3131440552383767, 0.9317990157020055, 0.2920082261776953, 0.3519919102734075, 0.9317895693560988, 0.2715490015278567],
  [0.06819381497459799, 0.06819854323685748, 0.02395685432076803, 0.06820565682731852, 0.02149980438194741, 0.06820655087188179, 0.03681166699987144, 0.06819310891777552, 0.06820240662161946, 0.06821316030785758, 0.06819400137766113, 0.06820218973323296, 0.06820063487092962, 0.06820874070223956, 0.06818589054972363, 0.06820896766153049, 0.06820863370338374, 0.02914382495377885, 0.02854214131058698, 0.02395685432076803, 0.06820751102347168, 0.02436700863381334, 0.02382847838673037, 0.02703176906937085, 0.03344481256926881, 0.0257823372777378, 0.01988169269772149, 0.06820625777433838, 0.0682080302331021, 0.02292654196860192, 0.0682009842979944, 0.02137935038262322, 0.02577004604515164, 0.06821043064390117, 0.01988169269772149],
  [0, 0, 0.6488229371155719, 0, 0.6848472900803595, 0, 0.4603383113509876, 0, 0, 0, 0, 0, 0, 0, 0, 0, 0, 0.5727720268826284, 0.5815938171730592, 0.6488229371155719, 0, 0.6428091647189123, 0.6507056454966782, 0.6037393314178732, 0.5097066635779696, 0.6220583512003816, 0.7085693057744219, 0, 0, 0.6639294027930213, 0, 0.6866124234396814, 0.6222380436814409, 0, 0.7085693057744219] 
  ],
 "analysis":{
   "authors":"Sergei L Kosakovsky Pond",
   "citation":"*Gene-wide identification of episodic selection*, Mol Biol Evol. 32(5):1365-71",
   "contact":"spond@temple.edu",
   "info":"BUSTED (branch-site unrestricted statistical test of episodic diversification) uses a random effects branch-site model fitted \njointly to all or a subset of tree branches in order to test for alignment-wide evidence of episodic diversifying selection. \nAssuming there is evidence of positive selection (i.e. there is an omega > 1),  BUSTED will also perform a quick evidence-ratio \nstyle analysis to explore which individual sites may have been subject to selection. v2.0 adds support for synonymous rate variation, \nand relaxes the test statistic to 0.5 (chi^2_0 + chi^2_2). Version 2.1 adds a grid search for the initial starting point.\nVersion 2.2 changes the grid search to LHC, and adds an initial search phase to use adaptive Nedler-Mead. Version 3.0 implements the option\nfor branch-site variation in synonymous substitution rates. Version 3.1 adds HMM auto-correlation option for SRV, and binds SRV distributions for multiple branch sets\n",
   "requirements":"in-frame codon alignment and a phylogenetic tree (optionally annotated with {})",
   "version":"3.1"
  },
 "background":0,
 "branch attributes":{
   "0":{
     "ENSFCAP00000010003":{
       "MG94xREV with separate rates for branch sets":0.05650851941531145,
       "Nucleotide GTR":0.05480456159616522,
       "constrained":0.06016418898524702,
       "original name":"ENSFCAP00000010003",
       "unconstrained":0.07305191082906468
      },
     "ENSMICP00000004512":{
       "MG94xREV with separate rates for branch sets":0.08660523680788711,
       "Nucleotide GTR":0.08550760735728061,
       "constrained":0.08832545218712537,
       "original name":"ENSMICP00000004512",
       "unconstrained":0.1080383146726785
      },
     "ENSPVAP00000012695":{
       "MG94xREV with separate rates for branch sets":0.0576201408921859,
       "Nucleotide GTR":0.05704338234644436,
       "constrained":0.05632757033021916,
       "original name":"ENSPVAP00000012695",
       "unconstrained":0.07688698899648512
      },
     "ENSTSYP00000000871":{
       "MG94xREV with separate rates for branch sets":0.07098215088336261,
       "Nucleotide GTR":0.06982970664197835,
       "constrained":0.07246522946108223,
       "original name":"ENSTSYP00000000871",