{
 "Evidence Ratios":{
  },
 "Site Log Likelihood":{
   "unconstrained":    [
[-10.53681189390653, -4.800291139181917, -9.453438919140563, -9.337439971263812, -9.142660805239936, -9.733084242222697, -9.751645544144447, -16.52035527694793, -10.97625867521992, -24.43089678909674, -6.400143253788576, -15.50842544106874, -13.48499254238388, -8.950939247494174, -26.92620439080699, -22.30477493212143, -9.579637635239795, -15.85249803636201, -12.70511655915179, -27.67771006746176, -12.12999987228298, -11.54702208740819, -13.58727447496217, -24.29362863644631, -7.269346770351987, -9.023758508195106, -20.51322894352489, -15.59670530108173, -16.38919129563217, -26.92506253526858, -7.269346770351987, -5.517195458767964] 
    ]
  },
 "Synonymous site-posteriors":  [
[0.9952373831117816, 0.6717650644633107, 0.9955631623686829, 0.9955185766223551, 0.9945953477773392, 0.934536223322274, 0.9951218752701051, 0.9966067662658399, 0.2208631404817166, 0.9998150646592058, 0.04048297227881915, 0.9990308621911482, 0.9981190891414662, 0.6490196252989188, 0.9965363779531939, 0.9997587027004726, 0.8202974309243627, 0.9994908118089548, 0.9137317004437351, 0.9998187300057706, 0.8798658507611018, 0.3137258542187526, 0.9538763527217019, 0.9998185567723168, 0.8174802052904906, 0.9777032266278916, 0.9997810073540548, 0.9980051792486259, 0.9990754005792842, 0.9998103345864634, 0.8174802052904906, 0.2106846956295525],
  [0.0001796654163876876, 0.0001209936902881502, 0.0001797355212750293, 0.0001797250160770595, 0.0001795134060586714, 0.0001685066942594603, 0.0001796295608719353, 0.0001794043342097469, 3.970795278729893e-05, 0.0001805600219180039, 7.26839820877038e-06, 0.0001800912128724546, 0.0001800051569292495, 0.0001167342626982254, 0.0001793891828488453, 0.0001805671977035104, 0.0001475921626148177, 0.0001802037746503623, 0.0001643543119962208, 0.0001808184068670903, 0.0001585214928232645, 5.641317807541854e-05, 0.0001717492407101773, 0.0001806727753215943, 0.0001471952150041315, 0.0001762226666725728, 0.0001807098847477812, 0.0001799160082699983, 0.0001800239956294154, 0.0001804908177345938, 0.0001471952150041315, 3.788840149798118e-05],
  [0.004582951471830857, 0.328113941846401, 0.004257102110041977, 0.004301698361567778, 0.005225138816602276, 0.06529526998346662, 0.00469849516902302, 0.003213829399950269, 0.7790971515654962, 4.375318876135256e-06, 0.9595097593229722, 0.0007890465959792629, 0.001700905701604495, 0.3508636404383831, 0.00328423286395732, 6.073010182386912e-05, 0.1795549769130227, 0.0003289844163948767, 0.0861039452442687, 4.515873624391794e-07, 0.1199756277460748, 0.686217732603172, 0.04595189803758783, 7.704523618191286e-07, 0.1823725994945052, 0.02212055070543597, 3.828276119733132e-05, 0.00181490474310413, 0.0007445754250863908, 9.174595801922874e-06, 0.1823725994945052, 0.7892774159689495] 
  ],
 "analysis":{
   "authors":"Sergei L Kosakovsky Pond",
   "citation":"*Gene-wide identification of episodic selection*, Mol Biol Evol. 32(5):1365-71",
   "contact":"spond@temple.edu",
   "info":"BUSTED (branch-site unrestricted statistical test of episodic diversification) uses a random effects branch-site model fitted \njointly to all or a subset of tree branches in order to test for alignment-wide evidence of episodic diversifying selection. \nAssuming there is evidence of positive selection (i.e. there is an omega > 1),  BUSTED will also perform a quick evidence-ratio \nstyle analysis to explore which individual sites may have been subject to selection. v2.0 adds support for synonymous rate variation, \nand relaxes the test statistic to 0.5 (chi^2_0 + chi^2_2). Version 2.1 adds a grid search for the initial starting point.\nVersion 2.2 changes the grid search to LHC, and adds an initial search phase to use adaptive Nedler-Mead. Version 3.0 implements the option\nfor branch-site variation in synonymous substitution rates. Version 3.1 adds HMM auto-correlation option for SRV, and binds SRV distributions for multiple branch sets\n",
   "requirements":"in-frame codon alignment and a phylogenetic tree (optionally annotated with {})",
   "version":"3.1"
  },
 "background":0,
 "branch attributes":{
   "0":{
     "ENSGACP00000012157":{
       "MG94xREV with separate rates for branch sets":0.1999104835125114,
       "Nucleotide GTR":0.1023562149385664,
       "original name":"ENSGACP00000012157",
       "unconstrained":0.2874184820451565
      },
     "ENSONIP00000016963":{
       "MG94xREV with separate rates for branch sets":0.06467723684826282,
       "Nucleotide GTR":0.0866074818846182,
       "original name":"ENSONIP00000016963",
       "unconstrained":0.06836298815562622
      },
     "ENSORLP00000011424":{
       "MG94xREV with separate rates for branch sets":0.1652051044280148,
       "Nucleotide GTR":0.1502704936154542,
       "original name":"ENSORLP00000011424",
       "unconstrained":0.2101018796980784
      },
     "ENSTNIP00000008121":{
       "MG94xREV with separate rates for branch sets":0.1578257570907731,
       "Nucleotide GTR":0.1053908104864887,
       "original name":"ENSTNIP00000008121",
       "unconstrained":0.1902677708638342
      },
     "ENSTNIP00000021532":{
       "MG94xREV with separate rates for branch sets":0.04886143935356504,
       "Nucleotide GTR":0.05701644274199697,
       "original name":"ENSTNIP00000021532",
       "unconstrained":0.0472161515078823
      },
     "ENSTRUP00000001950":{
       "MG94xREV with separate rates for branch sets":0.106017660839526,
       "Nucleotide GTR":0.06894478296618316,
       "original name":"ENSTRUP00000001950",
       "unconstrained":0.1302366238159656
      },
     "ENSTRUP00000020667":{
       "MG94xREV with separate rates for branch sets":0.04073797326365897,
       "Nucleotide GTR":0.03143398512189536,
       "original name":"ENSTRUP00000020667",
       "unconstrained":0.04156139122368975
      },
     "FP067396_1_DANRE":{
       "MG94xREV with separate rates for branch sets":0.2098016998566417,
       "Nucleotide GTR":0.237115694433127,
       "original name":"FP067396.1_DANRE",
       "unconstrained":0.2726057430577149
      },
     "NODE_11":{
       "MG94xREV with separate rates for branch sets":0.08597794473263727,
       "Nucleotide GTR":0.1031101900738872,
       "unconstrained":0.07731148947525973
      },
     "NODE_12":{
       "MG94xREV with separate rates for branch sets":1.106217503221277,
       "Nucleotide GTR":0.4840679307751698,
       "unconstrained":2.158821175919191
      },
     "NODE_3":{
       "MG94xREV with separate rates for branch sets":0.06063227432972224,
       "Nucleotide GTR":0.01681633162836673,
       "unconstrained":0.07903570524112204
      },
     "NODE_5":{
       "MG94xREV with separate rates for branch sets":0.1049161526045502,
       "Nucleotide GTR":0.04837477492451234,
       "unconstrained":0.1091762885018315
      }
    },
   "attributes":{
     "MG94xREV with separate rates for branch sets":{
       "attribute type":"branch length",
       "display order":1
      },
     "Nucleotide GTR":{
       "attribute type":"branch length",
       "display order":0
      },
     "original name":{
       "attribute type":"node label",
       "display order":0
      },
     "unconstrained":{
       "attribute type":"branch length",
       "display order":0
      }
    }
  },
 "data partitions":{
   "0":{
     "coverage":      [
[0, 1, 2, 3, 4, 5, 6, 7, 8, 9, 10, 11, 12, 13, 14, 15, 16, 17, 18, 19, 20, 21, 22, 23, 24, 25, 26, 27, 28, 29, 30, 31] 
      ],
     "name":"busted.filter.default"
    }
  },
 "fits":{
   "MG94xREV with separate rates for branch sets":{
     "AIC-c":972.4345555946793,