{
 "Evidence Ratios":{
  },
 "Site Log Likelihood":{
   "unconstrained":    [
[-9.366594202515863, -5.759337641641454, -11.30012029620745, -13.89303739197476, -9.470723383169839, -6.180128454610356, -7.334004590881791, -5.565194168510154, -9.286120363489763, -5.508065386545979, -21.91277536936085, -14.84638190290522, -19.32650550287996, -15.62493267038152, -15.84259097199423, -15.44353386350807, -17.21564596446799, -24.5919934446985, -13.76732128713806, -21.31280116104253, -18.57897269830459, -24.87675942150791, -7.287529930495167, -6.43957304281615, -7.834698719691342, -27.23921518356375, -8.982740279823673, -4.828161204652706, -23.89543956855783, -6.142471109422518, -15.37837697428246, -13.68807390253768, -14.19005868775596, -10.24201913286212, -12.66440124970262, -7.465369518444446, -19.13904472168518, -5.995910965311917, -12.9109538331382, -13.99202100758233, -13.26312495643819, -10.1922051298823, -12.80023404539975, -6.142471109422518, -10.13492578979627, -6.751793935592214, -7.044572459016686, -10.29809285893622, -12.86853763260432, -6.428272887653781, -9.745295665145457, -9.21028548181914, -8.15231487997216, -21.38097429417977] 
    ]
  },
 "Synonymous site-posteriors":  [
[0.03140731804297325, 0.0214610485306851, 0.338184613126885, 0.2809970817363995, 0.2160550536268384, 0.1396603929423655, 0.1587831154792923, 0.0462359192126167, 0.1696887807155171, 0.03353909263750836, 0.7879576224034301, 0.8231205406443998, 0.3851334091066716, 0.09734495489620058, 0.7477570071904329, 0.8101742845749025, 0.8632037417608187, 0.8855947968678114, 0.1877882309842729, 0.8800235310587646, 0.8589031855284388, 0.6913828097107982, 0.01216577154306088, 0.01071416832789254, 0.3086352770879099, 0.2574660124072324, 0.1514836334651462, 0.04363094027739232, 0.8511559258224636, 0.124083084381563, 0.5964065544334097, 0.6274366196484047, 0.4898653281075741, 0.3922467144634101, 0.03045641128128549, 0.0805392318970546, 0.9019272051394411, 0.04699102714692091, 0.7164626524473799, 0.6589559050056683, 0.2559149723962627, 0.3902493097650707, 0.6437617425740489, 0.124083084381563, 0.1008880748434668, 0.1566966290850772, 0.03681708881776276, 0.1537309393909837, 0.275904412657356, 0.01653489853361096, 0.1745998697435392, 0.03419552111544481, 0.1095347613197572, 0.9574720606987662],
  [0.9685847489632859, 0.978534242722862, 0.6605522500820681, 0.7178185993574505, 0.7830870562944614, 0.8601841116626755, 0.8407572147951438, 0.9536995621568062, 0.8295863679737256, 0.9664440669528104, 0.1819391769286478, 0.147102477135041, 0.6136932192610283, 0.9025880282835648, 0.2361792074498484, 0.1853699207183704, 0.1197837053828291, 0.08211000798029808, 0.8113858964147475, 0.02690801034944648, 0.1345659914922746, 0.006455398921533228, 0.9878332797680732, 0.9892824514165793, 0.6907384895466043, 0.0003878879646646525, 0.8483451803829911, 0.9563200255531435, 0.00606285538390534, 0.8757483138996526, 0.4010871239333971, 0.3651161017030601, 0.5083757723240933, 0.6052246186352848, 0.9695228525751866, 0.9193972646414124, 0.05446616589830652, 0.9529871899418172, 0.2744775309637684, 0.3373466208594962, 0.7430855902494309, 0.6087577562060132, 0.3546193296939533, 0.8757483138996526, 0.8990224653824952, 0.8430158304670274, 0.9631758889760872, 0.8462078969072998, 0.7232893302135394, 0.9834598005129505, 0.8252603756519573, 0.9657948473935782, 0.8903204157706738, 0.01742788236750893],
  [7.93299374075163e-06, 4.708746452935822e-06, 0.001263136791047028, 0.001184318906150074, 0.000857890078700053, 0.0001554953949590712, 0.0004596697255638501, 6.451863057721361e-05, 0.0007248513107571667, 1.684040968134354e-05, 0.03010320066792209, 0.02977698222055924, 0.001173371632300067, 6.701682023468967e-05, 0.01606378535971873, 0.00445579470672714, 0.01701255285635201, 0.03229519515189054, 0.0008258726009795628, 0.0930684585917889, 0.006530822979286502, 0.3021617913676686, 9.48688865878743e-07, 3.380255528069366e-06, 0.0006262333654856888, 0.742146099628103, 0.0001711861518627589, 4.903416946402618e-05, 0.1427812187936311, 0.0001686017187842482, 0.002506321633193196, 0.007447278648535091, 0.001758899568332576, 0.002528666901305189, 2.073614352793491e-05, 6.350346153292991e-05, 0.04360662896225229, 2.178291126189917e-05, 0.009059816588851721, 0.003697474134835574, 0.0009994373543064955, 0.0009929340289160421, 0.001618927731997931, 0.0001686017187842482, 8.945977403794744e-05, 0.0002875404478953049, 7.02220614998334e-06, 6.116370171656346e-05, 0.0008062571291046792, 5.300953438586155e-06, 0.0001397546045034066, 9.631490976879839e-06, 0.0001448229095689244, 0.02510005693372483] 
  ],
 "analysis":{
   "authors":"Sergei L Kosakovsky Pond",
   "citation":"*Gene-wide identification of episodic selection*, Mol Biol Evol. 32(5):1365-71",
   "contact":"spond@temple.edu",
   "info":"BUSTED (branch-site unrestricted statistical test of episodic diversification) uses a random effects branch-site model fitted \njointly to all or a subset of tree branches in order to test for alignment-wide evidence of episodic diversifying selection. \nAssuming there is evidence of positive selection (i.e. there is an omega > 1),  BUSTED will also perform a quick evidence-ratio \nstyle analysis to explore which individual sites may have been subject to selection. v2.0 adds support for synonymous rate variation, \nand relaxes the test statistic to 0.5 (chi^2_0 + chi^2_2). Version 2.1 adds a grid search for the initial starting point.\nVersion 2.2 changes the grid search to LHC, and adds an initial search phase to use adaptive Nedler-Mead. Version 3.0 implements the option\nfor branch-site variation in synonymous substitution rates. Version 3.1 adds HMM auto-correlation option for SRV, and binds SRV distributions for multiple branch sets\n",
   "requirements":"in-frame codon alignment and a phylogenetic tree (optionally annotated with {})",
   "version":"3.1"
  },
 "background":0,
 "branch attributes":{
   "0":{
     "ENSACAP00000021221":{
       "MG94xREV with separate rates for branch sets":0.1183875966972773,
       "Nucleotide GTR":0.1005361538860624,
       "original name":"ENSACAP00000021221",
       "unconstrained":0.1572473512903622
      },
     "ENSBTAP00000055575":{
       "MG94xREV with separate rates for branch sets":0.01602649822927024,
       "Nucleotide GTR":0.01551270318004637,
       "original name":"ENSBTAP00000055575",
       "unconstrained":0.01623632102862684
      },
     "ENSGALP00000038144":{
       "MG94xREV with separate rates for branch sets":0.08761790556578604,
       "Nucleotide GTR":0.08133425393777106,
       "original name":"ENSGALP00000038144",
       "unconstrained":0.1020098369740409
      },
     "ENSLAFP00000022119":{
       "MG94xREV with separate rates for branch sets":0.02710551504642511,
       "Nucleotide GTR":0.02818290885138789,
       "original name":"ENSLAFP00000022119",
       "unconstrained":0.02911709331301162
      },
     "ENSMLUP00000016671":{
       "MG94xREV with separate rates for branch sets":0.08636191870894587,
       "Nucleotide GTR":0.07923047894448972,
       "original name":"ENSMLUP00000016671",
       "unconstrained":0.09711888440568833
      },
     "ENSPSIP00000001198":{
       "MG94xREV with separate rates for branch sets":0.1243035988876819,
       "Nucleotide GTR":0.1113639607645563,
       "original name":"ENSPSIP00000001198",
       "unconstrained":0.1798869998776167
      },
     "ENSSSCP00000021979":{
       "MG94xREV with separate rates for branch sets":0.03151206078096336,
       "Nucleotide GTR":0.03062427504302907,
       "original name":"ENSSSCP00000021979",
       "unconstrained":0.03301195164437797
      },
     "ENSTGUP00000014363":{
       "MG94xREV with separate rates for branch sets":0.04483624804842309,
       "Nucleotide GTR":0.04181991458402799,
       "original name":"ENSTGUP00000014363",
       "unconstrained":0.05441990593045441
      },
     "NODE_10":{
       "MG94xREV with separate rates for branch sets":0.000680130542971999,