{
 "Evidence Ratios":{
  },
 "Site Log Likelihood":{
   "unconstrained":    [
[-4.931342576617411, -20.27716652267211, -8.40343661251628, -4.880837026271021, -9.083355294434115, -26.97851380823663, -17.54611432793763, -3.622020611768457, -4.505254924600858, -3.910178972244954, -3.910178972244954, -4.932158629378276, -4.527464261112619, -5.296908671683942, -3.987586706834991, -4.026714980034116, -4.443091429313463, -4.326294226582148, -3.960728131515618, -3.700966181114414, -13.89762555334096, -9.330499559261684, -10.14069137278146, -20.31911257405859, -12.54782016399133, -20.13120599391077, -9.565592549055321, -10.7177688878183, -8.687198586488639, -18.48976759478187, -11.82707710907994, -24.51905927393508, -19.01795088345955, -5.758611319651172, -7.128678882258696, -8.918374629458887, -17.47486969819282, -26.17283696163784, -10.82575901005351, -12.67357370409683, -14.54423934280326, -14.03669276305138, -8.001772523656671, -11.2963225942953, -9.373283551290722, -7.086015863788819, -11.19475600015607, -9.713082770396145, -8.564018258728828, -14.17250123010647, -17.46831748682785, -15.65845887090395] 
    ]
  },
 "Synonymous site-posteriors":  [
[0.7745308934688879, 0.7989164829133769, 0.8456991362434489, 0.8443474317621146, 0.8322635058221064, 0.1225789629818422, 0.8334087006384336, 0.7745308934688879, 0.7745308934688884, 0.7745308934688878, 0.7745308934688878, 0.7745308934688881, 0.7745308934688886, 0.7745308934688877, 0.7745308934688875, 0.7745308934688881, 0.7745308934688881, 0.7745308934688883, 0.7745308934688881, 0.7745308934688889, 0.8444195621531282, 0.8466847736359758, 0.8466065642521996, 0.6483013184849098, 0.8417120687421562, 0.6814065919002895, 0.8450598528652273, 0.8432096482367937, 0.8446851978550791, 0.7648754268302834, 0.8450628443014149, 0.4000916385829474, 0.8268588695119542, 0.8458474164986525, 0.8459341391601759, 0.8443038464075129, 0.8204275484616967, 0.01981872863662968, 0.8464557662709967, 0.8441931009946729, 0.845106727010102, 0.8417054975636313, 0.8457165231464659, 0.8462910883114824, 0.8416277305853754, 0.8466650292048722, 0.8369005906296532, 0.8427170447673165, 0.8466908408021621, 0.7519096615288927, 0.8279022706631879, 0.8350623808453298],
  [0.08535507526333398, 0.05656921708072243, 0.001270737860100838, 0.002858256379057201, 0.0172054281980266, 0.855275796967773, 0.01585981056326707, 0.08535507526333429, 0.08535507526333401, 0.08535507526333434, 0.08535507526333434, 0.08535507526333393, 0.08535507526333376, 0.08535507526333429, 0.08535507526333463, 0.08535507526333394, 0.08535507526333402, 0.08535507526333407, 0.08535507526333411, 0.08535507526333336, 0.002780367376868381, 6.465345051932731e-05, 0.0001571826424833791, 0.2345262219242295, 0.006032683050528476, 0.1953901119331623, 0.00205127760889159, 0.004243576131927301, 0.002464365447269146, 0.09683164457207286, 0.002045719818803516, 0.5276008901587589, 0.02359885947535569, 0.001070119135108125, 0.0009984323323702457, 0.002947562136421327, 0.03125872781100403, 0.9766015640885467, 0.0004030254684872322, 0.003076679694306801, 0.002030587706881055, 0.006074950744718862, 0.001264665196598608, 0.0005916361486549962, 0.006135188539704153, 5.513117745005449e-05, 0.01171930197322203, 0.004828847723477233, 5.321581738578582e-05, 0.1121230419607755, 0.02236315784489985, 0.01390634932656297],
  [0.1401140312677781, 0.1445143000059006, 0.1530301258964502, 0.1527943118588282, 0.1505310659798669, 0.02214524005038483, 0.1507314887982994, 0.1401140312677778, 0.1401140312677777, 0.1401140312677778, 0.1401140312677778, 0.140114031267778, 0.1401140312677777, 0.140114031267778, 0.1401140312677777, 0.1401140312677779, 0.140114031267778, 0.1401140312677777, 0.1401140312677776, 0.1401140312677777, 0.1528000704700034, 0.1532505729135047, 0.153236253105317, 0.1171724595908607, 0.1522552482073154, 0.1232032961665481, 0.1528888695258812, 0.152546775631279, 0.1528504366976517, 0.1382929285976436, 0.1528914358797816, 0.0723074712582938, 0.1495422710126902, 0.1530824643662393, 0.1530674285074537, 0.1527485914560658, 0.1483137237272992, 0.003579707274823498, 0.1531412082605161, 0.1527302193110204, 0.1528626852830169, 0.1522195516916498, 0.1530188116569354, 0.1531172755398627, 0.1522370808749202, 0.1532798396176778, 0.151380107397125, 0.1524541075092064, 0.1532559433804522, 0.1359672965103318, 0.1497345714919123, 0.1510312698281071] 
  ],
 "analysis":{
   "authors":"Sergei L Kosakovsky Pond",
   "citation":"*Gene-wide identification of episodic selection*, Mol Biol Evol. 32(5):1365-71",
   "contact":"spond@temple.edu",
   "info":"BUSTED (branch-site unrestricted statistical test of episodic diversification) uses a random effects branch-site model fitted \njointly to all or a subset of tree branches in order to test for alignment-wide evidence of episodic diversifying selection. \nAssuming there is evidence of positive selection (i.e. there is an omega > 1),  BUSTED will also perform a quick evidence-ratio \nstyle analysis to explore which individual sites may have been subject to selection. v2.0 adds support for synonymous rate variation, \nand relaxes the test statistic to 0.5 (chi^2_0 + chi^2_2). Version 2.1 adds a grid search for the initial starting point.\nVersion 2.2 changes the grid search to LHC, and adds an initial search phase to use adaptive Nedler-Mead. Version 3.0 implements the option\nfor branch-site variation in synonymous substitution rates. Version 3.1 adds HMM auto-correlation option for SRV, and binds SRV distributions for multiple branch sets\n",
   "requirements":"in-frame codon alignment and a phylogenetic tree (optionally annotated with {})",
   "version":"3.1"
  },
 "background":0,
 "branch attributes":{
   "0":{
     "CD8A_DANRE":{
       "MG94xREV with separate rates for branch sets":0.2693011343917818,
       "Nucleotide GTR":0.2071767007235827,
       "original name":"CD8A_DANRE",
       "unconstrained":0.3956297958933331
      },
     "ENSGACP00000011825":{
       "MG94xREV with separate rates for branch sets":0.07377166841325387,
       "Nucleotide GTR":0.075417316490016,
       "original name":"ENSGACP00000011825",
       "unconstrained":0.09163736993566224
      },
     "ENSGMOP00000009560":{
       "MG94xREV with separate rates for branch sets":0.2810299716483896,
       "Nucleotide GTR":0.1875830443953469,
       "original name":"ENSGMOP00000009560",
       "unconstrained":0.4130431945606625
      },
     "ENSONIP00000025678":{
       "MG94xREV with separate rates for branch sets":0.08324170353134669,
       "Nucleotide GTR":0.07565408102113502,
       "original name":"ENSONIP00000025678",
       "unconstrained":0.102380550867184
      },
     "ENSORLP00000010686":{
       "MG94xREV with separate rates for branch sets":0.1647496957588133,
       "Nucleotide GTR":0.1499313826112191,
       "original name":"ENSORLP00000010686",
       "unconstrained":0.2122632171656309
      },
     "ENSTNIP00000000873":{
       "MG94xREV with separate rates for branch sets":0.0928388927639841,
       "Nucleotide GTR":0.08326010712026545,
       "original name":"ENSTNIP00000000873",
       "unconstrained":0.1097485977268345
      },
     "NODE_3":{
       "MG94xREV with separate rates for branch sets":0.04723164953086983,
       "Nucleotide GTR":0.03383752422664134,
       "unconstrained":0.04428386063896218
      },
     "NODE_5":{
       "MG94xREV with separate rates for branch sets":0.03105037192494133,
       "Nucleotide GTR":0.04804651203191573,
       "unconstrained":0.03317867193447369
      },
     "NODE_8":{
       "MG94xREV with separate rates for branch sets":0.04914849722276771,
       "Nucleotide GTR":0.04422281362850677,
       "unconstrained":0.06362118828693764
      },
     "NODE_9":{
       "MG94xREV with separate rates for branch sets":0.1044428232068941,
       "Nucleotide GTR":0.08306116863153525,
       "unconstrained":0.1256431595792279
      },
     "Q2HWR4_TAKRU":{
       "MG94xREV with separate rates for branch sets":0.05410048093824581,