{
 "Evidence Ratios":{
  },
 "Site Log Likelihood":{
   "unconstrained":    [
[-3.037197173773012, -4.87297629163253, -3.838105932300971, -4.496183838713343, -3.844629982024792, -3.467837529105604, -4.158299153018912, -4.875831118076652, -4.87297629163253, -3.46406480916964, -5.056132237462892, -3.093796405974271, -3.407465576968384, -9.943744599282482, -6.661020555797114, -3.430121920322295, -4.46224094986599, -4.36125661575906, -4.499038665157463, -3.093796405974272, -3.093796405974272, -4.124997542026132, -3.037197173773012, -3.844629982024792, -4.496183838713343, -4.855163219049149, -3.467837529105604, -4.08819982673466, -3.430121920322295, -4.48112209591782, -3.093796405974272, -4.517919811209289, -4.515064984765166, -3.467837529105604, -3.804163043453619, -4.855163219049149, -4.517919811209289, -3.093796405974272, -3.46406480916964, -3.46406480916964, -4.518837704701126, -4.518837704701126, -4.499038665157463, -3.407465576968385, -3.467837529105604, -4.125915435517968, -3.968331869209777, -5.056132237462895, -4.214898385220161, -3.430121920322295, -4.161153979463035, -3.838105932300971, -3.467837529105604, -5.268753387259817, -4.124356264171556, -4.161153979463035, -4.158299153018911, -4.875831118076653, -3.781506700099714, -4.338600272405148, -4.304657383557797, -3.804163043453619, -5.056132237462895, -4.895630157620325, -4.517919811209289, -4.36125661575906, -3.407465576968385, -4.217753211664288, -3.844629982024792, -4.502707888437163, -4.124356264171556, -3.784361526543832, -5.056132237462895, -4.158299153018911, -4.499038665157463, -4.024931101411033, -5.075931277006562, -4.214898385220161, -3.781506700099714, -4.158299153018911, -4.024931101411033, -3.46406480916964, -4.875831118076653, -4.518837704701126, -3.410320403412505, -5.053277411018775, -4.024931101411033, -3.968331869209777, -4.124356264171556, -4.122142715582013, -3.784361526543832, -3.46406480916964, -4.122142715582013, -4.855163219049149, -5.053277411018774, -3.840960758745094, -3.407465576968384, -4.217753211664288, -4.361256615759062, -3.093796405974271, -4.361256615759062, -4.144796581569802] 
    ]
  },
 "Synonymous site-posteriors":  [
[1, 0.9999999999999999, 1, 1, 1, 1, 1, 1, 0.9999999999999999, 1, 1, 1, 1, 1, 1, 1, 1, 1, 1, 1, 1, 1, 1, 1, 1, 0.9999999999999999, 1, 1, 1, 0.9999999999999999, 1, 1, 0.9999999999999999, 1, 1, 0.9999999999999999, 1, 1, 1, 1, 1, 1, 1, 1, 1, 1, 1, 1, 1, 1, 1, 1, 1, 1, 1, 1, 1, 1, 1, 0.9999999999999999, 1, 1, 1, 0.9999999999999999, 1, 1, 1, 1, 1, 1, 1, 1, 1, 1, 1, 1, 1, 1, 1, 1, 1, 1, 1, 1, 1, 0.9999999999999999, 1, 1, 1, 1, 1, 1, 1, 0.9999999999999999, 1, 1, 1, 1, 1, 1, 1, 1],
  [0, 0, 0, 0, 0, 0, 0, 0, 0, 0, 0, 0, 0, 0, 0, 0, 0, 0, 0, 0, 0, 0, 0, 0, 0, 0, 0, 0, 0, 0, 0, 0, 0, 0, 0, 0, 0, 0, 0, 0, 0, 0, 0, 0, 0, 0, 0, 0, 0, 0, 0, 0, 0, 0, 0, 0, 0, 0, 0, 0, 0, 0, 0, 0, 0, 0, 0, 0, 0, 0, 0, 0, 0, 0, 0, 0, 0, 0, 0, 0, 0, 0, 0, 0, 0, 0, 0, 0, 0, 0, 0, 0, 0, 0, 0, 0, 0, 0, 0, 0, 0, 0],
  [0, 0, 0, 0, 0, 0, 0, 0, 0, 0, 0, 0, 0, 0, 0, 0, 0, 0, 0, 0, 0, 0, 0, 0, 0, 0, 0, 0, 0, 0, 0, 0, 0, 0, 0, 0, 0, 0, 0, 0, 0, 0, 0, 0, 0, 0, 0, 0, 0, 0, 0, 0, 0, 0, 0, 0, 0, 0, 0, 0, 0, 0, 0, 0, 0, 0, 0, 0, 0, 0, 0, 0, 0, 0, 0, 0, 0, 0, 0, 0, 0, 0, 0, 0, 0, 0, 0, 0, 0, 0, 0, 0, 0, 0, 0, 0, 0, 0, 0, 0, 0, 0] 
  ],
 "analysis":{
   "authors":"Sergei L Kosakovsky Pond",
   "citation":"*Gene-wide identification of episodic selection*, Mol Biol Evol. 32(5):1365-71",
   "contact":"spond@temple.edu",
   "info":"BUSTED (branch-site unrestricted statistical test of episodic diversification) uses a random effects branch-site model fitted \njointly to all or a subset of tree branches in order to test for alignment-wide evidence of episodic diversifying selection. \nAssuming there is evidence of positive selection (i.e. there is an omega > 1),  BUSTED will also perform a quick evidence-ratio \nstyle analysis to explore which individual sites may have been subject to selection. v2.0 adds support for synonymous rate variation, \nand relaxes the test statistic to 0.5 (chi^2_0 + chi^2_2). Version 2.1 adds a grid search for the initial starting point.\nVersion 2.2 changes the grid search to LHC, and adds an initial search phase to use adaptive Nedler-Mead. Version 3.0 implements the option\nfor branch-site variation in synonymous substitution rates. Version 3.1 adds HMM auto-correlation option for SRV, and binds SRV distributions for multiple branch sets\n",
   "requirements":"in-frame codon alignment and a phylogenetic tree (optionally annotated with {})",
   "version":"3.1"
  },
 "background":0,
 "branch attributes":{
   "0":{
     "CABZ01021450_1_DANRE":{
       "MG94xREV with separate rates for branch sets":0.0001347406636225774,
       "Nucleotide GTR":0.0004107744259119985,
       "original name":"CABZ01021450.1_DANRE",
       "unconstrained":6.238035747840734e-05
      },
     "ENSACAP00000003686":{
       "MG94xREV with separate rates for branch sets":0,
       "Nucleotide GTR":0,
       "original name":"ENSACAP00000003686",
       "unconstrained":0
      },
     "ENSACAP00000003688":{
       "MG94xREV with separate rates for branch sets":0,
       "Nucleotide GTR":0,
       "original name":"ENSACAP00000003688",
       "unconstrained":0
      },
     "ENSACAP00000012635":{
       "MG94xREV with separate rates for branch sets":0,
       "Nucleotide GTR":0,
       "original name":"ENSACAP00000012635",
       "unconstrained":0
      },
     "ENSACAP00000012646":{
       "MG94xREV with separate rates for branch sets":0.3818234045136752,
       "Nucleotide GTR":0.2060448522757249,
       "original name":"ENSACAP00000012646",
       "unconstrained":0.3845786629764355
      },
     "ENSACAP00000012702":{
       "MG94xREV with separate rates for branch sets":0.1447457085206126,
       "Nucleotide GTR":0,
       "original name":"ENSACAP00000012702",
       "unconstrained":0.1918158548727398
      },
     "ENSACAP00000018593":{
       "MG94xREV with separate rates for branch sets":0,
       "Nucleotide GTR":0,
       "original name":"ENSACAP00000018593",
       "unconstrained":0
      },
     "ENSACAP00000019178":{
       "MG94xREV with separate rates for branch sets":0.2779726454735472,
       "Nucleotide GTR":0.1886159107093196,
       "original name":"ENSACAP00000019178",
       "unconstrained":0.2800415597486227
      },
     "ENSACAP00000019210":{
       "MG94xREV with separate rates for branch sets":0.0001236022167146299,
       "Nucleotide GTR":0.0003898964061434129,
       "original name":"ENSACAP00000019210",
       "unconstrained":2.791133998268369e-05
      },
     "ENSACAP00000019712":{
       "MG94xREV with separate rates for branch sets":0,
       "Nucleotide GTR":0,
       "original name":"ENSACAP00000019712",
       "unconstrained":0
      },
     "ENSACAP00000019978":{
       "MG94xREV with separate rates for branch sets":0,
       "Nucleotide GTR":0,
       "original name":"ENSACAP00000019978",
       "unconstrained":0
      },
     "ENSACAP00000020473":{
       "MG94xREV with separate rates for branch sets":0,
       "Nucleotide GTR":0,
       "original name":"ENSACAP00000020473",
       "unconstrained":0
      },
     "ENSMODP00000002293":{
       "MG94xREV with separate rates for branch sets":6.188048633284145e-19,
       "Nucleotide GTR":9.417895268699931e-19,
       "original name":"ENSMODP00000002293",
       "unconstrained":6.817359395754053e-05
      },
     "ENSMODP00000010515":{
       "MG94xREV with separate rates for branch sets":0,
       "Nucleotide GTR":0,
       "original name":"ENSMODP00000010515",
       "unconstrained":0
      },
     "ENSMODP00000028038":{
       "MG94xREV with separate rates for branch sets":0,
       "Nucleotide GTR":0,
       "original name":"ENSMODP00000028038",
       "unconstrained":0
      },
     "ENSMODP00000028576":{
       "MG94xREV with separate rates for branch sets":0.0001012109548316352,
       "Nucleotide GTR":0.0003376359659825147,
       "original name":"ENSMODP00000028576",