{
 "Evidence Ratios":{
  },
 "Site Log Likelihood":{
   "unconstrained":    [
[-6.565360984683617, -11.25601297683587, -22.48471189416839, -3.571141399462641, -9.868766439304109, -13.56185577752249, -17.3904146655869, -40.47656022253162, -17.6638807903801, -11.04615022998187, -45.77547158007471, -12.41725363354268, -24.96543798624507, -7.98964715241138, -8.71678090290761, -14.33659140292526, -23.55387613948889, -19.96036098064419, -22.77473054342735, -25.40159163898592, -20.893810002195, -9.220869032411997, -9.240641816020124, -18.27678528280347, -19.39811081788971, -22.98496077825977, -14.94622980159511, -24.0269982988806, -43.96930055243955, -31.29753970763345, -15.6377480122326, -47.10770048634563, -8.379458916662344, -14.49029880626494, -17.49032698144952, -9.882980199248758, -12.4466305686759, -13.72616988589375, -13.92902452234324, -5.595602315168764, -5.504098576719043, -8.835076136828793, -18.27198873508277, -13.29357509113727, -9.928786436053423, -10.19581407767121, -7.008428157245576] 
    ]
  },
 "Synonymous site-posteriors":  [
[0.1020138376531242, 0.2428535219215501, 0.9144054503642091, 0.4609195949326878, 0.2411030946005711, 0.2817230633240885, 0.4623321541630023, 0.9772439608315753, 0.4744902168558529, 0.3965273200926207, 0.0004225817260600155, 0.0631783704209368, 0.822941212600817, 0.1937741897412524, 0.2502422913058832, 0.2473514781070789, 0.6765108862841815, 0.6729165094280387, 0.8830004068727597, 0.9114217864878107, 0.7857412159089557, 0.224596129203546, 0.05088225995064207, 0.633805377257688, 0.6482473237258665, 0.6300097360511131, 0.3314618823413206, 0.6262933104391301, 0.9922102110320812, 0.9645076841518345, 0.3562478251637247, 0.002695901338116129, 0.2386702868258066, 0.4044579021819187, 0.6215592024996257, 0.1762583955620488, 0.3765894245403831, 0.7326689563125286, 0.5851090957616311, 0.2107670448822507, 0.2180512395773489, 0.1894786959988215, 0.6352139501075765, 0.4118490377288946, 0.5944423805678021, 0.6757339280168295, 0.08972674439191138],
  [1.245448012706781e-09, 1.319631255700527e-07, 0.0008532649653835069, 0.0467595012550027, 6.672537334873015e-07, 8.008728425921733e-08, 6.064225776499329e-07, 0.000506722168466701, 1.842843946051351e-06, 2.951444032366384e-06, 0.9995773467654675, 1.584931387254144e-12, 0.0004380074818230806, 1.550440112915529e-07, 1.191226258158401e-06, 2.08775222213836e-08, 5.990919425829906e-06, 1.024931393895177e-05, 1.764924974338921e-05, 0.0006403297469354793, 3.27462296995517e-05, 6.778970231406589e-07, 1.262434466952034e-11, 4.745218372979882e-06, 6.013791018587789e-06, 2.809516788361595e-06, 2.218464047689981e-06, 6.255914196713385e-09, 0.0008472834267893024, 0.01584205169423175, 2.305245030770114e-07, 0.9973033967058774, 8.691481674587054e-07, 3.918147973354636e-07, 1.976589733957389e-06, 2.771855101563898e-08, 0.0003507803990746669, 0.08816527263923933, 0.001213617846942242, 9.048020741665398e-06, 1.463063844108773e-05, 2.097264817582192e-06, 0.001650412595509274, 8.574475911280445e-05, 0.001890217288021324, 0.04803051318626105, 6.974719276516344e-07],
  [0.8979861611014279, 0.7571463461153243, 0.0847412846704074, 0.4923209038123094, 0.7588962381456954, 0.7182768565886271, 0.53766723941442, 0.02224931699995788, 0.525507940300201, 0.603469728463347, 7.150847257924839e-08, 0.9368216295774782, 0.1766207799173598, 0.8062256552147364, 0.7497565174678588, 0.7526485010153988, 0.3234831227963926, 0.3270732412580225, 0.116981943877497, 0.08793788376525374, 0.2142260378613448, 0.7754031928994308, 0.9491177400367335, 0.3661898775239389, 0.351746662483115, 0.3699874544320985, 0.6685358991946317, 0.3737066833049558, 0.006942505541129597, 0.01965026415393381, 0.6437519443117723, 7.019560065432165e-07, 0.761328844026026, 0.5955417060032842, 0.3784388209106404, 0.8237415767194002, 0.6230597950605423, 0.1791657710482321, 0.4136772863914268, 0.7892239070970076, 0.7819341297842101, 0.8105192067363609, 0.3631356372969141, 0.5880652175119927, 0.4036674021441766, 0.2762355587969095, 0.910272558136161] 
  ],
 "analysis":{
   "authors":"Sergei L Kosakovsky Pond",
   "citation":"*Gene-wide identification of episodic selection*, Mol Biol Evol. 32(5):1365-71",
   "contact":"spond@temple.edu",
   "info":"BUSTED (branch-site unrestricted statistical test of episodic diversification) uses a random effects branch-site model fitted \njointly to all or a subset of tree branches in order to test for alignment-wide evidence of episodic diversifying selection. \nAssuming there is evidence of positive selection (i.e. there is an omega > 1),  BUSTED will also perform a quick evidence-ratio \nstyle analysis to explore which individual sites may have been subject to selection. v2.0 adds support for synonymous rate variation, \nand relaxes the test statistic to 0.5 (chi^2_0 + chi^2_2). Version 2.1 adds a grid search for the initial starting point.\nVersion 2.2 changes the grid search to LHC, and adds an initial search phase to use adaptive Nedler-Mead. Version 3.0 implements the option\nfor branch-site variation in synonymous substitution rates. Version 3.1 adds HMM auto-correlation option for SRV, and binds SRV distributions for multiple branch sets\n",
   "requirements":"in-frame codon alignment and a phylogenetic tree (optionally annotated with {})",
   "version":"3.1"
  },
 "background":0,
 "branch attributes":{
   "0":{
     "CLPSL2_AILME":{
       "MG94xREV with separate rates for branch sets":0.02677952043182894,
       "Nucleotide GTR":0.02520627673859622,
       "original name":"CLPSL2_AILME",
       "unconstrained":0.01657473482231998
      },
     "CLPSL2_CALJA":{
       "MG94xREV with separate rates for branch sets":0.04460292362641113,
       "Nucleotide GTR":0.04138710707661094,
       "original name":"CLPSL2_CALJA",
       "unconstrained":0.06399430016173374
      },
     "CLPSL2_CANFA":{
       "MG94xREV with separate rates for branch sets":0.03549605829605822,
       "Nucleotide GTR":0.03474549345692855,
       "original name":"CLPSL2_CANFA",
       "unconstrained":0.04963144670582662
      },
     "CLPSL2_FELCA":{
       "MG94xREV with separate rates for branch sets":0.1015969228380142,
       "Nucleotide GTR":0.1015897348831544,
       "original name":"CLPSL2_FELCA",
       "unconstrained":0.1487231315297729
      },
     "CLPSL2_GGOR":{
       "MG94xREV with separate rates for branch sets":0.007652241486678978,
       "Nucleotide GTR":0.007386840138411459,
       "original name":"CLPSL2_GGOR",
       "unconstrained":0.007944770950094965
      },
     "CLPSL2_HUMAN":{
       "MG94xREV with separate rates for branch sets":1.980132734301069e-18,
       "Nucleotide GTR":4.398498697694969e-18,
       "original name":"CLPSL2_HUMAN",
       "unconstrained":5.178045128010148e-19
      },
     "CLPSL2_NOMLE":{
       "MG94xREV with separate rates for branch sets":0.01132285019529758,
       "Nucleotide GTR":0.009396807977859554,
       "original name":"CLPSL2_NOMLE",
       "unconstrained":0
      },
     "CLPSL2_OCHPR":{
       "MG94xREV with separate rates for branch sets":0.2063088601790271,
       "Nucleotide GTR":0.1965770497116783,
       "original name":"CLPSL2_OCHPR",
       "unconstrained":0.3260208509288302
      },
     "CLPSL2_OTOGA":{
       "MG94xREV with separate rates for branch sets":0.1350481714596105,
       "Nucleotide GTR":0.1234313290133243,
       "original name":"CLPSL2_OTOGA",
       "unconstrained":0.1854536291024076
      },
     "CLPSL2_PANTR":{
       "MG94xREV with separate rates for branch sets":3.960265468602138e-18,
       "Nucleotide GTR":8.854318991007168e-18,
       "original name":"CLPSL2_PANTR",
       "unconstrained":0
      },
     "CLPSL2_PONAB":{
       "MG94xREV with separate rates for branch sets":0.01524155178747404,
       "Nucleotide GTR":0.01477609336309203,
       "original name":"CLPSL2_PONAB",
       "unconstrained":0.01722285456767118
      },
     "CLPSL2_PROCA":{
       "MG94xREV with separate rates for branch sets":0.1888391613101051,