{
 "Evidence Ratios":{
  },
 "Site Log Likelihood":{
   "unconstrained":    [
[-15.79130481209697, -25.6356572269428, -20.03962591366601, -18.42642028196863, -42.17392173559452, -20.4784960180367, -17.20608610743129, -16.86517193860758, -29.83297358873935, -41.89707095217358, -12.40658022929613, -27.63747115017315, -13.34002449848255, -13.97432694334476, -22.92787757203948, -16.82200178834691, -24.74516552413096, -15.85309228226928, -21.96200305084956, -18.98965108372866, -24.68116069817793, -24.94560527783539, -14.82457436459626, -25.73193046697752, -18.94592740411006, -18.48106906320021, -33.13316767216693, -20.40527392154729, -20.5902971456428, -17.35911637179041, -39.50632473892261, -25.84716437924803, -31.98694635124725, -36.03940094293299, -13.1043529319234, -11.14973082731323, -28.70511038778111, -36.45996521142126, -23.93258827269214, -13.0557562569242, -20.93219093019702, -11.41018961210318, -18.50615993967572, -18.13749689152914, -22.6234386263697, -23.91127059635414, -16.66692570625525, -21.21400268308539, -15.5380003446298, -16.52962304252702, -24.88593949278413, -24.62988624412375, -13.49745517779715, -23.26258068691601, -26.98035224376816, -17.42600408447753, -36.51551362469853, -19.08842581087046, -34.19436059045501, -7.37187787650413, -17.12026952025857, -20.28802900045527, -23.55837950851563, -21.84251124938102, -27.59239220931201, -31.48337768947966, -16.69251007858226, -18.62036582868124, -32.10146743974531, -14.69537936081447, -16.41499690784933, -22.89252817732989, -36.63683264514724, -18.7321583126016, -17.74071177978896, -26.00409994692352, -13.3171779836643, -25.42841133949576, -16.31035745124369, -18.14046728376347] 
    ]
  },
 "Synonymous site-posteriors":  [
[0, 0, 0, 0, 0, 0, 0, 0, 0, 0, 0, 0, 0, 0, 0, 0, 0, 0, 0, 0, 0, 0, 0, 0, 0, 0, 0, 0, 0, 0, 0, 0, 0, 0, 0, 0, 0, 0, 0, 0, 0, 0, 0, 0, 0, 0, 0, 0, 0, 0, 0, 0, 0, 0, 0, 0, 0, 0, 0, 0, 0, 0, 0, 0, 0, 0, 0, 0, 0, 0, 0, 0, 0, 0, 0, 0, 0, 0, 0, 0],
  [0.0009508921605578518, 0.02819949671686468, 0.005259123523435778, 0.002607098224243668, 0.9955698083734501, 0.001175341763240696, 0.0004585218483309264, 0.007831709873338869, 0.6049733077851877, 0.9980291672100959, 0.01690712618454658, 0.1582192913518866, 0.00152822011973698, 0.001147976178772797, 0.02584070178416662, 0.004830833889855321, 0.438174341134646, 0.0003119680197597691, 0.009555896234693589, 0.007473244644466268, 0.02451603371899684, 0.004622517372792655, 0.003193013325547575, 0.2577758288059729, 0.007072100639200393, 0.02035931748342962, 0.9011471172181919, 0.01333382708713355, 0.002880585422834102, 0.002800530315872701, 0.998195810748172, 0.0610585793383968, 0.4657933397985446, 0.7329975594770736, 0.001065145287993995, 0.005018402353890457, 0.1171114212421786, 0.7277373709528385, 0.02542200048795304, 0.001325862707149715, 0.00475520268313892, 0.002356056794931406, 0.1856280224890612, 0.004807449993462072, 0.3771617004109703, 0.02402471080088137, 0.002063709192512445, 0.03404851241062586, 0.0002481405255521162, 0.05433314473579603, 0.1393788641155762, 0.05975569010308164, 4.809671838129584e-05, 0.1262419216171498, 0.07298458900434968, 0.03107153571142011, 0.8064335554866491, 0.01696478791380214, 0.6498172947078742, 0.0007095519029841628, 0.002683673544112328, 0.02934694669700155, 0.01348255578340066, 0.0160534617963363, 0.1934804660213692, 0.9898272997623897, 0.004696824579418354, 0.1680231376518429, 0.8967762911702507, 0.009624041909380402, 0.003423355542509264, 0.1093055869607089, 0.9825408984723267, 0.00388713978174144, 0.00323186755658315, 0.009062244373940665, 0.004183727269497283, 0.1941487662276364, 0.02624410549858667, 0.02188566957387063],
  [0.9990491078394421, 0.9718005032831352, 0.9947408764765642, 0.9973929017757565, 0.004430191626549874, 0.9988246582367593, 0.9995414781516689, 0.9921682901266612, 0.3950266922148122, 0.001970832789904076, 0.9830928738154533, 0.8417807086481135, 0.9984717798802629, 0.9988520238212272, 0.9741592982158334, 0.9951691661101446, 0.561825658865354, 0.9996880319802403, 0.9904441037653066, 0.9925267553555337, 0.9754839662810031, 0.9953774826272073, 0.9968069866744524, 0.7422241711940272, 0.9929278993607996, 0.9796406825165704, 0.09885288278180816, 0.9866661729128664, 0.9971194145771659, 0.9971994696841273, 0.001804189251827895, 0.9389414206616031, 0.5342066602014554, 0.2670024405229265, 0.9989348547120059, 0.9949815976461096, 0.8828885787578215, 0.2722626290471615, 0.974577999512047, 0.9986741372928503, 0.9952447973168611, 0.9976439432050686, 0.8143719775109388, 0.9951925500065379, 0.6228382995890297, 0.9759752891991186, 0.9979362908074876, 0.9659514875893741, 0.9997518594744479, 0.945666855264204, 0.8606211358844239, 0.9402443098969183, 0.9999519032816186, 0.8737580783828502, 0.9270154109956504, 0.9689284642885799, 0.1935664445133509, 0.9830352120861978, 0.3501827052921259, 0.9992904480970158, 0.9973163264558876, 0.9706530533029986, 0.9865174442165994, 0.9839465382036636, 0.8065195339786307, 0.01017270023761034, 0.9953031754205817, 0.831976862348157, 0.1032237088297492, 0.9903759580906196, 0.9965766444574907, 0.8906944130392911, 0.0174591015276732, 0.9961128602182584, 0.9967681324434168, 0.9909377556260593, 0.9958162727305028, 0.8058512337723637, 0.9737558945014133, 0.9781143304261294] 
  ],
 "analysis":{
   "authors":"Sergei L Kosakovsky Pond",
   "citation":"*Gene-wide identification of episodic selection*, Mol Biol Evol. 32(5):1365-71",
   "contact":"spond@temple.edu",
   "info":"BUSTED (branch-site unrestricted statistical test of episodic diversification) uses a random effects branch-site model fitted \njointly to all or a subset of tree branches in order to test for alignment-wide evidence of episodic diversifying selection. \nAssuming there is evidence of positive selection (i.e. there is an omega > 1),  BUSTED will also perform a quick evidence-ratio \nstyle analysis to explore which individual sites may have been subject to selection. v2.0 adds support for synonymous rate variation, \nand relaxes the test statistic to 0.5 (chi^2_0 + chi^2_2). Version 2.1 adds a grid search for the initial starting point.\nVersion 2.2 changes the grid search to LHC, and adds an initial search phase to use adaptive Nedler-Mead. Version 3.0 implements the option\nfor branch-site variation in synonymous substitution rates. Version 3.1 adds HMM auto-correlation option for SRV, and binds SRV distributions for multiple branch sets\n",
   "requirements":"in-frame codon alignment and a phylogenetic tree (optionally annotated with {})",
   "version":"3.1"
  },
 "background":0,
 "branch attributes":{
   "0":{
     "ENSACAP00000020624":{
       "MG94xREV with separate rates for branch sets":0.3981640288072241,
       "Nucleotide GTR":0.2668757962497534,
       "original name":"ENSACAP00000020624",
       "unconstrained":0.554593536189013
      },
     "ENSGACP00000012694":{
       "MG94xREV with separate rates for branch sets":0.1600996706145547,
       "Nucleotide GTR":0.1285915529537522,
       "original name":"ENSGACP00000012694",
       "unconstrained":0.2325192931879727
      },
     "ENSGMOP00000021458":{
       "MG94xREV with separate rates for branch sets":0.2035851427371621,
       "Nucleotide GTR":0.1655435712546236,
       "original name":"ENSGMOP00000021458",
       "unconstrained":0.2918433150796396
      },
     "ENSMGAP00000016701":{
       "MG94xREV with separate rates for branch sets":0.0281338492892717,
       "Nucleotide GTR":0.02611331207059256,
       "original name":"ENSMGAP00000016701",
       "unconstrained":0.03135439503390762
      },
     "ENSONIP00000007505":{
       "MG94xREV with separate rates for branch sets":0.1092352487399681,
       "Nucleotide GTR":0.09963576452769647,
       "original name":"ENSONIP00000007505",
       "unconstrained":0.1562623490368383
      },
     "ENSORLP00000008565":{
       "MG94xREV with separate rates for branch sets":0.2120065577060467,
       "Nucleotide GTR":0.1866631475012298,
       "original name":"ENSORLP00000008565",