{
 "Evidence Ratios":{
   "constrained":    [
[1.066053395325887, 1.030921846313445, 1.014742419277495, 0.9735820483594129, 1.05164462240835, 1.031451915884941, 0.9877750477708764, 1.014859541973721, 1.027114920907147, 0.9797022963050724, 1.009735212703524, 0.9896110140191999, 1.003511031825383, 1.060686636916505, 0.9820105074150381, 0.9999999999999991, 1, 1.026118277888094, 1.019652107113929, 1.040401564657626, 1.019067195185754, 0.9806404718421841, 0.9836966373452092, 0.9905760718983265, 0.9893328677447013, 0.9814557610771766, 1, 1.000000000000001, 1.011055921497896, 0.9806533867618636, 1.029028878158202, 1.020628529256921, 0.9828121002391571, 0.999955115884388, 0.9861343781603484, 0.9919597837992759, 1.029591403934015, 0.9783311943811354, 0.9897267096118314, 0.985321042991291, 0.988611013568796, 0.978568709800722, 0.9736083285557123, 0.9874031858474616, 1.002455500697465, 1.041628684568433, 0.9984470667884225, 0.9961960587738096, 0.9967432744419662, 0.9860719090194492, 1.000076208161864, 0.9809703205227724, 0.9856484345516046, 0.9897151424364546, 0.9889756747299223, 0.9845455337584748, 1.040538371047248, 0.9861343781603484, 0.9919597837992759, 0.9924398390006276, 0.9893653598529857, 0.9790597944541741, 0.9947685550731286, 0.9790387544418309, 0.9826172196684974, 0.9913569898120006, 0.9821794071089568] 
    ],
   "optimized null":    [
[1.013568562094412, 1.000856844900389, 1.001689154406619, 1.004562832529456, 0.9972079202731707, 1.002740110687647, 0.9982005457904974, 1.004408455466202, 0.987641175807111, 1.002564908977437, 1.00585552584732, 0.9991908284947197, 1.006310659469825, 1.03386095333585, 0.9938316619303095, 1, 1, 1.010842696609791, 1.012795896171892, 1.022278962477193, 0.9978439034778168, 0.9945202344240587, 0.9977963304943686, 0.9958787593107232, 1.000143965194562, 0.9977857632578014, 1, 1.000000000000002, 1.01018341556883, 0.9753808800007179, 0.9997405918891366, 1.009921513683306, 0.9963954814637148, 0.9999010112829803, 1.000446114778857, 0.9996952623266355, 0.9989463099780225, 0.9985810223158818, 0.9999668161759266, 0.9992454418546773, 1.000099391380521, 0.9912493219325625, 0.9972076752043132, 1.001299188389662, 0.9995483359950196, 0.9997666062886538, 1.010297692416186, 0.9894732707820785, 0.994849919353293, 1.000356353118669, 0.9998246136031793, 0.9873813904492, 1.000445928571346, 1.000305207308655, 0.9995759134366639, 0.9967895416007607, 0.9941500917583298, 1.000446114778857, 0.9996952623266355, 0.9989091075641126, 1.000218928172112, 0.9954756052018989, 0.9901157129803774, 0.9955156796772828, 0.9957323786848974, 0.9992738723391352, 0.9959393395659527] 
    ]
  },
 "Site Log Likelihood":{
   "constrained":    [
[-18.39248043841211, -17.75878989889986, -13.78392223721035, -8.200312343172302, -26.03619127067274, -18.7869281693068, -9.530407434645538, -17.51180911239502, -20.3026873885336, -10.84854634833303, -17.38073574517002, -4.080357148383702, -10.04551813293187, -21.502600239903, -13.68936851221223, -3.354001894918586, -4.197020676472221, -13.02655201493364, -14.8362470629181, -19.25862797696313, -16.73343192111304, -10.53761337638843, -4.978707290949442, -8.399381500851474, -4.008534876482981, -8.64530150981294, -3.909618101776074, -5.199060611196421, -13.35751232956965, -15.30914900013116, -16.0801817849906, -14.1866961092229, -8.693024505922613, -12.25371702642812, -4.766694103236619, -5.295689949739385, -23.2215340018877, -8.357426073603534, -4.798970631115423, -5.047766688007167, -4.990717437467503, -12.66646072133161, -11.37383737067824, -5.593855371605988, -11.49530567717786, -20.00511658163897, -9.102536973258939, -11.39680515069718, -11.01039034218681, -4.894391741379136, -13.31027480453998, -10.86860341884535, -5.597525340847842, -5.328633442009582, -4.229929245593633, -8.712668375687882, -21.2895115610949, -4.766694103236619, -5.295689949739385, -8.15631698104006, -5.307951620380053, -8.520326728363738, -11.38595027079448, -8.338511906815455, -7.543562223545144, -10.50249041378925, -10.25376637059419] 
    ],
   "optimized null":    [
[-18.34199435795595, -17.72919297852634, -13.77097516042335, -8.231637973432196, -25.98304003997518, -18.75869709601213, -9.540906651074192, -17.50145765845987, -20.26349773464757, -10.87161450629361, -17.37688606321482, -4.089990977519447, -10.04830408102602, -21.47698406332955, -13.70133434201937, -3.354001894918587, -4.197020676472221, -13.0115533302898, -14.82950028569353, -19.24105563042134, -16.7123858025194, -10.55166791990964, -4.992938914634696, -8.404720358724774, -4.019403265287091, -8.66180315707434, -3.909618101776074, -5.199060611196422, -13.35664899194579, -15.30375797031088, -16.05130682247583, -14.17615008515851, -8.706750801861682, -12.25366291793432, -4.781102766034799, -5.303457878668038, -23.19131772801664, -8.377913109930157, -4.809263871600458, -5.061799603983042, -5.002271161509053, -12.67933580633626, -11.39778732302487, -5.607830543441866, -11.49240142026027, -19.96409762964591, -9.114336145912029, -11.39003381815069, -11.00848899439654, -4.90877402801787, -13.310023197503, -10.87511759267062, -5.612426715233636, -5.339276714921767, -4.240590612566209, -8.725027884039374, -21.24390623143536, -4.781102766034799, -5.303457878668038, -8.162814377022416, -5.318862116658766, -8.536954628758732, -11.38126198675687, -8.35520155326101, -7.556821104747507, -10.510444599991, -10.26767873497586] 
    ],
   "unconstrained":    [
[-18.32851702449898, -17.72833650050798, -13.76928743103354, -8.227085519065847, -25.98583602482725, -18.75596073258406, -9.542707726246277, -17.49705889176888, -20.27593356422999, -10.86905288108136, -17.37104761432834, -4.090800476580701, -10.04201325038938, -21.44368377081594, -13.70752178288183, -3.354001894918587, -4.197020676472221, -13.00076899423667, -14.81678556525695, -19.21902121847184, -16.71454422676416, -10.55716275447587, -4.995145015793002, -8.408850115131393, -4.019259310454523, -8.66401984886342, -3.909618101776074, -5.19906061119642, -13.34651707800673, -15.32868520842293, -16.05156626423879, -14.16627746654931, -8.710361832327864, -12.25376191155105, -4.780656750735554, -5.303762662783362, -23.19237197356021, -8.379333095316493, -4.809297055975127, -5.062554446950648, -5.002171775067528, -12.68812499642248, -11.400583553632, -5.606532198267189, -11.49285318629616, -19.96433105059781, -9.104091113521104, -11.40061634530794, -11.01365238241761, -4.908417738377894, -13.31019859928181, -10.8878164930289, -5.611980886058888, -5.338971554179388, -4.241014789079683, -8.728243507016918, -21.24977331741514, -4.780656750735554, -5.303762662783362, -8.163905864914549, -5.318643212447929, -8.541489289607792, -11.39119544764216, -8.359695958308155, -7.561097858349811, -10.51117099141024, -10.27174766227837] 
    ]
  },