{
 "Evidence Ratios":{
   "constrained":    [
[0.9999999999999991, 0.9999999999999996, 0.9999999999999996, 0.9999999999999996, 1, 1, 1.000000000000001, 0.9999999999999991, 1, 0.9999999999999996, 1, 1.000000000000001, 0.9999999999999996, 1, 1.000000000000001, 1, 1, 1, 1, 1.000000000000001, 1, 1.000000000000001, 0.9999999999999982, 0.9999999999999996, 0.6962010480520052, 0.5156514944969846, 0.5015122669711525, 27.18302056734632, 0.7206556170422027, 30.79802873029465, 0.6318087213555835, 903.8988121644011, 0.696502892996047, 0.587776510575967, 20.22449185238507, 0.4921391387360079, 1173.694680626896, 0.5156514944969846, 25.09055543358168, 32528.22605321893, 0.5866260175513119, 24.33346582413537, 24.23923450115247, 0.6318087213555835, 0.756285976053689, 0.6875481542361113] 
    ],
   "optimized null":    [
[1, 0.9999999999999991, 0.9999999999999991, 0.9999999999999991, 1.000000000000001, 0.9999999999999991, 1.000000000000001, 1.000000000000001, 0.9999999999999991, 0.9999999999999991, 0.9999999999999991, 1.000000000000001, 0.9999999999999996, 1, 1.000000000000001, 1.000000000000001, 1.000000000000001, 1.000000000000001, 1, 1.000000000000001, 1, 1.000000000000001, 0.9999999999999982, 0.9999999999999991, 1.338957591971363, 0.8995557170745915, 0.9640603233405, 1.049243858541557, 1.18346268539709, 1.595835795050649, 0.9400338739403178, 1.857575247110965, 1.211978366207021, 0.9978324594459576, 1.189047449606149, 0.908626644412221, 1.556729668274318, 0.8995557170745915, 0.9858379245498268, 8.477648665123464, 0.9487382252707833, 1.174856652668346, 0.9646044342348382, 0.9400338739403178, 0.9757093625648217, 0.9491554288768943] 
    ]
  },
 "Site Log Likelihood":{
   "constrained":    [
[-4.320501684511099, -3.831464047366195, -3.725464233873391, -3.831464047366195, -3.493948398922781, -5.475322841221218, -5.266870170281707, -4.777832533136801, -5.475322841221218, -3.725464233873391, -5.475322841221218, -5.266870170281707, -3.572296421407394, -5.517435198178081, -5.266870170281707, -5.461708643498508, -3.775578964287388, -3.702401069862292, -3.278097257479288, -5.582169022939983, -3.278097257479288, -5.582169022939983, -5.526884164466468, -3.831464047366195, -4.428587654576203, -3.753784981806006, -3.523643165310795, -11.11701530513067, -3.789588732007779, -11.89794812805466, -3.757047872112797, -17.672945536252, -3.60700194446513, -3.238170804131623, -12.76476752356315, -3.032211277427763, -17.88244595670237, -3.753784981806006, -12.04247658690493, -27.61440883209727, -3.212486642772304, -11.20550699410638, -12.12694012337995, -3.757047872112797, -3.206188876509997, -3.516117415145492] 
    ],
   "optimized null":    [
[-4.3205016845111, -3.831464047366194, -3.725464233873391, -3.831464047366194, -3.493948398922782, -5.475322841221217, -5.266870170281707, -4.777832533136802, -5.475322841221217, -3.725464233873391, -5.475322841221217, -5.266870170281707, -3.572296421407394, -5.517435198178081, -5.266870170281707, -5.461708643498508, -3.775578964287389, -3.702401069862293, -3.278097257479288, -5.582169022939983, -3.278097257479288, -5.582169022939983, -5.526884164466468, -3.831464047366194, -5.082595847582406, -4.310254836515532, -4.177168966379438, -7.862492540623136, -4.285627254528609, -8.93789505081447, -4.154377090579958, -11.48550012224535, -4.160939314440081, -3.76740939844973, -9.9310257097282, -3.645384076191649, -11.25712131206544, -4.310254836515532, -8.805721774508747, -19.36197847805528, -3.69323205192461, -8.174800539238172, -8.902930368272607, -4.154377090579958, -3.4609340544644, -3.838558112477475] 
    ],
   "unconstrained":    [
[-4.3205016845111, -3.831464047366195, -3.725464233873391, -3.831464047366195, -3.493948398922781, -5.475322841221218, -5.266870170281706, -4.777832533136801, -5.475322841221218, -3.725464233873391, -5.475322841221218, -5.266870170281706, -3.572296421407394, -5.517435198178081, -5.266870170281706, -5.461708643498508, -3.775578964287388, -3.702401069862292, -3.278097257479288, -5.582169022939982, -3.278097257479288, -5.582169022939982, -5.52688416446647, -3.831464047366195, -4.790704452792871, -4.416109121752394, -4.213770376629474, -7.814422770597593, -4.117182634080297, -8.47049744238652, -4.216216458840609, -10.8662281155713, -3.96868527661644, -3.769579291519863, -9.757873185661788, -3.741205077589668, -10.81453405774689, -4.416109121752394, -8.819985089123897, -17.22454534675689, -3.745854413055705, -8.013654396813445, -8.938967542662951, -4.216216458840609, -3.485524575637336, -3.890740824514513] 
    ]
  },
 "Synonymous site-posteriors":  [
[0.1733605799154227, 0.1733605799154229, 0.1733605799154228, 0.1733605799154229, 0.1733605799154226, 0.1733605799154228, 0.1733605799154226, 0.1733605799154227, 0.1733605799154228, 0.1733605799154228, 0.1733605799154228, 0.1733605799154226, 0.1733605799154228, 0.1733605799154226, 0.1733605799154226, 0.1733605799154227, 0.1733605799154226, 0.1733605799154226, 0.1733605799154227, 0.1733605799154226, 0.1733605799154227, 0.1733605799154226, 0.173360579915423, 0.1733605799154229, 0.2543685955059547, 0.3458546465972711, 0.3560943344216859, 0, 0.2439534362806855, 0, 0.2808110035113274, 0, 0.2555245491787855, 0.3023512923848434, 0, 0.3620086180048255, 0, 0.3458546465972711, 0, 0, 0.299309717104675, 0, 0, 0.2808110035113274, 0.2307071236269122, 0.2556276921302031],
  [0.8266394200845774, 0.8266394200845771, 0.8266394200845771, 0.8266394200845771, 0.8266394200845774, 0.8266394200845774, 0.8266394200845775, 0.8266394200845772, 0.8266394200845774, 0.8266394200845771, 0.8266394200845774, 0.8266394200845775, 0.8266394200845772, 0.8266394200845775, 0.8266394200845775, 0.8266394200845772, 0.8266394200845774, 0.8266394200845775, 0.8266394200845772, 0.8266394200845772, 0.8266394200845772, 0.8266394200845772, 0.8266394200845769, 0.8266394200845771, 0.7456314044940452, 0.6541453534027289, 0.6439056655783142, 1, 0.7560465637193144, 1, 0.7191889964886725, 1, 0.7444754508212146, 0.6976487076151566, 1, 0.6379913819951745, 1, 0.6541453534027289, 0.9999999999999999, 1, 0.700690282895325, 1, 1, 0.7191889964886725, 0.7692928763730877, 0.7443723078697968],
  [0, 0, 0, 0, 0, 0, 0, 0, 0, 0, 0, 0, 0, 0, 0, 0, 0, 0, 0, 0, 0, 0, 0, 0, 0, 0, 0, 0, 0, 0, 0, 0, 0, 0, 0, 0, 0, 0, 0, 0, 0, 0, 0, 0, 0, 0] 
  ],
 "analysis":{
   "authors":"Sergei L Kosakovsky Pond",
   "citation":"*Gene-wide identification of episodic selection*, Mol Biol Evol. 32(5):1365-71",
   "contact":"spond@temple.edu",
   "info":"BUSTED (branch-site unrestricted statistical test of episodic diversification) uses a random effects branch-site model fitted \njointly to all or a subset of tree branches in order to test for alignment-wide evidence of episodic diversifying selection. \nAssuming there is evidence of positive selection (i.e. there is an omega > 1),  BUSTED will also perform a quick evidence-ratio \nstyle analysis to explore which individual sites may have been subject to selection. v2.0 adds support for synonymous rate variation, \nand relaxes the test statistic to 0.5 (chi^2_0 + chi^2_2). Version 2.1 adds a grid search for the initial starting point.\nVersion 2.2 changes the grid search to LHC, and adds an initial search phase to use adaptive Nedler-Mead. Version 3.0 implements the option\nfor branch-site variation in synonymous substitution rates. Version 3.1 adds HMM auto-correlation option for SRV, and binds SRV distributions for multiple branch sets\n",
   "requirements":"in-frame codon alignment and a phylogenetic tree (optionally annotated with {})",
   "version":"3.1"
  },
 "background":0,
 "branch attributes":{
   "0":{
     "ENSSARP00000001015":{
       "MG94xREV with separate rates for branch sets":0,
       "Nucleotide GTR":0,
       "constrained":0,
       "original name":"ENSSARP00000001015",
       "unconstrained":0
      },
     "ENSSARP00000001210":{
       "MG94xREV with separate rates for branch sets":0.03686926597948519,
       "Nucleotide GTR":0.03262461191977596,
       "constrained":0.03411837327865505,