{
 "Evidence Ratios":{
  },
 "Site Log Likelihood":{
   "unconstrained":    [
[-19.04691793771226, -16.69028009173991, -26.63831147248252, -13.146670132992, -31.86771418818304, -10.69965202818196, -4.020164694387708, -10.16701992676552, -14.41546261241264, -20.13805328962766, -9.355290077759614, -21.2549692863691, -31.40007527621875, -33.85391896037803, -5.635607566999189, -11.09209423773762, -20.30827638477124, -11.7040233535145, -31.46594418756123, -13.98291828478543, -13.52379987976618, -16.91020900864214, -19.62094981401667, -13.04075396303029, -13.63631350698426, -39.31001597815748, -33.87297713608123, -29.55913424342745, -23.44922907631513, -38.20716275190503, -14.10826479865547, -11.90963913347218, -5.813519320182546, -13.89441644027522, -33.1601696330054, -13.35082506560065, -11.7441629983021, -11.73686600498956, -15.03563134697662, -15.32892167186457, -18.08705226755041, -17.86489839842465, -9.892903391043268, -6.079291528867397, -14.55370443801273, -29.41144059190497, -26.44352857121271, -23.28259713036838, -16.64265854579658, -13.89366893173172, -25.73536470442998, -6.363533466844851, -29.98313579043102, -9.088649011852793, -27.32336969542897, -4.462352334216033, -3.848097279417835, -4.63964349253683, -3.776081017286674, -4.63964349253683, -3.716028942337302, -3.763327893691778, -3.848097279417835, -4.025388437738632] 
    ]
  },
 "Synonymous site-posteriors":  [
[0.02995064972584438, 0.05636243182207546, 0.2270216559045077, 0.01029784029696333, 0.2198373394143592, 0.0285925870671743, 0.06265390079898618, 0.004397475683788845, 0.002245570587040771, 0.02565621398208157, 0.001739704588248636, 0.009088069619933189, 0.1717102113101752, 0.2373832910646804, 0.003411136091354721, 0.003866865216254264, 0.02741065025632936, 0.0127928150821053, 0.08225804770692489, 0.02048696340273889, 0.004937461878748543, 0.00561588217465321, 0.04209622453428081, 0.003118810695480513, 0.001096390544455863, 0.2413701644248366, 0.2327542300367675, 0.1478855458296692, 0.0842902687383125, 0.2384777036126035, 0.001736460597756169, 0.002453737170319421, 0.001249832532017954, 0.009577618464165655, 0.2388320687467151, 0.006199658451449186, 0.001378066483055246, 0.001743442407170333, 0.006193494508090338, 0.01330099277193103, 0.01137932086117747, 0.006113780506115852, 0.003484377251101668, 0.001286071239770901, 0.008892594962700281, 0.1811319021777109, 0.03701331500903264, 0.1791221705563496, 0.004143427492983528, 0.005164655905035584, 0.1006086321098189, 0.001067049582229445, 0.2349434637351956, 0.002515271509384649, 0.1508199742322452, 0.06265390079898624, 0.06265390079898633, 0.06265390079898615, 0.06265390079898603, 0.06265390079898615, 0.06265390079898608, 0.06265390079898639, 0.06265390079898633, 0.06265390079898633],
  [0.8765632612254753, 0.7676079550574496, 0.06181738106117199, 0.9575903093170307, 0.09207354999168903, 0.8820784867697239, 0.7412719637979223, 0.981893480787855, 0.9907633428881976, 0.8943453235972584, 0.9928428798607666, 0.9625884780238189, 0.2914686024515304, 0.01862540462944853, 0.9859520825020736, 0.9840797293676051, 0.8870320122536275, 0.9472980165990706, 0.661029683128123, 0.915545405703869, 0.979676151887023, 0.9768845893530809, 0.826511076678578, 0.9871675849883731, 0.9954933274986268, 0.0003787537481636855, 0.03830381698170793, 0.3899593740562126, 0.6524836324003876, 0.014191068685741, 0.9928594942339657, 0.9899035107110872, 0.9948571723226197, 0.9605481251856599, 0.01244981828074163, 0.9744913178947444, 0.9943354838408072, 0.9928313832451922, 0.9744999406158469, 0.9452313257783262, 0.9531496810312325, 0.9748432238299288, 0.9856561861535545, 0.994708263967067, 0.9633866744887187, 0.2523806536918798, 0.8475525168387249, 0.2608291918129077, 0.9829586053271333, 0.9787405611051365, 0.5850714272330553, 0.9956098794514717, 0.0288726577148239, 0.9896472644240897, 0.3778259931734079, 0.7412719637979217, 0.7412719637979215, 0.7412719637979217, 0.7412719637979223, 0.7412719637979217, 0.741271963797922, 0.7412719637979214, 0.7412719637979215, 0.741271963797922],
  [0.0934860890486803, 0.1760296131204749, 0.7111609630343204, 0.03211185038600603, 0.6880891105939518, 0.08932892616310169, 0.1960741354030916, 0.01370904352835619, 0.006991086524761752, 0.07999846242066005, 0.00541741555098461, 0.02832345235624798, 0.5368211862382944, 0.743991304305871, 0.01063678140657178, 0.0120534054161405, 0.08555733749004327, 0.03990916831882408, 0.2567122691649521, 0.06396763089339201, 0.01538638623422851, 0.01749952847226578, 0.131392698787141, 0.00971360431614642, 0.003410281956917169, 0.7582510818269997, 0.7289419529815246, 0.4621550801141183, 0.2632260988612998, 0.7473312277016555, 0.005404045168278059, 0.007642752118593517, 0.003892995145362263, 0.02987425635017433, 0.7487181129725432, 0.01930902365380641, 0.004286449676137651, 0.005425174347637549, 0.01930656487606282, 0.04146768144974287, 0.03547099810759009, 0.01904299566395537, 0.01085943659534377, 0.004005664793162103, 0.02772073054858097, 0.5664874441304092, 0.1154341681522425, 0.5600486376307426, 0.0128979671798831, 0.01609478298982787, 0.314319940657126, 0.003323070966298814, 0.7361838785499805, 0.007837464066525666, 0.4713540325943469, 0.1960741354030922, 0.1960741354030923, 0.1960741354030921, 0.1960741354030918, 0.1960741354030921, 0.1960741354030918, 0.1960741354030923, 0.1960741354030923, 0.1960741354030917] 
  ],
 "analysis":{
   "authors":"Sergei L Kosakovsky Pond",
   "citation":"*Gene-wide identification of episodic selection*, Mol Biol Evol. 32(5):1365-71",
   "contact":"spond@temple.edu",
   "info":"BUSTED (branch-site unrestricted statistical test of episodic diversification) uses a random effects branch-site model fitted \njointly to all or a subset of tree branches in order to test for alignment-wide evidence of episodic diversifying selection. \nAssuming there is evidence of positive selection (i.e. there is an omega > 1),  BUSTED will also perform a quick evidence-ratio \nstyle analysis to explore which individual sites may have been subject to selection. v2.0 adds support for synonymous rate variation, \nand relaxes the test statistic to 0.5 (chi^2_0 + chi^2_2). Version 2.1 adds a grid search for the initial starting point.\nVersion 2.2 changes the grid search to LHC, and adds an initial search phase to use adaptive Nedler-Mead. Version 3.0 implements the option\nfor branch-site variation in synonymous substitution rates. Version 3.1 adds HMM auto-correlation option for SRV, and binds SRV distributions for multiple branch sets\n",
   "requirements":"in-frame codon alignment and a phylogenetic tree (optionally annotated with {})",
   "version":"3.1"
  },
 "background":0,
 "branch attributes":{
   "0":{
     "4921536K21RIK_DIPOR":{
       "MG94xREV with separate rates for branch sets":0.1789167984364334,
       "Nucleotide GTR":0.1724233281511182,
       "original name":"4921536K21RIK_DIPOR",
       "unconstrained":0.2222268965683848
      },
     "4921536K21RIK_MOUSE":{
       "MG94xREV with separate rates for branch sets":0.04780433208953866,
       "Nucleotide GTR":0.05045549560222046,
       "original name":"4921536K21RIK_MOUSE",
       "unconstrained":0.05290210909821297
      },
     "C17H5ORF52_BOVIN":{
       "MG94xREV with separate rates for branch sets":0.03190550223242021,
       "Nucleotide GTR":0.03175687160444066,
       "original name":"C17H5ORF52_BOVIN",
       "unconstrained":0.03399637899116204
      },
     "C5ORF52_CANFA":{
       "MG94xREV with separate rates for branch sets":0.05854231622039419,
       "Nucleotide GTR":0.05803091502876336,
       "original name":"C5ORF52_CANFA",
       "unconstrained":0.05675555998148511
      },
     "C5ORF52_HORSE":{
       "MG94xREV with separate rates for branch sets":0.04499014247946001,
       "Nucleotide GTR":0.04458061588577265,
       "original name":"C5ORF52_HORSE",
       "unconstrained":0.04439295942362993
      },
     "C5ORF52_HUMAN":{
       "MG94xREV with separate rates for branch sets":0.006255223290360319,