{
 "Evidence Ratios":{
  },
 "Site Log Likelihood":{
   "unconstrained":    [
[-19.50543827885049, -13.78989485326873, -5.929484250807341, -6.48536736304078, -15.65756864813125, -15.79693257961236, -6.4656459893815, -14.20546562452119, -10.06452405759029, -8.825290814413597, -16.44557546758693, -10.60166439303154, -8.794011914475286, -5.706750195321587, -25.185835568328, -14.63034695705657, -8.902067561935658, -8.542992949674732, -18.82570828030078, -10.09316871380494, -15.90080903433739, -4.986306574165985, -13.29436142224877, -9.136862204607041, -12.69246044689326, -8.165136766689013, -10.00575282012588, -15.55847156636008, -12.83381467164293, -20.51362793572092, -16.21676235586474, -21.01896977572706, -22.13835434201629, -15.28802519194536, -9.241782743245821, -13.19395029169255, -23.00905351022753, -15.64152067619624, -22.68912621419932, -21.89948542626196, -17.22486167790897, -24.67272696102814, -10.13985473246898, -22.10101930063433, -13.37288145911433, -8.367825959708169, -5.758554777652183, -16.15730656630803, -5.758554777652183, -12.27834188133305, -23.04199486904959, -12.52501766797415, -13.22504233053374, -7.64946733009413, -13.65570707766178, -20.04066616170922, -12.63782518040643, -10.29610121332756, -11.82614394637464, -8.373079838133478, -19.53029732441767, -15.84262494930243, -10.99966162522024, -14.18208384223181, -5.86431519065853, -7.64946733009413, -9.128486618001357, -10.33544023581235, -7.235038317825018, -8.146468893632115, -5.280084570690359, -10.77154937261015, -7.794059802861078, -15.70783171001307] 
    ]
  },
 "Synonymous site-posteriors":  [
[0.165790310152422, 0.9295197396480269, 0.9766866276388007, 0.9878752494965768, 0.6406608027122527, 0.8612910364003512, 0.9870383596607504, 0.8111515111493073, 0.9075763864760424, 0.9580299006892324, 0.7422851923292333, 0.9485199119560387, 0.9368746464045242, 0.9629390175555399, 0.01355805875431326, 0.6930261673218544, 0.8999973401668098, 0.8969092153985216, 0.3239454119548805, 0.9352176481229945, 0.6706502920596915, 0.8785724645777006, 0.3988346863705945, 0.8998001528958386, 0.7695994011349527, 0.8922714061098176, 0.9573443929576775, 0.5735885101913617, 0.8017222902975857, 0.3484443549734449, 0.5969222137041897, 0.2956673856993113, 0.4569339122463181, 0.4728190809352584, 0.9265309026267238, 0.8668090275654229, 0.1453593310862706, 0.2631889266693392, 0.1167811396152085, 0.1725354344739743, 0.4140629896251437, 0.1768147989597235, 0.9515987999058152, 0.06084594013009458, 0.8639119749363914, 0.8828471731326777, 0.9681913784847974, 0.7062976455566711, 0.9681913784847974, 0.8215397351669019, 0.1028703078055845, 0.9400839135512369, 0.8737395371585757, 0.9083720921106359, 0.454647551838649, 0.1674104173676911, 0.7916048952803143, 0.9668798856411674, 0.8317794935734741, 0.9091143422747984, 0.4151856757447615, 0.9390774843311221, 0.9111946126891773, 0.852737638712997, 0.9698613584565307, 0.9083720921106359, 0.8889146589204727, 0.8943827672399026, 0.8040315683932382, 0.7936541838072552, 0.9327589332632257, 0.8552399165014798, 0.8448955171103754, 0.1718294539814096],
  [0.834209689847578, 0.07048026035197298, 0.02331337236119939, 0.01212475050342311, 0.3593391972877474, 0.1387089635996486, 0.01296164033924979, 0.1888484888506929, 0.09242361352395768, 0.04197009931076759, 0.2577148076707668, 0.05148008804396115, 0.06312535359547582, 0.03706098244446007, 0.9864419412456868, 0.3069738326781454, 0.1000026598331902, 0.1030907846014785, 0.6760545880451195, 0.06478235187700555, 0.3293497079403085, 0.1214275354222994, 0.6011653136294054, 0.1001998471041614, 0.2304005988650474, 0.1077285938901824, 0.04265560704232253, 0.4264114898086383, 0.1982777097024142, 0.6515556450265551, 0.4030777862958104, 0.7043326143006887, 0.5430660877536819, 0.5271809190647416, 0.0734690973732763, 0.1331909724345771, 0.8546406689137295, 0.7368110733306609, 0.8832188603847916, 0.8274645655260257, 0.5859370103748563, 0.8231852010402764, 0.0484012000941849, 0.9391540598699055, 0.1360880250636087, 0.1171528268673223, 0.03180862151520254, 0.2937023544433289, 0.03180862151520254, 0.1784602648330981, 0.8971296921944155, 0.05991608644876321, 0.1262604628414243, 0.09162790788936412, 0.5453524481613511, 0.8325895826323089, 0.2083951047196857, 0.03312011435883266, 0.168220506426526, 0.09088565772520157, 0.5848143242552384, 0.06092251566887772, 0.08880538731082278, 0.147262361287003, 0.03013864154346929, 0.09162790788936412, 0.1110853410795272, 0.1056172327600974, 0.1959684316067617, 0.2063458161927448, 0.06724106673677432, 0.1447600834985201, 0.1551044828896246, 0.8281705460185904],
  [0, 0, 0, 0, 0, 0, 0, 0, 0, 0, 0, 0, 0, 0, 0, 0, 0, 0, 0, 0, 0, 0, 0, 0, 0, 0, 0, 0, 0, 0, 0, 0, 0, 0, 0, 0, 0, 0, 0, 0, 0, 0, 0, 0, 0, 0, 0, 0, 0, 0, 0, 0, 0, 0, 0, 0, 0, 0, 0, 0, 0, 0, 0, 0, 0, 0, 0, 0, 0, 0, 0, 0, 0, 0] 
  ],
 "analysis":{
   "authors":"Sergei L Kosakovsky Pond",
   "citation":"*Gene-wide identification of episodic selection*, Mol Biol Evol. 32(5):1365-71",
   "contact":"spond@temple.edu",
   "info":"BUSTED (branch-site unrestricted statistical test of episodic diversification) uses a random effects branch-site model fitted \njointly to all or a subset of tree branches in order to test for alignment-wide evidence of episodic diversifying selection. \nAssuming there is evidence of positive selection (i.e. there is an omega > 1),  BUSTED will also perform a quick evidence-ratio \nstyle analysis to explore which individual sites may have been subject to selection. v2.0 adds support for synonymous rate variation, \nand relaxes the test statistic to 0.5 (chi^2_0 + chi^2_2). Version 2.1 adds a grid search for the initial starting point.\nVersion 2.2 changes the grid search to LHC, and adds an initial search phase to use adaptive Nedler-Mead. Version 3.0 implements the option\nfor branch-site variation in synonymous substitution rates. Version 3.1 adds HMM auto-correlation option for SRV, and binds SRV distributions for multiple branch sets\n",
   "requirements":"in-frame codon alignment and a phylogenetic tree (optionally annotated with {})",
   "version":"3.1"
  },
 "background":0,
 "branch attributes":{
   "0":{
     "D3ZEP5_RAT":{
       "MG94xREV with separate rates for branch sets":0.009117948381010817,
       "Nucleotide GTR":0.008870046027626571,
       "original name":"D3ZEP5_RAT",
       "unconstrained":0.009061908640786858
      },
     "D3ZRV5_RAT":{
       "MG94xREV with separate rates for branch sets":0.1035428702494019,
       "Nucleotide GTR":0.1033401787620117,
       "original name":"D3ZRV5_RAT",
       "unconstrained":0.1200312084721246
      },
     "ENSSARP00000003580":{
       "MG94xREV with separate rates for branch sets":0.0938528131706093,
       "Nucleotide GTR":0.09262796548478303,
       "original name":"ENSSARP00000003580",
       "unconstrained":0.09899737868533499
      },
     "ENSSARP00000008878":{
       "MG94xREV with separate rates for branch sets":0.1279154990543042,
       "Nucleotide GTR":0.1209578941079359,
       "original name":"ENSSARP00000008878",
       "unconstrained":0.1413224611264869
      },
     "F1LXT6_RAT":{
       "MG94xREV with separate rates for branch sets":0.2077763647314647,
       "Nucleotide GTR":0.1968044277296244,
       "original name":"F1LXT6_RAT",
       "unconstrained":0.2333326560594044
      },
     "IGKV19_93_MOUSE":{
       "MG94xREV with separate rates for branch sets":0.05964325549222695,
       "Nucleotide GTR":0.05663035912379406,
       "original name":"IGKV19-93_MOUSE",
       "unconstrained":0.0629349028075555
      },
     "LOC500174_RAT":{
       "MG94xREV with separate rates for branch sets":0.01378939368752408,
       "Nucleotide GTR":0.01401995606380521,
       "original name":"LOC500174_RAT",
       "unconstrained":0.01366378979400392
      },
     "NODE_12":{
       "MG94xREV with separate rates for branch sets":0.08376544202763259,
       "Nucleotide GTR":0.08082036412321271,
       "unconstrained":0.09240861812258971
      },