{
 "Evidence Ratios":{
  },
 "Site Log Likelihood":{
   "unconstrained":    [
[-4.798275907773009, -14.71036457753966, -18.64378747660879, -41.41586243481221, -21.58773715677029, -26.18309176757603, -54.85769661572988, -24.09695373045067, -24.17804715478819, -13.70495406003208, -11.39627021298341, -4.92547762841448, -20.94865775307961, -5.158955614850317, -11.15092869643212, -27.25303061755284, -7.302166835129901, -11.91165129525064, -27.423299848955, -27.51205566903267, -13.94147205594049, -20.01540405028366, -5.238216272379181, -18.99549285623309, -15.81741197762009, -18.20680380284465, -44.48225373969135, -14.43312292286591, -25.39643454333614, -18.3706740293842, -33.9048622253914, -31.44118937579255, -23.60603778872304, -11.87748107619549, -19.00289011058347, -32.72250803031701, -22.63305590913719, -5.614249798375731, -16.57397119060176, -6.792682770820503, -7.130301559158847, -28.01750192840322, -38.89810523722142, -18.81808385893019, -5.652855212106433, -27.83444678513921, -27.88052577048804, -9.69660720977466, -11.14043579320831, -18.11914582884754, -28.81604718509158, -30.16316434903167, -13.44051227322493, -30.56395834076821, -10.96934569378037, -9.565771956841111, -5.66371087174424, -37.45090334240732, -24.5730080662626, -28.32529424552147, -4.774419214528577, -3.113032599766652] 
    ]
  },
 "Synonymous site-posteriors":  [
[0.7034036504657045, 0.6555674314998258, 0.01223610422754873, 2.004544329046512e-06, 0.1012363298492469, 0.0001398282526771232, 1.220857651473194e-07, 0.006541506945281968, 0.001107061085919097, 0.9253574657286158, 0.2729172300732042, 0.8184862864376788, 0.7750143890801269, 0.8643891464785847, 0.418404573861908, 0.08550508750676085, 0.721497441172925, 0.5952085877913826, 0.06228908253933736, 0.002433618874045868, 0.5312532360277213, 0.02219365975863423, 0.7977176386330914, 0.1226440730227766, 0.2411915254621513, 0.7358283813033992, 0.0001248584557107355, 0.5579744464005018, 0.02041788843704652, 0.101446737212932, 0.00115353625150754, 0.0006921405357956288, 0.0002590337611815975, 0.7374479984664774, 0.003841155442372211, 0.002606277208828367, 0.04705080213698641, 0.5569320130109944, 0.5288170520952871, 0.9172293509419207, 0.9964128560131721, 0.07270280309778883, 2.933873322893024e-05, 0.01014834485261003, 0.9436177292584131, 0.01501304692365032, 0.00205011582961878, 0.7972980900224689, 0.2791291972134374, 0.2033501598918188, 0.0008687771366148367, 0.0008058217643509014, 0.4993319438283442, 0.004442520362950063, 0.3903946141466451, 0.8441534350891347, 0.572845669474073, 0.0002486257990952212, 0.2424676813601546, 0.01086826582784962, 0.3141233827195776, 0.3141233827195768],
  [0.2917949425496105, 0.3433259661660198, 0.916633002471906, 0.3560190873576108, 0.8878155767676167, 0.4807291931130261, 0.1520143695087746, 0.9880476930317111, 0.9553605037284083, 0.0746286156285281, 0.7085593045197089, 0.1798244383623494, 0.2248527177943153, 0.1347622807307138, 0.5749021249825046, 0.9104899719063075, 0.2764897877769573, 0.4034128757934422, 0.9356508405143393, 0.9864002818684312, 0.4665275728431962, 0.9655781133695247, 0.200360182747818, 0.8544525918575153, 0.7375128945215055, 0.2640444534061774, 0.9653416466444391, 0.439774675744546, 0.8880399717582957, 0.8950804278886626, 0.9834867287575494, 0.7456004702679689, 0.8960927470837621, 0.2609431260064961, 0.9397812754768438, 0.9295727380277709, 0.9092224862491292, 0.4292111719472255, 0.4688946084703113, 0.08249537947316909, 0.003586979157575717, 0.9260774241139998, 0.4918952790041299, 0.8809459900040254, 0.05631448670711626, 0.9354097610875765, 0.9073215640617184, 0.2020267836829625, 0.7028030530357525, 0.7859818123120291, 0.7644653762505426, 0.9262053900076487, 0.4972265696205596, 0.7764685057058256, 0.5912995220303526, 0.1554642968955398, 0.4148901702094873, 0.9579290802911604, 0.7483690469117179, 0.9302609561971098, 0.6125358564318205, 0.6125358564318212],
  [0.00480140698468495, 0.001106602334154371, 0.07113089330054506, 0.6439789080980601, 0.01094809338313637, 0.5191309786342968, 0.8479855084054602, 0.005410800023006755, 0.04353243518567273, 1.391864285620814e-05, 0.01852346540708682, 0.001689275199971718, 0.0001328931255578904, 0.0008485727907015563, 0.006693301155587421, 0.004004940586931596, 0.002012771050117655, 0.001378536415175129, 0.002060076946323398, 0.01116609925752295, 0.002219191129082401, 0.01222822687184087, 0.001922178619090427, 0.02290333511970818, 0.02129558001634321, 0.000127165290423378, 0.03453349489985016, 0.002250877854952251, 0.09154213980465777, 0.003472834898405326, 0.01535973499094319, 0.2537073891962355, 0.1036482191550563, 0.001608875527026668, 0.05637756908078397, 0.06782098476340082, 0.04372671161388438, 0.0138568150417801, 0.002288339434401691, 0.000275269584910107, 1.648292522845123e-07, 0.001219772788211247, 0.508075382262641, 0.1089056651433646, 6.778403447057195e-05, 0.04957719198877319, 0.09062832010866273, 0.0006751262945686674, 0.01806774975081015, 0.01066802779615205, 0.2346658466128426, 0.07298878822800037, 0.003441486551096294, 0.2190889739312242, 0.01830586382300234, 0.0003822680153253617, 0.01226416031643953, 0.04182229390974444, 0.009163271728127682, 0.05887077797504068, 0.07334076084860189, 0.07334076084860193] 
  ],
 "analysis":{
   "authors":"Sergei L Kosakovsky Pond",
   "citation":"*Gene-wide identification of episodic selection*, Mol Biol Evol. 32(5):1365-71",
   "contact":"spond@temple.edu",
   "info":"BUSTED (branch-site unrestricted statistical test of episodic diversification) uses a random effects branch-site model fitted \njointly to all or a subset of tree branches in order to test for alignment-wide evidence of episodic diversifying selection. \nAssuming there is evidence of positive selection (i.e. there is an omega > 1),  BUSTED will also perform a quick evidence-ratio \nstyle analysis to explore which individual sites may have been subject to selection. v2.0 adds support for synonymous rate variation, \nand relaxes the test statistic to 0.5 (chi^2_0 + chi^2_2). Version 2.1 adds a grid search for the initial starting point.\nVersion 2.2 changes the grid search to LHC, and adds an initial search phase to use adaptive Nedler-Mead. Version 3.0 implements the option\nfor branch-site variation in synonymous substitution rates. Version 3.1 adds HMM auto-correlation option for SRV, and binds SRV distributions for multiple branch sets\n",
   "requirements":"in-frame codon alignment and a phylogenetic tree (optionally annotated with {})",
   "version":"3.1"
  },
 "background":0,
 "branch attributes":{
   "0":{
     "B0VXF7_CALJA":{
       "MG94xREV with separate rates for branch sets":0.07795340965014606,
       "Nucleotide GTR":0.07337518971072579,
       "original name":"B0VXF7_CALJA",
       "unconstrained":0.0778130984623035
      },
     "MRAP_BOVIN":{
       "MG94xREV with separate rates for branch sets":0.0409457260900913,
       "Nucleotide GTR":0.04395675277375567,
       "original name":"MRAP_BOVIN",
       "unconstrained":0.03882271738586965
      },
     "MRAP_DIPOR":{
       "MG94xREV with separate rates for branch sets":0.04301378294116284,
       "Nucleotide GTR":0.05124132729243028,
       "original name":"MRAP_DIPOR",
       "unconstrained":0.04213469067954423
      },
     "MRAP_ECHTE":{
       "MG94xREV with separate rates for branch sets":0.09353082690744595,
       "Nucleotide GTR":0.09016729565138346,
       "original name":"MRAP_ECHTE",
       "unconstrained":0.0947866833433267
      },
     "MRAP_HORSE":{
       "MG94xREV with separate rates for branch sets":0.08972853578750407,
       "Nucleotide GTR":0.06732402556807016,
       "original name":"MRAP_HORSE",
       "unconstrained":0.09606341739432762
      },
     "MRAP_HUMAN":{
       "MG94xREV with separate rates for branch sets":0.02422025448033233,
       "Nucleotide GTR":0.01757394779367757,
       "original name":"MRAP_HUMAN",
       "unconstrained":0.02505624116137174
      },