{
 "Evidence Ratios":{
  },
 "Site Log Likelihood":{
   "unconstrained":    [
[-3.291679632525937, -2.990021680661627, -4.206211553836851, -2.791386744608602, -2.791386744608602, -3.766116608603255, -3.944734097975116, -3.474655776644726, -3.079709959576637, -3.079709959576637, -4.548604374667685, -2.791386744608602, -3.079709959576637, -5.062533757879453, -3.330259242513539, -3.634039090782564, -3.474655776644726, -3.964086190298245, -4.861593906921285, -3.634039090782564, -3.079709959576637, -3.6779132730567, -3.330259242513539, -5.052440142632538, -3.634039090782564, -3.634039090782564, -4.402699349952959, -5.350852703155212, -3.079709959576637, -4.53625955177324, -4.72004207926076, -3.62172722428369, -3.330259242513539, -5.036522268038221, -2.791386744608602, -2.791386744608602, -2.791386744608602, -4.244803160490407, -5.495416825006545, -4.402699349952959, -3.291679632525937, -4.895095505550533, -4.58768251979131, -4.206211553836851, -4.335332766782317, -3.634039090782564, -4.108496224326055, -4.335332766782317, -5.036522268038221, -4.53625955177324, -5.636900184705147, -3.62172722428369, -4.13331230693408, -3.425221228234358, -2.791386744608602, -9.255878416936634, -3.474655776644726, -3.418470703212703, -2.791386744608602, -2.791386744608602, -3.330259242513539, -3.634039090782564, -4.233059070480145, -3.964086190298245, -3.330259242513539, -5.636900184705147, -3.127003366100967, -3.330259242513539, -3.330259242513539, -3.425221228234358, -3.634039090782564, -3.634039090782564, -4.402699349952959, -5.263716692692581, -3.034163483959255, -3.925614653091643, -4.31188504140504, -4.028605591071591, -4.811659243714377, -3.127003366100967, -5.036522268038221, -3.474655776644726, -8.520343354625174, -7.860911984011564, -3.944734097975116, -3.888191094432386, -5.034076392776196, -5.68953269695984, -5.625146987344318, -3.105137441789599, -4.361003145785459, -3.959017584940685, -3.888191094432386] 
    ]
  },
 "Synonymous site-posteriors":  [
[1, 1, 0.9999999999999999, 1, 1, 1, 1, 1, 0.9999999999999999, 0.9999999999999999, 1, 1, 0.9999999999999999, 1, 1, 1, 1, 1, 1, 1, 0.9999999999999999, 1, 1, 1, 1, 1, 1, 1, 0.9999999999999999, 1, 1, 1, 1, 1, 1, 1, 1, 1, 1, 1, 1, 1, 1, 0.9999999999999999, 1, 1, 1, 1, 1, 1, 0.9999999999999999, 1, 1, 0.9999999999999999, 1, 1, 1, 1, 1, 1, 1, 1, 1, 1, 1, 0.9999999999999999, 1, 1, 1, 0.9999999999999999, 1, 1, 1, 1, 0.9999999999999999, 1, 1, 1, 1, 1, 1, 1, 1, 1, 1, 1, 0.9999999999999999, 1, 1, 1, 1, 0.9999999999999999, 1],
  [0, 0, 0, 0, 0, 0, 0, 0, 0, 0, 0, 0, 0, 0, 0, 0, 0, 0, 0, 0, 0, 0, 0, 0, 0, 0, 0, 0, 0, 0, 0, 0, 0, 0, 0, 0, 0, 0, 0, 0, 0, 0, 0, 0, 0, 0, 0, 0, 0, 0, 0, 0, 0, 0, 0, 0, 0, 0, 0, 0, 0, 0, 0, 0, 0, 0, 0, 0, 0, 0, 0, 0, 0, 0, 0, 0, 0, 0, 0, 0, 0, 0, 0, 0, 0, 0, 0, 0, 0, 0, 0, 0, 0],
  [0, 0, 0, 0, 0, 0, 0, 0, 0, 0, 0, 0, 0, 0, 0, 0, 0, 0, 0, 0, 0, 0, 0, 0, 0, 0, 0, 0, 0, 0, 0, 0, 0, 0, 0, 0, 0, 0, 0, 0, 0, 0, 0, 0, 0, 0, 0, 0, 0, 0, 0, 0, 0, 0, 0, 0, 0, 0, 0, 0, 0, 0, 0, 0, 0, 0, 0, 0, 0, 0, 0, 0, 0, 0, 0, 0, 0, 0, 0, 0, 0, 0, 0, 0, 0, 0, 0, 0, 0, 0, 0, 0, 0] 
  ],
 "analysis":{
   "authors":"Sergei L Kosakovsky Pond",
   "citation":"*Gene-wide identification of episodic selection*, Mol Biol Evol. 32(5):1365-71",
   "contact":"spond@temple.edu",
   "info":"BUSTED (branch-site unrestricted statistical test of episodic diversification) uses a random effects branch-site model fitted \njointly to all or a subset of tree branches in order to test for alignment-wide evidence of episodic diversifying selection. \nAssuming there is evidence of positive selection (i.e. there is an omega > 1),  BUSTED will also perform a quick evidence-ratio \nstyle analysis to explore which individual sites may have been subject to selection. v2.0 adds support for synonymous rate variation, \nand relaxes the test statistic to 0.5 (chi^2_0 + chi^2_2). Version 2.1 adds a grid search for the initial starting point.\nVersion 2.2 changes the grid search to LHC, and adds an initial search phase to use adaptive Nedler-Mead. Version 3.0 implements the option\nfor branch-site variation in synonymous substitution rates. Version 3.1 adds HMM auto-correlation option for SRV, and binds SRV distributions for multiple branch sets\n",
   "requirements":"in-frame codon alignment and a phylogenetic tree (optionally annotated with {})",
   "version":"3.1"
  },
 "background":0,
 "branch attributes":{
   "0":{
     "ENSXETP00000010188":{
       "MG94xREV with separate rates for branch sets":0.01285130491408284,
       "Nucleotide GTR":0.01289664166084715,
       "original name":"ENSXETP00000010188",
       "unconstrained":0.01285234199334096
      },
     "ENSXETP00000027105":{
       "MG94xREV with separate rates for branch sets":0,
       "Nucleotide GTR":1.0055968997962e-20,
       "original name":"ENSXETP00000027105",
       "unconstrained":0
      },
     "ENSXETP00000037767":{
       "MG94xREV with separate rates for branch sets":0,
       "Nucleotide GTR":0,
       "original name":"ENSXETP00000037767",
       "unconstrained":0
      },
     "ENSXETP00000044971":{
       "MG94xREV with separate rates for branch sets":0,
       "Nucleotide GTR":0,
       "original name":"ENSXETP00000044971",
       "unconstrained":0
      },
     "ENSXETP00000052328":{
       "MG94xREV with separate rates for branch sets":0,
       "Nucleotide GTR":6.259390186953242e-21,
       "original name":"ENSXETP00000052328",
       "unconstrained":0
      },
     "ENSXETP00000052356":{
       "MG94xREV with separate rates for branch sets":1.575985874425278e-20,
       "Nucleotide GTR":9.582121964361565e-21,
       "original name":"ENSXETP00000052356",
       "unconstrained":5.932800116384334e-21
      },
     "ENSXETP00000054985":{
       "MG94xREV with separate rates for branch sets":0,
       "Nucleotide GTR":0,
       "original name":"ENSXETP00000054985",
       "unconstrained":0
      },
     "ENSXETP00000059958":{
       "MG94xREV with separate rates for branch sets":0,
       "Nucleotide GTR":0,
       "original name":"ENSXETP00000059958",
       "unconstrained":0
      },
     "ENSXETP00000062881":{
       "MG94xREV with separate rates for branch sets":0,
       "Nucleotide GTR":0,
       "original name":"ENSXETP00000062881",
       "unconstrained":0
      },
     "ZNF234_XENTR":{
       "MG94xREV with separate rates for branch sets":1.575985874425278e-20,
       "Nucleotide GTR":1.135778669609321e-20,
       "original name":"ZNF234_XENTR",
       "unconstrained":5.932800116384334e-21
      },
     "ZNF527_XENTR":{
       "MG94xREV with separate rates for branch sets":0,
       "Nucleotide GTR":0,
       "original name":"ZNF527_XENTR",
       "unconstrained":0
      }
    },
   "attributes":{
     "MG94xREV with separate rates for branch sets":{
       "attribute type":"branch length",
       "display order":1
      },
     "Nucleotide GTR":{
       "attribute type":"branch length",
       "display order":0
      },
     "original name":{
       "attribute type":"node label",
       "display order":0
      },
     "unconstrained":{
       "attribute type":"branch length",
       "display order":0
      }
    }
  },
 "data partitions":{
   "0":{
     "coverage":      [
[0, 1, 2, 3, 4, 5, 6, 7, 8, 9, 10, 11, 12, 13, 14, 15, 16, 17, 18, 19, 20, 21, 22, 23, 24, 25, 26, 27, 28, 29, 30, 31, 32, 33, 34, 35, 36, 37, 38, 39, 40, 41, 42, 43, 44, 45, 46, 47, 48, 49, 50, 51, 52, 53, 54, 55, 56, 57, 58, 59, 60, 61, 62, 63, 64, 65, 66, 67, 68, 69, 70, 71, 72, 73, 74, 75, 76, 77, 78, 79, 80, 81, 82, 83, 84, 85, 86, 87, 88, 89, 90, 91, 92] 
      ],
     "name":"busted.filter.default"
    }
  },
 "fits":{
   "MG94xREV with separate rates for branch sets":{
     "AIC-c":826.5717659281597,