{
 "Evidence Ratios":{
   "constrained":    [
[0.9999999999999591, 0.9999999999999596, 0.9999999999999591, 0.99999999999996, 0.99999999999996, 0.99999999999996, 0.9999999999999596, 0.9999999999999591, 0.9999999999999591, 0.9999999999999591, 0.9999999999999591, 0.99999999999996, 0.99999999999996, 0.99999999999996, 0.9999999999999596, 0.9999999999999591, 0.99999999999996, 0.9999999999999605, 0.99999999999996, 0.9302919135465126, 0.7978901208819267, 4.491303935449752, 0.9395612070255551, 22.77318170725768, 5.764934880661085, 0.8970645874042252, 0.8911272932708096, 0.9504975281235253, 0.9904229217315479, 0.976080374326209, 0.9411977878060271, 0.9404303760791928, 0.8886296918711271, 0.8937041259453598, 0.9540035454160734, 0.8942442963941453, 1.081318973448489, 0.9107770581562099, 0.9174561207061451, 0.9452076965758318, 0.9297685497231767, 0.8881974968283242, 0.9339322305173418, 0.9204968968920179, 0.9561259308475669, 0.9175216471369187, 0.953498703807971, 0.9569596210529199] 
    ],
   "optimized null":    [
[0.9999999999999485, 0.9999999999999529, 0.9999999999999458, 0.9999999999999556, 0.9999999999999547, 0.9999999999999529, 0.9999999999999512, 0.9999999999999609, 0.9999999999999591, 0.9999999999999547, 0.9999999999999547, 0.9999999999999467, 0.9999999999999565, 0.9999999999999547, 0.9999999999999525, 0.9999999999999538, 0.9999999999999547, 0.9999999999999512, 0.9999999999999556, 0.6983943432618329, 0.6058330408921121, 1.148168931913464, 0.7215993194233706, 0.7455180239774112, 2.576657784108422, 0.731985571012289, 0.4412586605747906, 1.301547846708812, 0.8163030574478209, 1.296315056669737, 1.384126522365092, 1.088670287908084, 1.134207060314407, 1.29366153524084, 1.571750895696535, 0.7367159090009929, 0.420248153790389, 1.500178322573551, 1.654245165416514, 1.287581836669016, 1.128267071653552, 1.418930433160233, 0.9238891461383242, 0.9236782626682563, 1.346397152593112, 0.7643431536729552, 1.348042373991091, 1.335991979755004] 
    ]
  },
 "Site Log Likelihood":{
   "constrained":    [
[-4.826744446039381, -3.868900233943645, -5.050613732673709, -4.358609551248066, -4.47715456936279, -4.529525515105857, -3.13103668063949, -4.105266982957897, -3.846100568750092, -4.966863886667213, -4.966863886667213, -3.812689717911089, -4.027930711922278, -3.956066351794947, -3.538221394617856, -4.458013089987872, -3.956066351794947, -3.374549402113981, -4.358609551248066, -18.04606108391847, -14.52706277929681, -34.30556933834725, -20.41893116696569, -17.5973647370491, -20.02887865556219, -15.83027569605871, -14.42150601606447, -29.18103551899026, -29.9539024609448, -27.17499699839328, -18.52090545177246, -27.24676396280839, -6.527282867107302, -17.39255248745828, -21.50953060536636, -17.60699261672948, -18.58053003121083, -12.13502038257591, -19.21980422252794, -9.127561059016259, -11.72081481068478, -18.63736917054899, -8.373342774859822, -7.116549205669015, -11.60959856225761, -11.03187667191246, -17.17213433365994, -10.63041976877203] 
    ],
   "optimized null":    [
[-4.82674444603937, -3.868900233943638, -5.050613732673695, -4.358609551248062, -4.477154569362785, -4.52952551510585, -3.131036680639482, -4.105266982957898, -3.846100568750092, -4.966863886667208, -4.966863886667208, -3.812689717911075, -4.027930711922274, -3.956066351794941, -3.538221394617849, -4.458013089987867, -3.956066351794941, -3.374549402113972, -4.358609551248062, -17.75934656641381, -14.2516963224884, -32.94159471027355, -20.15498822732235, -14.17810516627521, -19.22357792415987, -15.62690863483212, -13.71864996859403, -29.49535944417262, -29.76055609531477, -27.45873301127734, -18.90657669521246, -27.39313865659697, -6.771291323438594, -17.76240959849891, -22.00880871469108, -17.41321596510684, -17.63543856368353, -12.63406149911716, -19.80929955895131, -9.436677563914568, -11.91431729646022, -19.10583369664845, -8.362530990328805, -7.119999386543205, -11.95189645909796, -10.84921734100158, -17.51840499371441, -10.96408792236756] 
    ],
   "unconstrained":    [
[-4.826744446039422, -3.868900233943685, -5.050613732673749, -4.358609551248106, -4.47715456936283, -4.529525515105897, -3.13103668063953, -4.105266982957938, -3.846100568750133, -4.966863886667253, -4.966863886667253, -3.812689717911129, -4.027930711922318, -3.956066351794987, -3.538221394617897, -4.458013089987913, -3.956066351794987, -3.374549402114021, -4.358609551248106, -18.11831794047118, -14.75284716344012, -32.80342626996742, -20.48127348070594, -14.47178113431274, -18.27708479754051, -15.93890311177907, -14.53677401215631, -29.23180523665379, -29.9635256943513, -27.19920734360889, -18.58150742430149, -27.30818162441363, -6.645357541931236, -17.50493300136309, -21.55661849653807, -17.71876889568157, -18.50234846350881, -12.22847751635917, -19.30595474756843, -9.18391164991745, -11.79363440575861, -18.75593032492938, -8.44169417657821, -7.199390855095035, -11.65446421003557, -11.11795577763448, -17.21975154700686, -10.67441385044851] 
    ]
  },
 "Synonymous site-posteriors":  [
[0.1966202906717945, 0.1966202906717932, 0.1966202906717936, 0.1966202906717941, 0.1966202906717931, 0.1966202906717944, 0.196620290671794, 0.1966202906717935, 0.1966202906717934, 0.196620290671794, 0.196620290671794, 0.1966202906717943, 0.1966202906717943, 0.1966202906717916, 0.1966202906717935, 0.1966202906717935, 0.1966202906717916, 0.1966202906717933, 0.1966202906717941, 0.02045526678940216, 5.118931843845896e-05, 0.4953065665404675, 0.1722461489269631, 0.004828444801611033, 0.02171019794632798, 0.0006935199677300879, 0.04136159341985089, 0.901119182588762, 0.944879835623342, 0.8845182045475345, 0.03960803525510242, 0.7039161159754364, 0.002228997563656197, 0.3431222793062843, 0.05011776989114151, 0.1125765503508326, 0.07490901824639618, 0.002329055890998218, 0.06344151096439028, 0.03848655591525082, 0.004536654061971655, 0.3762856136595166, 0.0215351886580642, 0.02686752400184677, 0.1202368342338963, 0.0004300397336501882, 0.1036750703937076, 0.1372820517113591],
  [0.4582164436479778, 0.4582164436479803, 0.4582164436479782, 0.4582164436479789, 0.4582164436479806, 0.4582164436479784, 0.4582164436479791, 0.4582164436479809, 0.4582164436479811, 0.4582164436479793, 0.4582164436479793, 0.4582164436479781, 0.4582164436479786, 0.4582164436479818, 0.4582164436479803, 0.4582164436479803, 0.4582164436479818, 0.4582164436479791, 0.4582164436479789, 0.5833716417513514, 0.0142897051611957, 0.5027596189676792, 0.8012679034092428, 0.1228343281554581, 0.1581378485663133, 0.09070643225479216, 0.5220921598739414, 0.09883685308922632, 0.0550437030096362, 0.11531104419337, 0.8494409728626588, 0.2942113044430705, 0.06630297487346706, 0.651606978771138, 0.9331195896073164, 0.7156539640131047, 0.680362865934284, 0.1716037495414343, 0.9115044836821978, 0.7007990042269391, 0.2463968015016709, 0.6199011039493308, 0.4597317591184751, 0.3647913189873175, 0.8452096878038483, 0.02599568391706262, 0.8526325396561161, 0.8356046969215003],
  [0.3451632656802278, 0.3451632656802265, 0.3451632656802282, 0.345163265680227, 0.3451632656802264, 0.3451632656802271, 0.3451632656802269, 0.3451632656802256, 0.3451632656802256, 0.3451632656802265, 0.3451632656802265, 0.3451632656802276, 0.3451632656802271, 0.3451632656802266, 0.345163265680226, 0.3451632656802264, 0.3451632656802266, 0.3451632656802274, 0.345163265680227, 0.3961730914592466, 0.9856591055203658, 0.001933814491853275, 0.02648594766379408, 0.8723372270429307, 0.8201519534873588, 0.9086000477774777, 0.4365462467062076, 4.396432201150622e-05, 7.646136702179377e-05, 0.0001707512590954089, 0.1109509918822387, 0.001872579581493353, 0.9314680275628767, 0.005270741922577643, 0.01676264050154191, 0.1717694856360629, 0.2447281158193199, 0.8260671945675675, 0.02505400535341168, 0.2607144398578101, 0.7490665444363576, 0.003813282391152541, 0.5187330522234608, 0.6083411570108357, 0.03455347796225547, 0.9735742763492872, 0.04369238995017622, 0.02711325136714056] 
  ],
 "analysis":{
   "authors":"Sergei L Kosakovsky Pond",