{
 "Evidence Ratios":{
   "constrained":    [
[0.7178928627998384, 2.360855664332816, 0.6566116005917731, 0.6692863271909245, 1.692749583294088, 3.098556200234882, 0.6703824456335463, 1.138843339010207, 1.910353853011911, 1.603130748932489, 3.026876435359529, 1.022118176992047, 1.096733513490276, 1.15750585352583, 1.211993802902776, 2.854696712674324, 3.310558259301276, 0.624440687699953, 1.481205461210635, 0.7026586750049864, 2.367204422423491, 0.6523079039376101, 0.6383315591100863, 1.731635870135039, 2.034255752349774, 1.11517700059463, 1.036802783020604, 0.6306617463170575, 2.915013810922987, 1.920794999596958, 1.019627194675131, 0.7944837840836475, 0.9642026354461358, 1.13090371015581, 0.6566175590982439, 0.5482703281607637, 0.6995116430087103, 0.5916751595662614, 0.6383410781770944, 0.6184323925469891, 1.823576914084611, 0.9408790060124415, 0.6830349891668773, 1.091999323586051, 0.8729664701725359, 1.137240684183505, 0.7168951223366389, 1.000000000000001, 0.9999999999999991, 1, 0.7213423304367766, 0.6830349891668773, 1.559752692415263, 0.7315494017582838, 1.165274735910552, 3.281757269160705, 0.6406475938446351, 1.238327488298138, 1.723480283829893, 1.027252584182016, 0.7714720284066642, 1.023266657282847, 1.095168273649367, 1.519554911944643] 
    ],
   "optimized null":    [
[0.990526648992295, 1.334444127082535, 1.004671760718053, 1.037166653362013, 0.8432462566339469, 1.624137244631178, 1.007355281324397, 0.9756755754461464, 1.463106698179954, 0.8731986501373383, 1.103875100499535, 0.9423383818637361, 1.08016542416421, 1.042978045605408, 1.049530953316464, 1.19239249079536, 0.9849552882714027, 0.9999640036787087, 0.908612689363684, 1.009475804894973, 1.139147718579378, 0.9582454196898181, 1.061721963097839, 0.8854072586985188, 0.9542271559185911, 0.96671681452558, 0.9508197268310752, 0.9567412398883059, 1.412538966989787, 0.9626296525714259, 0.9417675879364482, 0.8324941689386031, 1.013457712379306, 1.002356414894692, 1.014792492784689, 1.041765941202436, 0.9469001737101788, 1.004415207380271, 1.015421661950231, 1.00487197315691, 0.9557390173038601, 0.9190635566918945, 1.026557290067439, 1.145751923509588, 0.9433421060776941, 0.9250779148864342, 0.9907055343078638, 0.9999999999999987, 0.9999999999999982, 0.9999999999999991, 1.034374831865158, 1.026557290067439, 0.7861511135396696, 0.9724046633284453, 0.9150035423992233, 1.018316282291452, 1.033762372288034, 0.9415288053581052, 1.527643614634867, 1.065368307773016, 0.8913209717923719, 1.006699701225302, 0.7841371590798371, 0.8263701242383723] 
    ]
  },
 "Site Log Likelihood":{
   "constrained":    [
[-7.388573786027494, -14.75449873757698, -7.422201595771168, -5.098943204617632, -15.68448093476996, -14.27364225085056, -8.399291645112601, -9.324788559925514, -9.750489011502285, -11.67902595606727, -17.95573658450637, -8.87000209454196, -13.85357039756983, -9.693813657777627, -11.53564981433899, -17.52347101495284, -17.22076893054747, -8.835640622086693, -17.70085558557693, -4.881857948024719, -14.23612909900691, -8.711106313687765, -7.558380927116564, -13.7468896216234, -17.61864237884877, -8.675099519070546, -13.01392790894245, -8.375200620056839, -15.30024771426435, -12.39896602143696, -8.657275973950796, -10.04464299402959, -7.50114408582634, -10.54777929950203, -9.072238781687259, -5.292181205279564, -7.352987299840357, -5.734976584312607, -5.020476147994746, -5.089826347487524, -15.70779256580837, -6.814495237268448, -4.894470150403714, -11.65620528503519, -7.824147913532772, -12.52459081574265, -5.179677889600532, -3.751375477299657, -4.495169580123036, -4.76586009794075, -5.363999142979401, -4.894470150403714, -12.7197103887235, -7.795280020965988, -11.53177795066263, -18.24795770821954, -5.173781279469876, -13.0418237938041, -12.56395130118426, -10.83011732836243, -8.800598330501648, -10.10795017657716, -14.41162884056366, -14.26574001094797] 
    ],
   "optimized null":    [
[-7.710490214631866, -14.1839894355518, -7.847525084085324, -5.536979145753934, -14.98763051129448, -13.62768273812017, -8.806526923339787, -9.170150277458845, -9.483762573711283, -11.07147532043014, -16.94703218397535, -8.788734123888121, -13.83834836869705, -9.589626220291768, -11.39172639305857, -16.65046719297126, -16.00849306552236, -9.306503554705101, -17.21216296859595, -5.244173170479896, -13.50469977621764, -9.095693542310245, -8.067170456168151, -13.07611550972469, -16.86165882356052, -8.532236705903363, -12.92735538199197, -8.791963929116694, -14.57576192749951, -11.70814034088567, -8.577842152098416, -10.0913766360289, -7.550965851239836, -10.42711588580439, -9.507576464487691, -5.934085312915977, -7.655798535555532, -6.264179584907455, -5.484662637908574, -5.575253892850057, -15.06172225840689, -6.791035964668206, -5.301890109472224, -11.70425615036642, -7.901679767677293, -12.31810862712995, -5.503165682815015, -3.751375477299654, -4.495169580123036, -4.765860097940749, -5.724437814897979, -5.301890109472224, -12.03457686191235, -8.079887306034928, -11.2899937243918, -17.07772923624283, -5.652261963946913, -12.76781178821882, -12.44333206093119, -10.86655005222436, -8.94500251577416, -10.09162741948552, -14.07754948840889, -13.65661002653304] 
    ],
   "unconstrained":    [
[-7.720008723251459, -13.8954746146194, -7.842864202172415, -5.500486522222793, -15.15812675555734, -13.1427059897106, -8.799198560183857, -9.194775427492566, -9.103200523245862, -11.20706752061796, -16.84820537612603, -8.848124976380809, -13.76123416876791, -9.547546093770407, -11.34338303982146, -16.47450540772436, -16.02365209698055, -9.306539551674275, -17.3079993285087, -5.234741979410952, -13.37441940869615, -9.138344896912885, -8.007278372617932, -13.19782307022856, -16.90851235050846, -8.566086381829187, -12.97778617808963, -8.836186239948544, -14.23037315659216, -11.74622685880732, -8.637838908880884, -10.27470569745892, -7.537597889542479, -10.42476224290149, -9.492892313500988, -5.893168019382479, -7.710360140096781, -6.25977409595986, -5.469358681189341, -5.570393749347422, -15.10699265605942, -6.875435965152923, -5.275679342478774, -11.56819502713936, -7.960006045004494, -12.39598593983735, -5.512503611573688, -3.751375477299655, -4.495169580123037, -4.76586009794075, -5.690640597861981, -5.275679342478774, -12.27518311053238, -8.107870546897121, -11.37882106663135, -17.05957867649488, -5.61905702830675, -12.82806212439588, -12.01960563388623, -10.80322948395315, -9.060053194453634, -10.08495006151855, -14.32072081453629, -13.8473225400593] 
    ]
  },
 "Synonymous site-posteriors":  [
[0, 0, 0, 0, 0, 0, 0, 0, 0, 0, 0, 0, 0, 0, 0, 0, 0, 0, 0, 0, 0, 0, 0, 0, 0, 0, 0, 0, 0, 0, 0, 0, 0, 0, 0, 0, 0, 0, 0, 0, 0, 0, 0, 0, 0, 0, 0, 0, 0, 0, 0, 0, 0, 0, 0, 0, 0, 0, 0, 0, 0, 0, 0, 0],
  [1, 1, 1, 1, 1, 1, 1, 1, 0.9999999999999999, 0.9999999999999999, 1, 1, 1, 1, 1, 1, 1, 1, 1, 1, 1, 0.9999999999999999, 1, 0.9999999999999999, 1, 1, 1, 1, 0.9999999999999999, 1, 1, 1, 1, 1, 1, 1, 1, 0.9999999999999999, 1, 1, 1, 1, 0.9999999999999999, 1, 1, 1, 1, 1, 1, 1, 1, 0.9999999999999999, 1, 1, 1, 1, 1, 1, 0.9999999999999999, 1, 1, 1, 1, 1],
  [0, 0, 0, 0, 0, 0, 0, 0, 0, 0, 0, 0, 0, 0, 0, 0, 0, 0, 0, 0, 0, 0, 0, 0, 0, 0, 0, 0, 0, 0, 0, 0, 0, 0, 0, 0, 0, 0, 0, 0, 0, 0, 0, 0, 0, 0, 0, 0, 0, 0, 0, 0, 0, 0, 0, 0, 0, 0, 0, 0, 0, 0, 0, 0] 
  ],
 "analysis":{
   "authors":"Sergei L Kosakovsky Pond",
   "citation":"*Gene-wide identification of episodic selection*, Mol Biol Evol. 32(5):1365-71",
   "contact":"spond@temple.edu",