{
 "Evidence Ratios":{
  },
 "Site Log Likelihood":{
   "unconstrained":    [
[-3.281869768248414, -4.679782186864378, -4.84170346635621, -4.273642491225715, -5.394221110711397, -4.358073820870734, -3.442810277682479, -4.825093332463531, -4.84170346635621, -4.402448387734095, -4.844296181794076, -3.442810277682479, -4.927201599118603, -4.402448387734095, -4.193559825941041, -4.825093332463531, -3.031253288666749, -4.844296181794076, -3.202853906081111, -3.52182613984978, -4.351677583335253, -5.722325714240522, -4.351677583335253, -3.946516831855006, -3.11026915083405, -22.05459192247162, -30.11354806136586, -24.04532296335727, -40.19726773189518, -39.15452966353298, -19.57432671120588, -20.97153551697858, -5.788225514655207, -23.55274895589211, -36.63131325669533, -20.99120716973349, -18.88153428898077, -4.844296181794076, -25.87272512396727, -30.08811065487944, -9.625359240257859, -26.10690777297104, -25.01598688296284, -25.96918170129135, -4.84170346635621, -4.515644610102875, -4.111721211733884, -4.194626629058412, -4.162492016132727, -4.193559825941041, -3.865455222411914, -4.162492016132727, -3.521826139849778] 
    ]
  },
 "Synonymous site-posteriors":  [
[0.8295482176729619, 0.8295482176729624, 0.8295482176729616, 0.8295482176729622, 0.8295482176729618, 0.8295482176729621, 0.8295482176729621, 0.8295482176729619, 0.8295482176729616, 0.8295482176729619, 0.8295482176729615, 0.8295482176729621, 0.8295482176729612, 0.8295482176729619, 0.8295482176729621, 0.8295482176729619, 0.8295482176729622, 0.8295482176729615, 0.8295482176729625, 0.8295482176729622, 0.8295482176729622, 0.8295482176729623, 0.8295482176729622, 0.8295482176729623, 0.8295482176729624, 0.9196361528735811, 0.9197186260869781, 0.9176366478105833, 0.9197206213803315, 0.9197146481097839, 0.9186867266968042, 0.6705494003624659, 0.3736237847620302, 0.9193588252566051, 0.9197190593902631, 0.9191979802426096, 0.9185105110646601, 0.8295482176729614, 0.9129257605773864, 0.9197050528157814, 0.1053741026247115, 0.9196495626072394, 0.9159610989849496, 0.9196961491360345, 0.8295482176729616, 0.8295482176729618, 0.8295482176729626, 0.8295482176729625, 0.8295482176729621, 0.8295482176729621, 0.8295482176729621, 0.8295482176729621, 0.8295482176729622],
  [0.09804657301182829, 0.09804657301182816, 0.09804657301182855, 0.09804657301182843, 0.09804657301182847, 0.09804657301182841, 0.09804657301182834, 0.09804657301182831, 0.09804657301182855, 0.09804657301182838, 0.09804657301182867, 0.09804657301182834, 0.09804657301182879, 0.09804657301182838, 0.09804657301182845, 0.09804657301182831, 0.09804657301182836, 0.09804657301182867, 0.09804657301182827, 0.09804657301182829, 0.09804657301182831, 0.09804657301182826, 0.09804657301182831, 0.09804657301182827, 0.09804657301182815, 9.53843145008247e-05, 2.363761360494431e-06, 0.002272933666516257, 1.082560342967502e-06, 5.052382918063858e-10, 0.001130293126635998, 0.2709294645036774, 0.5937669403024217, 0.0003981727023102375, 1.497269337181913e-07, 0.0005716133300280712, 0.001319012931311694, 0.09804657301182873, 0.007396347381917563, 2.098856830480605e-05, 0.8854297924596944, 7.893670474889882e-05, 0.004095398407393342, 2.936198926558447e-05, 0.09804657301182855, 0.09804657301182854, 0.09804657301182809, 0.0980465730118282, 0.09804657301182826, 0.09804657301182841, 0.09804657301182837, 0.09804657301182826, 0.09804657301182834],
  [0.07240520931520976, 0.07240520931520936, 0.07240520931520979, 0.07240520931520955, 0.07240520931520966, 0.07240520931520958, 0.07240520931520956, 0.07240520931520975, 0.07240520931520979, 0.07240520931520983, 0.07240520931520973, 0.07240520931520956, 0.07240520931520994, 0.07240520931520983, 0.07240520931520952, 0.07240520931520975, 0.07240520931520955, 0.07240520931520973, 0.07240520931520941, 0.07240520931520969, 0.07240520931520948, 0.07240520931520955, 0.07240520931520948, 0.07240520931520955, 0.07240520931520954, 0.08026846281191809, 0.08027901015166153, 0.08009041852290054, 0.08027829605932572, 0.08028535138497782, 0.08018298017655982, 0.05852113513385662, 0.0326092749355482, 0.0802430020410848, 0.08028079088280332, 0.08023040642736232, 0.0801704760040282, 0.07240520931520973, 0.07967789204069604, 0.08027395861591388, 0.009196104915594019, 0.08027150068801185, 0.07994350260765723, 0.08027448887469983, 0.07240520931520979, 0.07240520931520963, 0.0724052093152093, 0.07240520931520941, 0.07240520931520956, 0.07240520931520965, 0.07240520931520969, 0.07240520931520956, 0.07240520931520952] 
  ],
 "analysis":{
   "authors":"Sergei L Kosakovsky Pond",
   "citation":"*Gene-wide identification of episodic selection*, Mol Biol Evol. 32(5):1365-71",
   "contact":"spond@temple.edu",
   "info":"BUSTED (branch-site unrestricted statistical test of episodic diversification) uses a random effects branch-site model fitted \njointly to all or a subset of tree branches in order to test for alignment-wide evidence of episodic diversifying selection. \nAssuming there is evidence of positive selection (i.e. there is an omega > 1),  BUSTED will also perform a quick evidence-ratio \nstyle analysis to explore which individual sites may have been subject to selection. v2.0 adds support for synonymous rate variation, \nand relaxes the test statistic to 0.5 (chi^2_0 + chi^2_2). Version 2.1 adds a grid search for the initial starting point.\nVersion 2.2 changes the grid search to LHC, and adds an initial search phase to use adaptive Nedler-Mead. Version 3.0 implements the option\nfor branch-site variation in synonymous substitution rates. Version 3.1 adds HMM auto-correlation option for SRV, and binds SRV distributions for multiple branch sets\n",
   "requirements":"in-frame codon alignment and a phylogenetic tree (optionally annotated with {})",
   "version":"3.1"
  },
 "background":0,
 "branch attributes":{
   "0":{
     "ENSCHOP00000002917":{
       "MG94xREV with separate rates for branch sets":0.1974189817559206,
       "Nucleotide GTR":0.1670486462952282,
       "original name":"ENSCHOP00000002917",
       "unconstrained":0.1804959466440728
      },
     "ENSDNOP00000010241":{
       "MG94xREV with separate rates for branch sets":0.2225832914118675,
       "Nucleotide GTR":0.1901807870360393,
       "original name":"ENSDNOP00000010241",
       "unconstrained":0.1765120600802668
      },
     "ENSGGOP00000011675":{
       "MG94xREV with separate rates for branch sets":0.01875892423055352,
       "Nucleotide GTR":0.01884055590743672,
       "original name":"ENSGGOP00000011675",
       "unconstrained":0.01908486188734738
      },
     "ENSLAFP00000023188":{
       "MG94xREV with separate rates for branch sets":0.5166824616519973,
       "Nucleotide GTR":0.3915603212518466,
       "original name":"ENSLAFP00000023188",
       "unconstrained":0.5691089120379565
      },
     "ENSMEUP00000013537":{
       "MG94xREV with separate rates for branch sets":0.2549962449681568,
       "Nucleotide GTR":0.2284715415295269,
       "original name":"ENSMEUP00000013537",
       "unconstrained":0.2389835965560533
      },
     "ENSMEUP00000014493":{
       "MG94xREV with separate rates for branch sets":0.3728060641782497,
       "Nucleotide GTR":0.291939893191711,
       "original name":"ENSMEUP00000014493",
       "unconstrained":0.4940203962414507
      },
     "ENSMODP00000006983":{
       "MG94xREV with separate rates for branch sets":0.305144759042201,
       "Nucleotide GTR":0.2209784266030609,
       "original name":"ENSMODP00000006983",
       "unconstrained":0.2762363779796934
      },
     "ENSNLEP00000018802":{
       "MG94xREV with separate rates for branch sets":0.05727255939849235,
       "Nucleotide GTR":0.04054360872339002,
       "original name":"ENSNLEP00000018802",
       "unconstrained":0.05805526652581759
      },
     "ENSSSCP00000021174":{
       "MG94xREV with separate rates for branch sets":0.2328127854899491,
       "Nucleotide GTR":0.2214823642387204,
       "original name":"ENSSSCP00000021174",