{
 "Evidence Ratios":{
  },
 "Site Log Likelihood":{
   "unconstrained":    [
[-4.245764298213844, -3.150041990548345, -4.638712351441745, -9.502426240515355, -8.603086773894217, -6.691285043501702, -4.145602924582952, -4.634554061872202, -6.14656264950731, -12.68578185597931, -10.18688010021095, -31.38966654043345, -4.905693277316033, -13.47086853344805, -10.39314100477905, -7.422886507539824, -11.53594763294088, -22.41508495946065, -21.87706509912377, -18.02524267202034, -20.50299122093465, -12.04259469017055, -31.55663455453847, -16.35125299355906, -8.287232518382588, -14.79744492799447, -10.54214766573525, -13.88054850499179, -19.64527753336091, -4.751713622850619, -8.581178816446764, -7.555248766388893, -4.145602924582952, -6.030103053841891, -18.05477342362794, -12.67099797155027] 
    ]
  },
 "Synonymous site-posteriors":  [
[0.1831315907555308, 0.1831315907555304, 0.2242968558593343, 0.2277919547101384, 0.2230603700676604, 0.2261782581849907, 0.2277999366030342, 0.2258304706020547, 0.2238734675882116, 0.2282141734842653, 0.2280186533839624, 4.098695206644909e-06, 0.2147672875093777, 0.1984893585987969, 0.2171836947672649, 0.2281520907247511, 0.1347875347296326, 0.2280477656394942, 0.001541350315127298, 0.04243534863188964, 0.2102088836228639, 0.228233979830996, 0.0001400285810121316, 0.2276746234849616, 0.2077833249605678, 0.07935627870028744, 0.2219939463146957, 0.1710769006603469, 0.2275165019886293, 0.2258288626148588, 0.2280643404505671, 0.2203224828780699, 0.2277999366030342, 0.2238725267679661, 0.0007681519015635691, 0.2207888069538866],
  [0.1975550033526128, 0.1975550033526114, 0.01725596103695663, 0.00192539637112311, 0.02259270108637087, 0.008928599446782506, 0.001929657069889071, 0.01055011392634199, 0.01904634481603276, 7.639149502267473e-05, 0.0009283791977443055, 0.9999820267021229, 0.05896469178482908, 0.1302061402665746, 0.04823020739061042, 0.000469602812587993, 0.4092909949736149, 0.0006809443974119686, 0.9932431565891373, 0.8140055446854365, 0.07877656952215871, 5.812272631069117e-05, 0.9993860120408714, 0.002287336203400851, 0.08952948180125461, 0.6522039837728809, 0.02721756151583321, 0.2502334084029311, 0.002988487145722335, 0.01055294248446287, 0.0007559473619047119, 0.03458815591707314, 0.001929657069889071, 0.01905457502835246, 0.9966322760100281, 0.03240436561019838],
  [0.6193134058918565, 0.6193134058918581, 0.7584471831037092, 0.7702826489187384, 0.7543469288459688, 0.7648931423682268, 0.7702704063270768, 0.7636194154716033, 0.7570801875957556, 0.7717094350207121, 0.7710529674182932, 1.387460267040467e-05, 0.7262680207057931, 0.6713045011346286, 0.7345860978421248, 0.7713783064626608, 0.4559214702967527, 0.7712712899630937, 0.005215493095735403, 0.1435591066826738, 0.7110145468549773, 0.7717078974426933, 0.0004739593781165089, 0.7700380403116376, 0.7026871932381776, 0.2684397375268317, 0.7507884921694712, 0.5786896909367221, 0.7694950108656484, 0.7636181949006784, 0.7711797121875281, 0.745089361204857, 0.7702704063270768, 0.7570728982036813, 0.002599572088408324, 0.746806827435915] 
  ],
 "analysis":{
   "authors":"Sergei L Kosakovsky Pond",
   "citation":"*Gene-wide identification of episodic selection*, Mol Biol Evol. 32(5):1365-71",
   "contact":"spond@temple.edu",
   "info":"BUSTED (branch-site unrestricted statistical test of episodic diversification) uses a random effects branch-site model fitted \njointly to all or a subset of tree branches in order to test for alignment-wide evidence of episodic diversifying selection. \nAssuming there is evidence of positive selection (i.e. there is an omega > 1),  BUSTED will also perform a quick evidence-ratio \nstyle analysis to explore which individual sites may have been subject to selection. v2.0 adds support for synonymous rate variation, \nand relaxes the test statistic to 0.5 (chi^2_0 + chi^2_2). Version 2.1 adds a grid search for the initial starting point.\nVersion 2.2 changes the grid search to LHC, and adds an initial search phase to use adaptive Nedler-Mead. Version 3.0 implements the option\nfor branch-site variation in synonymous substitution rates. Version 3.1 adds HMM auto-correlation option for SRV, and binds SRV distributions for multiple branch sets\n",
   "requirements":"in-frame codon alignment and a phylogenetic tree (optionally annotated with {})",
   "version":"3.1"
  },
 "background":0,
 "branch attributes":{
   "0":{
     "ENSGACP00000025320":{
       "MG94xREV with separate rates for branch sets":0.09639502191363776,
       "Nucleotide GTR":0.07620617165957784,
       "original name":"ENSGACP00000025320",
       "unconstrained":0.1564055152960149
      },
     "ENSONIP00000016221":{
       "MG94xREV with separate rates for branch sets":0.01603777994339693,
       "Nucleotide GTR":0.02754945593375359,
       "original name":"ENSONIP00000016221",
       "unconstrained":0
      },
     "ENSONIP00000016231":{
       "MG94xREV with separate rates for branch sets":0.04517627977921929,
       "Nucleotide GTR":0.0455947002540221,
       "original name":"ENSONIP00000016231",
       "unconstrained":0.1284824195245579
      },
     "ENSONIP00000016240":{
       "MG94xREV with separate rates for branch sets":0.1128941460237692,
       "Nucleotide GTR":0.1030812795932537,
       "original name":"ENSONIP00000016240",
       "unconstrained":0.09210955789883182
      },
     "ENSORLP00000009493":{
       "MG94xREV with separate rates for branch sets":0.142578699523768,
       "Nucleotide GTR":0.1362659576576264,
       "original name":"ENSORLP00000009493",
       "unconstrained":1.060095573289261
      },
     "ENSTRUP00000009633":{
       "MG94xREV with separate rates for branch sets":0.04521663763972975,
       "Nucleotide GTR":0.05056642588709719,
       "original name":"ENSTRUP00000009633",
       "unconstrained":0.05531699671260621
      },
     "NODE_10":{
       "MG94xREV with separate rates for branch sets":0.06255951453562564,
       "Nucleotide GTR":0.05398305894413265,
       "unconstrained":0.3377823221853921
      },
     "NODE_3":{
       "MG94xREV with separate rates for branch sets":0.07457598209680502,
       "Nucleotide GTR":0.06372912206533203,
       "unconstrained":0.1217537256926682
      },
     "NODE_5":{
       "MG94xREV with separate rates for branch sets":0.009808225435758438,
       "Nucleotide GTR":0.009490283257522804,
       "unconstrained":0
      },
     "NODE_7":{
       "MG94xREV with separate rates for branch sets":0.03408923015251786,
       "Nucleotide GTR":0.03800634047520354,
       "unconstrained":0.08085598297102629
      },
     "Q4S0R5_TETNG":{
       "MG94xREV with separate rates for branch sets":0.06657049657248691,
       "Nucleotide GTR":0.05466340016771678,
       "original name":"Q4S0R5_TETNG",
       "unconstrained":0.1769513694089374
      },
     "Q4S0R6_TETNG":{
       "MG94xREV with separate rates for branch sets":0.1400532732936354,
       "Nucleotide GTR":0.1269280196753794,
       "original name":"Q4S0R6_TETNG",
       "unconstrained":0.110566670265899
      }
    },
   "attributes":{
     "MG94xREV with separate rates for branch sets":{
       "attribute type":"branch length",
       "display order":1
      },
     "Nucleotide GTR":{
       "attribute type":"branch length",
       "display order":0
      },
     "original name":{
       "attribute type":"node label",
       "display order":0
      },
     "unconstrained":{
       "attribute type":"branch length",
       "display order":0
      }
    }
  },
 "data partitions":{
   "0":{
     "coverage":      [
[0, 1, 2, 3, 4, 5, 6, 7, 8, 9, 10, 11, 12, 13, 14, 15, 16, 17, 18, 19, 20, 21, 22, 23, 24, 25, 26, 27, 28, 29, 30, 31, 32, 33, 34, 35] 
      ],
     "name":"busted.filter.default"
    }
  },
 "fits":{
   "MG94xREV with separate rates for branch sets":{
     "AIC-c":933.5376212293073,