{
 "Evidence Ratios":{
  },
 "Site Log Likelihood":{
   "unconstrained":    [
[-13.37566840047619, -20.14069251535368, -11.55299815125334, -29.04698395701963, -35.36706644164068, -15.20044704187656, -15.74306878883977, -9.17578514365966, -11.51336001174343, -14.36445119660637, -9.549648820219511, -10.60731534367814, -9.254614396911753, -11.49623660189455, -9.459118659691123, -29.72827154903139, -11.41281435682023, -26.15290991816567, -25.8141051696173, -21.02478100044708, -15.5458270803855, -8.425059250686365, -20.00512073073287, -11.7430535929956, -5.701676585361263, -33.49406260880972, -19.92914269718647, -21.01116317633488, -21.87388830943362, -30.37663582446283, -20.29597800193578, -29.72044789584001, -29.59919589853429, -15.11062341583979, -12.16287968564387, -10.17839552541176, -16.61804310715551, -25.53229976462617, -29.35059568772073, -23.79357163522153, -22.84019248843891, -9.636398572200223, -16.73647114591546, -14.94603251078533, -8.219967387134815, -22.98537438255594, -27.25523160215809, -32.4491452210344, -19.05090243460453, -15.71177059455986, -13.29632290079556, -16.84270572767721, -16.11606199164338, -18.33192007030648, -6.529442419397727, -16.27403458493876, -15.55185888654534, -15.11171120471879, -7.569751325556324, -13.47122201180427, -13.99987638036752, -8.492740179213822, -18.74803709543372, -12.07243729724644, -4.997626897373041, -8.369077196791133, -6.156975171302947] 
    ]
  },
 "Synonymous site-posteriors":  [
[0.006363881217797503, 0.01439184195781404, 0.03543110371318633, 0.0001708187758930754, 1.832995839830649e-07, 0.1546215630529769, 0.128503006368133, 0.3836977091572626, 0.5445043696674072, 0.04411085836644098, 0.3080612949166532, 0.262528960079682, 0.8290696431414326, 0.01761698291016846, 0.510034962172272, 0.003904479402407312, 0.4927831288181943, 0.001917822587521017, 0.00247953890371674, 0.002574930562307815, 0.05619073655357693, 0.9916361048197891, 0.01925843785131424, 0.4034902713577712, 0.9121606141808296, 1.10987781268995e-06, 0.004723722939743694, 0.005864400287081815, 0.01850567510909103, 2.903556185770876e-05, 0.0193124787714547, 0.000618935980506976, 0.0004570999913159482, 0.03411557813993653, 0.04304105296311034, 0.8180889299190141, 0.01540556076811626, 5.424420753182141e-05, 7.898823223301594e-06, 0.000767404555971047, 0.002271497350617718, 0.6159311971451238, 0.09004820105067456, 0.08803017630363606, 0.7753374824380017, 0.02091563716106388, 0.0009966830916602601, 2.853809176044957e-05, 0.0007227964281149861, 0.2737013348254639, 0.06765260340768618, 0.03023375655615441, 0.04383413542084163, 0.001053660569318185, 0.5301850725696263, 0.02283551767274227, 0.0372652098169091, 0.02819088887781814, 0.8106356704619031, 0.3883892731539434, 0.005377178906145356, 0.2772359091886449, 0.04637747676770591, 0.3032607663700426, 0.5157838618716641, 0.9255757411477255, 0.7077917155900829],
  [0.991102312025918, 0.9855645437606461, 0.9645415965393299, 0.9765893095469704, 0.05181939393455929, 0.8443937325942437, 0.8712886477719942, 0.6158822086056549, 0.4554912308420893, 0.9557646279978429, 0.6919198341403867, 0.7374459831720431, 0.1709301535303128, 0.9799329758814671, 0.4899648620486606, 0.99555618348953, 0.5072118062701843, 0.9978664782396968, 0.9934070046945355, 0.9880507333477887, 0.9437575645016125, 0.008363894986935788, 0.9800419843374254, 0.5965091064328252, 0.08783875615171802, 0.08293436508357928, 0.9871589340817409, 0.9941353019698914, 0.9814923662022513, 0.9661634307082595, 0.9800995540244288, 0.989456031678839, 0.9694053578349408, 0.9657354669209227, 0.9567378368905101, 0.1819109222894914, 0.9844951185838767, 0.9974623851918549, 0.9940164942752097, 0.9981498919620029, 0.996417070031773, 0.3840540663474668, 0.9098456631979742, 0.9101377569143595, 0.2246624370480751, 0.9790838472806457, 0.9966996318486746, 0.7554683716895302, 0.9992623524594975, 0.726296101866505, 0.9323365440161175, 0.9672249626439735, 0.9561176278355262, 0.9988913356963269, 0.4697567191380183, 0.9769691456471391, 0.9627146626351467, 0.9717932017821318, 0.1893642766316427, 0.6116091498820166, 0.9936097304495406, 0.7227162333050947, 0.9535604119505271, 0.6967340864150944, 0.4841392842475788, 0.07442425866126555, 0.2922008010237458],
  [0.002533806756284415, 4.361428153992768e-05, 2.729974748371511e-05, 0.02323987167713634, 0.9481804227658567, 0.0009847043527793401, 0.0002083458598728379, 0.0004200822370826636, 4.399490503594076e-06, 0.0001245136357161152, 1.887094296002349e-05, 2.505674827491046e-05, 2.033282546439073e-07, 0.002450041208364486, 1.757790677147895e-07, 0.0005393371080627014, 5.064911621579842e-06, 0.0002156991727822616, 0.0041134564017477, 0.009374336089903427, 5.169894481047997e-05, 1.932751300365053e-10, 0.0006995778112602597, 6.222094034844721e-07, 6.296674525057072e-07, 0.917064525038608, 0.008117342978515324, 2.977430266975581e-07, 1.958688657831413e-06, 0.03380753372988263, 0.0005879672041165782, 0.009925032340654061, 0.03013754217374336, 0.0001489549391407456, 0.000221110146379584, 1.477914946266891e-07, 9.932064800698065e-05, 0.002483370600613161, 0.005975606901566914, 0.001082703482025987, 0.001311432617609178, 1.473650740955573e-05, 0.0001061357513512489, 0.001832066782004643, 8.051392333887242e-08, 5.155582904931869e-07, 0.00230368505966506, 0.2445030902187093, 1.48511123875781e-05, 2.563308031265883e-06, 1.08525761963147e-05, 0.002541280799872044, 4.823674363218994e-05, 5.500373435489076e-05, 5.820829235533757e-05, 0.0001953366801187603, 2.012754794412674e-05, 1.590934005006414e-05, 5.290645407989788e-08, 1.576964039934882e-06, 0.001013090644314053, 4.785750626036151e-05, 6.211128176700707e-05, 5.147214863065524e-06, 7.685388075701816e-05, 1.910089173357587e-10, 7.483386171444043e-06] 
  ],
 "analysis":{
   "authors":"Sergei L Kosakovsky Pond",
   "citation":"*Gene-wide identification of episodic selection*, Mol Biol Evol. 32(5):1365-71",
   "contact":"spond@temple.edu",
   "info":"BUSTED (branch-site unrestricted statistical test of episodic diversification) uses a random effects branch-site model fitted \njointly to all or a subset of tree branches in order to test for alignment-wide evidence of episodic diversifying selection. \nAssuming there is evidence of positive selection (i.e. there is an omega > 1),  BUSTED will also perform a quick evidence-ratio \nstyle analysis to explore which individual sites may have been subject to selection. v2.0 adds support for synonymous rate variation, \nand relaxes the test statistic to 0.5 (chi^2_0 + chi^2_2). Version 2.1 adds a grid search for the initial starting point.\nVersion 2.2 changes the grid search to LHC, and adds an initial search phase to use adaptive Nedler-Mead. Version 3.0 implements the option\nfor branch-site variation in synonymous substitution rates. Version 3.1 adds HMM auto-correlation option for SRV, and binds SRV distributions for multiple branch sets\n",
   "requirements":"in-frame codon alignment and a phylogenetic tree (optionally annotated with {})",
   "version":"3.1"
  },
 "background":0,
 "branch attributes":{
   "0":{
     "APEL_BOVIN":{
       "MG94xREV with separate rates for branch sets":0.1099694886025712,
       "Nucleotide GTR":0.09183790857384456,
       "original name":"APEL_BOVIN",
       "unconstrained":0.1715401704429709
      },
     "APLN_MOUSE":{
       "MG94xREV with separate rates for branch sets":0.04826231928730457,
       "Nucleotide GTR":0.04906135323412029,
       "original name":"APLN_MOUSE",
       "unconstrained":0.06538693363707453
      },
     "APLN_RAT":{
       "MG94xREV with separate rates for branch sets":0.01983573685657467,
       "Nucleotide GTR":0.0187783906959698,
       "original name":"APLN_RAT",
       "unconstrained":0.02122759003452062
      },
     "ENSAMEP00000015968":{
       "MG94xREV with separate rates for branch sets":0.1716184835200484,
       "Nucleotide GTR":0.1446626513909739,
       "original name":"ENSAMEP00000015968",
       "unconstrained":0.2634337459717505
      },