{
 "Evidence Ratios":{
  },
 "Site Log Likelihood":{
   "unconstrained":    [
[-4.293219246797606, -4.324021524795116, -4.792883389250644, -4.352313692728123, -4.037440944759287, -4.294520374459855, -4.65377357325899, -3.51214337368478, -4.294520374459855, -3.956091847231852, -3.491264308715712, -3.080195762528451, -4.538128690097282, -4.199700162869277, -5.568013891287372, -3.518088744760874, -3.762998188060552, -3.173714846456778, -3.36677634256428, -4.538128690097282, -3.173714846456778, -4.293219246797604, -3.518088744760874, -3.956091847231852, -5.243089077926562, -3.418624289756455, -4.610768709056538, -3.762998188060552, -3.360830971488186, -4.445832776656451, -3.360830971488186, -4.610768709056538, -3.491264308715712, -3.418624289756455, -3.173714846456778, -5.156945345100115, -4.65377357325899, -4.448509490946546, -3.491264308715712, -3.424569660832549, -4.037440944759287, -3.173714846456778, -4.174066734247813, -4.448509490946546, -4.47533392699171, -4.10204155007316, -10.27109668035756, -5.219204664273295, -13.7749092439685, -5.313538996351753, -4.10204155007316, -9.349379549846953, -4.10204155007316, -8.440387355866267, -9.189896581625701, -8.822084403452312, -16.58601901190747, -6.075169337565334, -10.02799775127971, -4.879169900486964, -15.74015829218547, -17.44599713370992, -7.447534867278841, -6.134393544723688, -8.963874907951242, -10.51984765019772, -5.644065745650241, -4.749057068751769, -6.201135458030697, -8.229134797672295, -17.10540419256217, -13.96645991686844, -5.250464429028439, -6.863478415985413, -3.424569660832548, -4.971130347730957, -3.840537810499363, -3.360830971488186, -4.381814843063385, -4.18491170880346, -5.017835529108459, -3.512143373684782, -4.309399674954892, -4.475333926991709, -3.022402444260184, -4.352313692728124, -3.418624289756454, -4.538128690097281, -4.65377357325899, -3.512143373684782, -4.24270502707173, -4.352313692728124, -3.762998188060552, -4.352313692728123, -3.173714846456779, -4.424953711687381, -3.173714846456779] 
    ]
  },
 "Synonymous site-posteriors":  [
[0, 0, 0, 0, 0, 0, 0, 0, 0, 0, 0, 0, 0, 0, 0, 0, 0, 0, 0, 0, 0, 0, 0, 0, 0, 0, 0, 0, 0, 0, 0, 0, 0, 0, 0, 0, 0, 0, 0, 0, 0, 0, 0, 0, 0, 0, 0, 0, 0, 0, 0, 0, 0, 0, 0, 0, 0, 0, 0, 0, 0, 0, 0, 0, 0, 0, 0, 0, 0, 0, 0, 0, 0, 0, 0, 0, 0, 0, 0, 0, 0, 0, 0, 0, 0, 0, 0, 0, 0, 0, 0, 0, 0, 0, 0, 0, 0],
  [0.7790500185817796, 0.7790500185817794, 0.7790500185817792, 0.7790500185817787, 0.7790500185817796, 0.7790500185817797, 0.7790500185817796, 0.7790500185817795, 0.7790500185817797, 0.77905001858178, 0.7790500185817795, 0.7790500185817795, 0.7790500185817791, 0.7790500185817796, 0.7790500185817798, 0.7790500185817796, 0.7790500185817796, 0.7790500185817795, 0.7790500185817796, 0.7790500185817791, 0.7790500185817795, 0.7790500185817794, 0.7790500185817796, 0.77905001858178, 0.7790500185817795, 0.7790500185817786, 0.77905001858178, 0.7790500185817796, 0.7790500185817795, 0.7790500185817798, 0.7790500185817795, 0.77905001858178, 0.7790500185817795, 0.7790500185817786, 0.7790500185817795, 0.7790500185817798, 0.7790500185817796, 0.7790500185817797, 0.7790500185817795, 0.7790500185817798, 0.7790500185817796, 0.7790500185817795, 0.7790500185817795, 0.7790500185817797, 0.7790500185817797, 0.9941569493335161, 0.9336875475744958, 0.99657363214343, 0.2925304864834323, 0.9975655345306593, 0.9941569493335161, 0.8934677802558618, 0.9941569493335161, 0.9549090309600236, 0.9617171383322698, 0.9823290952048658, 0.01230203490090457, 0.9613490532857758, 0.7038659814718357, 0.9823310591339446, 0.1074451960902813, 0.0219710527939805, 0.9805605577393226, 0.9761913326817194, 0.9778732242088849, 0.9226074951116746, 0.9956863946428444, 0.996366081484903, 0.9993984955376926, 0.9854124102050671, 0.00152392962192978, 0.2017423731798248, 0.7790500185817786, 0.9902994901926284, 0.7790500185817796, 0.7790500185817795, 0.7790500185817799, 0.7790500185817794, 0.7790500185817796, 0.7790500185817796, 0.7790500185817799, 0.77905001858178, 0.7790500185817787, 0.7790500185817791, 0.7790500185817798, 0.7790500185817794, 0.7790500185817784, 0.7790500185817788, 0.7790500185817797, 0.77905001858178, 0.7790500185817791, 0.7790500185817794, 0.7790500185817786, 0.7790500185817787, 0.77905001858178, 0.7790500185817795, 0.77905001858178],
  [0.2209499814182203, 0.2209499814182205, 0.2209499814182208, 0.2209499814182214, 0.2209499814182203, 0.2209499814182203, 0.2209499814182204, 0.2209499814182205, 0.2209499814182203, 0.2209499814182198, 0.2209499814182205, 0.2209499814182204, 0.220949981418221, 0.2209499814182204, 0.2209499814182201, 0.2209499814182205, 0.2209499814182204, 0.2209499814182204, 0.2209499814182205, 0.220949981418221, 0.2209499814182204, 0.2209499814182206, 0.2209499814182205, 0.2209499814182198, 0.2209499814182205, 0.2209499814182215, 0.2209499814182201, 0.2209499814182204, 0.2209499814182206, 0.2209499814182202, 0.2209499814182206, 0.2209499814182201, 0.2209499814182205, 0.2209499814182215, 0.2209499814182204, 0.2209499814182201, 0.2209499814182204, 0.2209499814182204, 0.2209499814182205, 0.2209499814182204, 0.2209499814182203, 0.2209499814182204, 0.2209499814182206, 0.2209499814182204, 0.2209499814182203, 0.0058430506664839, 0.06631245242550421, 0.003426367856570068, 0.7074695135165677, 0.002434465469340723, 0.0058430506664839, 0.1065322197441382, 0.0058430506664839, 0.04509096903997643, 0.03828286166773028, 0.01767090479513421, 0.9876979650990955, 0.03865094671422413, 0.2961340185281643, 0.01766894086605542, 0.8925548039097186, 0.9780289472060195, 0.01943944226067743, 0.02380866731828043, 0.02212677579111502, 0.07739250488832537, 0.004313605357155625, 0.003633918515096948, 0.0006015044623074909, 0.01458758979493305, 0.9984760703780702, 0.7982576268201751, 0.2209499814182214, 0.009700509807371558, 0.2209499814182204, 0.2209499814182206, 0.2209499814182199, 0.2209499814182206, 0.2209499814182204, 0.2209499814182204, 0.2209499814182201, 0.2209499814182199, 0.2209499814182213, 0.2209499814182208, 0.2209499814182202, 0.2209499814182207, 0.2209499814182216, 0.2209499814182211, 0.2209499814182202, 0.2209499814182199, 0.220949981418221, 0.2209499814182207, 0.2209499814182214, 0.2209499814182214, 0.2209499814182199, 0.2209499814182205, 0.2209499814182199] 
  ],
 "analysis":{
   "authors":"Sergei L Kosakovsky Pond",
   "citation":"*Gene-wide identification of episodic selection*, Mol Biol Evol. 32(5):1365-71",
   "contact":"spond@temple.edu",
   "info":"BUSTED (branch-site unrestricted statistical test of episodic diversification) uses a random effects branch-site model fitted \njointly to all or a subset of tree branches in order to test for alignment-wide evidence of episodic diversifying selection. \nAssuming there is evidence of positive selection (i.e. there is an omega > 1),  BUSTED will also perform a quick evidence-ratio \nstyle analysis to explore which individual sites may have been subject to selection. v2.0 adds support for synonymous rate variation, \nand relaxes the test statistic to 0.5 (chi^2_0 + chi^2_2). Version 2.1 adds a grid search for the initial starting point.\nVersion 2.2 changes the grid search to LHC, and adds an initial search phase to use adaptive Nedler-Mead. Version 3.0 implements the option\nfor branch-site variation in synonymous substitution rates. Version 3.1 adds HMM auto-correlation option for SRV, and binds SRV distributions for multiple branch sets\n",
   "requirements":"in-frame codon alignment and a phylogenetic tree (optionally annotated with {})",
   "version":"3.1"
  },
 "background":0,
 "branch attributes":{
   "0":{
     "ENSACAP00000018002":{
       "MG94xREV with separate rates for branch sets":0.0002385234303544015,
       "Nucleotide GTR":0.0002929143419265948,
       "original name":"ENSACAP00000018002",
       "unconstrained":0.0001923007494919406
      },
     "ENSLACP00000002338":{
       "MG94xREV with separate rates for branch sets":0.0002402563322501162,
       "Nucleotide GTR":0.0002929143419265948,