{
 "Evidence Ratios":{
  },
 "Site Log Likelihood":{
   "unconstrained":    [
[-5.927164955158746, -5.253864364207117, -4.338732404202241, -5.847773413058473, -3.672596319548759, -3.690851385180407, -3.879173339724136, -5.554460687812201, -3.879476020927612, -3.849511444849957, -5.547177089453391, -12.87262432182849, -21.96062895073895, -12.31497351475953, -28.21461948505484, -10.95992296810184, -15.1036445323511, -15.98231667610779, -20.11355885891328, -21.82545238514717, -11.51732941612502, -19.68245634171833, -25.39828268640122, -18.58187377643923, -23.94278978377826, -25.68506484293976, -21.63733068329988, -13.57696210523414, -12.12172015739811, -11.89411851678825, -20.51323408881608, -6.790911739425609, -10.6652592637892, -24.07418290428371, -21.70761742395547, -8.269225942123043, -16.99054871766153, -12.27996643507491, -11.84385710052208, -21.81144853751464, -23.55450429176962, -24.66762715836993, -21.01171452351385, -17.5077720934355, -12.3598229391825, -14.45507546254851, -7.742929215632656, -28.10120504786164, -9.44744570691312, -14.85256025809166, -21.31448720747252, -10.48882567333568, -12.491996065868, -13.66609274941758, -7.565783696200562, -21.17786015932496, -24.2345418054037, -21.31291724409639, -20.29860092441751, -15.68132247160359, -5.232288071305448, -26.02294314581174, -21.46890772233403, -17.87811375474496, -19.57330553969607, -15.78179701838028, -7.783956344967647, -9.992087215727684, -18.63993140945477, -4.411115835455917, -2.955576008461587] 
    ]
  },
 "Synonymous site-posteriors":  [
[0.2630912706354699, 0.2630912706354688, 0.2630912706354678, 0.2630912706354693, 0.263091270635467, 0.2630912706354673, 0.2630912706354708, 0.2630912706354688, 0.2630912706354673, 0.2630912706354677, 0.2630912706354697, 0.03704841452757596, 0.5101011566615669, 0.05937269611229622, 0.9519574906615546, 0.3510771130867332, 0.02339253686889503, 0.05956005798178038, 0.01016958760533918, 0.1470093225164212, 0.1826382940342028, 0.01321421424958596, 0.6715827522112633, 0.01191949967350176, 0.6733330411318161, 0.5368185584924805, 0.367362090446205, 0.2233275506053575, 0.1328503398708975, 0.1099875952127834, 0.2602269049914109, 0.04673480073133907, 0.01196360351708488, 0.9865274660667236, 0.01474848476543756, 0.01138662692416924, 0.01042362574757761, 0.1220333147376286, 0.1389428196257045, 0.1632510753415446, 0.03719549071142746, 0.96914504541562, 0.06568490379037598, 0.003754974790679141, 0.1543071262038297, 0.05734924021659112, 0.04804294642095127, 0.9730005218487721, 0.06046928865198656, 0.01196008371624696, 0.008038561855189115, 0.0559654011835443, 0.002582631456439687, 0.4416055758524405, 0.1094450336500072, 0.5224700107433838, 0.6368729282504064, 0.8566329683614734, 0.8524720241720893, 0.1930591998753748, 0.0252105792200673, 0.9612533892367692, 0.8798651753478235, 0.2558461971951091, 0.07793483628682867, 0.007428081536072455, 0.05001842159856846, 0.00256215425538271, 0.09537149506014231, 0.2630912706354682, 0.2630912706354701],
  [0, 0, 0, 0, 0, 0, 0, 0, 0, 0, 0, 0, 0, 0, 0, 0, 0, 0, 0, 0, 0, 0, 0, 0, 0, 0, 0, 0, 0, 0, 0, 0, 0, 0, 0, 0, 0, 0, 0, 0, 0, 0, 0, 0, 0, 0, 0, 0, 0, 0, 0, 0, 0, 0, 0, 0, 0, 0, 0, 0, 0, 0, 0, 0, 0, 0, 0, 0, 0, 0, 0],
  [0.73690872936453, 0.7369087293645312, 0.736908729364532, 0.7369087293645308, 0.736908729364533, 0.7369087293645328, 0.7369087293645291, 0.7369087293645311, 0.7369087293645327, 0.7369087293645322, 0.7369087293645303, 0.9629515854724239, 0.4898988433384333, 0.9406273038877038, 0.04804250933844539, 0.6489228869132668, 0.9766074631311049, 0.9404399420182196, 0.9898304123946609, 0.8529906774835787, 0.8173617059657972, 0.9867857857504142, 0.3284172477887367, 0.9880805003264983, 0.3266669588681839, 0.4631814415075195, 0.6326379095537951, 0.7766724493946424, 0.8671496601291026, 0.8900124047872165, 0.739773095008589, 0.9532651992686609, 0.9880363964829153, 0.0134725339332764, 0.9852515152345624, 0.9886133730758307, 0.9895763742524224, 0.8779666852623714, 0.8610571803742956, 0.8367489246584554, 0.9628045092885725, 0.03085495458437994, 0.9343150962096241, 0.9962450252093209, 0.8456928737961702, 0.9426507597834088, 0.9519570535790487, 0.02699947815122797, 0.9395307113480135, 0.9880399162837529, 0.991961438144811, 0.9440345988164556, 0.9974173685435602, 0.5583944241475596, 0.8905549663499929, 0.4775299892566163, 0.3631270717495936, 0.1433670316385268, 0.1475279758279106, 0.8069408001246252, 0.9747894207799327, 0.03874661076323074, 0.1201348246521764, 0.7441538028048911, 0.9220651637131714, 0.9925719184639276, 0.9499815784014315, 0.9974378457446172, 0.9046285049398577, 0.7369087293645318, 0.73690872936453] 
  ],
 "analysis":{
   "authors":"Sergei L Kosakovsky Pond",
   "citation":"*Gene-wide identification of episodic selection*, Mol Biol Evol. 32(5):1365-71",
   "contact":"spond@temple.edu",
   "info":"BUSTED (branch-site unrestricted statistical test of episodic diversification) uses a random effects branch-site model fitted \njointly to all or a subset of tree branches in order to test for alignment-wide evidence of episodic diversifying selection. \nAssuming there is evidence of positive selection (i.e. there is an omega > 1),  BUSTED will also perform a quick evidence-ratio \nstyle analysis to explore which individual sites may have been subject to selection. v2.0 adds support for synonymous rate variation, \nand relaxes the test statistic to 0.5 (chi^2_0 + chi^2_2). Version 2.1 adds a grid search for the initial starting point.\nVersion 2.2 changes the grid search to LHC, and adds an initial search phase to use adaptive Nedler-Mead. Version 3.0 implements the option\nfor branch-site variation in synonymous substitution rates. Version 3.1 adds HMM auto-correlation option for SRV, and binds SRV distributions for multiple branch sets\n",
   "requirements":"in-frame codon alignment and a phylogenetic tree (optionally annotated with {})",
   "version":"3.1"
  },
 "background":0,
 "branch attributes":{
   "0":{
     "CR318593_2_DANRE":{
       "MG94xREV with separate rates for branch sets":0.3624971992024907,
       "Nucleotide GTR":0.184706095487478,
       "original name":"CR318593.2_DANRE",
       "unconstrained":0.4224042169843836
      },
     "ENSGACP00000010893":{
       "MG94xREV with separate rates for branch sets":0.1069288415120864,
       "Nucleotide GTR":0.08251687095192031,
       "original name":"ENSGACP00000010893",
       "unconstrained":0.1315700365124457
      },
     "ENSGMOP00000008769":{
       "MG94xREV with separate rates for branch sets":0.05886369811399932,
       "Nucleotide GTR":0.05454982934758966,
       "original name":"ENSGMOP00000008769",
       "unconstrained":0.09339096754616945
      },
     "ENSLACP00000011723":{
       "MG94xREV with separate rates for branch sets":0.7679029249013776,
       "Nucleotide GTR":0.3671869005103249,
       "original name":"ENSLACP00000011723",
       "unconstrained":1.450656711956234
      },
     "ENSONIP00000014930":{
       "MG94xREV with separate rates for branch sets":0.03780875737524595,
       "Nucleotide GTR":0.03134236450159922,
       "original name":"ENSONIP00000014930",
       "unconstrained":0.04216927762059584
      },
     "ENSONIP00000024359":{
       "MG94xREV with separate rates for branch sets":0.7385875061871047,
       "Nucleotide GTR":0.3296369986599034,
       "original name":"ENSONIP00000024359",
       "unconstrained":1.04211273580141
      },
     "ENSORLP00000008257":{
       "MG94xREV with separate rates for branch sets":0.06318870499695747,
       "Nucleotide GTR":0.06654959935018279,
       "original name":"ENSORLP00000008257",
       "unconstrained":0.08025636379982372
      },
     "ENSTNIP00000018170":{
       "MG94xREV with separate rates for branch sets":0.03349455040210845,
       "Nucleotide GTR":0.02935129604751728,
       "original name":"ENSTNIP00000018170",
       "unconstrained":0.03670619884629672
      },
     "ENSTRUP00000041387":{
       "MG94xREV with separate rates for branch sets":0.01638455994771292,