{
 "Evidence Ratios":{
  },
 "Site Log Likelihood":{
   "unconstrained":    [
[-4.289310546070817, -4.94435825414166, -5.574690241959211, -6.055995933147012, -5.871207068475154, -8.227830321573615, -5.365697045293882, -6.542507794630178, -16.39479249650113, -11.3398999694481, -22.19333329946725, -7.138669327383809, -13.15070596962459, -11.71601985492801, -22.07837341896756, -8.018890367332242, -13.86126693616533, -12.31311954980526, -7.908917419116163, -6.985554175044603, -17.03228932411255, -12.39442009004754, -18.14719626191946, -9.290724417456591, -31.46798952192606, -14.83498006330002, -9.669469428460477, -16.2864045105377, -13.88437016942271, -22.08541104660423, -8.948355373733303, -15.10725200537315, -11.00820870897264, -8.855597884370006, -11.03338269819286, -8.738008286750226, -13.08465222585604, -20.52394524257871, -23.85111885168118, -8.018890367332242, -14.09842055257312, -14.66571567082819, -19.70006759297443, -10.19089507008673, -13.34765865420735, -14.13974195400289, -9.739092532933963, -12.71105363710599, -15.21629073549141, -8.019005178322004, -21.51949358563539, -9.664797656093338, -32.87685223472511, -30.75187835469203, -7.946711507384209, -11.28596976758916, -6.357888592801556, -15.00936248424362, -10.37249075479995, -18.79756775734096, -7.143299157654651, -7.411648350254199, -6.781133957619672, -10.7091018681752, -17.073611021671, -9.721445934109319, -15.62032669459611, -8.900312948382039, -20.72560685158397, -13.67959072427408, -18.15456406776932, -7.573594490462696, -14.68627060789121, -13.40348605812335, -13.55148668097807, -7.659407614506507, -13.14450675272429, -14.01875177564745, -6.781133957619672, -9.32143909657136, -19.48330215020117, -17.93193613944389, -9.32143909657136, -13.60432472012466, -7.411648350254199, -12.80834979407136, -9.897911359076868, -15.98105469457534, -7.214869886686173, -4.787149705116102] 
    ]
  },
 "Synonymous site-posteriors":  [
[0.618907325281208, 0.7021079240585503, 0.5340064020110766, 0.5345432374212585, 0.6293466461358844, 0.6051549775897489, 0.5488762093281894, 0.7052943723374279, 0.9142544501093837, 0.5175282227611094, 0.748855650081688, 0.4310515860539426, 0.7462277280253278, 0.4382639565492322, 0.7221587006843295, 0.51775084297269, 0.6025447070668407, 0.5061620888140591, 0.5479804252082935, 0.4780030427565032, 0.9372309639457278, 0.593934181897374, 0.7439688385217994, 0.6854062620490191, 0.002016120812608067, 0.7131035290065065, 0.547202011116802, 0.9007520682160389, 0.7988156214411656, 0.9401122105499691, 0.533068747378169, 0.7376208408320879, 0.9022631438998898, 0.7113027778500262, 0.2840904730669082, 0.754843269982898, 0.1411489076012981, 0.7864772160143054, 0.8457053122029384, 0.51775084297269, 0.8929608792539511, 0.7652856422907625, 0.8398797423843042, 0.8101654959904188, 0.6558315628661759, 0.7329560998510017, 0.7896697384679069, 0.5769729338917039, 0.7988130006564296, 0.6229358265685078, 0.7975818939888732, 0.7202895774180293, 0.001507626391151952, 0.002248051227422824, 0.4587639689233976, 0.3552378309144361, 0.3806290814738509, 0.775886744678551, 0.6434710909351328, 0.7631604918016405, 0.5027005883392063, 0.5572683102541848, 0.3484127602992609, 0.2251695221498581, 0.7346401060253418, 0.7578963596783362, 0.7935349140770183, 0.6045845503300555, 0.9012605822336169, 0.5422659802088652, 0.538192122141062, 0.4975232149833818, 0.5720321690375066, 0.5173973151949459, 0.6488498498448699, 0.5122662163353964, 0.6440209081967194, 0.8508710018370638, 0.3484127602992609, 0.5419575821998058, 0.8577849910292017, 0.8779345182635027, 0.5419575821998058, 0.6751753495450169, 0.5572683102541848, 0.4510247883224991, 0.8357908514337294, 0.6943941611177216, 0.5160979450499578, 0.6189073252812112],
  [0.04215811745391881, 0.01469235765891185, 0.009420872681014552, 0.007797517326349612, 0.01109486655012853, 0.1735179240923264, 0.008679144314205267, 0.01416476351746155, 7.162337038293334e-05, 0.0002159233473500442, 0.008111611700078221, 4.043317846012186e-06, 6.006830357499944e-05, 5.678731325893698e-07, 0.005231385211822321, 7.885106485320888e-06, 3.610901561579986e-05, 1.152026331004907e-05, 1.1905727268738e-05, 7.413230788503251e-06, 0.0002217521935700342, 0.0001018525001536087, 0.0157618889224734, 4.765276697598506e-05, 0.9979785145633451, 1.569144870634428e-05, 2.407729228876807e-05, 0.0003862015317827963, 0.001223253572913387, 0.009594780445687389, 2.539979770328021e-06, 3.082024947562583e-05, 0.0005875410759948874, 6.924113542313447e-05, 1.184807917916792e-06, 9.846716395450282e-05, 5.272358682170694e-07, 0.1737096325719146, 0.01066503673964585, 7.885106485320888e-06, 0.002812802759181673, 9.149768000558184e-06, 0.002715224569709735, 5.596888533795123e-05, 3.78560823972582e-05, 3.943245306316633e-05, 8.588609076038571e-05, 0.0004663994828279285, 3.028730259769385e-05, 5.930489771523874e-05, 0.1693023603415295, 6.926724982752932e-05, 0.9984839619019846, 0.9977092267563032, 6.57145129857959e-06, 5.708515089619561e-06, 5.696332846122185e-06, 0.0005736357921162985, 1.055117208018622e-05, 0.001646344621155648, 9.897052966820791e-06, 1.75829032801107e-05, 3.362062349774438e-06, 1.374569232233928e-06, 5.695158724702367e-05, 0.0001364071401937445, 0.0002078008890196909, 8.148864005123822e-06, 0.0002465668059138817, 2.532764255137343e-06, 0.001280844619377574, 6.245213275918118e-06, 3.405327132246397e-05, 2.036800304264227e-05, 0.0001040805504944543, 1.454264232175247e-05, 3.920662370147057e-06, 0.002507691185723725, 3.362062349774438e-06, 2.598658655743646e-05, 0.003203695909610381, 0.05715359106882527, 2.598658655743646e-05, 2.852760502970956e-05, 1.75829032801107e-05, 5.846624866759094e-05, 0.0003882269955782921, 6.866476787019346e-05, 4.0548103007913e-05, 0.04215811745391602],
  [0.338934557264873, 0.2831997182825378, 0.4565727253079087, 0.457659245252392, 0.359558487313987, 0.2213270983179245, 0.4424446463576053, 0.2805408641451106, 0.08567392652023338, 0.4822558538915405, 0.2430327382182337, 0.5689443706282112, 0.2537122036710972, 0.5617354755776353, 0.2726099141038481, 0.4822412719208246, 0.3974191839175435, 0.4938263909226308, 0.4520076690644377, 0.5219895440127081, 0.06254728386070209, 0.4059639656024725, 0.2402692725557272, 0.3145460851840048, 5.364624046806376e-06, 0.2868807795447871, 0.4527739115909092, 0.09886173025217847, 0.1999611249859211, 0.05029300900434346, 0.4669287126420607, 0.2623483389184365, 0.09714931502411531, 0.2886279810145508, 0.7159083421251738, 0.2450582628531474, 0.8588505651628336, 0.03981315141378006, 0.1436296510574157, 0.4822412719208246, 0.1042263179868673, 0.2347052079412368, 0.157405033045986, 0.1897785351242432, 0.3441305810514267, 0.2670044676959351, 0.2102443754413327, 0.422560666625468, 0.2011567120409727, 0.3770048685337771, 0.0331157456695973, 0.279641155332143, 8.411706863301818e-06, 4.27220162738371e-05, 0.541229459625304, 0.6447564605704742, 0.619365222193303, 0.2235396195293327, 0.3565183578927871, 0.2351931635772039, 0.4972895146078268, 0.4427141068425351, 0.6515838776383893, 0.7748291032809096, 0.2653029423874111, 0.24196723318147, 0.2062572850339619, 0.3954073008059394, 0.09849285096046916, 0.4577314870268797, 0.4605270332395603, 0.5024705398033422, 0.4279337776911707, 0.4825823168020114, 0.3510460696046357, 0.4877192410222817, 0.3559751711409105, 0.1466213069772127, 0.6515838776383893, 0.4580164312136366, 0.1390113130611879, 0.06491189066767203, 0.4580164312136366, 0.3247961228499533, 0.4427141068425351, 0.5489167454288333, 0.1638209215706922, 0.3055371741144083, 0.4838615068470342, 0.3389345572648729] 
  ],
 "analysis":{
   "authors":"Sergei L Kosakovsky Pond",
   "citation":"*Gene-wide identification of episodic selection*, Mol Biol Evol. 32(5):1365-71",
   "contact":"spond@temple.edu",