{
 "Evidence Ratios":{
   "constrained":    [
[1, 1.011812474428277, 0.9671752294996595, 1.003975495210091, 0.9940363406461598, 0.9716657189177486, 1.050043758734453, 0.9888516767538006, 1.040042224997954, 0.9751244980865499, 1.124177429196034, 0.9909001788847978, 0.967735622653173, 0.9785368964995538, 0.9999999999999991, 0.975444681026494, 1.023000952722891, 1.005807023407356, 0.984229262790549, 1.008671443642442, 1.054390806885744, 0.9681861657483031, 0.9851468481321644, 1.026112141212177, 0.9698046001191157, 0.9716598474716849] 
    ],
   "optimized null":    [
[1.000000000000001, 0.9913379886627496, 1.015067262600722, 0.9934166754630134, 0.9928749500339713, 0.9794854382623931, 0.9807385389029666, 0.9601008221955096, 0.998551476111538, 0.9737239944654095, 0.9678705447726954, 1.058885984336422, 0.9705522123292466, 0.9857199153407536, 0.9999999999999982, 1.003012394491128, 1.036614826327837, 0.9828297507836236, 0.9572876934025381, 1.031251574353101, 1.014102652544196, 1.111287807534457, 0.9988315061395919, 1.005834357044664, 1.0041160987114, 1.004292112145478] 
    ]
  },
 "Site Log Likelihood":{
   "constrained":    [
[-3.889035659173833, -12.79424618491062, -13.29720861105951, -16.35161470750201, -12.99626398733066, -12.62250517736613, -25.3174156348766, -40.49044510408049, -15.12057969309137, -16.43368343614301, -44.65912871824092, -31.15214939645825, -12.56279721300598, -11.75443720768323, -5.174696722637377, -19.95816951176219, -26.26408355024411, -36.02614220168642, -16.32236054934801, -27.89831846916208, -21.26888832968688, -30.31192182739004, -13.93865024923623, -32.03460231285882, -14.46753026775459, -6.25679038183856] 
    ],
   "optimized null":    [
[-3.889035659173834, -12.77380318855137, -13.34553908046483, -16.3410420034941, -12.99509494596489, -12.63052071340816, -25.24913441657603, -40.46093905872115, -15.07986880578932, -16.43224617319765, -44.50942018868282, -31.21850827115496, -12.56570348070032, -11.76175096708253, -5.174696722637377, -19.98603920693898, -26.27730356148707, -36.0030326067079, -16.29460565513421, -27.92045759185522, -21.22992929906546, -30.44977224739422, -13.95244563667848, -32.01464267575115, -14.50229858945879, -6.289822796072617] 
    ],
   "unconstrained":    [
[-3.889035659173833, -12.78250293316422, -13.3305842015946, -16.3476470936916, -13.00224550031832, -12.65124862161709, -25.26858379659035, -40.50165603563562, -15.08131837980272, -16.45887356193384, -44.54207712407062, -31.16129087384795, -12.59559355910863, -11.77613399333569, -5.174696722637378, -19.98303134061667, -26.24134313197213, -36.02035197404857, -16.3382569677752, -27.8896844065442, -21.21592516376972, -30.3442527175988, -13.95361481376011, -32.00882527265592, -14.49819093870787, -6.285539868768273] 
    ]
  },
 "Synonymous site-posteriors":  [
[0.2210237396033276, 0.03323875921459266, 1.640143710060185e-07, 0.4696566127522842, 0.02468838368828743, 6.94115553717458e-05, 0.1009857575359276, 0.6537309040893958, 0.007041726668180165, 0.02054412919702726, 0.6530977938838315, 0.6518265419828969, 5.465290553631767e-05, 5.128536758144793e-05, 0.2210237396033281, 0.009415940625770213, 0.08146991642118452, 0.6534431449119379, 0.004504654159746681, 0.6433426952069764, 0.0006957498382066219, 0.6547832461805024, 0.0007914135959197968, 0.6511763053643772, 1.472515207840295e-05, 0.0001123366295293549],
  [0.1167039315809812, 0.01746612081520723, 8.543980530128023e-08, 0.247720977403772, 0.01296342154951334, 3.62404349191279e-05, 0.05312695928025174, 0.3452964419690069, 0.003691162582686229, 0.01076317899940648, 0.3469021793358615, 0.3435678215006756, 2.85466624459511e-05, 2.68363227996428e-05, 0.1167039315809807, 0.004926775918608352, 0.04286741799263624, 0.3465344286025111, 0.002361241582492469, 0.3388041958595718, 0.0003650505804209974, 0.34509851460433, 0.0004144427757248854, 0.3432535018464752, 7.677997574224203e-06, 5.876138658321747e-05],
  [0.6622723288156912, 0.9492951199702002, 0.9999997505458236, 0.2826224098439439, 0.9623481947621992, 0.999894348009709, 0.8458872831838207, 0.0009726539415971087, 0.9892671107491335, 0.9686926918035664, 2.678030693856231e-08, 0.004605636516427384, 0.9999168004320178, 0.9999218783096188, 0.6622723288156912, 0.9856572834556214, 0.8756626655861792, 2.242648555089386e-05, 0.9931341042577609, 0.01785310893345166, 0.9989391995813723, 0.0001182392151675738, 0.9987941436283554, 0.005570192789147567, 0.9999775968503474, 0.9998289019838875] 
  ],
 "analysis":{
   "authors":"Sergei L Kosakovsky Pond",
   "citation":"*Gene-wide identification of episodic selection*, Mol Biol Evol. 32(5):1365-71",
   "contact":"spond@temple.edu",
   "info":"BUSTED (branch-site unrestricted statistical test of episodic diversification) uses a random effects branch-site model fitted \njointly to all or a subset of tree branches in order to test for alignment-wide evidence of episodic diversifying selection. \nAssuming there is evidence of positive selection (i.e. there is an omega > 1),  BUSTED will also perform a quick evidence-ratio \nstyle analysis to explore which individual sites may have been subject to selection. v2.0 adds support for synonymous rate variation, \nand relaxes the test statistic to 0.5 (chi^2_0 + chi^2_2). Version 2.1 adds a grid search for the initial starting point.\nVersion 2.2 changes the grid search to LHC, and adds an initial search phase to use adaptive Nedler-Mead. Version 3.0 implements the option\nfor branch-site variation in synonymous substitution rates. Version 3.1 adds HMM auto-correlation option for SRV, and binds SRV distributions for multiple branch sets\n",
   "requirements":"in-frame codon alignment and a phylogenetic tree (optionally annotated with {})",
   "version":"3.1"
  },
 "background":0,
 "branch attributes":{
   "0":{
     "CABZ01069745_1_DANRE":{
       "MG94xREV with separate rates for branch sets":0.2487284782906732,
       "Nucleotide GTR":0.2572865734122738,
       "constrained":0.6924649525326587,
       "original name":"CABZ01069745.1_DANRE",
       "unconstrained":0.6909544111481711
      },
     "ENSGACP00000013427":{
       "MG94xREV with separate rates for branch sets":0.2690967076693887,
       "Nucleotide GTR":0.2097774589141964,
       "constrained":0.3851576999259588,
       "original name":"ENSGACP00000013427",
       "unconstrained":0.3945859114256625
      },
     "ENSGACP00000018272":{
       "MG94xREV with separate rates for branch sets":0.09322487453759754,
       "Nucleotide GTR":0.09341348590730465,
       "constrained":0.2649979469090802,
       "original name":"ENSGACP00000018272",
       "unconstrained":0.2664634704076538
      },
     "ENSONIP00000004530":{
       "MG94xREV with separate rates for branch sets":0.08825045935280773,
       "Nucleotide GTR":0.09161093902819055,
       "constrained":0.1871887910243609,
       "original name":"ENSONIP00000004530",
       "unconstrained":0.1849942086071082
      },
     "ENSONIP00000012511":{
       "MG94xREV with separate rates for branch sets":0.1053658166166593,
       "Nucleotide GTR":0.1179648167978529,
       "constrained":0.07517412396048229,
       "original name":"ENSONIP00000012511",
       "unconstrained":0.07766389624400942
      },
     "ENSORLP00000020111":{
       "MG94xREV with separate rates for branch sets":0.2385752380021514,
       "Nucleotide GTR":0.240638395382925,
       "constrained":0.4251073390451433,
       "original name":"ENSORLP00000020111",
       "unconstrained":0.4426413824628853
      },
     "ENSTNIP00000004181":{
       "MG94xREV with separate rates for branch sets":0.04926512418842837,
       "Nucleotide GTR":0.04351822114413172,
       "constrained":0.09260437833845522,
       "original name":"ENSTNIP00000004181",
       "unconstrained":0.09366452210100074
      },
     "ENSTRUP00000012117":{
       "MG94xREV with separate rates for branch sets":0.1119952055196008,
       "Nucleotide GTR":0.08296641873344106,
       "constrained":0.1308311080878939,