{
 "Evidence Ratios":{
   "constrained":    [
[0.9999999999999996, 1.000000000000001, 1, 0.9999999999999996, 1, 0.9999999999999991, 1, 1, 1, 1, 1.000000000000001, 0.9999999999999991, 1, 1.000000000000001, 1.000000000000001, 1, 1, 1, 0.9999999999999987, 1] 
    ],
   "optimized null":    [
[1, 1.000000000000001, 0.9999999999999982, 0.9999999999999991, 1, 1, 0.9999999999999996, 1.000000000000001, 0.9999999999999991, 1, 1.000000000000001, 0.9999999999999991, 1, 1.000000000000001, 1, 1, 0.9999999999999991, 1, 1, 0.9999999999999996] 
    ]
  },
 "Site Log Likelihood":{
   "constrained":    [
[-3.793582145226129, -3.895611694162298, -5.081740939617758, -3.413508331866399, -4.788065420251923, -3.712269497886346, -3.855768956642548, -3.230166135590447, -5.104188027570788, -4.145108215546048, -3.895611694162298, -4.415467331707029, -3.701875261461714, -4.544530918419253, -3.610281214863124, -3.384101096684227, -4.522083830466222, -3.384101096684227, -3.456346253769343, -3.855768956642548] 
    ],
   "optimized null":    [
[-3.79358214522613, -3.895611694162298, -5.081740939617756, -3.413508331866399, -4.788065420251923, -3.712269497886347, -3.855768956642547, -3.230166135590447, -5.104188027570787, -4.145108215546048, -3.895611694162298, -4.415467331707029, -3.701875261461714, -4.544530918419253, -3.610281214863123, -3.384101096684227, -4.522083830466221, -3.384101096684227, -3.456346253769345, -3.855768956642547] 
    ],
   "unconstrained":    [
[-3.793582145226129, -3.895611694162298, -5.081740939617758, -3.413508331866399, -4.788065420251923, -3.712269497886347, -3.855768956642548, -3.230166135590447, -5.104188027570788, -4.145108215546048, -3.895611694162298, -4.41546733170703, -3.701875261461714, -4.544530918419252, -3.610281214863123, -3.384101096684227, -4.522083830466222, -3.384101096684227, -3.456346253769345, -3.855768956642548] 
    ]
  },
 "Synonymous site-posteriors":  [
[0.1600908972523319, 0.1600908972523315, 0.1600908972523321, 0.1600908972523317, 0.1600908972523314, 0.160090897252332, 0.1600908972523318, 0.1600908972523318, 0.1600908972523318, 0.1600908972523319, 0.1600908972523315, 0.1600908972523318, 0.1600908972523317, 0.1600908972523316, 0.1600908972523317, 0.1600908972523319, 0.1600908972523317, 0.1600908972523319, 0.1600908972523318, 0.1600908972523318],
  [0.6930674232721108, 0.6930674232721113, 0.6930674232721107, 0.6930674232721108, 0.6930674232721116, 0.693067423272111, 0.6930674232721109, 0.6930674232721107, 0.693067423272111, 0.6930674232721109, 0.6930674232721113, 0.6930674232721108, 0.6930674232721109, 0.6930674232721112, 0.6930674232721112, 0.6930674232721105, 0.693067423272111, 0.6930674232721105, 0.6930674232721107, 0.6930674232721109],
  [0.1468416794755573, 0.1468416794755572, 0.1468416794755571, 0.1468416794755573, 0.1468416794755571, 0.1468416794755572, 0.1468416794755572, 0.1468416794755574, 0.1468416794755571, 0.1468416794755572, 0.1468416794755572, 0.1468416794755574, 0.1468416794755573, 0.1468416794755569, 0.146841679475557, 0.1468416794755576, 0.1468416794755573, 0.1468416794755576, 0.1468416794755575, 0.1468416794755572] 
  ],
 "analysis":{
   "authors":"Sergei L Kosakovsky Pond",
   "citation":"*Gene-wide identification of episodic selection*, Mol Biol Evol. 32(5):1365-71",
   "contact":"spond@temple.edu",
   "info":"BUSTED (branch-site unrestricted statistical test of episodic diversification) uses a random effects branch-site model fitted \njointly to all or a subset of tree branches in order to test for alignment-wide evidence of episodic diversifying selection. \nAssuming there is evidence of positive selection (i.e. there is an omega > 1),  BUSTED will also perform a quick evidence-ratio \nstyle analysis to explore which individual sites may have been subject to selection. v2.0 adds support for synonymous rate variation, \nand relaxes the test statistic to 0.5 (chi^2_0 + chi^2_2). Version 2.1 adds a grid search for the initial starting point.\nVersion 2.2 changes the grid search to LHC, and adds an initial search phase to use adaptive Nedler-Mead. Version 3.0 implements the option\nfor branch-site variation in synonymous substitution rates. Version 3.1 adds HMM auto-correlation option for SRV, and binds SRV distributions for multiple branch sets\n",
   "requirements":"in-frame codon alignment and a phylogenetic tree (optionally annotated with {})",
   "version":"3.1"
  },
 "background":0,
 "branch attributes":{
   "0":{
     "ENSETEP00000008220":{
       "MG94xREV with separate rates for branch sets":0.0002747798047997065,
       "Nucleotide GTR":0.0001440401706537795,
       "constrained":0.0006055870945501595,
       "original name":"ENSETEP00000008220",
       "unconstrained":0.0003131694782750738
      },
     "ENSMEUP00000011127":{
       "MG94xREV with separate rates for branch sets":0.0002747798047997065,
       "Nucleotide GTR":0.0001440401706537795,
       "constrained":0.0001273191573130557,
       "original name":"ENSMEUP00000011127",
       "unconstrained":0.0001840694454787234
      },
     "ENSMICP00000005837":{
       "MG94xREV with separate rates for branch sets":0.002939108970935284,
       "Nucleotide GTR":0.0002816939343790193,
       "constrained":0.001166473097723358,
       "original name":"ENSMICP00000005837",
       "unconstrained":0.001801771839252235
      },
     "ENSOANP00000025466":{
       "MG94xREV with separate rates for branch sets":0.0004181443275465351,
       "Nucleotide GTR":0.0002814786122152871,
       "constrained":8.051553318380993e-05,
       "original name":"ENSOANP00000025466",
       "unconstrained":1.686492247613041e-06
      },
     "ENSOANP00000025847":{
       "MG94xREV with separate rates for branch sets":0.002939108970935284,
       "Nucleotide GTR":0.0002816939343790193,
       "constrained":0.001864833035193744,
       "original name":"ENSOANP00000025847",
       "unconstrained":0.002119246030312058
      },
     "ENSOANP00000028383":{
       "MG94xREV with separate rates for branch sets":0.000274884889944769,
       "Nucleotide GTR":0.0001440401706537795,
       "constrained":0.0002146797476230173,
       "original name":"ENSOANP00000028383",
       "unconstrained":0.0001953853399468282
      },
     "ENSPSIP00000001886":{
       "MG94xREV with separate rates for branch sets":0.0002747798047997065,
       "Nucleotide GTR":0.0001440401706537795,
       "constrained":0.0002065881822583094,
       "original name":"ENSPSIP00000001886",
       "unconstrained":0.000183928769657849
      },
     "ENSSARP00000001558":{
       "MG94xREV with separate rates for branch sets":0.0002935034871468817,
       "Nucleotide GTR":0.0002815862526996129,
       "constrained":0.0002231328503045523,
       "original name":"ENSSARP00000001558",
       "unconstrained":0.0002077155143067011
      },
     "F1LZ60_RAT":{
       "MG94xREV with separate rates for branch sets":0.003064759163076573,
       "Nucleotide GTR":0.0002816939343790193,
       "constrained":0.001456011918434303,
       "original name":"F1LZ60_RAT",
       "unconstrained":0.002109362496351215
      },
     "NODE_10":{
       "MG94xREV with separate rates for branch sets":0.002937976218269689,
       "Nucleotide GTR":0.0002816939343790193,
       "constrained":0.001300944787197265,
       "unconstrained":0.002001408979948388
      },
     "NODE_13":{
       "MG94xREV with separate rates for branch sets":0.0001500215412501156,
       "Nucleotide GTR":0.0001439301107801037,
       "constrained":0.0001507042512430212,
       "unconstrained":0.0001030831054537209
      },
     "NODE_14":{
       "MG94xREV with separate rates for branch sets":0.0002747798047997065,
       "Nucleotide GTR":0.0001440401706537795,
       "constrained":0.0002032779838901987,
       "unconstrained":0.0001840694454787234
      },
     "NODE_3":{
       "MG94xREV with separate rates for branch sets":0.000274884889944769,
       "Nucleotide GTR":0.0001440401706537795,
       "constrained":0.0001317148052986548,