{
 "Evidence Ratios":{
   "constrained":    [
[0.6790175748087293, 0.6665042042547115, 0.7033056660584579, 12.71311074946073, 0.597403651617882, 36.85190079147984, 0.9391447962653696, 0.6852504504366111, 40.39452463754152, 19.46908905191774, 0.465984804908619, 1.000000000000006, 0.7440234503545671, 0.6879087285450939, 5322.301839899244, 19.44958118155686, 0.6695524372199255, 1.000000000000012, 1.000000000000011, 1.000000000000009, 1.000000000000004, 1.000000000000007, 1.00000000000001, 1.000000000000011, 1.000000000000012, 1.000000000000009, 1.000000000000009, 0.9105087147913218] 
    ],
   "optimized null":    [
[1.002878316549197, 1.315065167808611, 2.692548236200667, 0.9058807300351598, 0.8308067076933213, 0.3794107754247108, 1.001847509677593, 0.8220409404668626, 1.0155255734242, 2.506003643224576, 0.5855173820464776, 1.000000000000004, 1.630331377139393, 0.774539607380777, 11.65438558009173, 1.388719527155524, 1.037070210230929, 1.000000000000012, 1.000000000000004, 1.000000000000006, 0.9999999999999991, 1.000000000000002, 1.000000000000005, 1.000000000000005, 1, 1.000000000000013, 1.000000000000006, 0.9613394008612969] 
    ]
  },
 "Site Log Likelihood":{
   "constrained":    [
[-4.780994908855346, -8.511830195919172, -15.70347164744292, -21.19322989075665, -28.14380178123736, -36.14826407044337, -21.01525178831364, -8.822085351081277, -36.78473615031312, -20.10342571051235, -22.21504778105964, -3.198665326806202, -11.55499321921654, -16.6823881877531, -38.6164000679865, -34.57239793467154, -7.561541414327028, -5.639162985039159, -5.975194527379657, -3.986194149684718, -3.908107964683784, -5.226418058302548, -5.032654180845164, -4.219169924020228, -2.482996527448395, -3.491230512673078, -3.986194149684718, -3.927757882340137] 
    ],
   "optimized null":    [
[-5.170977359370688, -9.191425249014097, -17.04592337166582, -18.55174846115606, -28.47360592870228, -31.57222105062031, -21.0798832024807, -9.004091158303469, -33.10144818811217, -18.05328698976301, -22.44339062508098, -3.1986653268062, -12.33945923758332, -16.80100081845877, -32.49242145637285, -31.9329545170095, -7.999086840383923, -5.639162985039158, -5.97519452737965, -3.986194149684715, -3.908107964683779, -5.226418058302543, -5.032654180845159, -4.219169924020223, -2.482996527448383, -3.491230512673082, -3.986194149684715, -3.982081933075914] 
    ],
   "unconstrained":    [
[-5.168103177243021, -8.917539027343384, -16.05543532675443, -18.65059608731393, -28.65896404193879, -32.54135687127999, -21.07803739734999, -9.200056237548942, -33.0860419033046, -17.13459767948948, -22.97865003394, -3.198665326806196, -11.85067594456854, -17.05648729960068, -30.03673890255558, -31.60457239792083, -7.962687208287701, -5.639162985039147, -5.975194527379646, -3.986194149684709, -3.90810796468378, -5.226418058302541, -5.032654180845154, -4.219169924020218, -2.482996527448383, -3.491230512673069, -3.986194149684709, -4.021509690765687] 
    ]
  },
 "Synonymous site-posteriors":  [
[0.7717502307358466, 0.7876302670624166, 0.7889685874099712, 0.7737565380420161, 0.00184289538876685, 0.1185380968615653, 0.280760844315461, 0.7870304603334163, 2.79202378764083e-05, 0.7487469543356129, 0.7454149150627929, 0.510201360644111, 0.7771600031699626, 0.7811712942641788, 0.002186495551621514, 3.13368290122307e-05, 0.784942472213034, 0.5102013606441135, 0.5102013606441135, 0.5102013606441116, 0.5102013606441141, 0.5102013606441138, 0.5102013606441138, 0.510201360644113, 0.5102013606441173, 0.5102013606441144, 0.5102013606441116, 0.5289359414573496],
  [0.02196617112709578, 0.001826089401328977, 0.000174165816150854, 0.01944201485581251, 0.9976648289654287, 0.8497906964507399, 0.6442179428266661, 0.002567762689237648, 0.9999646252953825, 0.05113656674077877, 0.05540168348975739, 0.3534338647000163, 0.0151378873058861, 0.01002867956657561, 0.9972294589442104, 0.9999602966016637, 0.005240864765507077, 0.3534338647000138, 0.3534338647000126, 0.3534338647000154, 0.3534338647000127, 0.3534338647000131, 0.3534338647000128, 0.3534338647000126, 0.3534338647000086, 0.3534338647000134, 0.3534338647000154, 0.3296913488217479],
  [0.2062835981370575, 0.2105436435362544, 0.2108572467738779, 0.2068014471021716, 0.0004922756458044834, 0.03167120668769471, 0.0750212128578729, 0.2104017769773461, 7.454466741132494e-06, 0.2001164789236083, 0.1991834014474497, 0.1363647746558725, 0.2077021095241513, 0.2088000261692456, 0.0005840455041680803, 8.366569324030122e-06, 0.2098166630214589, 0.1363647746558726, 0.136364774655874, 0.136364774655873, 0.1363647746558732, 0.1363647746558731, 0.1363647746558733, 0.1363647746558741, 0.1363647746558741, 0.1363647746558722, 0.136364774655873, 0.1413727097209025] 
  ],
 "analysis":{
   "authors":"Sergei L Kosakovsky Pond",
   "citation":"*Gene-wide identification of episodic selection*, Mol Biol Evol. 32(5):1365-71",
   "contact":"spond@temple.edu",
   "info":"BUSTED (branch-site unrestricted statistical test of episodic diversification) uses a random effects branch-site model fitted \njointly to all or a subset of tree branches in order to test for alignment-wide evidence of episodic diversifying selection. \nAssuming there is evidence of positive selection (i.e. there is an omega > 1),  BUSTED will also perform a quick evidence-ratio \nstyle analysis to explore which individual sites may have been subject to selection. v2.0 adds support for synonymous rate variation, \nand relaxes the test statistic to 0.5 (chi^2_0 + chi^2_2). Version 2.1 adds a grid search for the initial starting point.\nVersion 2.2 changes the grid search to LHC, and adds an initial search phase to use adaptive Nedler-Mead. Version 3.0 implements the option\nfor branch-site variation in synonymous substitution rates. Version 3.1 adds HMM auto-correlation option for SRV, and binds SRV distributions for multiple branch sets\n",
   "requirements":"in-frame codon alignment and a phylogenetic tree (optionally annotated with {})",
   "version":"3.1"
  },
 "background":0,
 "branch attributes":{
   "0":{
     "LOC100446402_PONAB":{
       "MG94xREV with separate rates for branch sets":0.08943791971806929,
       "Nucleotide GTR":0.07080802585728907,
       "constrained":0.1599959732554383,
       "original name":"LOC100446402_PONAB",
       "unconstrained":2.68163905450407
      },
     "NODE_12":{
       "MG94xREV with separate rates for branch sets":0.02501892161481085,
       "Nucleotide GTR":0.02088669203450326,
       "constrained":0,
       "unconstrained":0.00758546772884998
      },
     "NODE_18":{
       "MG94xREV with separate rates for branch sets":0.0238366589499599,
       "Nucleotide GTR":0.01985298907410703,
       "constrained":0,
       "unconstrained":0.008111410433606928
      },
     "NODE_20":{
       "MG94xREV with separate rates for branch sets":0,
       "Nucleotide GTR":0.02245492283523668,
       "constrained":0,
       "unconstrained":0
      },
     "NODE_28":{
       "MG94xREV with separate rates for branch sets":0.08441047233090831,
       "Nucleotide GTR":0.06844832745918761,
       "constrained":0.1993784879552759,
       "unconstrained":2.637570095705345
      },
     "NODE_3":{
       "MG94xREV with separate rates for branch sets":0.231115972652839,
       "Nucleotide GTR":0.1335353719962833,
       "constrained":0.4222313396329834,
       "unconstrained":7.722032510421351
      },
     "NODE_5":{
       "MG94xREV with separate rates for branch sets":0.06949082296603677,
       "Nucleotide GTR":0.04057010754971831,
       "constrained":0.09647274388735949,
       "unconstrained":0
      },
     "NODE_7":{
       "MG94xREV with separate rates for branch sets":0.03413091499093061,
       "Nucleotide GTR":0.04921367048312029,
       "constrained":0.09174354293806555,
       "unconstrained":1.511019440227194
      },
     "PRM2_AILME":{
       "MG94xREV with separate rates for branch sets":0.1468389906187386,
       "Nucleotide GTR":0.09304609297118141,
       "constrained":0.2267102042634239,