{
 "Evidence Ratios":{
  },
 "Site Log Likelihood":{
   "unconstrained":    [
[-5.298108292404554, -7.3536667163828, -5.208342334300266, -5.394761933828861, -5.87595822347152, -14.30810634549994, -14.57682064956788, -6.146427241827806, -9.934621290654272, -13.5113819367257, -9.491919553300848, -5.540699760029792, -17.9948922587186, -6.12201509424265, -5.533753809293901, -4.336257346836343, -8.520075056254834, -16.33559092786755, -10.24768471305096, -9.467876562160082, -14.02962218500271, -9.151225234671466, -21.62383009401094, -21.93260936164648, -19.75716279887593, -16.4689186131057, -15.80715061252783, -23.03236161983603, -28.80119998539416, -10.04122632565261, -23.50372501027162, -12.2105125510053, -18.61039317962334, -18.52728069936052, -20.43923007354923, -15.10981245391248, -13.79144129731703, -12.34617600200852, -10.755858298701, -5.12410705033077, -16.36577533781736, -8.373802575287414, -22.15374175824453, -5.176096677726099, -5.528456117019211, -5.293855886071832, -10.57844067384482, -15.14697438899017, -13.61051823515044, -14.39090401824772, -17.16174089760336, -9.608987206229507, -7.546633846283479, -4.898079235687459, -6.274775044571474, -14.39675748177298, -5.620671639829617, -8.21272560246959, -14.69030326254695, -15.29289406956327, -5.784362298669802, -10.34437892436754, -9.785644442583786, -4.557760761677973, -8.936524592594891, -17.83036590694087, -12.57784733028406, -5.12410705033077, -7.503051973856153, -13.48839349710432, -10.72111179189092, -12.53993199840751, -21.04125965301891, -8.270034727602274, -17.50322505514106, -19.89235128015648, -8.016232486908892, -20.73736321067386, -10.08988463907456, -4.122697289594144, -5.008110228899104, -4.329079685631478, -4.00839477799279] 
    ]
  },
 "Synonymous site-posteriors":  [
[0.1154998983826334, 0.3257629473794666, 0.0933458220250287, 0.09781927586850886, 0.06588231319580475, 0.695442798096447, 0.8449792681474886, 0.03321480376111104, 0.1134253420996913, 0.2018929001464288, 0.2289646883634812, 0.07909931384492844, 0.8160499396197444, 0.02762914421864452, 0.05680036177637453, 0.09977056985696325, 0.1118877355923008, 0.3339231031425515, 0.09075443011796389, 0.101137690644695, 0.4060601848181736, 0.217540143317725, 0.9760424385328069, 0.957670766585667, 0.9225107006889769, 0.7867020518106356, 0.7303131843846035, 0.980799180226211, 0.9994527091147627, 0.1739067905214632, 0.96951964980615, 0.2273745778026982, 0.9236495279096656, 0.7193040317143481, 0.9753963206253136, 0.8096343694951382, 0.3235120222003244, 0.4327170781835616, 0.2484898957574266, 0.04787003624059446, 0.7810761198369476, 0.1783110512104815, 0.9662877272823505, 0.08797526011984426, 0.1629731527492064, 0.044189913775636, 0.3715508578441316, 0.257854119214567, 0.1973024476269019, 0.6464936245719674, 0.7273096210616937, 0.1064981221255274, 0.1741141204277948, 0.05598341427632188, 0.02800259949438682, 0.7201860092526331, 0.03959445622220895, 0.0723714188316905, 0.2450045622538455, 0.2504947386601299, 0.04753669688334464, 0.3198594127211383, 0.08046148430635014, 0.0591299844716709, 0.1620346792381603, 0.671203880597688, 0.4990807104232451, 0.04787003624059446, 0.1785426740597139, 0.6923946348430179, 0.5799102022254362, 0.5200675097359897, 0.9692182353988191, 0.2380067709712612, 0.9006376195707199, 0.7914736479204924, 0.2251366284914411, 0.9379502586040429, 0.2311507387855037, 0.1404328838657503, 0.07620704684826395, 0.3005554888582908, 0.2709416832149898],
  [0.8845001016173666, 0.6742370526205335, 0.9066541779749714, 0.9021807241314911, 0.9341176868041954, 0.3045572019035531, 0.1550207318525114, 0.9667851962388889, 0.8865746579003088, 0.7981070998535713, 0.7710353116365188, 0.9209006861550716, 0.1839500603802556, 0.9723708557813554, 0.9431996382236255, 0.9002294301430367, 0.8881122644076993, 0.6660768968574485, 0.9092455698820361, 0.8988623093553051, 0.5939398151818264, 0.782459856682275, 0.02395756146719309, 0.04232923341433305, 0.07748929931102315, 0.2132979481893645, 0.2696868156153965, 0.01920081977378892, 0.0005472908852374384, 0.8260932094785367, 0.03048035019384986, 0.7726254221973017, 0.07635047209033437, 0.2806959682856519, 0.02460367937468651, 0.1903656305048617, 0.6764879777996755, 0.5672829218164385, 0.7515101042425734, 0.9521299637594055, 0.2189238801630524, 0.8216889487895184, 0.03371227271764943, 0.9120247398801558, 0.8370268472507937, 0.9558100862243639, 0.6284491421558683, 0.742145880785433, 0.8026975523730981, 0.3535063754280325, 0.2726903789383062, 0.8935018778744727, 0.8258858795722052, 0.9440165857236782, 0.9719974005056131, 0.2798139907473669, 0.960405543777791, 0.9276285811683095, 0.7549954377461545, 0.7495052613398702, 0.9524633031166555, 0.6801405872788616, 0.9195385156936497, 0.9408700155283291, 0.8379653207618396, 0.3287961194023121, 0.5009192895767549, 0.9521299637594055, 0.8214573259402861, 0.3076053651569822, 0.4200897977745639, 0.4799324902640104, 0.03078176460118087, 0.7619932290287387, 0.09936238042928007, 0.2085263520795077, 0.7748633715085589, 0.06204974139595719, 0.7688492612144961, 0.8595671161342499, 0.923792953151736, 0.6994445111417095, 0.7290583167850101],
  [0, 0, 0, 0, 0, 0, 0, 0, 0, 0, 0, 0, 0, 0, 0, 0, 0, 0, 0, 0, 0, 0, 0, 0, 0, 0, 0, 0, 0, 0, 0, 0, 0, 0, 0, 0, 0, 0, 0, 0, 0, 0, 0, 0, 0, 0, 0, 0, 0, 0, 0, 0, 0, 0, 0, 0, 0, 0, 0, 0, 0, 0, 0, 0, 0, 0, 0, 0, 0, 0, 0, 0, 0, 0, 0, 0, 0, 0, 0, 0, 0, 0, 0] 
  ],
 "analysis":{
   "authors":"Sergei L Kosakovsky Pond",
   "citation":"*Gene-wide identification of episodic selection*, Mol Biol Evol. 32(5):1365-71",
   "contact":"spond@temple.edu",
   "info":"BUSTED (branch-site unrestricted statistical test of episodic diversification) uses a random effects branch-site model fitted \njointly to all or a subset of tree branches in order to test for alignment-wide evidence of episodic diversifying selection. \nAssuming there is evidence of positive selection (i.e. there is an omega > 1),  BUSTED will also perform a quick evidence-ratio \nstyle analysis to explore which individual sites may have been subject to selection. v2.0 adds support for synonymous rate variation, \nand relaxes the test statistic to 0.5 (chi^2_0 + chi^2_2). Version 2.1 adds a grid search for the initial starting point.\nVersion 2.2 changes the grid search to LHC, and adds an initial search phase to use adaptive Nedler-Mead. Version 3.0 implements the option\nfor branch-site variation in synonymous substitution rates. Version 3.1 adds HMM auto-correlation option for SRV, and binds SRV distributions for multiple branch sets\n",
   "requirements":"in-frame codon alignment and a phylogenetic tree (optionally annotated with {})",
   "version":"3.1"
  },
 "background":0,
 "branch attributes":{
   "0":{
     "ENSCHOP00000011621":{
       "MG94xREV with separate rates for branch sets":0.1664028498925413,
       "Nucleotide GTR":0.1595691497927841,
       "original name":"ENSCHOP00000011621",
       "unconstrained":0.1926289146296873
      },
     "ENSDORP00000004630":{
       "MG94xREV with separate rates for branch sets":0.1645575312728066,
       "Nucleotide GTR":0.1584291867225301,
       "original name":"ENSDORP00000004630",
       "unconstrained":0.1927238776409493
      },
     "ENSNLEP00000002254":{
       "MG94xREV with separate rates for branch sets":0.01730819674654888,
       "Nucleotide GTR":0.01725807925717721,
       "original name":"ENSNLEP00000002254",
       "unconstrained":0.01810682057587555
      },
     "ENSPVAP00000005556":{
       "MG94xREV with separate rates for branch sets":0.07029971426730801,
       "Nucleotide GTR":0.06600113298390667,
       "original name":"ENSPVAP00000005556",
       "unconstrained":0.07594490743795035
      },
     "ENSTSYP00000007781":{
       "MG94xREV with separate rates for branch sets":0.07648158846717203,
       "Nucleotide GTR":0.07407196595898996,
       "original name":"ENSTSYP00000007781",
       "unconstrained":0.08213444251745249
      },