{
 "Evidence Ratios":{
   "constrained":    [
[1.594085329493608, 0.8679369519550183, 1.899043271285064, 0.9770470355465553, 0.8760280302267613, 0.9096647701766274, 1.75926044794881, 0.8633082259301855, 0.8483338905296408, 0.8760280302267613, 1.020012568014596, 1.691347001060138, 1.823421840509355, 0.8486444929087574, 0.8563638269215305, 1.919073782799645, 0.8656166803665479, 0.8760280302267613, 8.892937317785838, 0.8795897477214165, 0.8645138472068249, 1.658504126880569, 1.177097314351539, 0.8681469305096146, 1.924274398343332, 0.8610781574653854, 0.8522139437224087, 0.8865495107911219, 3.206599085998584, 0.9704570225931295, 1.685867470276406, 0.9308159823751556, 0.9292056511605387, 0.8760280302267613, 1.139762306492047, 0.8619391899758425, 0.8507376392541713, 0.9941790025432987, 0.9930491550681662, 0.9938105407396246, 0.8283495000055812, 0.8294996777302768, 1.82182264408301, 0.8572033897869507, 0.8792954338682377, 0.8723224961406552, 0.8496277702484318, 1.340494296183283, 0.8832023096705047, 0.8544437821836982, 0.875687624331474, 0.963436647443629, 0.8528457407987808, 0.864895065309779, 0.8514221604680751, 0.8702851607019301, 0.8628892470106013, 0.875687624331474, 0.8610781574653854, 0.8697467668027663, 0.8610868399057428, 0.8507376392541713] 
    ],
   "optimized null":    [
[0.8628648436698338, 1.025602601675911, 0.9084312577734041, 0.9447752397128827, 1.03732582084414, 0.966347268133592, 1.084140577825355, 1.032982581859615, 0.9818064809137759, 1.03732582084414, 0.9338869212743094, 0.8379552995725416, 1.07462613144654, 1.015399683675516, 0.9419054017851297, 1.123701625491102, 0.9351874713290635, 1.03732582084414, 2.982570686058641, 0.9394483385744531, 0.7521727953915067, 1.060246025439345, 0.9576813145335765, 1.113750666488835, 0.9441978203822029, 0.9770299520641055, 0.9959775208523606, 0.9802163546581867, 1.473726123844006, 0.6997188035624069, 0.9436158070716332, 0.9079421649825407, 1.118492547280222, 1.03732582084414, 0.8398670694197654, 0.9852091071735698, 1.0347763274791, 1.001776784232134, 0.9988368423816356, 1.000524805027566, 1.07383404322412, 1.099240995245211, 1.258092905281385, 0.9822444293596598, 1.027129632788354, 1.007356575508079, 1.003883065193228, 1.018083914824135, 0.8655593906078973, 1.004904884828817, 1.034558515413739, 0.9409123592675021, 1.010222315213867, 1.01967587248745, 0.9941623505510417, 0.9830541217015772, 1.026397899827808, 1.034558515413739, 0.9770299520641055, 0.9987294429543527, 1.169323668856147, 1.0347763274791] 
    ]
  },
 "Site Log Likelihood":{
   "constrained":    [
[-13.69799677034334, -4.015050473386174, -13.72759617505059, -8.150064198486225, -3.719782425677771, -6.246060887804645, -9.572717106812901, -4.236438386926298, -5.857246294936871, -3.719782425677771, -8.610740858598836, -11.83131401291388, -11.68261778745806, -5.072404122055565, -8.446939907282978, -9.231780584142431, -7.586100900140075, -3.719782425677771, -13.55598896354913, -6.610308931311176, -13.15563013936825, -9.499208711441991, -7.367497468039469, -6.44799244931817, -11.81206185626456, -5.125556713231076, -4.502287292312585, -6.846021220213896, -10.48149780207637, -10.3417705958576, -11.54098655836295, -7.111804672186974, -6.703027563569498, -3.719782425677771, -8.917970906305664, -5.204608747158944, -7.034695253364266, -4.850444873376261, -4.562662570520243, -4.815301219305264, -7.545234873321049, -7.250197964340958, -11.23704046055267, -6.423712752840476, -4.081878150149275, -4.237674342683842, -5.88556725448398, -9.386110633470382, -6.28542102902534, -4.445756420024434, -4.499360192861211, -6.854464441645135, -5.164888969528386, -6.889720056037274, -5.279247009915687, -6.913050224767108, -5.015791743170644, -4.499360192861211, -5.125556713231076, -4.985460067745355, -7.197732904731724, -7.034695253364266] 
    ],
   "optimized null":    [
[-13.0841994473653, -4.181967020259139, -12.99020989748605, -8.116476462401868, -3.888785691764665, -6.306508001017946, -9.088611165050597, -4.41587221053119, -6.003366220462742, -3.888785691764665, -8.522525992413401, -11.12899823767915, -11.15387573584518, -5.251801350692666, -8.542149436791385, -8.696566177772443, -7.663405735225139, -3.888785691764665, -12.46351713662585, -6.676146157442291, -13.0164288954428, -9.051793624383143, -7.161205749769336, -6.697120051406063, -11.10009331620786, -5.251888746454134, -4.658174377254674, -6.946457563880863, -9.704080873125548, -10.01468202314751, -10.96067012816601, -7.086923751946546, -6.888434598713471, -3.888785691764665, -8.612639518357705, -5.338277934443528, -7.230532042951576, -4.858058086491569, -4.568473850491945, -4.822034580041074, -7.804790447530876, -7.531750459522734, -10.8668000149168, -6.559877721877529, -4.237280633378403, -4.381600078994633, -6.052399742805805, -9.110994555573557, -6.265242730649458, -4.607953883991827, -4.666080818291347, -6.83080770798273, -5.334235981220973, -7.054351951951812, -5.434239452445384, -7.034893472215596, -5.189316162334487, -4.666080818291347, -5.251888746454134, -5.123741885201628, -7.503718345877219, -7.230532042951576] 
    ],
   "unconstrained":    [
[-13.23169665973079, -4.156686676342606, -13.08624595712667, -8.173284683752724, -3.852139616259686, -6.340740019567384, -9.007823586100697, -4.383421882239997, -6.021727276789774, -3.852139616259686, -8.590925909795629, -11.30578875940081, -11.08190291945757, -5.236519038688527, -8.601999868973268, -8.579937919289218, -7.730414000921594, -3.852139616259686, -11.37073156164564, -6.738608607295212, -13.30121809576501, -8.993292643719002, -7.20444596318632, -6.589386753184654, -11.15751289550856, -5.275126716684182, -4.662204968332247, -6.966439525505131, -9.316286901341366, -10.37175875698956, -11.01870630787741, -7.183498349309148, -6.776452759925555, -3.852139616259686, -8.7871511687162, -5.353179303237467, -7.196346748304942, -4.85628287887328, -4.569637685103149, -4.821509912675505, -7.733554985521669, -7.437130522203489, -10.63720300779041, -6.5777928137432, -4.210512485676762, -4.374270431105428, -6.048524197250348, -9.093072209777514, -6.409622017372005, -4.603060988920998, -4.632106037730352, -6.891712987458121, -5.324065560516218, -7.034867147227003, -5.440094207573679, -7.051984574884011, -5.163260674171024, -4.632106037730352, -5.275126716684182, -5.125013250089224, -7.347292825015829, -7.196346748304942] 
    ]
  },
 "Synonymous site-posteriors":  [
[1, 1, 1, 0.9999999999999999, 1, 0.9999999999999999, 1, 0.9999999999999999, 1, 1, 1, 0.9999999999999999, 1, 1, 0.9999999999999999, 1, 1, 1, 1, 1, 1, 1, 1, 1, 1, 1, 1, 1, 1, 1, 1, 1, 1, 1, 1, 1, 1, 1, 1, 1, 1, 1, 1, 1, 0.9999999999999999, 1, 1, 1, 1, 1, 1, 1, 1, 1, 1, 0.9999999999999999, 1, 1, 1, 1, 1, 1],
  [0, 0, 0, 0, 0, 0, 0, 0, 0, 0, 0, 0, 0, 0, 0, 0, 0, 0, 0, 0, 0, 0, 0, 0, 0, 0, 0, 0, 0, 0, 0, 0, 0, 0, 0, 0, 0, 0, 0, 0, 0, 0, 0, 0, 0, 0, 0, 0, 0, 0, 0, 0, 0, 0, 0, 0, 0, 0, 0, 0, 0, 0],
  [0, 0, 0, 0, 0, 0, 0, 0, 0, 0, 0, 0, 0, 0, 0, 0, 0, 0, 0, 0, 0, 0, 0, 0, 0, 0, 0, 0, 0, 0, 0, 0, 0, 0, 0, 0, 0, 0, 0, 0, 0, 0, 0, 0, 0, 0, 0, 0, 0, 0, 0, 0, 0, 0, 0, 0, 0, 0, 0, 0, 0, 0] 
  ],
 "analysis":{
   "authors":"Sergei L Kosakovsky Pond",
   "citation":"*Gene-wide identification of episodic selection*, Mol Biol Evol. 32(5):1365-71",
   "contact":"spond@temple.edu",