{
 "Evidence Ratios":{
   "constrained":    [
[0.8098721648972989, 0.8057519493701774, 0.853700485801805, 0.8549570007427286, 0.896255904204138, 0.8692715926190566, 0.8116263080963916, 2.238957690322342, 0.8375847637713573, 0.8249975516331574, 0.8116263080963916, 0.8293428299007563, 0.8379834440009851, 2.454628020447757, 0.9885917612523941, 0.8364145220932697, 1.037247947281123, 0.8091927507971154, 0.8106078994668747, 0.8093892205942302, 0.811370276207889, 0.9488379832918866, 0.8320473088946134, 0.85847886259574, 23952.0120330206, 0.8252026708799739, 47.50163727494625, 0.7864903874173695, 2.286929210022817, 4.568194336761424, 0.814080820612316, 0.9999999999999911, 0.8540833045028394, 2.854764626640157, 0.8292596497656406, 1.918922649058386, 0.9051021836849028] 
    ],
   "optimized null":    [
[1.090385821107396, 1.13381403473661, 1.067257197182383, 1.154284645434764, 0.4528355275865953, 1.071648352396309, 1.180337019601453, 0.6239821958759993, 1.146355939860603, 1.051548559134429, 1.180337019601453, 1.147153136928397, 0.8874817857400463, 1.400830670012417, 0.7640454711245743, 2.808243831322218, 0.6424377469437844, 1.092130907747193, 1.632434545080099, 1.065763897091778, 1.271329477479876, 0.7348869607151022, 0.9910992250226447, 0.3652953353469487, 3.867534417192239, 1.144608454282452, 4.745367525934794, 1.507865784156567, 0.6880765815668353, 0.8928506351916093, 0.9890355723486212, 0.9999999999999911, 1.081981188116539, 0.99785384372465, 0.6564295244349763, 1.003097100678037, 1.027722674563804] 
    ]
  },
 "Site Log Likelihood":{
   "constrained":    [
[-4.722091256283348, -10.65317469461681, -4.552737974690955, -5.000776148555885, -12.65000629732149, -3.791810099900099, -5.817363518259192, -11.68376741873031, -4.71950789642226, -3.899556123725822, -5.817363518259192, -5.030767640432271, -8.613131121026312, -12.02481659622165, -13.7346788439772, -10.01826788122984, -16.29909679930299, -5.248217266034565, -15.08611790368883, -4.368029768773666, -10.71699946562691, -9.163254225817859, -14.01924083996084, -12.11459725832122, -24.61608883911295, -5.807576339476817, -26.59697078491712, -14.1592137946306, -10.09821992845554, -11.72294611944778, -7.875035482747744, -3.281945986485648, -4.064088228340961, -13.44465842016002, -14.17284836570493, -10.21023989595656, -4.530676544010846] 
    ],
   "optimized null":    [
[-5.019501719097683, -10.99474123490805, -4.776004830906253, -5.300961048887423, -11.96730930354942, -4.001107747140299, -6.1918787822441, -10.40612353470745, -5.033328869668398, -4.142194880011473, -6.1918787822441, -5.355172643515068, -8.670520775330624, -11.46390676201156, -13.47702468146566, -11.22945814710086, -15.82004043925182, -5.548066147271497, -15.78616120978197, -4.643196949483821, -11.16609341281612, -8.907732857834951, -14.19416619457978, -11.26014136395173, -15.88489843257863, -6.134765217820192, -24.29337548999973, -14.8100838362393, -8.897154830271367, -10.09049213100617, -8.069706132424898, -3.281945986485648, -4.300608566094831, -12.39352056038935, -13.93913038874529, -9.561568302227144, -4.65772933433078] 
    ],
   "unconstrained":    [
[-4.932970121168509, -10.8691540335825, -4.710912840602519, -5.157480251394896, -12.75953559673603, -3.931909767786183, -6.02607877471351, -10.87775697797722, -4.896740706353348, -4.091930984095066, -6.02607877471351, -5.217889303444045, -8.789888056283599, -11.12684136562124, -13.74615265587359, -10.19689883019074, -16.26252579807519, -5.459935398244312, -15.29608872331468, -4.579505133176095, -10.92603022723151, -9.215771444377346, -14.20310681808615, -12.26719047859015, -14.53228123007305, -5.999702600621466, -22.73620660552433, -14.39938857316319, -9.271009967097793, -10.20382810492513, -8.080731112434572, -3.281945986485657, -4.221814772035603, -12.39566902295845, -14.36007033018882, -9.55847598768586, -4.630383975517864] 
    ]
  },
 "Synonymous site-posteriors":  [
[0.9173512621377111, 0.00550026686857567, 0.7728509732931289, 0.9180154596308242, 0.07353636290498568, 0.7766568529398856, 0.9829423109130494, 0.5966863691253803, 0.950462472584033, 0.8529730000722493, 0.9829423109130494, 0.9559920233983672, 0.1256897049043338, 0.6968291066049362, 0.03853693034292299, 0.0004345459617865489, 0.05035710094905119, 0.9454591617945431, 0.000796555804602221, 0.821838058308982, 0.012041690863488, 0.2243302242303173, 6.577644775668991e-05, 0.05680586178713895, 3.962574906701261e-05, 0.9571210703715621, 1.463207781207224e-07, 0.0002460419274987844, 0.660075111874492, 0.8559622414062225, 0.05808891690523393, 0.4745018959541534, 0.8205254339012674, 0.6601380626345339, 0.0002245314198120058, 0.5872224121479976, 0.7210884469863241],
  [0, 0, 0, 0, 0, 0, 0, 0, 0, 0, 0, 0, 0, 0, 0, 0, 0, 0, 0, 0, 0, 0, 0, 0, 0, 0, 0, 0, 0, 0, 0, 0, 0, 0, 0, 0, 0],
  [0.08264873786228896, 0.9944997331314244, 0.2271490267068711, 0.08198454036917584, 0.9264636370950143, 0.2233431470601142, 0.01705768908695054, 0.4033136308746196, 0.04953752741596699, 0.1470269999277508, 0.01705768908695054, 0.04400797660163287, 0.8743102950956663, 0.3031708933950637, 0.961463069657077, 0.9995654540382136, 0.949642899050949, 0.0545408382054569, 0.9992034441953977, 0.1781619416910179, 0.9879583091365119, 0.7756697757696828, 0.9999342235522433, 0.9431941382128611, 0.9999603742509331, 0.04287892962843775, 0.9999998536792218, 0.9997539580725011, 0.3399248881255081, 0.1440377585937775, 0.9419110830947661, 0.5254981040458464, 0.1794745660987326, 0.3398619373654662, 0.999775468580188, 0.4127775878520024, 0.2789115530136759] 
  ],
 "analysis":{
   "authors":"Sergei L Kosakovsky Pond",
   "citation":"*Gene-wide identification of episodic selection*, Mol Biol Evol. 32(5):1365-71",
   "contact":"spond@temple.edu",
   "info":"BUSTED (branch-site unrestricted statistical test of episodic diversification) uses a random effects branch-site model fitted \njointly to all or a subset of tree branches in order to test for alignment-wide evidence of episodic diversifying selection. \nAssuming there is evidence of positive selection (i.e. there is an omega > 1),  BUSTED will also perform a quick evidence-ratio \nstyle analysis to explore which individual sites may have been subject to selection. v2.0 adds support for synonymous rate variation, \nand relaxes the test statistic to 0.5 (chi^2_0 + chi^2_2). Version 2.1 adds a grid search for the initial starting point.\nVersion 2.2 changes the grid search to LHC, and adds an initial search phase to use adaptive Nedler-Mead. Version 3.0 implements the option\nfor branch-site variation in synonymous substitution rates. Version 3.1 adds HMM auto-correlation option for SRV, and binds SRV distributions for multiple branch sets\n",
   "requirements":"in-frame codon alignment and a phylogenetic tree (optionally annotated with {})",
   "version":"3.1"
  },
 "background":0,
 "branch attributes":{
   "0":{
     "ENSETEP00000000687":{
       "MG94xREV with separate rates for branch sets":0.02669377576682441,
       "Nucleotide GTR":0.02621601642892827,
       "constrained":0.02884882444220319,
       "original name":"ENSETEP00000000687",
       "unconstrained":0.5221798548170148
      },
     "ENSETEP00000001185":{
       "MG94xREV with separate rates for branch sets":0.04154260157641436,
       "Nucleotide GTR":0.04407304521847516,
       "constrained":0.04210186560202855,
       "original name":"ENSETEP00000001185",
       "unconstrained":0.968745204140617
      },
     "ENSETEP00000003709":{
       "MG94xREV with separate rates for branch sets":0.09870391378728595,
       "Nucleotide GTR":0.09689652594362677,
       "constrained":0.1157398772470728,
       "original name":"ENSETEP00000003709",
       "unconstrained":3.075784961640873
      },
     "ENSETEP00000004260":{
       "MG94xREV with separate rates for branch sets":0.0477881416765868,
       "Nucleotide GTR":0.04674140233469321,
       "constrained":0.0534669483376479,
       "original name":"ENSETEP00000004260",
       "unconstrained":0.5508864976648059
      },