{
 "Evidence Ratios":{
  },
 "Site Log Likelihood":{
   "unconstrained":    [
[-10.1620655367365, -4.420254859651606, -14.31235694585949, -5.657645814247989, -4.711106396449226, -10.30411430051616, -4.990644577709036, -25.08148142821229, -4.246514874481013, -11.0407401827261, -4.580992338105441, -22.79996387859675, -14.30959905939714, -8.235930568576823, -8.864446874812165, -4.711076578143661, -27.64482478539267, -10.14448164158292, -22.80999369100728, -22.67488012697484, -16.30398937917887, -11.13229699928044, -21.84320386279247, -5.202577428501057, -17.65069484304795, -13.28617847865824, -23.78312129954123, -14.15044596165194, -21.27917346396643, -8.96611726313334, -17.89460653859925, -12.1194983782317, -8.589228808642934, -22.85023196605576, -8.643751762044818, -23.25878265105224, -20.1056371924129, -22.11242761449731, -15.07388414192597, -9.677094260268392, -9.858639129493369, -9.490798989517614, -9.74426176523626, -18.55657541427926, -8.256507296116661, -31.1846016161738, -4.990644577709036, -4.520127262916294, -11.57036150784331, -5.084762111056182, -9.468875303077221, -13.34037370743097, -10.20038301867358, -13.98099179834873, -7.621716954140483, -9.561998835881717, -19.12317047695779, -19.11046013363078, -26.24428172077929, -21.03268926551175, -18.02287805217037, -12.54692716526098, -18.54167142666342, -11.51965782875856, -21.10487166941347, -15.06989275252606, -27.28935817902241, -11.04316330932106, -8.751088503765965, -14.7607352951533, -7.909012016545867, -9.804459616209057, -12.08804415217165, -28.46042071839577, -10.5811577440256, -15.81327313975787, -5.084762111056182, -11.38732882953002, -10.42736421523595, -21.50973314827748, -21.24558861705549, -24.50356347345766, -23.54463822731848, -11.43767638105426, -30.98702026037212, -26.44313375291657, -4.451224953936508, -3.155097821195602, -3.992274968011227] 
    ]
  },
 "Synonymous site-posteriors":  [
[0.290764140569529, 0.4154803425895431, 0.176504325912507, 0.505643331214818, 0.4853671684877257, 0.3812613598297289, 0.480855930183214, 0.04796130704585534, 0.4586701025820036, 0.4056163502110892, 0.4520757166493879, 0.07481178049619973, 0.4182698508776573, 0.4333586455962679, 0.5011188287209712, 0.4640369949406428, 0.01029419966532632, 0.4180580428129461, 0.1619184134950213, 0.00880614758187785, 0.1868298577641213, 0.5036526594174536, 0.1442195471009549, 0.5057123214887355, 0.2017323680002943, 0.4132802911354408, 0.02762205350366823, 0.386302541296167, 0.01801312957566785, 0.4241791510855463, 0.05979973800536931, 0.3975169273751268, 0.3805981108304298, 0.2182471200441385, 0.4276356731218, 0.01866628920561634, 0.1723580329649403, 0.05230205730229681, 0.192588942965866, 0.4682209632990307, 0.4275734453484495, 0.4247756088843657, 0.4124508465532478, 0.04166525858334943, 0.4986809831550237, 0.001539593786762776, 0.480855930183214, 0.4274485358370019, 0.4524347133604781, 0.4987430496861457, 0.3660232095475157, 0.3805700570259073, 0.3953519332533166, 0.4239057067921541, 0.5132295040115896, 0.4688561558328116, 0.1204635747502559, 0.2080373373001561, 0.01608681467453538, 0.1303618701651938, 0.02008895206249562, 0.2840862121637392, 0.1108577551823773, 0.3749216660206519, 0.02026948523450523, 0.2547823833499702, 0.05703512107308319, 0.4962671937348287, 0.479892914491329, 0.3669510947940802, 0.4193902560642347, 0.3797758853807878, 0.4596161961917914, 0.01474332678126789, 0.4608424600340206, 0.1787393243073986, 0.4987430496861457, 0.4597952698575136, 0.324215611615373, 0.01430222426264155, 0.2044384592351846, 0.1189742901155618, 0.2866536301844561, 0.3928398716966575, 0.009169383212565206, 0.01269788153739414, 0.2927868292087506, 0.2927868292087499, 0.2927868292087498],
  [0.438721461427685, 0.2006070372707035, 0.6585998146360419, 0.02938355232937141, 0.0674034947820981, 0.2654006926979981, 0.07593059315823572, 0.9068594141832854, 0.1181129924166611, 0.218644912141432, 0.1306718194157622, 0.854960442919856, 0.1936254641340534, 0.165581266860102, 0.03681002500576786, 0.1078805397990779, 0.9799753328833003, 0.1948070366469722, 0.6860654950243569, 0.982865617182235, 0.6390162256325249, 0.03206283885749597, 0.72096261078563, 0.02928000277769829, 0.6098746333088777, 0.2031858537848535, 0.9462712183667821, 0.2549786872286949, 0.9649825335891432, 0.1831165386046087, 0.8840397231614605, 0.2334545520853563, 0.2666565938220222, 0.5775206020438434, 0.1765667732808213, 0.9637108073852244, 0.6662212405680424, 0.8985628942268384, 0.6279070509899343, 0.09895772591757496, 0.1766825314685843, 0.1820147516408214, 0.2055756571478384, 0.9191642271452787, 0.04135714458401514, 0.996992401161597, 0.07593059315823572, 0.1777130506675398, 0.1291509318260873, 0.0422685450828174, 0.2946353468983599, 0.2659908977277016, 0.2383126761115261, 0.1828298311187964, 0.01541397791199674, 0.09782636365671477, 0.7666091468928634, 0.5977140122798732, 0.9687223174117211, 0.7474448768926667, 0.9609517070529769, 0.4515463850894599, 0.785199980286342, 0.2775375585746826, 0.9606001901561128, 0.5077941632248761, 0.8892721767716151, 0.04587152753000183, 0.0768536661812679, 0.2921510561074305, 0.192331572161493, 0.2675089948563643, 0.1153395182718513, 0.9713025678216908, 0.1121278685800401, 0.6542853459059665, 0.0422685450828174, 0.1141551929605379, 0.3743437332772777, 0.9721910277303697, 0.604216232851851, 0.7694870843878546, 0.4460826616559023, 0.2423930401737502, 0.9821443789238544, 0.9752745240429082, 0.4359941447179463, 0.4359941447179467, 0.4359941447179468],
  [0.270514398002786, 0.3839126201397534, 0.1648958594514511, 0.4649731164558108, 0.4472293367301762, 0.3533379474722732, 0.4432134766585503, 0.04517927877085917, 0.4232169050013354, 0.3757387376474787, 0.4172524639348498, 0.07022777658394434, 0.3881046849882893, 0.4010600875436301, 0.462071146273261, 0.4280824652602792, 0.009730467451373322, 0.3871349205400818, 0.1520160914806218, 0.0083282352358874, 0.1741539166033536, 0.4642845017250504, 0.1348178421134151, 0.4650076757335664, 0.1883929986908281, 0.3835338550797057, 0.02610672812954965, 0.358718771475138, 0.01700433683518896, 0.3927043103098451, 0.05616053883317029, 0.369028520539517, 0.352745295347548, 0.2042322779120183, 0.3957975535973787, 0.01762290340915911, 0.1614207264670173, 0.04913504847086449, 0.1795040060441997, 0.4328213107833943, 0.3957440231829663, 0.393209639474813, 0.3819734962989138, 0.03917051427137175, 0.4599618722609612, 0.001468005051640269, 0.4432134766585503, 0.3948384134954582, 0.4184143548134348, 0.458988405231037, 0.3393414435541243, 0.3534390452463909, 0.3663353906351574, 0.3932644620890494, 0.4713565180764137, 0.4333174805104736, 0.1129272783568807, 0.1942486504199706, 0.01519086791374362, 0.1221932529421395, 0.01895934088452741, 0.264367402746801, 0.1039422645312806, 0.3475407754046656, 0.01913032460938191, 0.2374234534251536, 0.05369270215530163, 0.4578612787351695, 0.443253419327403, 0.3408978490984895, 0.3882781717742725, 0.352715119762848, 0.4250442855363573, 0.01395410539704126, 0.4270296713859393, 0.1669753297866348, 0.458988405231037, 0.4260495371819485, 0.3014406551073495, 0.01350674800698865, 0.1913453079129644, 0.1115386254965835, 0.2672637081596416, 0.3647670881295925, 0.008686237863580398, 0.01202759441969771, 0.271219026073303, 0.2712190260733033, 0.2712190260733033] 
  ],
 "analysis":{
   "authors":"Sergei L Kosakovsky Pond",
   "citation":"*Gene-wide identification of episodic selection*, Mol Biol Evol. 32(5):1365-71",
   "contact":"spond@temple.edu",