{
 "Evidence Ratios":{
   "constrained":    [
[0.9999999999999964, 0.9999999999999973, 0.9999999999999982, 0.9999999999999982, 0.9999999999999973, 0.9999999999999973, 0.9999999999999964, 1.012929967088512, 0.9614076666296283, 1.219568878145539, 0.9797005050558488, 0.9637533904476583, 0.9828538288800138, 0.9330780691369909, 0.9624001937278773, 0.9581496699366526, 0.9271293925715953, 0.9592843142813773, 0.9376820985125406, 0.9709503941975942, 0.9631262074684227, 0.9656541613046624, 0.9584610135396784, 0.9670198554522864, 0.9352135591924429, 0.9697927647607736, 0.9597761646298694, 0.9407438190940816, 0.9278565775412865, 0.9523055333184611, 0.9999999999999964, 0.9101842000298652, 820.7431338935878] 
    ],
   "optimized null":    [
[0.9999999999999973, 0.9999999999999973, 0.9999999999999973, 0.9999999999999991, 0.9999999999999969, 0.9999999999999982, 0.9999999999999956, 0.7616344811058948, 0.8465808126202833, 0.8482550613262424, 1.493581438898979, 1.538439377129456, 1.485261156122226, 1.139323854209032, 0.9833144771386864, 1.159727145549269, 1.214083486131189, 1.248643771187614, 1.283806452143498, 0.3094368152026526, 0.5839078426078854, 1.14756449852417, 0.9814196724332344, 0.8709275758185326, 0.8784998612851662, 1.562918279990481, 1.081167746340791, 1.454552640287924, 1.753503268155726, 1.070845471334731, 0.9999999999999964, 0.7273272798784076, 6.138332158764778] 
    ]
  },
 "Site Log Likelihood":{
   "constrained":    [
[-4.629410000519989, -4.70031959761632, -5.16965916738534, -4.7304087535429, -3.784587864744892, -4.646958347206728, -4.587038351104435, -12.57732768836437, -7.739514926071084, -22.74723161584043, -25.17693331470542, -11.63291130328624, -18.25224453662936, -15.11303490535812, -8.668322227462587, -8.622682410688066, -22.46238777295799, -16.34180348712985, -17.00082354321958, -12.2976594334508, -12.9003930863515, -13.96138439536896, -5.38473533560692, -8.145885637020367, -13.77366987113768, -30.36854834778696, -11.26829574799072, -24.34901786797705, -20.20104254792168, -7.826289418778525, -4.354667871785955, -16.24732360552606, -23.3515258716145] 
    ],
   "optimized null":    [
[-4.62941000051999, -4.70031959761632, -5.16965916738534, -4.730408753542901, -3.784587864744892, -4.646958347206729, -4.587038351104434, -12.29219207768648, -7.612322059985798, -22.38416028956784, -25.59861856189473, -12.10059965054565, -18.66513002502536, -15.31273628770944, -8.689820846196239, -8.81361845033137, -22.73203937379117, -16.60542924487886, -17.31499730050524, -11.1541379738795, -12.39995179320163, -14.13397578454878, -5.4084066171287, -8.041225431520296, -13.71111071210365, -30.84577598867074, -11.38739263516319, -24.78480067732404, -20.83753631051131, -7.943607272686836, -4.354667871785955, -16.02305316376692, -18.45586875079594] 
    ],
   "unconstrained":    [
[-4.629410000519993, -4.700319597616323, -5.169659167385342, -4.730408753542902, -3.784587864744895, -4.646958347206731, -4.587038351104439, -12.56448059965502, -7.778871675182024, -22.54873419811742, -25.19744167581617, -11.6698311394228, -18.26953940552416, -15.18230131160551, -8.706647140487645, -8.665433692235586, -22.53804991405281, -16.38337126563476, -17.06516784480561, -12.32713933278174, -12.93796390556148, -13.99633391531162, -5.427161727380582, -8.179421887717314, -13.84065024135829, -30.39922122267345, -11.30935093154131, -24.41010228769688, -20.27592065612498, -7.875158776099267, -4.354667871785959, -16.34143188786574, -16.64131568091679] 
    ]
  },
 "Synonymous site-posteriors":  [
[0.1129512719518556, 0.1129512719518556, 0.1129512719518554, 0.1129512719518555, 0.1129512719518552, 0.1129512719518555, 0.1129512719518555, 0.1204430009890124, 0.1581433736129214, 0.127068265880887, 0.01382246099743236, 0.1341491090331819, 0.04647881986137416, 0.1230968472069173, 0.1376405099468542, 0.1548899763118459, 0.1432506321630785, 0.07243541514261767, 0.1129641836150198, 0.141955855058694, 0.1581133542656756, 0.1425148343985659, 0.1563398535545898, 0.1558944283635804, 0.1474181813263627, 0.001665722884967628, 0.1577625415536847, 0.0136964538044119, 0.05370504148218689, 0.1431204390423674, 0.1129512719518552, 0.1052109233830543, 0.1015490118882051],
  [0.5925375451204012, 0.5925375451204015, 0.5925375451204018, 0.5925375451203999, 0.5925375451204002, 0.592537545120401, 0.5925375451204004, 0.6317409493515873, 0.8303801279107529, 0.6663344829646755, 0.07238826430915987, 0.7036222184890838, 0.2435069122718257, 0.6455747224352394, 0.7220008327261463, 0.8127859603121107, 0.7513559273300084, 0.3795714868829125, 0.5923035697680696, 0.7445876760501821, 0.8299118217360674, 0.7474025053053719, 0.8207476129896902, 0.8182462916756309, 0.7734877698247921, 0.008716589842234808, 0.8280345547051664, 0.07173175096846766, 0.281412318052047, 0.7509662186337623, 0.5925375451203998, 0.5517601667331988, 0.5324941405275527],
  [0.2945111829277433, 0.2945111829277429, 0.2945111829277428, 0.2945111829277446, 0.2945111829277445, 0.2945111829277435, 0.2945111829277441, 0.2478160496594004, 0.0114764984763259, 0.2065972511544375, 0.9137892746934078, 0.1622286724777343, 0.7100142678668002, 0.2313284303578433, 0.1403586573269995, 0.03232406337604332, 0.1053934405069131, 0.5479930979744697, 0.2947322466169104, 0.113456468891124, 0.01197482399825709, 0.1100826602960623, 0.02291253345571989, 0.02585927996078864, 0.07909404884884542, 0.9896176872727975, 0.01420290374114882, 0.9145717952271204, 0.664882640465766, 0.1059133423238703, 0.2945111829277451, 0.3430289098837469, 0.3659568475842421] 
  ],
 "analysis":{
   "authors":"Sergei L Kosakovsky Pond",
   "citation":"*Gene-wide identification of episodic selection*, Mol Biol Evol. 32(5):1365-71",
   "contact":"spond@temple.edu",
   "info":"BUSTED (branch-site unrestricted statistical test of episodic diversification) uses a random effects branch-site model fitted \njointly to all or a subset of tree branches in order to test for alignment-wide evidence of episodic diversifying selection. \nAssuming there is evidence of positive selection (i.e. there is an omega > 1),  BUSTED will also perform a quick evidence-ratio \nstyle analysis to explore which individual sites may have been subject to selection. v2.0 adds support for synonymous rate variation, \nand relaxes the test statistic to 0.5 (chi^2_0 + chi^2_2). Version 2.1 adds a grid search for the initial starting point.\nVersion 2.2 changes the grid search to LHC, and adds an initial search phase to use adaptive Nedler-Mead. Version 3.0 implements the option\nfor branch-site variation in synonymous substitution rates. Version 3.1 adds HMM auto-correlation option for SRV, and binds SRV distributions for multiple branch sets\n",
   "requirements":"in-frame codon alignment and a phylogenetic tree (optionally annotated with {})",
   "version":"3.1"
  },
 "background":0,
 "branch attributes":{
   "0":{
     "CCL25B_DANRE":{
       "MG94xREV with separate rates for branch sets":0.1866556225797982,
       "Nucleotide GTR":0.1593746461702401,
       "constrained":0.2774346633179015,
       "original name":"CCL25B_DANRE",
       "unconstrained":1.488722981372876
      },
     "CU693369_1_DANRE":{
       "MG94xREV with separate rates for branch sets":0.1622599321041897,
       "Nucleotide GTR":0.1487926583988184,
       "constrained":0.229748523320556,
       "original name":"CU693369.1_DANRE",
       "unconstrained":1.451956097744515
      },
     "ENSGACP00000014838":{
       "MG94xREV with separate rates for branch sets":0,
       "Nucleotide GTR":0.03388947966515724,
       "constrained":0,
       "original name":"ENSGACP00000014838",
       "unconstrained":0
      },
     "ENSGMOP00000007110":{
       "MG94xREV with separate rates for branch sets":0.2588243962044991,
       "Nucleotide GTR":0.157998335729368,
       "constrained":0.2956092404910205,
       "original name":"ENSGMOP00000007110",
       "unconstrained":2.028025975035278
      },