{
 "Evidence Ratios":{
  },
 "Site Log Likelihood":{
   "unconstrained":    [
[-3.457756610823715, -3.938637642737032, -7.655877627003789, -16.66645854055059, -9.301785308291333, -6.76362144983294, -5.198238159272934, -19.41416941588444, -7.823759324592077, -10.71180471519972, -11.46898087748798, -10.87056888509821, -9.28835014971096, -6.609179895503941, -13.80362809486153, -4.58600593974533, -10.00432783284225, -11.12153376651996, -7.947622488101065, -5.930626109081013, -9.045475881641803, -8.160102788056852, -3.457756610823715, -8.3402441432274, -7.24339904726595, -7.337538816562266, -3.938637642737032, -6.051699828868466, -7.805480106320762, -10.19182720699952, -3.938637642737032, -7.979693393406462, -12.78896993913642, -5.092862355519432, -10.90752498636039, -13.19691014400642, -6.801021765122774, -4.117185802002323, -4.867692205816392, -5.092862355519432, -14.19062638883993, -5.320191710365434, -8.450281378302302, -9.634365045043284, -5.709973918391758, -7.070873190100181, -5.333558120276057, -12.09431504482574, -7.070873190100181, -7.722587802192396, -3.795834598281155, -4.427503911318092, -5.304482717989, -4.948088942608334, -2.78711824720829] 
    ]
  },
 "Synonymous site-posteriors":  [
[0.7228379193322023, 0.7183217414350971, 0.8703077756238771, 0.8758175737237742, 0.8703258278247255, 0.7178948823235013, 0.7883417971994586, 0.8758441012992511, 0.8585365781570454, 0.8757426660767137, 0.8567927463045631, 0.875410496669198, 0.855553785908407, 0.3871991050262703, 0.8752084041329545, 0.3800871547474119, 0.8739741012176996, 0.8758131589647256, 0.8406471169246845, 0.7452407324840367, 0.8711796808286608, 0.8738540590472336, 0.7228379193322023, 0.8740009515356787, 0.8645265997893828, 0.602463331422658, 0.7183217414350971, 0.8516456883185061, 0.8736494051571965, 0.8754824070606483, 0.7183217414350971, 0.8648440537561576, 0.8755599971990878, 0.8498795409475917, 0.8758213774417533, 0.8757944947609223, 0.7792330355143945, 0.6421394445917006, 0.6685025458256567, 0.8498795409475917, 0.8758082058754681, 0.454929819988423, 0.8725897171546055, 0.8750511668382692, 0.7502857191911577, 0.205173897768995, 0.6292479242212417, 0.8745110817436826, 0.205173897768995, 0.8024710979118472, 0.7641252489661715, 0.7654901204115274, 0.762242458447201, 0.7641200482113362, 0.7615676937321931],
  [0.1024594329703559, 0.1018191944374689, 0.1233653898603204, 0.1241489323044179, 0.1233665235065198, 0.1017571700290455, 0.1117426367201212, 0.1241542753764973, 0.1216948287875965, 0.1241368213058061, 0.1214482098348684, 0.1240905571805724, 0.1212724355900643, 0.05488329308862901, 0.1240614148621145, 0.053874878118094, 0.1238831864235616, 0.1241480439827387, 0.1191597008138962, 0.1056329285371564, 0.1234869466802094, 0.1238664746789837, 0.1024594329703559, 0.1238878583335917, 0.122545196608538, 0.08539404842773213, 0.1018191944374689, 0.1207172506791777, 0.1238388207892048, 0.1240992221319453, 0.1018191944374689, 0.1225899563758634, 0.124109037836074, 0.1204667348125467, 0.1241475601774427, 0.124143817879809, 0.1104513933966249, 0.09102030401835648, 0.09475725235639681, 0.1204667348125467, 0.1241486422863092, 0.064483382857177, 0.1236871892078462, 0.1240357383698841, 0.1063486352219554, 0.02908185758848603, 0.08919283897776634, 0.1239595069406912, 0.02908185758848603, 0.1137458041948195, 0.1083126230468646, 0.1085061195862905, 0.1080456926149819, 0.1083118816452659, 0.1079500322147586],
  [0.1747026476974416, 0.1798590641274341, 0.00632683451580255, 3.349397180774734e-05, 0.006307648668754731, 0.1803479476474531, 0.09991556608042022, 1.623324251713197e-06, 0.01976859305535818, 0.0001205126174801183, 0.02175904386056864, 0.0004989461502296639, 0.02317377850152849, 0.5579176018851006, 0.0007301810049309899, 0.5660379671344941, 0.002142712358738795, 3.879705253568177e-05, 0.04019318226141925, 0.149126338978807, 0.005333372491129781, 0.002279466273782481, 0.1747026476974416, 0.002111190130729587, 0.01292820360207926, 0.3121426201496099, 0.1798590641274341, 0.02763706100231626, 0.002511774053598901, 0.0004183708074063557, 0.1798590641274341, 0.01256598986797892, 0.0003309649648381963, 0.02965372423986168, 3.1062380804132e-05, 6.168735926870252e-05, 0.1103155710889805, 0.266840251389943, 0.2367402018179464, 0.02965372423986168, 4.315183822255192e-05, 0.4805867971544001, 0.003723093637548342, 0.0009130947918465998, 0.1433656455868868, 0.7657442446425189, 0.281559236800992, 0.001529411315626122, 0.7657442446425189, 0.08378309789333323, 0.1275621279869638, 0.1260037600021822, 0.1297118489378169, 0.127568070143398, 0.1304822740530482] 
  ],
 "analysis":{
   "authors":"Sergei L Kosakovsky Pond",
   "citation":"*Gene-wide identification of episodic selection*, Mol Biol Evol. 32(5):1365-71",
   "contact":"spond@temple.edu",
   "info":"BUSTED (branch-site unrestricted statistical test of episodic diversification) uses a random effects branch-site model fitted \njointly to all or a subset of tree branches in order to test for alignment-wide evidence of episodic diversifying selection. \nAssuming there is evidence of positive selection (i.e. there is an omega > 1),  BUSTED will also perform a quick evidence-ratio \nstyle analysis to explore which individual sites may have been subject to selection. v2.0 adds support for synonymous rate variation, \nand relaxes the test statistic to 0.5 (chi^2_0 + chi^2_2). Version 2.1 adds a grid search for the initial starting point.\nVersion 2.2 changes the grid search to LHC, and adds an initial search phase to use adaptive Nedler-Mead. Version 3.0 implements the option\nfor branch-site variation in synonymous substitution rates. Version 3.1 adds HMM auto-correlation option for SRV, and binds SRV distributions for multiple branch sets\n",
   "requirements":"in-frame codon alignment and a phylogenetic tree (optionally annotated with {})",
   "version":"3.1"
  },
 "background":0,
 "branch attributes":{
   "0":{
     "BC024659_MOUSE":{
       "MG94xREV with separate rates for branch sets":0.02722998173531661,
       "Nucleotide GTR":0.02667383822946156,
       "original name":"BC024659_MOUSE",
       "unconstrained":0.02804843511854573
      },
     "C19H6ORF228_1_OF_2_DANRE":{
       "MG94xREV with separate rates for branch sets":0.007174520389134535,
       "Nucleotide GTR":0.006536701902616436,
       "original name":"C19H6ORF228_1_OF_2_DANRE",
       "unconstrained":0.007395065768267766
      },
     "C19H6ORF228_2_OF_2_DANRE":{
       "MG94xREV with separate rates for branch sets":0,
       "Nucleotide GTR":0,
       "original name":"C19H6ORF228_2_OF_2_DANRE",
       "unconstrained":0
      },
     "C23H6ORF228_BOVIN":{
       "MG94xREV with separate rates for branch sets":0.05463942516089113,
       "Nucleotide GTR":0.04972705662965597,
       "original name":"C23H6ORF228_BOVIN",
       "unconstrained":0.05809510798864281
      },
     "C6ORF228_HUMAN":{
       "MG94xREV with separate rates for branch sets":0,
       "Nucleotide GTR":0,
       "original name":"C6ORF228_HUMAN",
       "unconstrained":0
      },
     "C6ORF228_MYOLU":{
       "MG94xREV with separate rates for branch sets":0.035738225598619,
       "Nucleotide GTR":0.02747320970862253,
       "original name":"C6ORF228_MYOLU",
       "unconstrained":0.0371468226434644
      },
     "C6ORF228_NOMLE":{
       "MG94xREV with separate rates for branch sets":0.01193206251499895,
       "Nucleotide GTR":0.01261469839262369,
       "original name":"C6ORF228_NOMLE",
       "unconstrained":0.01209121777830079
      },
     "LOC689145_RAT":{
       "MG94xREV with separate rates for branch sets":0,
       "Nucleotide GTR":0,
       "original name":"LOC689145_RAT",
       "unconstrained":0
      },
     "LOC690806_RAT":{
       "MG94xREV with separate rates for branch sets":2.649590903689653e-18,
       "Nucleotide GTR":1.901606210391371e-18,
       "original name":"LOC690806_RAT",
       "unconstrained":6.627881353962379e-19
      },