{
 "Evidence Ratios":{
   "constrained":    [
[0.9999999999999978, 0.8868763440973435, 2.464409485971634, 0.9662533643596036, 0.9662380430214553, 0.9661176250614865, 1.203835412021122, 1.965002370326695, 0.8142846369360645, 0.8057762458370996, 2.064373969710088, 140.8707264897555, 0.8257006812772345, 0.7803547439346169, 0.7787723069301995, 0.7835896354951851, 0.7824415561233126, 0.9020959059262496, 0.790108522956822, 0.8346154289044526, 0.9287662974156862, 1.722049944891355, 0.7821321619126447] 
    ],
   "optimized null":    [
[0.9999999999999964, 0.921873859501245, 1.258990718350203, 0.9820758794280399, 0.9574500656831539, 0.9788966013921281, 0.7876798228588353, 1.273793936764654, 1.09617309481848, 1.234991287009901, 0.3978380152992482, 4.128321294921319, 0.525002685361201, 0.9138938690993166, 0.9734966363898147, 1.088468499206495, 1.216146825831939, 2.479199252120329, 1.156163335290221, 0.8762344553691622, 0.8201096040689654, 0.9010416595913142, 2.268929055678094] 
    ]
  },
 "Site Log Likelihood":{
   "constrained":    [
[-3.538988568096716, -5.306585260261769, -22.30700451979746, -4.960602621028132, -4.700975344121397, -3.613210932764677, -9.924740941801639, -11.8128812497401, -15.43627621132369, -9.091896414257199, -25.64213594052882, -26.10407331859702, -17.85052180428403, -6.827554981642759, -9.425791441518541, -11.31431295253206, -11.02817300995184, -17.35314877718768, -19.83959363682667, -27.94517872089049, -17.84167833709414, -11.85904206335008, -24.1367291858461] 
    ],
   "optimized null":    [
[-3.538988568096715, -5.345288099181674, -21.63536268324063, -4.976845114922341, -4.69183868789072, -3.626351361288072, -9.500564717376545, -11.37938759713161, -15.73354661788457, -9.518909514899958, -23.99559856916792, -22.57410154039611, -17.39769284532274, -6.985520813185963, -9.648967096927999, -11.64295443394925, -11.46919657915178, -18.36411884172846, -20.22028566272368, -27.99384136456002, -17.71725918835251, -11.21132286838079, -25.20176867208901] 
    ],
   "unconstrained":    [
[-3.538988568096718, -5.426634975787583, -21.40505230044531, -4.994931818241888, -4.735320397900507, -3.647680619873058, -9.739228305238575, -11.13738779814647, -15.64172150860035, -9.307845599897616, -24.91730892244682, -21.15623068217366, -18.04204474675262, -7.075561644415219, -9.675828006276101, -11.55818277231129, -11.27350905796931, -17.4561832158988, -20.07517860895083, -28.12596294530031, -17.91557647250978, -11.31552665376321, -24.38246073355928] 
    ]
  },
 "Synonymous site-posteriors":  [
[0.5276763264477493, 0.1693723629633691, 0.960718155576299, 0.3522774342455247, 0.3814323516220783, 0.4392221222192773, 0.7577719629221853, 0.2581289819202556, 0.3630056242089501, 0.6182418019937708, 0.8174373942521257, 0.5434082456100617, 0.9496935445664737, 0.06837123307066592, 0.0950500937407127, 0.3908025052191777, 0.1428400821127656, 0.7055176759367238, 0.8987333055957384, 0.9910045392920945, 0.546829704365556, 0.1990812468024795, 0.9627893248447422],
  [0.2982798195948533, 0.4999602263088695, 0.02878127934587556, 0.4004086980567982, 0.3839215219037496, 0.3506172772761774, 0.1570441534058295, 0.4607168771349766, 0.4249545658991606, 0.256101068149682, 0.1279109834024371, 0.3134824752009873, 0.03717425782629422, 0.5424554740671215, 0.5484086030709816, 0.3981839587765369, 0.5253612906291572, 0.2054740192204301, 0.07476112811964651, 0.007145078759648695, 0.2986646050159113, 0.4903102439683031, 0.02844291257047145],
  [0.1740438539573973, 0.3306674107277613, 0.01050056507782542, 0.247313867697677, 0.234646126474172, 0.2101606005045454, 0.08518388367198518, 0.2811541409447676, 0.2120398098918892, 0.1256571298565473, 0.05465162234543709, 0.143109279188951, 0.01313219760723208, 0.3891732928622127, 0.3565413031883057, 0.2110135360042854, 0.3317986272580773, 0.08900830484284609, 0.02650556628461502, 0.001850381948256898, 0.1545056906185328, 0.3106085092292173, 0.008767762584786299] 
  ],
 "analysis":{
   "authors":"Sergei L Kosakovsky Pond",
   "citation":"*Gene-wide identification of episodic selection*, Mol Biol Evol. 32(5):1365-71",
   "contact":"spond@temple.edu",
   "info":"BUSTED (branch-site unrestricted statistical test of episodic diversification) uses a random effects branch-site model fitted \njointly to all or a subset of tree branches in order to test for alignment-wide evidence of episodic diversifying selection. \nAssuming there is evidence of positive selection (i.e. there is an omega > 1),  BUSTED will also perform a quick evidence-ratio \nstyle analysis to explore which individual sites may have been subject to selection. v2.0 adds support for synonymous rate variation, \nand relaxes the test statistic to 0.5 (chi^2_0 + chi^2_2). Version 2.1 adds a grid search for the initial starting point.\nVersion 2.2 changes the grid search to LHC, and adds an initial search phase to use adaptive Nedler-Mead. Version 3.0 implements the option\nfor branch-site variation in synonymous substitution rates. Version 3.1 adds HMM auto-correlation option for SRV, and binds SRV distributions for multiple branch sets\n",
   "requirements":"in-frame codon alignment and a phylogenetic tree (optionally annotated with {})",
   "version":"3.1"
  },
 "background":0,
 "branch attributes":{
   "0":{
     "ENSETEP00000000515":{
       "MG94xREV with separate rates for branch sets":0.128605521823213,
       "Nucleotide GTR":0.1008914320675753,
       "constrained":0.1524341503602024,
       "original name":"ENSETEP00000000515",
       "unconstrained":0.1960136523723142
      },
     "ENSETEP00000001031":{
       "MG94xREV with separate rates for branch sets":0,
       "Nucleotide GTR":0,
       "constrained":0,
       "original name":"ENSETEP00000001031",
       "unconstrained":0
      },
     "ENSETEP00000001562":{
       "MG94xREV with separate rates for branch sets":0.0208636886974715,
       "Nucleotide GTR":0.02119006840992753,
       "constrained":0.02033486197055613,
       "original name":"ENSETEP00000001562",
       "unconstrained":0.01885416784638108
      },
     "ENSETEP00000002984":{
       "MG94xREV with separate rates for branch sets":0,
       "Nucleotide GTR":0,
       "constrained":0,
       "original name":"ENSETEP00000002984",
       "unconstrained":0
      },
     "ENSETEP00000005058":{
       "MG94xREV with separate rates for branch sets":0,
       "Nucleotide GTR":0,
       "constrained":0,
       "original name":"ENSETEP00000005058",
       "unconstrained":0
      },
     "ENSETEP00000005147":{
       "MG94xREV with separate rates for branch sets":0.01848547653435502,
       "Nucleotide GTR":0.01889676570169632,
       "constrained":0.01823048029634907,
       "original name":"ENSETEP00000005147",
       "unconstrained":0.0241938967813198
      },
     "ENSETEP00000006697":{
       "MG94xREV with separate rates for branch sets":0.07868253317377223,
       "Nucleotide GTR":0.07760840080186351,
       "constrained":0.07630057054508507,
       "original name":"ENSETEP00000006697",
       "unconstrained":0.2447520976592894
      },
     "ENSETEP00000008180":{
       "MG94xREV with separate rates for branch sets":0.1502805740394543,
       "Nucleotide GTR":0.1486463885319192,
       "constrained":0.1674963739012443,
       "original name":"ENSETEP00000008180",
       "unconstrained":0.5453612222686594
      },
     "ENSETEP00000009192":{
       "MG94xREV with separate rates for branch sets":0.1041560897845994,
       "Nucleotide GTR":0.1028433350789057,
       "constrained":0.1166413056729892,
       "original name":"ENSETEP00000009192",
       "unconstrained":0.2668387863314193
      },
     "ENSETEP00000009390":{
       "MG94xREV with separate rates for branch sets":0.25722332306204,
       "Nucleotide GTR":0.2177524491013913,
       "constrained":0.3450747264250137,
       "original name":"ENSETEP00000009390",
       "unconstrained":0.8769301644700837
      },
     "ENSETEP00000009513":{
       "MG94xREV with separate rates for branch sets":0.03787421975427897,