{
 "Evidence Ratios":{
  },
 "Site Log Likelihood":{
   "unconstrained":    [
[-22.06671745271919, -13.58045580525262, -9.395567354010899, -8.806031816907399, -17.86371414884097, -13.94001162922989, -11.44192799609917, -14.21588714774263, -18.94387265756145, -8.726864289298403, -6.062948888901815, -23.81526259280139, -19.85791325874979, -10.62259407179355, -15.7227830434249, -3.988894019072899, -13.12706220416832, -11.5207054967044, -11.39921044190562, -23.30863753112827, -18.18500648577066, -14.23254855414563, -16.38365563317355, -19.04750293915476, -19.17144919587066, -10.23284744213906, -19.33361317570003, -6.363032546986159, -11.94649716023434, -4.526427529414979, -3.828170056238764, -4.00032278046497] 
    ]
  },
 "Synonymous site-posteriors":  [
[0.2126732457619503, 0.1091033049417733, 0.06242321724026551, 0.07512531088502951, 0.1890759918716925, 0.09119579074479804, 0.1117284628560734, 0.1577481963932258, 0.1973069735182962, 0.06745811959353057, 0.02638288628302479, 0.2055337287017916, 0.1882148181923929, 0.04080746935295912, 0.1869659469644637, 0.1299263251226077, 0.09292527883085477, 0.05370606153798327, 0.1166649914717636, 0.2130633045275247, 0.2076001355251212, 0.1505643645260501, 0.2011025314753804, 0.2058625387827316, 0.2087552269273876, 0.0487688928785441, 0.2045104162696387, 0.01551666744004296, 0.04194353926425001, 0.1314645160180689, 0.1314645160180687, 0.1314645160180688],
  [0.7804042620734003, 0.4005659367272303, 0.229203046952863, 0.2758274138981668, 0.6940331387879389, 0.3348343735051078, 0.4101908359758964, 0.5790964238706114, 0.7242060019201387, 0.2476852778834077, 0.09688289672714086, 0.7543388979591381, 0.6908427411400646, 0.1498477511200854, 0.6862993594236786, 0.4769085172723538, 0.3411833681130702, 0.1972034303192385, 0.4283171000929087, 0.7817502052377098, 0.7618878911318552, 0.5527445521872272, 0.7380883641545698, 0.755552639028641, 0.7661204272644645, 0.1790770586200815, 0.7505760053125847, 0.05698540629328169, 0.1540181744967233, 0.4825517727018123, 0.4825517727018128, 0.4825517727018123],
  [0.006922492164649268, 0.4903307583309964, 0.7083737358068715, 0.6490472752168036, 0.1168908693403686, 0.5739698357500942, 0.4780807011680301, 0.2631553797361628, 0.07848702456156489, 0.6848566025230617, 0.8767342169898343, 0.04012737333907034, 0.1209424406675425, 0.8093447795269555, 0.1267346936118578, 0.3931651576050386, 0.565891353056075, 0.7490905081427781, 0.4550179084353277, 0.005186490234765508, 0.03051197334302389, 0.2966910832867228, 0.06080910437004987, 0.03858482218862756, 0.02512434580814774, 0.7721540485013743, 0.0449135784177767, 0.9274979262666753, 0.8040382862390266, 0.3859837112801189, 0.3859837112801185, 0.3859837112801188] 
  ],
 "analysis":{
   "authors":"Sergei L Kosakovsky Pond",
   "citation":"*Gene-wide identification of episodic selection*, Mol Biol Evol. 32(5):1365-71",
   "contact":"spond@temple.edu",
   "info":"BUSTED (branch-site unrestricted statistical test of episodic diversification) uses a random effects branch-site model fitted \njointly to all or a subset of tree branches in order to test for alignment-wide evidence of episodic diversifying selection. \nAssuming there is evidence of positive selection (i.e. there is an omega > 1),  BUSTED will also perform a quick evidence-ratio \nstyle analysis to explore which individual sites may have been subject to selection. v2.0 adds support for synonymous rate variation, \nand relaxes the test statistic to 0.5 (chi^2_0 + chi^2_2). Version 2.1 adds a grid search for the initial starting point.\nVersion 2.2 changes the grid search to LHC, and adds an initial search phase to use adaptive Nedler-Mead. Version 3.0 implements the option\nfor branch-site variation in synonymous substitution rates. Version 3.1 adds HMM auto-correlation option for SRV, and binds SRV distributions for multiple branch sets\n",
   "requirements":"in-frame codon alignment and a phylogenetic tree (optionally annotated with {})",
   "version":"3.1"
  },
 "background":0,
 "branch attributes":{
   "0":{
     "ENSCHOP00000000671":{
       "MG94xREV with separate rates for branch sets":0.1753240356710841,
       "Nucleotide GTR":0.1770549389688579,
       "original name":"ENSCHOP00000000671",
       "unconstrained":0.2098365746289754
      },
     "ENSDNOP00000005199":{
       "MG94xREV with separate rates for branch sets":0.08507988582354742,
       "Nucleotide GTR":0.08437066798322748,
       "original name":"ENSDNOP00000005199",
       "unconstrained":0.07365429833559002
      },
     "ENSFCAP00000006663":{
       "MG94xREV with separate rates for branch sets":0.2101362707678224,
       "Nucleotide GTR":0.2111977447855256,
       "original name":"ENSFCAP00000006663",
       "unconstrained":0.2396621185067686
      },
     "ENSMICP00000005968":{
       "MG94xREV with separate rates for branch sets":0.1175925824325876,
       "Nucleotide GTR":0.1206774843733248,
       "original name":"ENSMICP00000005968",
       "unconstrained":0.1165196459945876
      },
     "ENSNLEP00000014850":{
       "MG94xREV with separate rates for branch sets":0.01156346900975562,
       "Nucleotide GTR":0.01174506376394408,
       "original name":"ENSNLEP00000014850",
       "unconstrained":0.01162015209596335
      },
     "ENSTSYP00000007443":{
       "MG94xREV with separate rates for branch sets":0.1268493657030795,
       "Nucleotide GTR":0.1278150147354935,
       "original name":"ENSTSYP00000007443",
       "unconstrained":0.1302566388660186
      },
     "ENSVPAP00000005228":{
       "MG94xREV with separate rates for branch sets":0.06552013359252201,
       "Nucleotide GTR":0.06670125997637699,
       "original name":"ENSVPAP00000005228",
       "unconstrained":0.05855635738986251
      },
     "LOC100452121_PONAB":{
       "MG94xREV with separate rates for branch sets":0,
       "Nucleotide GTR":0,
       "original name":"LOC100452121_PONAB",
       "unconstrained":0
      },
     "NODE_10":{
       "MG94xREV with separate rates for branch sets":0.009311353674183159,
       "Nucleotide GTR":0.009996696628439891,
       "unconstrained":0.01377714167646917
      },
     "NODE_13":{
       "MG94xREV with separate rates for branch sets":0.1906080221477005,
       "Nucleotide GTR":0.1898005832958162,
       "unconstrained":0.2198856087349605
      },
     "NODE_3":{
       "MG94xREV with separate rates for branch sets":0.1248455734837337,
       "Nucleotide GTR":0.1236850949666198,
       "unconstrained":0.1350490634564016
      }
    },
   "attributes":{
     "MG94xREV with separate rates for branch sets":{
       "attribute type":"branch length",
       "display order":1
      },
     "Nucleotide GTR":{
       "attribute type":"branch length",
       "display order":0
      },
     "original name":{
       "attribute type":"node label",
       "display order":0
      },
     "unconstrained":{
       "attribute type":"branch length",
       "display order":0
      }
    }
  },
 "data partitions":{
   "0":{
     "coverage":      [
[0, 1, 2, 3, 4, 5, 6, 7, 8, 9, 10, 11, 12, 13, 14, 15, 16, 17, 18, 19, 20, 21, 22, 23, 24, 25, 26, 27, 28, 29, 30, 31] 
      ],
     "name":"busted.filter.default"
    }
  },
 "fits":{
   "MG94xREV with separate rates for branch sets":{
     "AIC-c":932.7708161457598,