{
 "Evidence Ratios":{
  },
 "Site Log Likelihood":{
   "unconstrained":    [
[-7.786576387965105, -4.524109703623168, -13.76981460043069, -7.388114797046415, -4.1790844015834, -4.010111617485483, -4.839984347041654, -20.3589102327735, -10.49898050771957, -3.848192135914707, -15.49272519172505, -4.003147119904741, -10.67107932313358, -4.003147119904741, -3.848192135914707, -12.88703550469182, -10.61868423625415, -4.181124368621241, -5.202482810410278, -4.198128850267475, -8.909716524415673, -10.91311815990295, -12.74845285798621, -7.512878770715915, -8.909716524415673, -11.19624023434456, -7.923677085170009, -12.88952547933931, -7.2206997581946, -12.83308744332868, -16.51225164179397, -5.119749394999132, -7.848477795827013, -7.390469047608051, -11.36170895367869, -5.662609603044502, -4.024027073555156, -4.645143865549176, -13.58378049412233, -4.103983932423191, -3.688780220643897, -3.621755874379632, -4.909815633451664, -4.355128879045027, -12.41832078636918, -5.179207351227586, -5.179207351227586, -4.170071748513113, -4.184300157500361, -12.3100596511654, -4.003147119904741, -4.198128850267475, -13.78041754158926, -5.202482810410278, -4.645143865549176, -4.159112030954756, -5.202482810410278, -4.260588512536612, -4.354434220833485, -5.359050331033674, -5.001505798141444, -4.291487454412205, -10.75007171635495, -13.52564355628981, -8.190043761893286, -12.02487756239634, -14.38483389859127, -5.670601772074524, -5.222241568030131] 
    ]
  },
 "Synonymous site-posteriors":  [
[0, 0.6877487398325074, 0, 0, 0.475231832322027, 0.6668020595152896, 0.6700723430289437, 0, 0, 0.6765374386957747, 0, 0.7387196061141891, 0, 0.7387196061141891, 0.6765374386957747, 0, 0, 0.7398752895780137, 0.8494506340829659, 0.671805636341627, 0, 0, 0, 0, 0, 0, 0, 0, 0, 0, 0, 0.8519367707138901, 0, 0, 0, 0.8872216761976083, 0.6398199040371632, 0.8234853060721044, 0, 0.5433236699134172, 0.3775096348577208, 0.3775096348577207, 0.3775096348577204, 0.3775096348577213, 0, 0.8606385066384908, 0.8606385066384908, 0.6924299415487427, 0.629575505118723, 0, 0.7387196061141891, 0.671805636341627, 0, 0.8494506340829659, 0.8234853060721044, 0.7129607724440508, 0.8494506340829659, 0.6354349974087743, 0.7345441416480727, 0.8730728876298308, 0.8725587138113942, 0.6553757540981249, 0, 0, 0, 0, 0, 0.8809881114553034, 0.8630992815392565],
  [0, 0, 0, 0, 0, 0, 0, 0, 0, 0, 0, 0, 0, 0, 0, 0, 0, 0, 0, 0, 0, 0, 0, 0, 0, 0, 0, 0, 0, 0, 0, 0, 0, 0, 0, 0, 0, 0, 0, 0, 0, 0, 0, 0, 0, 0, 0, 0, 0, 0, 0, 0, 0, 0, 0, 0, 0, 0, 0, 0, 0, 0, 0, 0, 0, 0, 0, 0, 0],
  [1, 0.3122512601674925, 1, 1, 0.524768167677973, 0.3331979404847104, 0.3299276569710562, 1, 1, 0.3234625613042255, 1, 0.261280393885811, 1, 0.261280393885811, 0.3234625613042255, 1, 1, 0.2601247104219863, 0.1505493659170339, 0.3281943636583728, 1, 1, 1, 1, 1, 1, 1, 0.9999999999999999, 1, 1, 1, 0.1480632292861098, 0.9999999999999999, 1, 0.9999999999999999, 0.1127783238023916, 0.3601800959628368, 0.1765146939278956, 1, 0.4566763300865827, 0.6224903651422791, 0.6224903651422793, 0.6224903651422796, 0.6224903651422786, 1, 0.1393614933615092, 0.1393614933615092, 0.3075700584512573, 0.370424494881277, 1, 0.261280393885811, 0.3281943636583728, 1, 0.1505493659170339, 0.1765146939278956, 0.2870392275559493, 0.1505493659170339, 0.3645650025912256, 0.2654558583519274, 0.1269271123701691, 0.1274412861886059, 0.3446242459018752, 0.9999999999999999, 1, 1, 1, 0.9999999999999999, 0.1190118885446966, 0.1369007184607435] 
  ],
 "analysis":{
   "authors":"Sergei L Kosakovsky Pond",
   "citation":"*Gene-wide identification of episodic selection*, Mol Biol Evol. 32(5):1365-71",
   "contact":"spond@temple.edu",
   "info":"BUSTED (branch-site unrestricted statistical test of episodic diversification) uses a random effects branch-site model fitted \njointly to all or a subset of tree branches in order to test for alignment-wide evidence of episodic diversifying selection. \nAssuming there is evidence of positive selection (i.e. there is an omega > 1),  BUSTED will also perform a quick evidence-ratio \nstyle analysis to explore which individual sites may have been subject to selection. v2.0 adds support for synonymous rate variation, \nand relaxes the test statistic to 0.5 (chi^2_0 + chi^2_2). Version 2.1 adds a grid search for the initial starting point.\nVersion 2.2 changes the grid search to LHC, and adds an initial search phase to use adaptive Nedler-Mead. Version 3.0 implements the option\nfor branch-site variation in synonymous substitution rates. Version 3.1 adds HMM auto-correlation option for SRV, and binds SRV distributions for multiple branch sets\n",
   "requirements":"in-frame codon alignment and a phylogenetic tree (optionally annotated with {})",
   "version":"3.1"
  },
 "background":0,
 "branch attributes":{
   "0":{
     "ENSDORP00000011804":{
       "MG94xREV with separate rates for branch sets":0.05892807900315564,
       "Nucleotide GTR":0.05908609745328382,
       "original name":"ENSDORP00000011804",
       "unconstrained":0.06809568923104301
      },
     "ENSGGOP00000011497":{
       "MG94xREV with separate rates for branch sets":0,
       "Nucleotide GTR":0,
       "original name":"ENSGGOP00000011497",
       "unconstrained":0
      },
     "ENSMICP00000008056":{
       "MG94xREV with separate rates for branch sets":0.02095046717894596,
       "Nucleotide GTR":0.02115068277286643,
       "original name":"ENSMICP00000008056",
       "unconstrained":0.02314329360382191
      },
     "ENSMMUP00000009717":{
       "MG94xREV with separate rates for branch sets":0.0213310759390117,
       "Nucleotide GTR":0.02116289812008817,
       "original name":"ENSMMUP00000009717",
       "unconstrained":0.02361763492142061
      },
     "ENSOPRP00000009855":{
       "MG94xREV with separate rates for branch sets":0.0585860982843727,
       "Nucleotide GTR":0.0572625731381975,
       "original name":"ENSOPRP00000009855",
       "unconstrained":0.06894478484703875
      },
     "ENSPPYP00000003537":{
       "MG94xREV with separate rates for branch sets":0.01588722596509935,
       "Nucleotide GTR":0.01577069541216015,
       "original name":"ENSPPYP00000003537",
       "unconstrained":0.01736457560587869
      },
     "ENSPVAP00000009409":{
       "MG94xREV with separate rates for branch sets":0.02184432889053206,
       "Nucleotide GTR":0.02168947979462084,
       "original name":"ENSPVAP00000009409",
       "unconstrained":0.02416582457749952
      },
     "ENSTBEP00000003007":{
       "MG94xREV with separate rates for branch sets":0.05936954452087329,
       "Nucleotide GTR":0.05954934710867588,
       "original name":"ENSTBEP00000003007",
       "unconstrained":0.06611160418337313
      },
     "NODE_11":{
       "MG94xREV with separate rates for branch sets":0.005683107425932604,
       "Nucleotide GTR":0.004736428523170441,
       "unconstrained":0.007099482130202816
      },
     "NODE_3":{
       "MG94xREV with separate rates for branch sets":0.006130054951468973,
       "Nucleotide GTR":0.005670989928502781,
       "unconstrained":0.007794326413215386
      },
     "NODE_8":{
       "MG94xREV with separate rates for branch sets":0.0244780103452264,
       "Nucleotide GTR":0.02317504850125941,
       "unconstrained":0.02843589339779555
      },
     "NODE_9":{
       "MG94xREV with separate rates for branch sets":0.008403233431017688,
       "Nucleotide GTR":0.009184420096098996,
       "unconstrained":0.009545820425900063
      }
    },
   "attributes":{
     "MG94xREV with separate rates for branch sets":{
       "attribute type":"branch length",
       "display order":1
      },
     "Nucleotide GTR":{
       "attribute type":"branch length",
       "display order":0
      },
     "original name":{
       "attribute type":"node label",
       "display order":0
      },
     "unconstrained":{
       "attribute type":"branch length",
       "display order":0
      }
    }
  },