{
 "Evidence Ratios":{
  },
 "Site Log Likelihood":{
   "unconstrained":    [
[-9.010466862279326, -4.380819351579992, -12.01123273248407, -8.426997276934809, -22.84423500303495, -35.86210080358859, -11.99993606888972, -9.729806197060872, -15.2158409055362, -19.86218458783332, -33.07626783084564, -21.87307119400854, -12.37991075442648, -9.640118440131044, -6.125340540448804, -30.38422383828086, -13.77226353581955, -28.51033458668691, -13.30178581861903, -14.05057640463612, -26.71786551149429, -25.32604945998571, -16.30512617015168, -37.17383483868119, -12.06991445619997, -22.54162622147001, -8.870456486268907, -35.90620984911359, -27.2620132088651, -18.98429290495084, -18.17888879056351, -4.866501152917918, -38.62407888131162, -37.11983489097332, -25.61048193198211, -21.54252284824966, -8.208144630766, -14.48445733897722, -4.866501152917918, -12.8431984407939, -5.674136518342979, -26.71064935958669, -21.01132497137127] 
    ]
  },
 "Synonymous site-posteriors":  [
[0.9720745354977662, 0.9462048929344941, 0.9943750605848094, 0.923010488273582, 0.9000343490114939, 0.010576860694544, 0.9888205629107063, 0.9507328855296185, 0.959078441515644, 0.2075383285287834, 0.02707313006870717, 0.1132324684581432, 0.6994424281998534, 0.3970723476527434, 0.9758533776423765, 0.02173167322337725, 0.8948794232108763, 0.01190026367559213, 0.8805705405488991, 0.4384423192583198, 0.02787573945528168, 0.8555743428348687, 0.7962360489108858, 6.933501234221655e-05, 0.905778560923339, 0.9657675315333151, 0.8006349421224453, 4.780904267167136e-06, 0.1619848145781254, 0.1193898254172506, 0.7424788417656447, 0.9582951694666425, 1.974720378522261e-05, 2.206409018958176e-06, 0.06006191384336264, 0.4847232005040509, 0.8771471120285177, 0.8476354929676042, 0.9582951694666425, 0.654830630153445, 0.9833992643379755, 0.1383798903248422, 0.4051850315359506],
  [3.38231551940581e-05, 0.0002027742649339072, 8.630245113697787e-07, 0.0003284012038620836, 9.387405459579662e-05, 0.2868164785523536, 1.017462420956681e-07, 4.754738516699283e-05, 1.544077274681403e-05, 0.06387040229967256, 0.04750030655661114, 0.1327006079952864, 0.003022229882651386, 0.1304099647050996, 1.776418368452069e-05, 0.04356628703170073, 9.889939319963007e-05, 0.3218376291143804, 0.0001893973199126563, 0.009575630807145349, 0.1566624900611344, 6.133740866380141e-05, 0.0002276018645272625, 0.7826729483083631, 2.462137341504633e-05, 1.50734082831644e-06, 0.002272929022546519, 0.961448009111162, 0.006189954464410593, 0.1196556549424871, 0.0001492809629785578, 0.0001021256893058735, 0.9397754750727076, 0.9693157757535339, 0.03194312205992081, 0.0006904108436910697, 0.0006752152371402501, 0.0003989771631818893, 0.0001021256893058735, 0.006234457157290536, 7.002201557741258e-06, 0.02216853176380196, 0.006866563177520574],
  [0.02789164134703978, 0.05359233280057204, 0.005624076390679332, 0.07666111052255588, 0.09987177693391015, 0.7026066607531024, 0.01117933534305169, 0.04921956708521442, 0.04090611771160912, 0.728591269171544, 0.9254265633746818, 0.7540669235465703, 0.2975353419174952, 0.4725176876421572, 0.02412885817393906, 0.9347020397449219, 0.1050216773959241, 0.6662621072100274, 0.1192400621311882, 0.5519820499345348, 0.8154617704835839, 0.1443643197564675, 0.203536349224587, 0.2172577166792947, 0.09419681770324585, 0.03423096112585662, 0.1970921288550082, 0.03854720998457077, 0.8318252309574641, 0.7609545196402623, 0.2573718772713767, 0.04160270484405172, 0.06020477772350714, 0.03068201783744708, 0.9079949640967165, 0.5145863886522581, 0.122177672734342, 0.1519655298692139, 0.04160270484405172, 0.3389349126892643, 0.01659373346046674, 0.8394515779113557, 0.5879484052865288] 
  ],
 "analysis":{
   "authors":"Sergei L Kosakovsky Pond",
   "citation":"*Gene-wide identification of episodic selection*, Mol Biol Evol. 32(5):1365-71",
   "contact":"spond@temple.edu",
   "info":"BUSTED (branch-site unrestricted statistical test of episodic diversification) uses a random effects branch-site model fitted \njointly to all or a subset of tree branches in order to test for alignment-wide evidence of episodic diversifying selection. \nAssuming there is evidence of positive selection (i.e. there is an omega > 1),  BUSTED will also perform a quick evidence-ratio \nstyle analysis to explore which individual sites may have been subject to selection. v2.0 adds support for synonymous rate variation, \nand relaxes the test statistic to 0.5 (chi^2_0 + chi^2_2). Version 2.1 adds a grid search for the initial starting point.\nVersion 2.2 changes the grid search to LHC, and adds an initial search phase to use adaptive Nedler-Mead. Version 3.0 implements the option\nfor branch-site variation in synonymous substitution rates. Version 3.1 adds HMM auto-correlation option for SRV, and binds SRV distributions for multiple branch sets\n",
   "requirements":"in-frame codon alignment and a phylogenetic tree (optionally annotated with {})",
   "version":"3.1"
  },
 "background":0,
 "branch attributes":{
   "0":{
     "2200002D01RIK_DIPOR":{
       "MG94xREV with separate rates for branch sets":0.07458605749692478,
       "Nucleotide GTR":0.06629466727547312,
       "original name":"2200002D01RIK_DIPOR",
       "unconstrained":0.0883331504761173
      },
     "2200002D01RIK_MOUSE":{
       "MG94xREV with separate rates for branch sets":0.03324878582303747,
       "Nucleotide GTR":0.03095615304123176,
       "original name":"2200002D01RIK_MOUSE",
       "unconstrained":0.02241845775772969
      },
     "C19ORF33_AILME":{
       "MG94xREV with separate rates for branch sets":0.1576955217636852,
       "Nucleotide GTR":0.1511956586368974,
       "original name":"C19ORF33_AILME",
       "unconstrained":0.2743215469524672
      },
     "C19ORF33_BOVIN":{
       "MG94xREV with separate rates for branch sets":0.04387695120402266,
       "Nucleotide GTR":0.0448466183395994,
       "original name":"C19ORF33_BOVIN",
       "unconstrained":0.06820183702711041
      },
     "C19ORF33_ECHTE":{
       "MG94xREV with separate rates for branch sets":0.1574937933268216,
       "Nucleotide GTR":0.1642361887353424,
       "original name":"C19ORF33_ECHTE",
       "unconstrained":0.2648250344610055
      },
     "C19ORF33_GGOR":{
       "MG94xREV with separate rates for branch sets":0,
       "Nucleotide GTR":0,
       "original name":"C19ORF33_GGOR",
       "unconstrained":0
      },
     "C19ORF33_HORSE":{
       "MG94xREV with separate rates for branch sets":0.1249580733009162,
       "Nucleotide GTR":0.1168634108631005,
       "original name":"C19ORF33_HORSE",
       "unconstrained":0.161437902229195
      },
     "C19ORF33_HUMAN":{
       "MG94xREV with separate rates for branch sets":0.007847729721622045,
       "Nucleotide GTR":0.007799071192729589,
       "original name":"C19ORF33_HUMAN",
       "unconstrained":0.008302798930535316
      },
     "C19ORF33_NOMLE":{
       "MG94xREV with separate rates for branch sets":0.01594337949763698,
       "Nucleotide GTR":0.01586854214478374,
       "original name":"C19ORF33_NOMLE",
       "unconstrained":0.01788185321925196
      },
     "C19ORF33_PANTR":{
       "MG94xREV with separate rates for branch sets":0,
       "Nucleotide GTR":0,
       "original name":"C19ORF33_PANTR",
       "unconstrained":0
      },
     "C19ORF33_PIG":{
       "MG94xREV with separate rates for branch sets":0.07503862532369532,
       "Nucleotide GTR":0.06618974859454463,
       "original name":"C19ORF33_PIG",
       "unconstrained":0.1167128764446753
      },
     "C19ORF33_TUPBE":{
       "MG94xREV with separate rates for branch sets":0.1755509559209847,
       "Nucleotide GTR":0.1660343204147999,
       "original name":"C19ORF33_TUPBE",
       "unconstrained":0.2587233016792502
      },
     "D3ZE02_RAT":{
       "MG94xREV with separate rates for branch sets":0.05637767778710251,
       "Nucleotide GTR":0.06173245886633868,
       "original name":"D3ZE02_RAT",
       "unconstrained":0.08296784940007737
      },