{
 "Evidence Ratios":{
  },
 "Site Log Likelihood":{
   "unconstrained":    [
[-19.3562726009111, -19.55306180497016, -26.40368171551763, -20.0048016501741, -16.57842857619542, -27.43873628469752, -15.00388179220604, -35.50824970411178, -10.94117847810159, -14.11382424442118, -11.68246686660826, -29.39336051556494, -16.79765857928602, -9.831124616254346, -15.93209573093227, -8.975447040510861, -12.36710340236432, -9.5781098803037, -10.17530208029057, -20.33274350413224, -19.34952139425758, -19.3885765986807, -18.50480777836578, -22.26491571867232, -25.89415165023247, -5.17372251067952, -10.34858630782375, -12.39577718465093, -21.88589835943917, -17.95521343169481, -28.94270046181569, -17.81025628714851, -15.08383874776799, -23.94334271245625, -6.120238679536087, -18.32046531525595, -10.25882468442893, -22.25377143704057, -36.00913775490908, -27.50914414440301, -5.905784795903854, -14.18364414961273, -25.86063244101812, -8.64599385945753, -13.52421506731458, -18.02503675119037, -27.66776347401097, -12.68434744679557, -5.673232192798249, -30.64283876472702, -18.35010613458077, -5.596238567247107, -14.64133939299088, -5.345882334974733, -15.08262178965954, -5.653862569634268, -31.06818620726202, -10.25270815587713, -8.889187510133191, -10.35001398449988, -18.38189380777511, -5.905784795903854, -5.596238567247107, -24.51426890896109, -13.58602213194158, -9.756718669625762, -13.43416927328976, -29.34410407847826, -4.807219677656014, -27.55977497666871, -13.03931203287751, -38.1834721910767, -5.345882334974733, -5.164406105385424, -16.37069385140806, -7.441759811164534] 
    ]
  },
 "Synonymous site-posteriors":  [
[0.0546134269377016, 0.001192896491043841, 0.07332020918682969, 0.05487258987519621, 0.01424718813962253, 0.2012069960859279, 0.006559581099322123, 0.9977025001886309, 0.005310811146413361, 0.0003800933074298908, 0.006517405225632486, 0.3670366439833722, 0.001976406405011237, 9.372571950373115e-05, 0.01402226300854728, 0.001342198644255146, 0.0002593226831217668, 0.0003446300923134127, 0.003033841595038208, 0.0001801339209104507, 0.1369924020422743, 0.02467716759305844, 0.001468177796723498, 0.03576270704450192, 0.09125571987316466, 0.000139599730149286, 2.90419216493147e-05, 0.000345697155013106, 5.222764640768253e-05, 0.1347998589181543, 0.2410491900774261, 7.96060479382574e-05, 5.903804321288861e-06, 0.1328586950128482, 2.655909617880472e-06, 0.02852317172282397, 0.0003059940949289133, 0.005179611260370002, 0.9987349259975951, 0.9031930890809216, 0.003493377433918306, 0.01789511568064532, 0.8390050677072836, 8.37663605737519e-05, 0.001062607925299368, 0.005365722867225832, 0.002462698764266329, 0.0009201876474327758, 2.637460627790659e-05, 0.9069271089423883, 0.003243256215645764, 2.682527753477648e-05, 0.001963736788553557, 0.0001056417360731327, 0.0478338941396509, 0.0003185100932141961, 0.9615976122392769, 0.001166457556911544, 0.002286644895112259, 5.883373135212563e-05, 0.06524213915922887, 0.003493377433918306, 2.682527753477648e-05, 0.8271153554307434, 0.001534842783671026, 0.00223985639530048, 0.0003768009925313423, 0.01454878547479177, 0.000583726293573644, 0.7701517681033201, 0.001194347986672102, 0.9973831667747119, 0.0001056417360731327, 0.0001254109001477677, 0.01097344076058626, 5.419646557091497e-08],
  [0.9452445660387093, 0.9982097554725715, 0.9266765868673903, 0.9449589247449564, 0.9840163807363591, 0.7987734625052862, 0.9913362681390826, 0.002297499811019526, 0.9787755950963291, 0.9649661820958275, 0.9804981167545623, 0.6329613059818131, 0.9947043493079023, 0.6853925774064814, 0.9841145006634123, 0.8337708567258217, 0.9553851245531669, 0.8226559477667666, 0.8624417728993093, 0.9920375646480147, 0.8629062210481094, 0.9750893689599732, 0.9935991614815942, 0.9642016194691675, 0.9086005203389106, 0.3388825883654599, 0.6254558658403067, 0.8202719544195297, 0.9884551906255366, 0.8644076688947928, 0.7589487367707559, 0.9979669055905116, 0.8928837098157776, 0.8670235990547716, 0.1488586004712349, 0.9700112761863434, 0.819463894181687, 0.9947373033448741, 0.001265074001927174, 0.09680689339116026, 0.6438228827292082, 0.980452707136223, 0.1609947423524682, 0.753793228649948, 0.9981640397675178, 0.9922804983758121, 0.9974645078930279, 0.9745453033149061, 0.3063386006822462, 0.0930728796678927, 0.9962679235873916, 0.3134049863980896, 0.9972533424966318, 0.3222067381624402, 0.9457534371832541, 0.4415445194329756, 0.0384023840816593, 0.8576986495182287, 0.85703153560963, 0.6714096183515263, 0.9346022713636729, 0.6438228827292082, 0.3134049863980896, 0.1728844509141874, 0.9771463814898096, 0.9734122288783259, 0.958231100383147, 0.9854441630245691, 0.4951850530373985, 0.2298479447615505, 0.9762371001577227, 0.00261683322472761, 0.3222067381624402, 0.4026906894115177, 0.9731240708674445, 0.06182320650356109],
  [0.0001420070235890482, 0.0005973480363845468, 3.203945780095326e-06, 0.0001684853798475432, 0.001736431124018125, 1.954140878574225e-05, 0.002104150761595317, 3.495765106574746e-13, 0.01591359375725778, 0.03465372459674278, 0.01298447801980519, 2.050034814829188e-06, 0.003319244287086376, 0.3145136968740148, 0.001863236328040328, 0.1648869446299231, 0.04435555276371132, 0.17699942214092, 0.1345243855056524, 0.007782301431074765, 0.0001013769096164051, 0.000233463446968452, 0.004932660721682203, 3.567348633069004e-05, 0.0001437597879248278, 0.6609778119043906, 0.374515092238044, 0.1793823484254571, 0.01149258172805585, 0.0007924721870530197, 2.073151817856467e-06, 0.001953488361550169, 0.1071103863799012, 0.0001177059323802528, 0.8511387436191471, 0.001465552090832651, 0.1802301117233841, 8.308539475597508e-05, 4.777567101763735e-13, 1.752791806505371e-08, 0.3526837398368735, 0.001652177183131689, 1.899402481636381e-07, 0.2461230049894783, 0.0007733523071829799, 0.002353778756962165, 7.279334270589023e-05, 0.02453450903766117, 0.693635024711476, 1.138971918148891e-08, 0.0004888201969625243, 0.6865681883243756, 0.0007829207148145919, 0.6776876201014866, 0.006412668677094989, 0.5581369704738102, 3.679063728767023e-09, 0.1411348929248598, 0.1406818194952578, 0.3285315479171215, 0.0001555894770982138, 0.3526837398368735, 0.6865681883243756, 1.936550691205668e-07, 0.0213187757265194, 0.02434791472637352, 0.04139209862432162, 7.051500639147452e-06, 0.504231220669028, 2.871351293566083e-07, 0.02256855185560508, 5.602469479299233e-13, 0.6776876201014866, 0.5971838996883346, 0.01590248837196932, 0.9381767392999733] 
  ],
 "analysis":{
   "authors":"Sergei L Kosakovsky Pond",
   "citation":"*Gene-wide identification of episodic selection*, Mol Biol Evol. 32(5):1365-71",
   "contact":"spond@temple.edu",
   "info":"BUSTED (branch-site unrestricted statistical test of episodic diversification) uses a random effects branch-site model fitted \njointly to all or a subset of tree branches in order to test for alignment-wide evidence of episodic diversifying selection. \nAssuming there is evidence of positive selection (i.e. there is an omega > 1),  BUSTED will also perform a quick evidence-ratio \nstyle analysis to explore which individual sites may have been subject to selection. v2.0 adds support for synonymous rate variation, \nand relaxes the test statistic to 0.5 (chi^2_0 + chi^2_2). Version 2.1 adds a grid search for the initial starting point.\nVersion 2.2 changes the grid search to LHC, and adds an initial search phase to use adaptive Nedler-Mead. Version 3.0 implements the option\nfor branch-site variation in synonymous substitution rates. Version 3.1 adds HMM auto-correlation option for SRV, and binds SRV distributions for multiple branch sets\n",
   "requirements":"in-frame codon alignment and a phylogenetic tree (optionally annotated with {})",
   "version":"3.1"
  },
 "background":0,
 "branch attributes":{
   "0":{
     "ENSCHOP00000008182":{
       "MG94xREV with separate rates for branch sets":0.05915282481927867,
       "Nucleotide GTR":0.05428791748219133,
       "original name":"ENSCHOP00000008182",