{
 "Evidence Ratios":{
  },
 "Site Log Likelihood":{
   "unconstrained":    [
[-4.538172849634527, -4.072873354188384, -13.57426042027953, -13.85184884360065, -14.28614619771503, -12.69699818629881, -28.01002416158088, -17.53007255524102, -15.06692685745772, -27.72385256267265, -20.10967733304558, -12.67799865731266, -21.33695537673454, -22.4957124050995, -21.66043867155225, -23.38836420601136, -13.48718791355116, -27.71499938504511, -13.98719277544573, -16.65254874622261, -17.82135487209243, -18.89761371366105, -25.81642667637938, -18.37458901596626, -18.92014136544776, -12.52720797384867, -5.530236333331374, -23.85124339048473, -21.44253198898089, -22.13016162493991, -33.61962435819765, -24.89617413879042, -27.64318065196207, -15.2561981187387, -15.08425590491222, -5.530236333331374, -28.97014853688648, -26.2991537286594, -22.15927360858041, -22.7293779954255, -31.15917239034567, -24.70718818419687, -31.91159462099573, -24.11505414667393, -38.61151354149884, -30.68644561248423, -36.90908137053027, -16.48215988193746, -36.52123998876154, -32.19041405720438, -22.16434910714593, -5.530236333331374, -31.76701344058176, -14.87351246068031, -27.4782888736009, -28.83370700069234, -10.98387668601187, -24.18213117178149, -19.86189965254828, -26.27730177044852, -13.07973915297148, -39.78981636458168, -16.29709197393922, -16.67145105200203, -18.29919771917061, -18.62147174918541, -15.74513215916325, -24.65757608817405, -9.022210458041137, -18.73086238030337, -5.781370231563669, -18.97323387812759, -19.29561636900903, -18.10979791681977, -15.58735456393337, -21.89543561938211, -27.5919514828744, -26.07632391533182, -18.36946968862352, -20.94387106954516, -22.11306368294754, -28.22645093126263, -25.50971905664781, -38.35838619056143, -34.58773796452574, -18.80786007732109, -29.36067021800732, -26.73270943946137, -33.84398785814295, -16.15614192633871, -17.53626927029443, -16.5952471571179, -12.28885795781033, -30.19916304770941, -30.05243763932032, -14.5084823058482, -23.81403915898898, -36.63391509901525, -9.13722476528344, -4.028963066271074] 
    ]
  },
 "Synonymous site-posteriors":  [
[0.4741955600470354, 0.4741955600470342, 0.9679877246072676, 0.9075023912393256, 0.9139052682918678, 0.9399686046206451, 0.09293559323181619, 0.5978606937636324, 0.9106766331674236, 0.6873991267084518, 0.3754735377156783, 0.9935353961390133, 0.7908888470996709, 0.413702267159313, 0.6290836195540542, 0.1174222323867173, 0.4655947981769421, 0.0291534445198626, 0.5376006243107363, 0.9670359542317266, 0.7620035702464751, 0.3622545463955019, 0.4174689545019822, 0.727565803701371, 0.8796131404995923, 0.9061785482641735, 0.8222418447538657, 0.4881741849154058, 0.1395475757966917, 0.2416498692924618, 0.003273536420152975, 0.5045792058411058, 0.06885851993705931, 0.888962306599871, 0.9734084009061525, 0.8222418447538657, 0.07291471947132366, 0.1200552075792183, 0.5955526911495088, 0.2204270638060237, 0.05087979516502374, 0.3364201894544265, 0.02435558132011901, 0.2513095142971268, 0.006536648092034259, 0.0708012002683307, 0.00673558202340659, 0.9060727229965031, 0.01059496360401594, 0.006096275319357087, 0.3476226410231477, 0.8222418447538657, 0.1310487500813928, 0.5812287115542514, 0.151978080046939, 0.05540105340141187, 0.8308268403897112, 0.2342586593156033, 0.3794230123465559, 0.1043190838094189, 0.8379456074808174, 0.006730184315421442, 0.6857488662045197, 0.4675157554211669, 0.8612287106631717, 0.9715286538613318, 0.5381699729413143, 0.2197832736862172, 0.9381837386403156, 0.8700887503153126, 0.8420226761057218, 0.6259828370677746, 0.756431371317088, 0.9767764266722225, 0.6171917773286032, 0.2738331991366859, 0.2116042195770265, 0.2012108101534084, 0.3802793095407006, 0.9376247468324259, 0.4624380751912966, 0.1742837760433191, 0.5053521080094533, 0.02035201218253585, 0.008901056712029683, 0.6694876745629711, 0.05837359804317502, 0.03800382431031334, 0.04118824228536595, 0.6426173121108395, 0.740061437390056, 0.8715477132661618, 0.8552078526875166, 0.02720490558644742, 0.009490414708105485, 0.6902350614594185, 0.3873405879063324, 0.002854028485450124, 0.9038230348798996, 0.4741955600470348],
  [0.08320628836816731, 0.08320628836816718, 0.005043188321834521, 0.01458679516949436, 0.01357042461389938, 0.00946028234953486, 0.1436147805818587, 0.0635276213349861, 0.0140823596273435, 0.04934897618019568, 0.09872014579037312, 0.001017774290883265, 0.03300518868902546, 0.09268385548124393, 0.05855565123420853, 0.1397510679597164, 0.08446767690360565, 0.1539538473352887, 0.07306857565653427, 0.005195789250080768, 0.03757758510900065, 0.1008269608370532, 0.09208944754776698, 0.04298684257833215, 0.01899503859398029, 0.01479094394076947, 0.0280644668073351, 0.08088085642200138, 0.136098428455325, 0.119940261941539, 0.1582660378153295, 0.07822999603331161, 0.1474567107240892, 0.01751266012801563, 0.004186928526002292, 0.0280644668073351, 0.146736684810865, 0.1392953112999628, 0.0638669718828362, 0.1232961249465972, 0.1503300910811182, 0.1048347618046833, 0.1546356270218373, 0.118434110314666, 0.1576312756285778, 0.1471869278209555, 0.1575495430085848, 0.01480943985383868, 0.1569063606837652, 0.1576994067832986, 0.1031004392099251, 0.0280644668073351, 0.1375364906760542, 0.06613389965768655, 0.134160926323011, 0.1495265893578955, 0.02669257407652958, 0.1210697455703216, 0.09809268904628152, 0.1417225296536086, 0.02557126837111073, 0.1575803111647378, 0.04962384946747725, 0.08413843378366199, 0.02188018430323294, 0.004480643734809274, 0.07296002037019678, 0.1233797611426863, 0.009744349697978848, 0.0204798814462128, 0.024941145873414, 0.05903405050326909, 0.03842615221192735, 0.003655573081324181, 0.060472073996537, 0.1147270645964741, 0.1246896425182147, 0.1263513585465597, 0.0979886523365924, 0.009828442013430366, 0.0849100527212127, 0.1305877227030666, 0.07816407173580263, 0.1553160475631267, 0.1572878177223417, 0.05217931548661351, 0.149039160335488, 0.1524848758259236, 0.1518677963835462, 0.05644198629573344, 0.04104584360265411, 0.02025463332958079, 0.02283749802192421, 0.1541341779051147, 0.1571547438650482, 0.04889146852244808, 0.09685213693317324, 0.1583711961872639, 0.01516991336397336, 0.08320628836816733],
