{
 "Evidence Ratios":{
   "constrained":    [
[0.932184704488686, 0.9244889165831381, 0.9733986037411777, 0.9551028271323988, 59.69829843324943, 1, 0.9421982586713402, 1, 1, 0.9244889165831381, 1, 0.949987928718306, 0.9499879287183056, 0.9733986037411777, 0.9421982586713402, 0.9733986037411777, 0.949987928718306, 0.932184704488686, 0.9244889165831381, 1, 1, 1, 1, 1, 0.9244889165831373, 1, 1, 1, 1, 0.9759495494108018, 1, 0.949987928718306] 
    ],
   "optimized null":    [
[0.9739282107237924, 0.970815136745158, 0.9899439365625112, 1.004486616618749, 1.561991842264852, 1, 1.00624326087702, 1.02904144161304, 1.022038216496551, 0.9922101709068769, 1.02904144161304, 1.002529616488745, 0.9809120640569773, 0.9899439365625112, 0.977845225844079, 0.9899439365625117, 1.002529616488745, 0.9739282107237924, 0.9922101709068769, 1.022038216496551, 1, 1, 1, 1.02904144161304, 0.9708151367451571, 1.022038216496552, 1, 1.022038216496552, 1, 0.9908763797908638, 1.029041441613041, 1.009399164492815] 
    ]
  },
 "Site Log Likelihood":{
   "constrained":    [
[-4.036519848691626, -4.804144921241207, -3.433926287823383, -4.302342626735516, -11.85140310304293, -4.737919566483789, -4.202834420474526, -3.476949376398718, -4.256953262339005, -4.457128616367613, -3.476949376398718, -3.646480455242696, -4.127446759387482, -3.433926287823383, -4.280733798905435, -3.567876287094574, -3.646480455242696, -4.036519848691626, -4.457128616367613, -4.256953262339005, -4.603969567212599, -3.911948045762644, -3.911948045762644, -3.476949376398718, -4.938094920512397, -3.899853971405988, -3.554848754829627, -3.56493174088905, -3.688798754100818, -4.248369226393725, -4.168970897848673, -3.915597381685382] 
    ],
   "optimized null":    [
[-4.080326468163152, -4.853039924801871, -3.450780936629573, -4.352755480401492, -8.208061413788302, -4.737919566483789, -4.268597833807402, -3.505577106116092, -4.278752147253628, -4.5278225048429, -3.505577106116092, -3.700312878717663, -4.159480297947825, -3.450780936629573, -4.317869482520937, -3.584730935900765, -3.700312878717663, -4.080326468163152, -4.5278225048429, -4.278752147253628, -4.603969567212599, -3.911948045762644, -3.911948045762644, -3.505577106116092, -4.986989924073062, -3.921652856320611, -3.554848754829627, -3.586730625803673, -3.688798754100818, -4.263548116147878, -4.197598627566047, -3.976258649963099] 
    ],
   "unconstrained":    [
[-4.106744151841537, -4.882659138020609, -3.460887903821436, -4.348278898643232, -7.76209958500618, -4.737919566483789, -4.262373981344266, -3.476949376398718, -4.256953262339005, -4.535642833147016, -3.476949376398718, -3.697786456323286, -4.178752760468072, -3.460887903821436, -4.340273359775175, -3.594837903092627, -3.697786456323286, -4.106744151841537, -4.535642833147016, -4.256953262339005, -4.603969567212599, -3.911948045762644, -3.911948045762644, -3.476949376398718, -5.016609137291801, -3.899853971405988, -3.554848754829627, -3.56493174088905, -3.688798754100818, -4.272713611476262, -4.168970897848673, -3.966903382765971] 
    ]
  },
 "Synonymous site-posteriors":  [
[0, 0, 0, 0, 0, 0, 0, 0, 0, 0, 0, 0, 0, 0, 0, 0, 0, 0, 0, 0, 0, 0, 0, 0, 0, 0, 0, 0, 0, 0, 0, 0],
  [1, 1, 1, 1, 1, 1, 1, 1, 0.9999999999999999, 1, 1, 1, 1, 1, 1, 1, 1, 1, 1, 0.9999999999999999, 1, 0.9999999999999999, 0.9999999999999999, 1, 1, 1, 1, 1, 1, 0.9999999999999999, 0.9999999999999999, 0.9999999999999999],
  [0, 0, 0, 0, 0, 0, 0, 0, 0, 0, 0, 0, 0, 0, 0, 0, 0, 0, 0, 0, 0, 0, 0, 0, 0, 0, 0, 0, 0, 0, 0, 0] 
  ],
 "analysis":{
   "authors":"Sergei L Kosakovsky Pond",
   "citation":"*Gene-wide identification of episodic selection*, Mol Biol Evol. 32(5):1365-71",
   "contact":"spond@temple.edu",
   "info":"BUSTED (branch-site unrestricted statistical test of episodic diversification) uses a random effects branch-site model fitted \njointly to all or a subset of tree branches in order to test for alignment-wide evidence of episodic diversifying selection. \nAssuming there is evidence of positive selection (i.e. there is an omega > 1),  BUSTED will also perform a quick evidence-ratio \nstyle analysis to explore which individual sites may have been subject to selection. v2.0 adds support for synonymous rate variation, \nand relaxes the test statistic to 0.5 (chi^2_0 + chi^2_2). Version 2.1 adds a grid search for the initial starting point.\nVersion 2.2 changes the grid search to LHC, and adds an initial search phase to use adaptive Nedler-Mead. Version 3.0 implements the option\nfor branch-site variation in synonymous substitution rates. Version 3.1 adds HMM auto-correlation option for SRV, and binds SRV distributions for multiple branch sets\n",
   "requirements":"in-frame codon alignment and a phylogenetic tree (optionally annotated with {})",
   "version":"3.1"
  },
 "background":0,
 "branch attributes":{
   "0":{
     "ENSORLP00000001352":{
       "MG94xREV with separate rates for branch sets":0,
       "Nucleotide GTR":0,
       "constrained":0,
       "original name":"ENSORLP00000001352",
       "unconstrained":0
      },
     "ENSORLP00000023294":{
       "MG94xREV with separate rates for branch sets":0,
       "Nucleotide GTR":0,
       "constrained":0,
       "original name":"ENSORLP00000023294",
       "unconstrained":0
      },
     "ENSORLP00000023393":{
       "MG94xREV with separate rates for branch sets":0,
       "Nucleotide GTR":0,
       "constrained":0,
       "original name":"ENSORLP00000023393",
       "unconstrained":0
      },
     "ENSORLP00000023696":{
       "MG94xREV with separate rates for branch sets":0.009945870299677011,
       "Nucleotide GTR":0.0106443671657941,
       "constrained":0.01006799010399328,
       "original name":"ENSORLP00000023696",
       "unconstrained":0.009945676706753549
      },
     "ENSORLP00000024506":{
       "MG94xREV with separate rates for branch sets":0,
       "Nucleotide GTR":0,
       "constrained":0,
       "original name":"ENSORLP00000024506",
       "unconstrained":0
      },
     "ENSORLP00000024919":{
       "MG94xREV with separate rates for branch sets":0,
       "Nucleotide GTR":0,
       "constrained":0,
       "original name":"ENSORLP00000024919",
       "unconstrained":0
      }
    },
   "attributes":{
     "MG94xREV with separate rates for branch sets":{
       "attribute type":"branch length",
       "display order":1
      },
     "Nucleotide GTR":{
       "attribute type":"branch length",
       "display order":0
      },
     "constrained":{
       "attribute type":"branch length",
       "display order":1
      },
     "original name":{
       "attribute type":"node label",
       "display order":0
      },
     "unconstrained":{
       "attribute type":"branch length",
       "display order":0
      }
    }
  },
 "data partitions":{
   "0":{
     "coverage":      [
[0, 1, 2, 3, 4, 5, 6, 7, 8, 9, 10, 11, 12, 13, 14, 15, 16, 17, 18, 19, 20, 21, 22, 23, 24, 25, 26, 27, 28, 29, 30, 31] 
      ],
     "name":"busted.filter.default"
    }
  },
 "fits":{
   "Constrained model":{
     "AIC-c":336.099676926255,
     "Log Likelihood":-133.6794680927571,
     "Rate Distributions":{
       "Synonymous site-to-site rates":{
         "0":{
           "proportion":1,
           "rate":1
          },
         "1":{
           "proportion":0,
           "rate":1.366507438293144
          },
         "2":{
           "proportion":0,
           "rate":17.65602501332483
          }
        },
       "Test":{
         "0":{
           "omega":0.9361277639601241,
           "proportion":0
          },
         "1":{
           "omega":0.9361277639601241,
           "proportion":0
          },
         "2":{
           "omega":1,
           "proportion":1
          }
        }
      },
     "display order":3,
     "estimated parameters":29
    },
   "MG94xREV with separate rates for branch sets":{
     "AIC-c":336.099676926255,