{
 "Evidence Ratios":{
  },
 "Site Log Likelihood":{
   "unconstrained":    [
[-3.519849555525556, -3.886122556400935, -4.449923460681633, -4.910764015175637, -3.705246482574568, -3.519849555525556, -5.104686167468482, -3.314608684128025, -3.757696746813628, -5.104686167468482, -4.826322972923601, -5.104686167468482, -3.193895842532931, -4.661598104782878, -3.314608684128025, -4.791161299646881, -3.588139392091945, -4.041997071272751, -4.670448458051787, -4.291162981665505, -4.610285225820507, -3.193895842532931, -5.064170164211674, -4.945925688452356, -4.661598104782878, -3.716043358280125, -3.588139392091945, -4.279844262560824, -3.705246482574567, -4.449923460681633, -4.505723589911064, -3.705246482574567, -4.705610131328508, -3.588139392091944, -4.456357233385347, -3.193895842532931, -3.74689987110807, -3.825959324169656, -4.445560357679786, -3.83675619987522, -3.484687882248835, -3.314608684128025, -3.484687882248835, -5.110650556593081, -4.041997071272748, -4.791161299646881, -4.291162981665507, -3.484687882248835, -5.269411035609206, -4.740684817054825, -4.670448458051786, -4.505723589911064, -3.921284229677655, -3.399136713930461, -4.326324654942228, -3.399136713930461, -3.886122556400935, -4.705610131328508, -4.326324654942228, -13.46051110586031, -6.743025950859959, -22.86062806851054, -12.85986974758114, -8.840413400386694, -6.004688138614034, -11.88748740445274, -11.37886805122074, -5.074882662165104, -15.37128067814148, -12.09370584034753, -11.36693441659308, -4.876856547229579, -9.48484050490679, -4.834425077681949, -17.730470039731, -14.59573357422638, -4.914999119145919, -5.061220409673584, -18.98850503334197, -4.558020187833797, -9.79257712766141, -18.55522717236421, -11.33319462239554, -13.37977649762989, -9.2816698454884, -8.925016678532, -31.82196759006013, -11.66335779596696, -17.22263198233966, -14.09421238254101, -11.62068129841831, -22.06043486242378, -5.113951658753997, -19.89870339983087, -13.95088204142152] 
    ]
  },
 "Synonymous site-posteriors":  [
[0.5443467453096866, 0.5443467453096853, 0.5443467453096867, 0.5443467453096871, 0.5443467453096865, 0.5443467453096866, 0.5443467453096859, 0.5443467453096867, 0.5443467453096861, 0.5443467453096859, 0.5443467453096869, 0.5443467453096859, 0.5443467453096852, 0.544346745309686, 0.5443467453096867, 0.5443467453096853, 0.544346745309687, 0.5443467453096869, 0.5443467453096859, 0.5443467453096853, 0.5443467453096854, 0.5443467453096852, 0.5443467453096862, 0.5443467453096869, 0.544346745309686, 0.5443467453096852, 0.544346745309687, 0.5443467453096865, 0.5443467453096863, 0.5443467453096865, 0.5443467453096845, 0.5443467453096863, 0.5443467453096856, 0.5443467453096862, 0.5443467453096863, 0.5443467453096854, 0.5443467453096863, 0.5443467453096846, 0.5443467453096866, 0.5443467453096864, 0.5443467453096856, 0.5443467453096867, 0.5443467453096856, 0.5443467453096867, 0.5443467453096863, 0.5443467453096854, 0.5443467453096863, 0.5443467453096856, 0.5443467453096851, 0.5443467453096854, 0.5443467453096847, 0.5443467453096845, 0.5443467453096864, 0.5443467453096864, 0.5443467453096866, 0.5443467453096864, 0.5443467453096853, 0.5443467453096856, 0.5443467453096866, 0.9788819420497948, 0.9819956459956161, 0.08135348936203012, 0.189853223561036, 0.9573440194503722, 0.819225286086994, 0.368049149076475, 0.5543851990966656, 0.8977406891017976, 0.50304985839675, 0.8358211075542104, 0.736846264428256, 0.8123245935946253, 0.948375702839673, 0.882958999160832, 0.03518128261266546, 0.1115530192183856, 0.8637413339298958, 0.9197704535345265, 0.02744262254556563, 0.8848212931264724, 0.5700813692176223, 0.00635262083466328, 0.8074600792077932, 0.2984344799955294, 0.6254064497245531, 0.9554513054150363, 4.635675455686778e-06, 0.9094331868033882, 0.02190088586620988, 0.5801033712869155, 0.5071955603719527, 0.02139273324580267, 0.7825381833049235, 0.07793202518010815, 0.03465985079576923],
  [0.427846890215744, 0.4278468902157454, 0.4278468902157437, 0.4278468902157435, 0.4278468902157444, 0.427846890215744, 0.4278468902157449, 0.4278468902157433, 0.4278468902157446, 0.4278468902157449, 0.4278468902157437, 0.4278468902157449, 0.4278468902157448, 0.4278468902157444, 0.4278468902157433, 0.4278468902157453, 0.4278468902157433, 0.4278468902157438, 0.4278468902157447, 0.4278468902157453, 0.4278468902157456, 0.4278468902157448, 0.4278468902157441, 0.4278468902157436, 0.4278468902157444, 0.427846890215745, 0.4278468902157433, 0.427846890215744, 0.4278468902157441, 0.427846890215744, 0.4278468902157457, 0.4278468902157441, 0.4278468902157445, 0.4278468902157443, 0.4278468902157441, 0.427846890215745, 0.4278468902157446, 0.4278468902157463, 0.4278468902157442, 0.427846890215744, 0.4278468902157445, 0.4278468902157436, 0.4278468902157445, 0.4278468902157436, 0.4278468902157439, 0.427846890215745, 0.4278468902157441, 0.4278468902157445, 0.4278468902157456, 0.4278468902157452, 0.4278468902157455, 0.4278468902157457, 0.4278468902157439, 0.4278468902157437, 0.4278468902157438, 0.4278468902157437, 0.427846890215745, 0.4278468902157445, 0.4278468902157438, 0.02111794966620493, 0.01800434803651228, 0.9068486859203827, 0.8101204305407105, 0.04265554295671467, 0.1807697876936484, 0.6317452014383652, 0.4455326545675192, 0.1022588150157135, 0.4969202324395614, 0.1641781982258114, 0.2631218610612456, 0.1876749274675477, 0.05162366421246095, 0.1170389174393993, 0.9618986346979622, 0.8874179988362113, 0.1362533638031115, 0.08022847175584509, 0.9705992291339863, 0.115176198278241, 0.4299089106685087, 0.9928909139915351, 0.1925374294989517, 0.698486377214348, 0.3745598859948924, 0.04454813731608875, 0.02475690755606362, 0.09056311749963099, 0.9780758127107263, 0.4198270634011243, 0.4919849453897045, 0.9687126169523321, 0.2174608359594518, 0.9219495518251063, 0.9652927219693417],
  [0.02780636447456949, 0.0278063644745694, 0.02780636447456953, 0.02780636447456942, 0.02780636447456908, 0.02780636447456949, 0.02780636447456922, 0.0278063644745698, 0.02780636447456943, 0.02780636447456922, 0.02780636447456939, 0.02780636447456922, 0.02780636447456994, 0.02780636447456953, 0.0278063644745698, 0.02780636447456955, 0.02780636447456962, 0.02780636447456951, 0.02780636447456944, 0.02780636447456956, 0.02780636447456897, 0.02780636447456994, 0.02780636447456969, 0.02780636447456947, 0.02780636447456953, 0.02780636447457, 0.02780636447456962, 0.02780636447456972, 0.02780636447456946, 0.02780636447456954, 0.02780636447456978, 0.02780636447456946, 0.02780636447456981, 0.02780636447456931, 0.02780636447456969, 0.02780636447456965, 0.02780636447456909, 0.02780636447456902, 0.0278063644745692, 0.0278063644745697, 0.0278063644745698, 0.02780636447456971, 0.0278063644745698, 0.02780636447456961, 0.02780636447456971, 0.02780636447456972, 0.02780636447456966, 0.0278063644745698, 0.02780636447456944, 0.02780636447456957, 0.02780636447456977, 0.02780636447456978, 0.02780636447456987, 0.02780636447456986, 0.02780636447456963, 0.02780636447456986, 0.02780636447456976, 0.02780636447456981, 0.02780636447456963, 1.082840002568898e-07, 5.967871657298941e-09, 0.01179782471758731, 2.634589825356651e-05, 4.375929130936643e-07, 4.926219357582632e-06, 0.0002056494851597928, 8.214633581517655e-05, 4.958824888331687e-07, 2.990916368861789e-05, 6.94219978207431e-07, 3.187451049827373e-05, 4.789378270389446e-07, 6.329478660645648e-07, 2.083399768773462e-06, 0.002920082689372287, 0.00102898194540318, 5.30226699256959e-06, 1.07470962843374e-06, 0.001958148320448015, 2.508595286731268e-06, 9.720113868992474e-06, 0.0007564651738017129, 2.491293255236769e-06, 0.003079142790122533, 3.366428055465335e-05, 5.572688751411993e-07, 0.9752384567684806, 3.695696980870211e-06, 2.330142306355814e-05, 6.956531196016555e-05, 0.000819494238342809, 0.009894649801865123, 9.807356245520231e-07, 0.000118422994785646, 4.742723488914792e-05] 
  ],
 "analysis":{
   "authors":"Sergei L Kosakovsky Pond",